-0.002875208,-69.0,-29.0,-31.0
0.006116667,-69.0,-29.0,-31.0
0.02231349,-69.0,-29.0,-31.0
0.026590886,-69.0,-29.0,-31.0
0.03659089,-69.0,-29.0,-30.0
0.047349323,-69.0,-29.0,-30.0
0.0634239,-69.0,-29.0,-30.0
0.07342391,-69.0,-29.0,-30.0
0.083423905,-69.0,-29.0,-30.0
0.09303318,-69.0,-29.0,-30.0
0.10303318,-70.0,-28.0,-31.0
0.11565938,-70.0,-28.0,-31.0
0.12565938,-70.0,-27.0,-32.0
0.14024688,-70.0,-27.0,-32.0
0.15024687,-70.0,-25.0,-32.0
0.16024688,-70.0,-25.0,-32.0
0.17024688,-70.0,-25.0,-32.0
0.17535381,-70.0,-25.0,-32.0
0.19045682,-69.0,-25.0,-32.0
0.19473265,-69.0,-24.0,-32.0
0.20473266,-69.0,-23.0,-32.0
0.21468017,-69.0,-23.0,-32.0
0.22468016,-69.0,-20.0,-33.0
0.23468016,-69.0,-20.0,-33.0
0.24521942,-69.0,-20.0,-33.0
0.25521943,-68.0,-10.0,-35.0
0.26521942,-68.0,-10.0,-35.0
0.2752194,-68.0,-10.0,-35.0
0.28521943,-68.0,-10.0,-35.0
0.29521942,-68.0,-10.0,-35.0
0.3052194,-68.0,-10.0,-35.0
0.3125009,-68.0,-10.0,-35.0
0.32250088,-66.0,-4.0,-37.0
0.3325009,-66.0,-4.0,-37.0
0.3425009,-66.0,-4.0,-37.0
0.3521303,-66.0,-4.0,-37.0
0.3621303,-59.0,17.0,-34.0
0.3721303,-59.0,17.0,-34.0
0.3821303,-59.0,17.0,-34.0
0.39213032,-59.0,17.0,-34.0
0.40394422,-59.0,17.0,-34.0
0.4139442,-53.0,32.0,-28.0
0.42276737,-53.0,32.0,-28.0
0.43276736,-41.0,50.0,-13.0
0.44276735,-41.0,50.0,-13.0
0.45276737,-41.0,50.0,-13.0
0.46272025,-41.0,50.0,-13.0
0.47272027,-28.0,60.0,1.0
0.48272026,-28.0,60.0,1.0
0.49272025,-28.0,60.0,1.0
0.5047553,-28.0,60.0,1.0
0.5147553,-22.0,63.0,8.0
0.5247553,-22.0,63.0,8.0
0.5318168,-22.0,63.0,8.0
0.5418168,-11.0,65.0,23.0
0.55181676,-11.0,65.0,23.0
0.56181675,-11.0,65.0,23.0
0.57181674,-11.0,65.0,23.0
0.57729334,-11.0,65.0,23.0
0.5872933,7.0,60.0,46.0
0.5972933,7.0,60.0,46.0
0.6072933,7.0,60.0,46.0
0.6172933,7.0,60.0,46.0
0.6237934,7.0,60.0,46.0
0.6337934,11.0,58.0,48.0
0.6437934,11.0,58.0,48.0
0.65123034,11.0,58.0,48.0
0.6612303,15.0,55.0,50.0
0.6712303,15.0,55.0,50.0
0.6812303,15.0,55.0,50.0
0.6926306,15.0,55.0,50.0
0.6979862,17.0,54.0,51.0
0.7079862,18.0,52.0,53.0
0.7226521,18.0,52.0,53.0
0.73265207,18.0,49.0,55.0
0.7426521,18.0,49.0,55.0
0.74980104,18.0,49.0,55.0
0.75980103,15.0,46.0,62.0
0.769801,15.0,46.0,62.0
0.779801,15.0,46.0,62.0
0.7947795,15.0,46.0,62.0
0.80477947,14.0,41.0,71.0
0.81477946,14.0,41.0,71.0
0.82153463,14.0,41.0,71.0
0.8315347,12.0,39.0,74.0
0.8415347,12.0,39.0,74.0
0.8490111,12.0,39.0,74.0
0.8590111,9.0,35.0,77.0
0.86901116,9.0,35.0,77.0
0.87901115,9.0,35.0,77.0
0.890428,9.0,35.0,77.0
0.89577997,8.0,33.0,77.0
0.90577996,8.0,31.0,78.0
0.92034286,8.0,31.0,78.0
0.93034285,9.0,30.0,77.0
0.94034284,9.0,30.0,77.0
0.9474835,9.0,30.0,77.0
0.9574835,8.0,31.0,78.0
0.96748346,8.0,31.0,78.0
0.97748345,8.0,31.0,78.0
0.98748344,8.0,31.0,78.0
0.9925573,8.0,31.0,78.0
1.0025573,7.0,33.0,77.0
1.0125573,7.0,33.0,77.0
1.0187941,7.0,33.0,77.0
1.0287942,7.0,35.0,76.0
1.0387942,7.0,35.0,76.0
1.046716,7.0,35.0,76.0
1.056716,9.0,39.0,75.0
1.066716,9.0,39.0,75.0
1.076716,9.0,39.0,75.0
1.0881704,9.0,39.0,75.0
1.0936369,11.0,40.0,74.0
1.1036369,13.0,41.0,70.0
1.1181898,13.0,41.0,70.0
1.1281898,14.0,43.0,66.0
1.1381898,14.0,43.0,66.0
1.1455499,14.0,43.0,66.0
1.15555,13.0,45.0,64.0
1.16555,13.0,45.0,64.0
1.1744434,13.0,45.0,64.0
1.1844434,9.0,48.0,61.0
1.1944433,9.0,48.0,61.0
1.2044433,9.0,48.0,61.0
1.2144434,9.0,48.0,61.0
1.2244434,9.0,48.0,61.0
1.2365106,9.0,48.0,61.0
1.2465106,7.0,50.0,61.0
1.2565106,7.0,50.0,61.0
1.2636442,7.0,50.0,61.0
1.2736442,1.0,52.0,59.0
1.2836442,1.0,52.0,59.0
1.2936442,1.0,52.0,59.0
1.307114,1.0,52.0,59.0
1.3111393,1.0,52.0,59.0
1.3211393,-3.0,53.0,55.0
1.3311393,-3.0,53.0,55.0
1.3435879,-3.0,53.0,55.0
1.3535879,-7.0,54.0,52.0
1.3635879,-7.0,54.0,52.0
1.372198,-7.0,54.0,52.0
1.382198,-12.0,57.0,44.0
1.392198,-12.0,57.0,44.0
1.402198,-12.0,57.0,44.0
1.4121981,-12.0,57.0,44.0
1.422198,-12.0,57.0,44.0
1.4339707,-12.0,57.0,44.0
1.442723,-13.0,58.0,43.0
1.452723,-13.0,59.0,42.0
1.4610856,-13.0,59.0,42.0
1.4710855,-13.0,60.0,40.0
1.4810855,-13.0,60.0,40.0
1.4910855,-13.0,60.0,40.0
1.5048712,-13.0,60.0,40.0
1.5089157,-13.0,60.0,39.0
1.5189157,-11.0,60.0,37.0
1.5289158,-11.0,60.0,37.0
1.5402203,-11.0,60.0,37.0
1.5502203,-6.0,59.0,35.0
1.5602202,-6.0,59.0,35.0
1.5702202,-6.0,59.0,35.0
1.5840111,-6.0,59.0,35.0
1.5894258,-4.0,59.0,36.0
1.5994258,-4.0,58.0,37.0
1.6139385,-4.0,58.0,37.0
1.6312836,4.0,56.0,38.0
1.6412836,8.0,56.0,39.0
1.6512836,8.0,56.0,39.0
1.6584247,8.0,56.0,39.0
1.6684247,12.0,56.0,36.0
1.6788723,12.0,56.0,36.0
1.6888723,14.0,54.0,27.0
1.6988723,14.0,54.0,27.0
1.7088723,14.0,54.0,27.0
1.7201128,14.0,54.0,27.0
1.7301128,15.0,54.0,27.0
1.7401128,15.0,54.0,27.0
1.7479755,15.0,54.0,27.0
1.7579755,16.0,54.0,32.0
1.7679754,16.0,54.0,32.0
1.7779754,16.0,54.0,32.0
1.7923462,16.0,54.0,32.0
1.7964026,16.0,54.0,34.0
1.8064026,16.0,52.0,40.0
1.8164026,16.0,52.0,40.0
1.8286338,16.0,52.0,40.0
1.8386338,15.0,49.0,47.0
1.8486338,15.0,49.0,47.0
1.8561913,15.0,49.0,47.0
1.8661913,14.0,45.0,55.0
1.8766748,14.0,45.0,55.0
1.8866748,14.0,37.0,60.0
1.8966749,14.0,37.0,60.0
1.9066749,14.0,37.0,60.0
1.9178535,14.0,37.0,60.0
1.9278535,14.0,36.0,62.0
1.9384389,14.0,36.0,62.0
1.9484389,15.0,36.0,64.0
1.9566308,15.0,36.0,64.0
1.9666308,16.0,35.0,64.0
1.9766308,16.0,35.0,64.0
1.9866308,16.0,35.0,64.0
1.9945859,16.0,35.0,64.0
2.0073023,16.0,34.0,65.0
2.0166214,16.0,33.0,64.0
2.0266213,16.0,32.0,64.0
2.0349202,16.0,32.0,64.0
2.0449202,15.0,32.0,63.0
2.0570016,15.0,32.0,63.0
2.0686162,15.0,32.0,63.0
2.084103,15.0,31.0,64.0
2.094103,15.0,31.0,66.0
2.1029413,15.0,31.0,66.0
2.1129413,16.0,30.0,66.0
2.1262112,16.0,30.0,66.0
2.1362112,17.0,30.0,66.0
2.1462111,17.0,30.0,66.0
2.1562111,17.0,30.0,66.0
2.166406,17.0,30.0,66.0
2.171516,18.0,30.0,66.0
2.181516,19.0,29.0,65.0
2.1947446,19.0,29.0,65.0
2.2047443,21.0,34.0,61.0
2.2147446,21.0,34.0,61.0
2.2247446,21.0,34.0,61.0
2.2347445,21.0,34.0,61.0
2.2447445,21.0,34.0,61.0
2.2541482,21.0,34.0,61.0
2.2641482,21.0,37.0,59.0
2.2741485,21.0,37.0,59.0
2.2821648,21.0,37.0,59.0
2.2921646,20.0,39.0,58.0
2.3018494,20.0,39.0,58.0
2.311849,19.0,40.0,56.0
2.325209,19.0,40.0,56.0
2.3425837,18.0,41.0,54.0
2.3525834,15.0,43.0,55.0
2.3625836,15.0,43.0,55.0
2.370407,15.0,43.0,55.0
2.3804073,12.0,45.0,55.0
2.3911765,12.0,45.0,55.0
2.4011767,9.0,46.0,54.0
2.414559,9.0,46.0,54.0
2.4319859,5.0,48.0,53.0
2.441986,2.0,50.0,52.0
2.4519858,2.0,50.0,52.0
2.4599707,2.0,50.0,52.0
2.4699707,2.0,53.0,49.0
2.479935,2.0,53.0,49.0
2.4899352,-2.0,55.0,45.0
2.5041559,-2.0,55.0,45.0
2.5214684,-2.0,56.0,41.0
2.5314686,-2.0,57.0,40.0
2.5414684,-2.0,57.0,40.0
2.548354,-2.0,57.0,40.0
2.558354,-2.0,59.0,39.0
2.5687127,-2.0,59.0,39.0
2.5787125,-3.0,58.0,37.0
2.5920267,-3.0,58.0,37.0
2.6020265,-1.0,57.0,36.0
2.6120267,-1.0,57.0,36.0
2.619772,-1.0,57.0,36.0
2.6374214,-1.0,57.0,36.0
2.6474214,2.0,58.0,36.0
2.6574214,2.0,58.0,36.0
2.665411,2.0,58.0,36.0
2.6754112,5.0,57.0,35.0
2.6893628,5.0,57.0,35.0
2.6993628,9.0,56.0,35.0
2.7093627,9.0,56.0,35.0
2.7170863,9.0,56.0,35.0
2.727086,11.0,55.0,35.0
2.7368908,11.0,55.0,35.0
2.746891,13.0,54.0,34.0
2.7614887,13.0,54.0,34.0
2.77887,15.0,53.0,32.0
2.7876866,16.0,53.0,32.0
2.7976866,17.0,53.0,31.0
2.806126,17.0,53.0,31.0
2.8161259,17.0,52.0,30.0
2.8265014,17.0,52.0,30.0
2.8365014,19.0,51.0,31.0
2.8499136,19.0,51.0,31.0
2.8672578,20.0,50.0,32.0
2.877258,20.0,49.0,36.0
2.8872578,20.0,49.0,36.0
2.8950741,20.0,49.0,36.0
2.905074,20.0,48.0,41.0
2.9150548,20.0,48.0,41.0
2.925055,20.0,45.0,45.0
2.938539,20.0,45.0,45.0
2.9558392,21.0,42.0,48.0
2.9658394,23.0,40.0,52.0
2.9758391,23.0,40.0,52.0
2.9858394,23.0,40.0,52.0
2.9987264,23.0,40.0,52.0
3.004144,23.0,39.0,53.0
3.014144,23.0,37.0,54.0
3.0273755,23.0,37.0,54.0
3.0446684,23.0,36.0,55.0
3.0546684,22.0,38.0,57.0
3.0646684,22.0,38.0,57.0
3.0746686,22.0,38.0,57.0
3.0871391,22.0,38.0,57.0
3.0925496,22.0,37.0,57.0
3.1025498,22.0,36.0,57.0
3.1168008,22.0,36.0,57.0
3.1341386,22.0,35.0,58.0
3.1441386,23.0,34.0,60.0
3.1541386,23.0,34.0,60.0
3.1641386,23.0,34.0,60.0
3.1741385,23.0,34.0,60.0
3.1841385,23.0,34.0,60.0
3.1954553,23.0,34.0,60.0
3.2054553,25.0,35.0,60.0
3.2141817,25.0,35.0,60.0
3.2241814,27.0,35.0,58.0
3.2341816,27.0,35.0,58.0
3.2441814,27.0,35.0,58.0
3.2541816,27.0,35.0,58.0
3.2600965,27.0,35.0,58.0
3.2700963,28.0,34.0,55.0
3.283975,28.0,34.0,55.0
3.293975,29.0,36.0,52.0
3.3039749,29.0,36.0,52.0
3.3116329,29.0,36.0,52.0
3.321633,29.0,43.0,46.0
3.3316329,29.0,43.0,46.0
3.341633,29.0,43.0,46.0
3.3559184,29.0,43.0,46.0
3.373334,28.0,45.0,44.0
3.383334,27.0,48.0,43.0
3.393334,27.0,48.0,43.0
3.4004834,27.0,48.0,43.0
3.4104834,20.0,53.0,40.0
3.4204834,20.0,53.0,40.0
3.4304833,20.0,53.0,40.0
3.4449973,20.0,53.0,40.0
3.4623554,17.0,55.0,40.0
3.4723556,14.0,57.0,40.0
3.4823554,14.0,57.0,40.0
3.4900908,14.0,57.0,40.0
3.5000906,7.0,60.0,38.0
3.5100908,7.0,60.0,38.0
3.5200906,7.0,60.0,38.0
3.533957,7.0,60.0,38.0
3.5439572,3.0,62.0,35.0
3.5539572,3.0,62.0,35.0
3.5621054,3.0,62.0,35.0
3.5794547,1.0,63.0,34.0
3.589455,-1.0,64.0,32.0
3.5994546,-1.0,64.0,32.0
3.6094549,-1.0,64.0,32.0
3.6194546,-1.0,64.0,32.0
3.6261282,-1.0,64.0,32.0
3.6361282,-3.0,64.0,30.0
3.649919,-3.0,64.0,30.0
3.659919,-3.0,63.0,29.0
3.669919,-3.0,63.0,29.0
3.678926,-3.0,63.0,29.0
3.688926,-3.0,63.0,30.0
3.698926,-3.0,63.0,30.0
3.708926,-3.0,63.0,30.0
3.7189262,-3.0,63.0,30.0
3.7247148,-3.0,63.0,30.0
3.734715,1.0,63.0,30.0
3.7492394,1.0,63.0,30.0
3.7592394,4.0,63.0,31.0
3.76809,4.0,63.0,31.0
3.77809,10.0,60.0,31.0
3.7880902,10.0,60.0,31.0
3.79809,10.0,60.0,31.0
3.8080902,10.0,60.0,31.0
3.813984,10.0,60.0,31.0
3.8239841,13.0,58.0,29.0
3.837756,13.0,58.0,29.0
3.8477557,15.0,57.0,28.0
3.857756,15.0,57.0,28.0
3.8656614,15.0,57.0,28.0
3.8756614,21.0,56.0,26.0
3.8856614,21.0,56.0,26.0
3.8956614,21.0,56.0,26.0
3.9056613,21.0,56.0,26.0
3.9156613,21.0,56.0,26.0
3.9277933,21.0,56.0,26.0
3.937793,21.0,56.0,29.0
3.9466486,21.0,56.0,29.0
3.9566483,22.0,56.0,33.0
3.9666486,22.0,56.0,33.0
3.9756618,22.0,56.0,33.0
3.9856617,22.0,54.0,38.0
3.995436,22.0,54.0,38.0
4.005436,22.0,51.0,41.0
4.015436,22.0,51.0,41.0
4.0236387,22.0,51.0,41.0
4.0336385,24.0,47.0,46.0
4.0436387,24.0,47.0,46.0
4.0536385,24.0,47.0,46.0
4.0680375,24.0,47.0,46.0
4.0780377,26.0,44.0,51.0
4.0880375,26.0,44.0,51.0
4.095847,26.0,44.0,51.0
4.1131816,27.0,43.0,53.0
4.123182,26.0,43.0,55.0
4.1331816,26.0,43.0,55.0
4.143182,26.0,43.0,55.0
4.1559253,26.0,43.0,55.0
4.1600647,26.0,43.0,55.0
4.1700644,25.0,41.0,55.0
4.1842427,25.0,41.0,55.0
4.198327,25.0,41.0,54.0
4.2129636,24.0,41.0,55.0
4.222964,25.0,41.0,57.0
4.2329636,25.0,41.0,57.0
4.242964,25.0,41.0,57.0
4.2529635,25.0,41.0,57.0
4.2586956,25.0,41.0,57.0
4.2686954,26.0,40.0,56.0
4.283361,26.0,40.0,56.0
4.293361,26.0,41.0,56.0
4.3020463,26.0,41.0,56.0
4.312046,26.0,43.0,56.0
4.3220463,26.0,43.0,56.0
4.3320465,26.0,43.0,56.0
4.3434196,26.0,43.0,56.0
4.3474665,26.0,43.0,55.0
4.3574667,27.0,45.0,51.0
4.3712144,27.0,45.0,51.0
4.381214,27.0,46.0,49.0
4.3912144,27.0,46.0,49.0
4.399481,27.0,46.0,49.0
4.4094806,21.0,52.0,43.0
4.419481,21.0,52.0,43.0
4.429481,21.0,52.0,43.0
4.439481,21.0,52.0,43.0
4.4494805,21.0,52.0,43.0
4.461104,21.0,52.0,43.0
4.4711046,18.0,55.0,43.0
4.4811044,18.0,55.0,43.0
4.4883795,18.0,55.0,43.0
4.498379,15.0,56.0,41.0
4.508379,15.0,56.0,41.0
4.5192237,15.0,56.0,41.0
4.5280385,13.0,56.0,41.0
4.5380383,10.0,57.0,40.0
4.5477777,10.0,57.0,40.0
4.5577774,10.0,61.0,36.0
4.5677776,10.0,61.0,36.0
4.577778,10.0,61.0,36.0
4.5877776,10.0,61.0,36.0
4.5977774,10.0,61.0,36.0
4.6095285,10.0,61.0,36.0
4.6195283,10.0,63.0,35.0
4.6283755,10.0,63.0,35.0
4.6383753,-2.0,63.0,33.0
4.6483755,-2.0,63.0,33.0
4.6579194,-2.0,63.0,33.0
4.667919,-5.0,63.0,29.0
4.67792,-5.0,63.0,29.0
4.6879196,-5.0,63.0,29.0
4.6994658,-5.0,63.0,29.0
4.704887,-6.0,63.0,28.0
4.714887,-6.0,64.0,25.0
4.7288103,-6.0,64.0,25.0
4.7388105,-6.0,64.0,25.0
4.7474594,-6.0,64.0,25.0
4.7574596,-6.0,64.0,27.0
4.7674594,-6.0,64.0,27.0
4.776614,-6.0,64.0,27.0
4.786615,-3.0,62.0,27.0
4.7966146,-3.0,62.0,27.0
4.8066144,-3.0,62.0,27.0
4.818118,-3.0,62.0,27.0
4.823656,-2.0,62.0,27.0
4.833656,-2.0,60.0,28.0
4.847849,-2.0,60.0,28.0
4.8578486,3.0,59.0,28.0
4.8666754,3.0,59.0,28.0
4.882806,5.0,59.0,29.0
4.8928056,9.0,59.0,28.0
4.9028053,9.0,59.0,28.0
4.912806,9.0,59.0,28.0
4.922806,9.0,59.0,28.0
4.931562,9.0,59.0,28.0
4.9447045,9.0,58.0,26.0
4.949679,10.0,57.0,26.0
4.958656,10.0,57.0,26.0
4.970814,10.0,57.0,26.0
4.98103,10.0,57.0,26.0
4.9910297,11.0,56.0,28.0
5.0010295,11.0,56.0,28.0
5.01103,11.0,56.0,28.0
5.0211587,11.0,56.0,28.0
5.03423,11.0,55.0,29.0
5.039179,11.0,55.0,31.0
5.048448,11.0,54.0,33.0
5.060572,11.0,54.0,35.0
5.069875,12.0,53.0,36.0
5.079875,12.0,52.0,39.0
5.091745,12.0,52.0,39.0
5.1095667,12.0,51.0,40.0
5.1222577,13.0,50.0,42.0
5.1328917,13.0,50.0,43.0
5.142892,14.0,50.0,46.0
5.152892,14.0,50.0,46.0
5.159605,14.0,50.0,46.0
5.172573,15.0,49.0,47.0
5.1775403,16.0,48.0,48.0
5.1868067,17.0,48.0,48.0
5.198807,17.0,47.0,48.0
5.2080874,17.0,47.0,48.0
5.218087,18.0,46.0,48.0
5.2302027,18.0,46.0,48.0
5.247986,18.0,45.0,48.0
5.26081,17.0,45.0,49.0
5.2715855,17.0,45.0,50.0
5.281585,15.0,45.0,52.0
5.291585,15.0,45.0,52.0
5.297971,15.0,45.0,52.0
5.3110385,15.0,45.0,52.0
5.315997,14.0,45.0,53.0
5.325314,14.0,45.0,53.0
5.3373117,14.0,45.0,53.0
5.3465924,14.0,45.0,53.0
5.3565927,15.0,44.0,52.0
5.3684416,15.0,44.0,52.0
5.3864202,16.0,44.0,52.0
5.397852,16.0,44.0,52.0
5.409766,16.0,44.0,52.0
5.4132,16.0,45.0,53.0
5.425635,17.0,45.0,52.0
5.435989,17.0,45.0,52.0
5.4459896,18.0,46.0,46.0
5.4559894,18.0,46.0,46.0
5.465989,18.0,46.0,46.0
5.4760284,18.0,46.0,46.0
5.489278,18.0,46.0,44.0
5.4942346,19.0,47.0,42.0
5.503523,19.0,48.0,40.0
5.515485,19.0,49.0,38.0
5.5247946,19.0,50.0,35.0
5.5347943,18.0,51.0,27.0
5.544794,18.0,51.0,27.0
5.554794,18.0,51.0,27.0
5.564494,18.0,51.0,27.0
5.5761065,17.0,52.0,24.0
5.588249,15.0,53.0,23.0
5.591829,14.0,55.0,22.0
5.603691,12.0,56.0,20.0
5.613691,8.0,57.0,16.0
5.627972,8.0,57.0,16.0
5.642125,6.0,57.0,13.0
5.655482,3.0,57.0,11.0
5.6654816,-4.0,56.0,1.0
5.675482,-4.0,56.0,1.0
5.685482,-4.0,56.0,1.0
5.698205,-4.0,56.0,1.0
5.703643,-7.0,55.0,-3.0
5.713643,-10.0,54.0,-7.0
5.727832,-10.0,54.0,-7.0
5.7331705,-13.0,52.0,-12.0
5.7431707,-19.0,46.0,-20.0
5.757101,-19.0,46.0,-20.0
5.7671013,-25.0,41.0,-26.0
5.7758217,-25.0,41.0,-26.0
5.785822,-29.0,37.0,-29.0
5.7958217,-29.0,37.0,-29.0
5.803281,-29.0,37.0,-29.0
5.813281,-37.0,28.0,-34.0
5.8232813,-37.0,28.0,-34.0
5.833281,-37.0,28.0,-34.0
5.846532,-37.0,28.0,-34.0
5.8519387,-39.0,24.0,-36.0
5.8619385,-44.0,16.0,-38.0
5.8760977,-44.0,16.0,-38.0
5.886098,-49.0,9.0,-38.0
5.89487,-49.0,9.0,-38.0
5.90487,-52.0,4.0,-37.0
5.91487,-52.0,4.0,-37.0
5.9218884,-52.0,4.0,-37.0
5.931888,-56.0,-4.0,-36.0
5.941888,-56.0,-4.0,-36.0
5.951888,-56.0,-4.0,-36.0
5.96522,-56.0,-4.0,-36.0
5.969289,-57.0,-8.0,-35.0
5.9792886,-58.0,-15.0,-34.0
5.991874,-58.0,-15.0,-34.0
6.0018744,-59.0,-21.0,-32.0
6.011874,-59.0,-21.0,-32.0
6.019321,-59.0,-21.0,-32.0
6.0293207,-60.0,-33.0,-25.0
6.039321,-60.0,-33.0,-25.0
6.049321,-60.0,-33.0,-25.0
6.059321,-60.0,-33.0,-25.0
6.0693207,-60.0,-33.0,-25.0
6.0829945,-60.0,-33.0,-25.0
6.099933,-60.0,-35.0,-22.0
6.109933,-60.0,-38.0,-20.0
6.1199336,-60.0,-38.0,-20.0
6.1299334,-60.0,-38.0,-20.0
6.143183,-60.0,-38.0,-20.0
6.1486297,-60.0,-39.0,-19.0
6.1586294,-60.0,-41.0,-19.0
6.1725287,-60.0,-41.0,-19.0
6.1825285,-60.0,-43.0,-18.0
6.190776,-60.0,-43.0,-18.0
6.2007756,-60.0,-44.0,-14.0
6.210776,-60.0,-44.0,-14.0
6.220776,-60.0,-44.0,-14.0
6.232412,-60.0,-44.0,-14.0
6.2495675,-60.0,-44.0,-13.0
6.2595677,-61.0,-43.0,-12.0
6.2695675,-61.0,-43.0,-12.0
6.2776103,-61.0,-43.0,-12.0
6.2876105,-62.0,-43.0,-9.0
6.2976103,-62.0,-43.0,-9.0
6.3076105,-62.0,-43.0,-9.0
6.321171,-62.0,-43.0,-9.0
6.3252387,-62.0,-43.0,-9.0
6.3352385,-63.0,-45.0,-9.0
6.3480034,-63.0,-45.0,-9.0
6.358003,-64.0,-45.0,-9.0
6.368003,-64.0,-45.0,-9.0
6.375278,-64.0,-45.0,-9.0
6.3852787,-64.0,-44.0,-7.0
6.3952785,-64.0,-44.0,-7.0
6.405278,-64.0,-44.0,-7.0
6.415278,-64.0,-44.0,-7.0
6.4215517,-64.0,-44.0,-7.0
6.437048,-64.0,-44.0,-7.0
6.4470477,-64.0,-43.0,-6.0
6.4570475,-64.0,-43.0,-6.0
6.4649177,-64.0,-43.0,-6.0
6.4749174,-65.0,-44.0,-5.0
6.4849176,-65.0,-44.0,-5.0
6.494918,-65.0,-44.0,-5.0
6.5049176,-65.0,-44.0,-5.0
6.5149174,-65.0,-44.0,-5.0
6.526779,-65.0,-44.0,-5.0
6.535585,-65.0,-44.0,-4.0
6.5455847,-65.0,-44.0,-4.0
6.5540395,-65.0,-44.0,-4.0
6.5640397,-66.0,-44.0,-4.0
6.5740395,-66.0,-44.0,-4.0
6.584039,-66.0,-44.0,-4.0
6.5940394,-66.0,-44.0,-4.0
6.59948,-66.0,-44.0,-4.0
6.6094804,-64.0,-45.0,-5.0
6.61948,-64.0,-45.0,-5.0
6.627659,-64.0,-45.0,-5.0
6.643685,-64.0,-44.0,-5.0
6.6536846,-64.0,-43.0,-4.0
6.663685,-64.0,-43.0,-4.0
6.6736846,-64.0,-43.0,-4.0
6.683685,-64.0,-43.0,-4.0
6.6911783,-64.0,-43.0,-4.0
6.7036686,-64.0,-43.0,-4.0
6.713202,-64.0,-44.0,-5.0
6.726569,-64.0,-44.0,-4.0
6.7300167,-65.0,-44.0,-4.0
6.7403545,-65.0,-44.0,-4.0
6.7516756,-65.0,-44.0,-4.0
6.7619348,-65.0,-45.0,-5.0
6.7719345,-64.0,-46.0,-5.0
6.7819347,-64.0,-46.0,-5.0
6.7919345,-64.0,-46.0,-5.0
6.800539,-64.0,-46.0,-5.0
6.8125153,-64.0,-46.0,-5.0
6.822626,-64.0,-45.0,-5.0
6.83587,-65.0,-45.0,-5.0
6.8393736,-65.0,-44.0,-4.0
6.8486943,-65.0,-44.0,-4.0
6.859499,-65.0,-44.0,-4.0
6.8686347,-65.0,-45.0,-5.0
6.880576,-65.0,-46.0,-5.0
6.889989,-65.0,-46.0,-6.0
6.8999896,-65.0,-46.0,-7.0
6.9099894,-65.0,-46.0,-7.0
6.9212117,-65.0,-46.0,-7.0
6.9310246,-65.0,-46.0,-7.0
6.9442263,-65.0,-46.0,-6.0
6.9476905,-65.0,-46.0,-6.0
6.9579287,-65.0,-45.0,-5.0
6.969376,-65.0,-44.0,-5.0
6.979608,-65.0,-44.0,-5.0
6.989608,-65.0,-45.0,-5.0
7.000247,-65.0,-45.0,-5.0
7.0175056,-65.0,-45.0,-5.0
7.027701,-65.0,-46.0,-5.0
7.038162,-65.0,-45.0,-6.0
7.0485125,-65.0,-45.0,-6.0
7.0585046,-66.0,-44.0,-6.0
7.069095,-66.0,-44.0,-5.0
7.0790935,-66.0,-43.0,-5.0
7.0893664,-66.0,-43.0,-4.0
7.0993686,-66.0,-43.0,-4.0
7.1096754,-65.0,-43.0,-4.0
7.119673,-65.0,-43.0,-4.0
7.1300178,-65.0,-42.0,-4.0
7.134682,-65.0,-42.0,-5.0
7.145044,-66.0,-43.0,-5.0
7.1550436,-65.0,-45.0,-7.0
7.1675315,-65.0,-45.0,-7.0
7.1775312,-65.0,-46.0,-7.0
7.1875315,-65.0,-46.0,-7.0
7.1975317,-65.0,-46.0,-7.0
7.2056794,-65.0,-46.0,-7.0
7.2168164,-65.0,-46.0,-7.0
7.225951,-65.0,-45.0,-7.0
7.2378864,-65.0,-45.0,-7.0
7.2480564,-65.0,-44.0,-6.0
7.259603,-65.0,-44.0,-6.0
7.264625,-65.0,-43.0,-6.0
7.2764177,-65.0,-43.0,-6.0
7.2864175,-65.0,-44.0,-6.0
7.2945504,-65.0,-44.0,-6.0
7.305714,-65.0,-44.0,-6.0
7.314579,-66.0,-44.0,-7.0
7.3247666,-66.0,-44.0,-7.0
7.335579,-65.0,-43.0,-7.0
7.3465877,-66.0,-43.0,-8.0
7.357037,-66.0,-43.0,-9.0
7.362283,-65.0,-42.0,-9.0
7.3746653,-65.0,-42.0,-10.0
7.382366,-65.0,-42.0,-10.0
7.3923664,-64.0,-43.0,-10.0
7.404717,-64.0,-43.0,-10.0
7.4147167,-64.0,-43.0,-9.0
7.4234724,-64.0,-43.0,-9.0
7.434874,-64.0,-43.0,-9.0
7.44395,-64.0,-43.0,-8.0
7.4535875,-64.0,-42.0,-8.0
7.463773,-64.0,-41.0,-7.0
7.4745884,-64.0,-40.0,-7.0
7.4836097,-64.0,-40.0,-7.0
7.4945955,-64.0,-40.0,-7.0
7.503817,-64.0,-40.0,-7.0
7.514073,-64.0,-41.0,-7.0
7.523236,-64.0,-41.0,-7.0
7.535334,-64.0,-41.0,-7.0
7.539864,-65.0,-41.0,-7.0
7.549086,-65.0,-42.0,-7.0
7.562591,-64.0,-42.0,-8.0
7.573353,-64.0,-43.0,-8.0
7.583353,-64.0,-44.0,-9.0
7.5921116,-64.0,-44.0,-9.0
7.6031494,-64.0,-44.0,-9.0
7.613829,-64.0,-44.0,-9.0
7.6255445,-64.0,-43.0,-9.0
7.6298404,-64.0,-43.0,-9.0
7.639771,-64.0,-42.0,-8.0
7.649771,-64.0,-43.0,-9.0
7.6597714,-64.0,-43.0,-9.0
7.669771,-64.0,-43.0,-9.0
7.680113,-64.0,-43.0,-9.0
7.692067,-64.0,-44.0,-9.0
7.7008414,-64.0,-44.0,-9.0
7.711587,-63.0,-44.0,-9.0
7.721346,-63.0,-44.0,-8.0
7.7326975,-63.0,-43.0,-8.0
7.7473598,-64.0,-43.0,-8.0
7.759819,-63.0,-42.0,-8.0
7.769772,-63.0,-42.0,-9.0
7.780902,-63.0,-43.0,-9.0
7.7908077,-63.0,-43.0,-9.0
7.80109,-63.0,-44.0,-10.0
7.8124385,-63.0,-44.0,-10.0
7.816181,-63.0,-45.0,-10.0
7.826181,-63.0,-45.0,-9.0
7.8397775,-63.0,-45.0,-9.0
7.849777,-63.0,-45.0,-9.0
7.859171,-63.0,-45.0,-9.0
7.869308,-63.0,-46.0,-8.0
7.8775754,-63.0,-46.0,-8.0
7.8897586,-63.0,-45.0,-8.0
7.899849,-63.0,-45.0,-8.0
7.910119,-64.0,-44.0,-7.0
7.9182267,-64.0,-44.0,-7.0
7.9291506,-64.0,-44.0,-6.0
7.939143,-64.0,-44.0,-6.0
7.949227,-64.0,-44.0,-6.0
7.9591465,-64.0,-44.0,-6.0
7.9691668,-64.0,-44.0,-6.0
7.9776597,-64.0,-44.0,-6.0
7.9875035,-64.0,-44.0,-6.0
7.9967685,-64.0,-44.0,-6.0
8.008249,-64.0,-44.0,-6.0
8.0185995,-64.0,-44.0,-7.0
8.028387,-64.0,-44.0,-7.0
8.0382,-64.0,-44.0,-7.0
8.048691,-64.0,-44.0,-7.0
8.059925,-64.0,-44.0,-6.0
8.063399,-64.0,-44.0,-6.0
8.073399,-62.0,-45.0,-6.0
8.083399,-62.0,-45.0,-6.0
8.093399,-62.0,-45.0,-6.0
8.106005,-62.0,-45.0,-6.0
8.116004,-61.0,-45.0,-7.0
8.126005,-61.0,-45.0,-7.0
8.136378,-61.0,-45.0,-7.0
8.145225,-62.0,-45.0,-7.0
8.156153,-62.0,-45.0,-7.0
8.166033,-63.0,-45.0,-7.0
8.175171,-63.0,-45.0,-6.0
8.184296,-64.0,-45.0,-6.0
8.195712,-64.0,-45.0,-6.0
8.205451,-64.0,-45.0,-6.0
8.21551,-64.0,-45.0,-6.0
8.2238455,-64.0,-45.0,-6.0
8.232919,-63.0,-45.0,-6.0
8.2438135,-63.0,-45.0,-6.0
8.251427,-63.0,-45.0,-7.0
8.263706,-63.0,-46.0,-7.0
8.270619,-62.0,-47.0,-7.0
8.281231,-62.0,-47.0,-7.0
8.290461,-63.0,-47.0,-7.0
8.302842,-63.0,-48.0,-7.0
8.312379,-64.0,-48.0,-7.0
8.324779,-64.0,-48.0,-7.0
8.334132,-64.0,-48.0,-7.0
8.344132,-64.0,-48.0,-7.0
8.353044,-64.0,-48.0,-7.0
8.364611,-64.0,-48.0,-7.0
8.374824,-64.0,-48.0,-6.0
8.386345,-64.0,-47.0,-6.0
8.391204,-64.0,-47.0,-5.0
8.400521,-64.0,-46.0,-5.0
8.412772,-64.0,-46.0,-5.0
8.422771,-64.0,-47.0,-6.0
8.432772,-64.0,-47.0,-6.0
8.442772,-64.0,-47.0,-6.0
8.452866,-64.0,-47.0,-6.0
8.463735,-63.0,-47.0,-6.0
8.474625,-63.0,-47.0,-5.0
8.485274,-64.0,-46.0,-4.0
8.488708,-64.0,-46.0,-4.0
8.501129,-64.0,-45.0,-3.0
8.511421,-64.0,-46.0,-3.0
8.521421,-64.0,-46.0,-4.0
8.531037,-64.0,-46.0,-4.0
8.542587,-64.0,-47.0,-4.0
8.552684,-63.0,-48.0,-5.0
8.5641365,-63.0,-48.0,-5.0
8.568985,-63.0,-47.0,-5.0
8.5783415,-63.0,-47.0,-5.0
8.590852,-63.0,-47.0,-5.0
8.600852,-62.0,-47.0,-5.0
8.610852,-62.0,-47.0,-5.0
8.620852,-62.0,-47.0,-5.0
8.630853,-62.0,-47.0,-5.0
8.63984,-62.0,-47.0,-5.0
8.651754,-62.0,-48.0,-5.0
8.661836,-61.0,-47.0,-5.0
8.673266,-62.0,-47.0,-4.0
8.67671,-62.0,-47.0,-4.0
8.688219,-63.0,-46.0,-4.0
8.698219,-63.0,-46.0,-4.0
8.708492,-63.0,-46.0,-4.0
8.720541,-64.0,-47.0,-4.0
8.730074,-64.0,-47.0,-4.0
8.742099,-64.0,-47.0,-4.0
8.745555,-64.0,-47.0,-4.0
8.756968,-64.0,-47.0,-4.0
8.770146,-64.0,-47.0,-4.0
8.780146,-64.0,-48.0,-4.0
8.790007,-64.0,-48.0,-4.0
8.800208,-63.0,-48.0,-5.0
8.811647,-63.0,-47.0,-4.0
8.816487,-63.0,-47.0,-4.0
8.8267145,-63.0,-47.0,-3.0
8.838315,-63.0,-47.0,-3.0
8.84855,-63.0,-48.0,-3.0
8.85855,-63.0,-48.0,-4.0
8.86669,-63.0,-48.0,-4.0
8.879557,-63.0,-49.0,-4.0
8.889066,-63.0,-49.0,-5.0
8.90105,-63.0,-48.0,-4.0
8.904496,-63.0,-47.0,-4.0
8.914614,-63.0,-47.0,-4.0
8.926932,-63.0,-47.0,-4.0
8.9362135,-63.0,-48.0,-4.0
8.946214,-63.0,-49.0,-4.0
8.9562645,-63.0,-49.0,-4.0
8.968245,-63.0,-49.0,-5.0
8.978406,-63.0,-49.0,-4.0
8.989884,-63.0,-49.0,-4.0
8.99471,-64.0,-48.0,-4.0
9.004949,-64.0,-47.0,-4.0
9.016532,-64.0,-47.0,-4.0
9.026779,-63.0,-48.0,-4.0
9.044709,-63.0,-48.0,-5.0
9.057556,-63.0,-49.0,-5.0
9.06709,-63.0,-48.0,-5.0
9.080181,-63.0,-48.0,-4.0
9.083639,-63.0,-47.0,-3.0
9.092974,-63.0,-47.0,-3.0
9.10495,-63.0,-47.0,-3.0
9.114203,-63.0,-48.0,-3.0
9.124204,-63.0,-48.0,-4.0
9.134203,-63.0,-48.0,-4.0
9.145009,-63.0,-48.0,-4.0
9.156594,-63.0,-49.0,-4.0
9.166152,-63.0,-50.0,-5.0
9.1782055,-63.0,-50.0,-5.0
9.181724,-63.0,-49.0,-4.0
9.191953,-62.0,-49.0,-4.0
9.203465,-62.0,-48.0,-4.0
9.212841,-62.0,-48.0,-4.0
9.224868,-62.0,-49.0,-4.0
9.234868,-62.0,-49.0,-4.0
9.244847,-62.0,-49.0,-4.0
9.255226,-62.0,-49.0,-4.0
9.266716,-62.0,-48.0,-4.0
9.270166,-63.0,-48.0,-3.0
9.28165,-63.0,-47.0,-3.0
9.292826,-63.0,-48.0,-3.0
9.30313,-63.0,-48.0,-4.0
9.313129,-63.0,-49.0,-4.0
9.321721,-63.0,-49.0,-4.0
9.333203,-62.0,-49.0,-5.0
9.342654,-62.0,-49.0,-5.0
9.354638,-62.0,-49.0,-5.0
9.364326,-62.0,-49.0,-5.0
9.37632,-63.0,-48.0,-4.0
9.379799,-63.0,-47.0,-4.0
9.389062,-63.0,-47.0,-3.0
9.402595,-63.0,-47.0,-3.0
9.411908,-63.0,-47.0,-4.0
9.421909,-63.0,-48.0,-4.0
9.430929,-63.0,-48.0,-4.0
9.442452,-63.0,-49.0,-4.0
9.452455,-63.0,-49.0,-4.0
9.463886,-63.0,-48.0,-4.0
9.467345,-63.0,-48.0,-3.0
9.479237,-63.0,-48.0,-3.0
9.489619,-63.0,-48.0,-3.0
9.4996195,-61.0,-49.0,-4.0
9.508574,-61.0,-49.0,-4.0
9.521338,-61.0,-49.0,-5.0
9.529973,-61.0,-50.0,-5.0
9.539973,-62.0,-50.0,-5.0
9.5499735,-62.0,-50.0,-5.0
9.560502,-62.0,-50.0,-5.0
9.571354,-63.0,-49.0,-5.0
9.582218,-63.0,-48.0,-4.0
9.592755,-64.0,-47.0,-3.0
9.596192,-64.0,-47.0,-2.0
9.60902,-64.0,-46.0,-2.0
9.619281,-64.0,-47.0,-2.0
9.62928,-64.0,-47.0,-3.0
9.638704,-64.0,-47.0,-3.0
9.6503,-63.0,-48.0,-3.0
9.660395,-63.0,-48.0,-3.0
9.671851,-63.0,-48.0,-3.0
9.676707,-63.0,-47.0,-3.0
9.686019,-64.0,-47.0,-3.0
9.698609,-64.0,-48.0,-3.0
9.707962,-64.0,-48.0,-3.0
9.717961,-64.0,-49.0,-3.0
9.729397,-64.0,-49.0,-3.0
9.740536,-63.0,-49.0,-4.0
9.745396,-63.0,-48.0,-3.0
9.755786,-63.0,-48.0,-3.0
9.767192,-63.0,-48.0,-3.0
9.777463,-63.0,-48.0,-3.0
9.787464,-63.0,-48.0,-3.0
9.796802,-63.0,-48.0,-3.0
9.80841,-63.0,-48.0,-4.0
9.818507,-63.0,-48.0,-4.0
9.829975,-63.0,-48.0,-4.0
9.834831,-63.0,-47.0,-3.0
9.844135,-63.0,-47.0,-2.0
9.856508,-63.0,-48.0,-2.0
9.865818,-63.0,-48.0,-3.0
9.875817,-63.0,-49.0,-4.0
9.885818,-63.0,-49.0,-4.0
9.895817,-63.0,-49.0,-4.0
9.9071665,-63.0,-49.0,-4.0
9.9185095,-63.0,-49.0,-4.0
9.923364,-63.0,-49.0,-4.0
9.93393,-62.0,-49.0,-3.0
9.945519,-62.0,-48.0,-3.0
9.954929,-62.0,-49.0,-3.0
9.96493,-62.0,-50.0,-4.0
9.97493,-62.0,-50.0,-4.0
9.98493,-62.0,-50.0,-4.0
9.995732,-62.0,-50.0,-4.0
10.007678,-62.0,-50.0,-4.0
10.012668,-62.0,-49.0,-4.0
10.021946,-62.0,-49.0,-3.0
10.035577,-62.0,-49.0,-3.0
10.044924,-62.0,-49.0,-3.0
10.054924,-62.0,-49.0,-3.0
10.064405,-62.0,-49.0,-3.0
10.075539,-62.0,-49.0,-3.0
10.086148,-62.0,-49.0,-3.0
10.097119,-62.0,-48.0,-3.0
10.102003,-63.0,-48.0,-2.0
10.1122675,-63.0,-47.0,-3.0
10.123545,-63.0,-47.0,-3.0
10.133818,-63.0,-48.0,-3.0
10.143818,-63.0,-49.0,-4.0
10.153817,-63.0,-49.0,-4.0
10.165452,-63.0,-49.0,-4.0
10.1759205,-62.0,-49.0,-4.0
10.179385,-62.0,-49.0,-3.0
10.1927805,-62.0,-48.0,-3.0
10.202056,-62.0,-48.0,-2.0
10.212055,-62.0,-49.0,-3.0
10.223962,-62.0,-49.0,-3.0
10.233962,-63.0,-49.0,-3.0
10.243272,-63.0,-49.0,-3.0
10.254281,-63.0,-49.0,-4.0
10.264819,-63.0,-49.0,-3.0
10.268306,-63.0,-48.0,-3.0
10.281239,-63.0,-47.0,-2.0
10.2915,-63.0,-47.0,-2.0
10.3015,-62.0,-49.0,-3.0
10.311501,-62.0,-49.0,-3.0
10.3215,-62.0,-49.0,-3.0
10.332267,-62.0,-49.0,-3.0
10.345652,-62.0,-49.0,-3.0
10.35068,-62.0,-49.0,-3.0
10.360034,-62.0,-48.0,-3.0
10.371121,-62.0,-48.0,-3.0
10.379086,-62.0,-49.0,-3.0
10.390965,-62.0,-49.0,-3.0
10.398934,-62.0,-49.0,-3.0
10.41245,-63.0,-50.0,-4.0
10.420326,-63.0,-50.0,-4.0
10.429864,-63.0,-49.0,-4.0
10.447386,-63.0,-49.0,-3.0
10.458397,-63.0,-49.0,-3.0
10.467222,-63.0,-48.0,-3.0
10.478871,-62.0,-48.0,-3.0
10.489148,-62.0,-48.0,-4.0
10.499148,-62.0,-49.0,-4.0
10.509149,-62.0,-49.0,-4.0
10.519149,-62.0,-49.0,-4.0
10.529148,-62.0,-49.0,-4.0
10.540723,-62.0,-49.0,-4.0
10.5513115,-62.0,-49.0,-4.0
10.562771,-62.0,-49.0,-3.0
10.567625,-62.0,-48.0,-3.0
10.576951,-62.0,-48.0,-3.0
10.589334,-62.0,-47.0,-2.0
10.598634,-63.0,-48.0,-3.0
10.608633,-62.0,-48.0,-3.0
10.6194105,-62.0,-48.0,-3.0
10.630531,-62.0,-48.0,-3.0
10.635391,-62.0,-48.0,-3.0
10.645772,-62.0,-48.0,-3.0
10.657172,-62.0,-48.0,-3.0
10.668821,-62.0,-48.0,-3.0
10.678822,-62.0,-48.0,-3.0
10.687673,-62.0,-48.0,-3.0
10.699271,-62.0,-48.0,-3.0
10.709405,-62.0,-48.0,-3.0
10.720854,-62.0,-48.0,-3.0
10.725673,-63.0,-48.0,-2.0
10.735088,-62.0,-47.0,-2.0
10.747056,-62.0,-47.0,-2.0
10.756356,-62.0,-48.0,-2.0
10.7663555,-62.0,-49.0,-3.0
10.776356,-62.0,-49.0,-3.0
10.788454,-62.0,-49.0,-3.0
10.799358,-62.0,-49.0,-4.0
10.804197,-62.0,-49.0,-3.0
10.815791,-62.0,-48.0,-3.0
10.825253,-62.0,-48.0,-3.0
10.835254,-63.0,-49.0,-3.0
10.845253,-63.0,-49.0,-3.0
10.855253,-63.0,-49.0,-3.0
10.8659525,-63.0,-49.0,-3.0
10.877923,-63.0,-50.0,-3.0
10.882937,-63.0,-50.0,-3.0
10.892273,-63.0,-49.0,-2.0
10.904735,-63.0,-49.0,-2.0
10.914052,-63.0,-49.0,-2.0
10.924051,-62.0,-49.0,-3.0
10.935965,-62.0,-49.0,-3.0
10.945965,-62.0,-50.0,-3.0
10.955636,-62.0,-50.0,-3.0
10.96679,-62.0,-50.0,-3.0
10.971631,-62.0,-49.0,-3.0
10.983424,-62.0,-48.0,-2.0
10.993423,-62.0,-49.0,-3.0
11.003424,-62.0,-49.0,-3.0
11.013424,-62.0,-49.0,-3.0
11.023423,-62.0,-49.0,-3.0
11.03602,-62.0,-49.0,-3.0
11.040085,-62.0,-49.0,-3.0
11.050929,-61.0,-49.0,-2.0
11.063003,-61.0,-49.0,-2.0
11.072287,-62.0,-50.0,-2.0
11.082286,-61.0,-50.0,-2.0
11.092286,-61.0,-50.0,-2.0
11.102285,-61.0,-50.0,-2.0
11.112287,-61.0,-50.0,-2.0
11.122287,-61.0,-50.0,-2.0
11.1336355,-61.0,-50.0,-2.0
11.145264,-61.0,-49.0,-2.0
11.1502905,-61.0,-49.0,-1.0
11.160605,-62.0,-49.0,-1.0
11.172195,-62.0,-49.0,-1.0
11.18257,-62.0,-49.0,-1.0
11.192571,-62.0,-50.0,-1.0
11.202825,-62.0,-50.0,-1.0
11.214823,-62.0,-50.0,-2.0
11.219863,-62.0,-50.0,-2.0
11.227771,-61.0,-49.0,-2.0
11.240953,-61.0,-49.0,-2.0
11.248939,-61.0,-49.0,-2.0
11.26093,-61.0,-49.0,-2.0
11.270278,-61.0,-50.0,-3.0
11.280278,-62.0,-50.0,-3.0
11.2902775,-62.0,-50.0,-3.0
11.300279,-62.0,-50.0,-3.0
11.312595,-62.0,-50.0,-3.0
11.3239565,-62.0,-50.0,-3.0
11.328836,-62.0,-49.0,-2.0
11.339167,-62.0,-49.0,-2.0
11.350935,-62.0,-49.0,-2.0
11.359973,-62.0,-49.0,-2.0
11.369973,-62.0,-49.0,-3.0
11.379973,-62.0,-49.0,-3.0
11.392005,-62.0,-49.0,-3.0
11.397256,-62.0,-50.0,-3.0
11.406847,-62.0,-50.0,-3.0
11.418898,-62.0,-50.0,-3.0
11.428136,-62.0,-50.0,-3.0
11.438135,-62.0,-50.0,-2.0
11.448135,-62.0,-50.0,-2.0
11.458135,-62.0,-50.0,-2.0
11.468136,-62.0,-50.0,-2.0
11.478136,-62.0,-50.0,-2.0
11.487761,-62.0,-50.0,-2.0
11.501312,-61.0,-49.0,-1.0
11.506257,-61.0,-49.0,-1.0
11.515625,-62.0,-49.0,-1.0
11.527322,-61.0,-49.0,-1.0
11.536403,-61.0,-49.0,-1.0
11.547831,-61.0,-50.0,-1.0
11.558141,-61.0,-50.0,-2.0
11.568141,-61.0,-50.0,-2.0
11.577377,-61.0,-50.0,-2.0
11.590354,-61.0,-50.0,-3.0
11.595323,-62.0,-50.0,-2.0
11.604742,-62.0,-49.0,-2.0
11.614742,-62.0,-49.0,-2.0
11.624742,-62.0,-49.0,-2.0
11.634743,-62.0,-49.0,-2.0
11.645982,-62.0,-49.0,-2.0
11.659474,-62.0,-49.0,-2.0
11.664413,-62.0,-49.0,-2.0
11.674702,-62.0,-49.0,-1.0
11.686268,-62.0,-49.0,-1.0
11.69654,-62.0,-49.0,-2.0
11.70654,-62.0,-50.0,-4.0
11.716539,-62.0,-50.0,-4.0
11.727828,-62.0,-50.0,-4.0
11.738754,-62.0,-50.0,-4.0
11.742509,-62.0,-49.0,-3.0
11.755463,-62.0,-49.0,-2.0
11.764998,-62.0,-48.0,-2.0
11.774999,-62.0,-49.0,-2.0
11.784999,-62.0,-49.0,-2.0
11.797065,-62.0,-49.0,-2.0
11.80803,-62.0,-49.0,-2.0
11.813002,-62.0,-49.0,-2.0
11.824689,-63.0,-49.0,-2.0
11.833653,-63.0,-49.0,-2.0
11.843654,-62.0,-49.0,-2.0
11.853654,-62.0,-49.0,-2.0
11.858709,-62.0,-49.0,-2.0
11.862162,-62.0,-49.0,-3.0
11.8706875,-62.0,-50.0,-3.0
11.883047,-62.0,-50.0,-4.0
11.893302,-62.0,-50.0,-4.0
11.904932,-62.0,-51.0,-4.0
11.914932,-62.0,-51.0,-4.0
11.924932,-62.0,-51.0,-4.0
11.933917,-62.0,-51.0,-4.0
11.947834,-62.0,-51.0,-3.0
11.951348,-62.0,-50.0,-3.0
11.96065,-62.0,-49.0,-2.0
11.97314,-62.0,-49.0,-2.0
11.982583,-62.0,-49.0,-2.0
11.992582,-62.0,-50.0,-2.0
12.002583,-62.0,-50.0,-2.0
12.012583,-62.0,-50.0,-2.0
12.021226,-62.0,-50.0,-2.0
12.035327,-62.0,-50.0,-2.0
12.038769,-62.0,-50.0,-2.0
12.050509,-62.0,-49.0,-1.0
12.062126,-62.0,-49.0,-1.0
12.072454,-62.0,-50.0,-2.0
12.082455,-62.0,-50.0,-2.0
12.091011,-62.0,-50.0,-2.0
12.1044855,-62.0,-50.0,-2.0
12.107939,-62.0,-50.0,-2.0
12.118944,-62.0,-49.0,-2.0
12.131271,-62.0,-48.0,-1.0
12.140586,-62.0,-49.0,-2.0
12.150586,-61.0,-50.0,-3.0
12.160585,-61.0,-50.0,-3.0
12.170587,-61.0,-50.0,-3.0
12.179581,-61.0,-50.0,-3.0
12.193226,-61.0,-50.0,-3.0
12.1967,-61.0,-50.0,-3.0
12.208493,-62.0,-49.0,-2.0
12.219001,-62.0,-49.0,-2.0
12.229113,-62.0,-49.0,-2.0
12.240776,-62.0,-50.0,-2.0
12.250776,-62.0,-50.0,-2.0
12.262387,-62.0,-50.0,-2.0
12.265837,-62.0,-50.0,-2.0
12.277333,-62.0,-50.0,-2.0
12.289329,-62.0,-50.0,-2.0
12.2986,-62.0,-50.0,-2.0
12.3086,-62.0,-49.0,-3.0
12.318601,-62.0,-49.0,-3.0
12.328601,-62.0,-49.0,-3.0
12.3376465,-62.0,-49.0,-3.0
12.350179,-62.0,-49.0,-3.0
12.361535,-62.0,-49.0,-2.0
12.366376,-62.0,-49.0,-2.0
12.377975,-61.0,-49.0,-1.0
12.388351,-62.0,-48.0,-1.0
12.398351,-62.0,-49.0,-1.0
12.408351,-62.0,-49.0,-1.0
12.418806,-62.0,-49.0,-1.0
12.429184,-62.0,-50.0,-1.0
12.442296,-62.0,-50.0,-2.0
12.445735,-62.0,-50.0,-2.0
12.455082,-62.0,-49.0,-2.0
12.467095,-62.0,-50.0,-2.0
12.476386,-61.0,-50.0,-2.0
12.486386,-61.0,-51.0,-1.0
12.496386,-61.0,-51.0,-1.0
12.506387,-61.0,-51.0,-1.0
12.515653,-61.0,-51.0,-1.0
12.528138,-62.0,-51.0,-1.0
12.5377,-62.0,-51.0,-1.0
12.551138,-62.0,-50.0,-1.0
12.554586,-62.0,-50.0,-1.0
12.56476,-62.0,-49.0,-1.0
12.576546,-62.0,-49.0,-1.0
12.586808,-62.0,-49.0,-2.0
12.596808,-62.0,-50.0,-3.0
12.605219,-62.0,-50.0,-3.0
12.617047,-62.0,-50.0,-3.0
12.627165,-62.0,-50.0,-2.0
12.64044,-62.0,-49.0,-2.0
12.643943,-62.0,-49.0,-1.0
12.653086,-62.0,-48.0,-1.0
12.665566,-62.0,-49.0,-1.0
12.674984,-63.0,-49.0,-1.0
12.684983,-63.0,-50.0,-1.0
12.693652,-63.0,-50.0,-1.0
12.704993,-63.0,-50.0,-1.0
12.714505,-63.0,-50.0,-2.0
12.725448,-63.0,-49.0,-2.0
12.734916,-64.0,-49.0,-1.0
12.74773,-64.0,-48.0,-1.0
12.751242,-63.0,-48.0,-1.0
12.762501,-63.0,-48.0,-1.0
12.7717495,-62.0,-48.0,-2.0
12.782018,-61.0,-49.0,-2.0
12.791298,-61.0,-49.0,-2.0
12.801515,-61.0,-50.0,-2.0
12.809523,-62.0,-50.0,-3.0
12.821606,-62.0,-50.0,-3.0
12.831856,-62.0,-51.0,-3.0
12.842094,-62.0,-51.0,-3.0
12.85135,-62.0,-50.0,-3.0
12.861559,-62.0,-50.0,-3.0
12.871797,-62.0,-50.0,-3.0
12.883415,-63.0,-50.0,-3.0
12.892835,-63.0,-50.0,-3.0
12.903064,-63.0,-50.0,-3.0
12.913284,-63.0,-50.0,-4.0
12.923285,-62.0,-50.0,-4.0
12.933285,-62.0,-50.0,-4.0
12.941447,-62.0,-50.0,-4.0
12.952505,-62.0,-50.0,-4.0
12.962492,-62.0,-50.0,-3.0
12.973339,-62.0,-49.0,-2.0
12.983492,-62.0,-48.0,-1.0
12.996509,-63.0,-48.0,-1.0
12.999991,-63.0,-47.0,-1.0
13.009164,-62.0,-47.0,-1.0
13.019168,-62.0,-48.0,-1.0
13.028324,-63.0,-48.0,-1.0
13.040058,-63.0,-49.0,-1.0
13.049346,-63.0,-50.0,-2.0
13.060967,-63.0,-50.0,-2.0
13.070365,-62.0,-50.0,-3.0
13.080365,-62.0,-50.0,-2.0
13.090365,-62.0,-50.0,-2.0
13.100365,-62.0,-50.0,-2.0
13.108982,-62.0,-50.0,-2.0
13.120871,-62.0,-50.0,-2.0
13.130391,-62.0,-49.0,-2.0
13.141687,-62.0,-49.0,-1.0
13.151112,-63.0,-49.0,-1.0
13.16411,-63.0,-48.0,-1.0
13.167582,-63.0,-48.0,-1.0
13.177748,-63.0,-48.0,-1.0
13.188502,-63.0,-48.0,-1.0
13.198502,-62.0,-50.0,-2.0
13.208502,-62.0,-50.0,-2.0
13.218503,-62.0,-50.0,-2.0
13.229063,-62.0,-50.0,-2.0
13.2395315,-62.0,-50.0,-1.0
13.250693,-62.0,-50.0,-1.0
13.260704,-63.0,-49.0,-1.0
13.273392,-63.0,-48.0,-1.0
13.276867,-63.0,-48.0,-1.0
13.286046,-63.0,-47.0,-1.0
13.297464,-63.0,-47.0,-1.0
13.306726,-63.0,-48.0,-1.0
13.318316,-63.0,-48.0,-1.0
13.327594,-62.0,-49.0,-2.0
13.337594,-62.0,-50.0,-3.0
13.347593,-62.0,-50.0,-3.0
13.357594,-62.0,-50.0,-3.0
13.366075,-62.0,-50.0,-3.0
13.377925,-62.0,-50.0,-3.0
13.387534,-62.0,-50.0,-2.0
13.398945,-62.0,-49.0,-1.0
13.408473,-63.0,-49.0,-1.0
13.421487,-63.0,-48.0,-1.0
13.424938,-63.0,-48.0,-1.0
13.434694,-63.0,-48.0,-1.0
13.445287,-63.0,-48.0,-1.0
13.45556,-62.0,-48.0,-1.0
13.466222,-62.0,-49.0,-2.0
13.475972,-62.0,-50.0,-3.0
13.485972,-62.0,-50.0,-4.0
13.495972,-62.0,-50.0,-4.0
13.505234,-62.0,-50.0,-4.0
