-0.012147916,11.0,-15.0,-48.0
0.0,11.0,-15.0,-48.0
0.010439427,11.0,-15.0,-48.0
0.01951448,11.0,-15.0,-49.0
0.028245363,11.0,-15.0,-49.0
0.039594322,11.0,-15.0,-49.0
0.050014894,11.0,-15.0,-49.0
0.06111083,10.0,-15.0,-49.0
0.069122344,10.0,-15.0,-48.0
0.086926825,10.0,-15.0,-48.0
0.09691057,11.0,-15.0,-48.0
0.10691058,11.0,-15.0,-48.0
0.1187612,11.0,-15.0,-48.0
0.1287612,12.0,-14.0,-48.0
0.1387612,12.0,-14.0,-48.0
0.1487612,12.0,-14.0,-48.0
0.15682755,12.0,-14.0,-48.0
0.16682754,12.0,-14.0,-48.0
0.17682755,12.0,-14.0,-48.0
0.18682756,12.0,-14.0,-48.0
0.19981171,12.0,-14.0,-48.0
0.20981172,15.0,-9.0,-47.0
0.21981171,15.0,-9.0,-47.0
0.22981171,15.0,-9.0,-47.0
0.23981172,15.0,-9.0,-47.0
0.24805543,15.0,-9.0,-47.0
0.25805542,17.0,-6.0,-46.0
0.2680554,17.0,-6.0,-46.0
0.27805543,17.0,-6.0,-46.0
0.28805542,17.0,-6.0,-46.0
0.2980554,17.0,-6.0,-46.0
0.30805543,17.0,-6.0,-46.0
0.31535363,17.0,-6.0,-46.0
0.32535362,20.0,-4.0,-45.0
0.33535364,20.0,-4.0,-45.0
0.34712923,20.0,-4.0,-45.0
0.35712922,24.0,-1.0,-44.0
0.3671292,24.0,-1.0,-44.0
0.37402016,24.0,-1.0,-44.0
0.38626042,26.0,-1.0,-42.0
0.40403727,28.0,2.0,-41.0
0.41918886,30.0,4.0,-39.0
0.42338818,32.0,5.0,-37.0
0.43568066,33.0,7.0,-35.0
0.44568068,35.0,9.0,-33.0
0.45409992,35.0,9.0,-33.0
0.4679888,36.0,10.0,-31.0
0.4728475,37.0,12.0,-29.0
0.48284748,39.0,12.0,-26.0
0.4928475,39.0,12.0,-26.0
0.50554657,39.0,12.0,-26.0
0.51554656,40.0,9.0,-24.0
0.52554655,40.0,9.0,-24.0
0.5332374,40.0,9.0,-24.0
0.5467611,41.0,7.0,-23.0
0.55171514,42.0,5.0,-22.0
0.5645751,42.0,3.0,-22.0
0.5745751,43.0,1.0,-22.0
0.5831122,43.0,1.0,-22.0
0.59711033,43.0,1.0,-22.0
0.6020633,44.0,1.0,-21.0
0.6140018,44.0,-1.0,-20.0
0.6240018,44.0,-1.0,-19.0
0.6331584,44.0,-1.0,-19.0
0.6465722,45.0,-2.0,-18.0
0.65156263,45.0,-2.0,-17.0
0.6615626,45.0,-1.0,-17.0
0.6715626,45.0,-1.0,-17.0
0.6827844,45.0,-1.0,-17.0
0.69688237,45.0,-2.0,-17.0
0.7019221,45.0,-2.0,-17.0
0.7119221,45.0,-1.0,-16.0
0.7219221,45.0,-1.0,-16.0
0.7327236,45.0,-1.0,-16.0
0.7427236,45.0,-1.0,-16.0
0.7510302,45.0,-1.0,-16.0
0.7610302,45.0,-1.0,-16.0
0.7710302,45.0,-1.0,-16.0
0.7823022,45.0,-1.0,-16.0
0.7923022,45.0,-1.0,-16.0
0.801171,45.0,-1.0,-16.0
0.811171,45.0,-1.0,-17.0
0.82366693,45.0,-1.0,-17.0
0.83105314,44.0,-1.0,-17.0
0.8410531,44.0,-1.0,-19.0
0.8510531,44.0,-1.0,-19.0
0.8619767,44.0,-1.0,-19.0
0.8742745,45.0,-1.0,-19.0
0.8816525,45.0,-1.0,-19.0
0.89165246,46.0,1.0,-18.0
0.9009364,46.0,1.0,-18.0
0.9183902,46.0,2.0,-17.0
0.9283902,45.0,2.0,-17.0
0.94083935,45.0,2.0,-17.0
0.95083934,45.0,2.0,-17.0
0.9597405,45.0,2.0,-17.0
0.96974057,45.0,3.0,-17.0
0.97974056,45.0,3.0,-17.0
0.99124783,45.0,3.0,-17.0
1.0012478,45.0,3.0,-18.0
1.0112478,45.0,3.0,-18.0
1.0181844,45.0,3.0,-18.0
1.0281844,45.0,4.0,-17.0
1.0390704,45.0,4.0,-17.0
1.0490704,45.0,5.0,-17.0
1.0625068,45.0,5.0,-17.0
1.0676831,45.0,5.0,-18.0
1.0776831,44.0,4.0,-19.0
1.0918779,44.0,4.0,-19.0
1.1093239,44.0,4.0,-19.0
1.1193238,44.0,6.0,-17.0
1.129324,44.0,6.0,-17.0
1.1368595,44.0,6.0,-17.0
1.1468595,44.0,6.0,-16.0
1.1573788,44.0,6.0,-16.0
1.1673788,44.0,6.0,-17.0
1.1773788,44.0,6.0,-17.0
1.1873788,44.0,6.0,-17.0
1.1984719,44.0,6.0,-17.0
1.2084719,44.0,7.0,-17.0
1.2184719,44.0,7.0,-17.0
1.2264467,44.0,7.0,-17.0
1.2364467,44.0,8.0,-17.0
1.2464467,44.0,8.0,-17.0
1.2564467,44.0,8.0,-17.0
1.2707993,44.0,8.0,-17.0
1.2882233,44.0,7.0,-19.0
1.2970526,43.0,8.0,-18.0
1.3070527,43.0,8.0,-18.0
1.3154085,43.0,8.0,-18.0
1.3254085,43.0,8.0,-18.0
1.3359126,43.0,8.0,-18.0
1.3459126,43.0,8.0,-18.0
1.3594553,43.0,8.0,-18.0
1.3646504,43.0,8.0,-18.0
1.3749797,44.0,8.0,-18.0
1.3849797,44.0,8.0,-18.0
1.3939677,44.0,8.0,-18.0
1.4054798,44.0,8.0,-18.0
1.4154954,44.0,8.0,-18.0
1.4269342,43.0,8.0,-18.0
1.4317737,43.0,8.0,-18.0
1.4410372,43.0,8.0,-17.0
1.4536837,43.0,8.0,-18.0
1.4636837,44.0,7.0,-19.0
1.4736837,44.0,7.0,-19.0
1.4835896,44.0,7.0,-19.0
1.4947025,44.0,6.0,-19.0
1.5052773,45.0,6.0,-19.0
1.5161253,45.0,6.0,-19.0
1.5202973,45.0,7.0,-18.0
1.5300459,45.0,7.0,-18.0
1.5419599,45.0,7.0,-18.0
1.5522006,45.0,7.0,-17.0
1.5622005,45.0,6.0,-18.0
1.5719581,45.0,6.0,-18.0
1.583545,45.0,5.0,-18.0
1.5937022,45.0,5.0,-18.0
1.6051987,44.0,5.0,-18.0
1.610053,44.0,6.0,-17.0
1.6193419,44.0,6.0,-17.0
1.6316184,44.0,6.0,-18.0
1.6417338,44.0,5.0,-18.0
1.6517338,44.0,5.0,-19.0
1.6615552,44.0,5.0,-19.0
1.6725123,45.0,5.0,-19.0
1.6830398,44.0,5.0,-19.0
1.6939232,44.0,5.0,-18.0
1.6987468,44.0,6.0,-17.0
1.7081776,44.0,6.0,-16.0
1.7199767,44.0,5.0,-16.0
1.7302327,44.0,5.0,-17.0
1.7402327,44.0,4.0,-17.0
1.7500756,44.0,4.0,-17.0
1.7616392,44.0,3.0,-17.0
1.771725,44.0,3.0,-18.0
1.7831726,44.0,4.0,-17.0
1.7880316,45.0,4.0,-17.0
1.7974488,45.0,4.0,-16.0
1.8096125,45.0,4.0,-16.0
1.8189424,45.0,4.0,-17.0
1.8289424,45.0,3.0,-17.0
1.8406489,45.0,3.0,-17.0
1.8518414,45.0,3.0,-17.0
1.8623917,45.0,3.0,-17.0
1.8658406,46.0,4.0,-17.0
1.8782098,46.0,4.0,-17.0
1.8884745,46.0,4.0,-17.0
1.8984745,46.0,3.0,-18.0
1.908156,46.0,3.0,-18.0
1.9197444,45.0,2.0,-18.0
1.9298792,45.0,2.0,-18.0
1.9412799,44.0,3.0,-18.0
1.9461211,44.0,3.0,-17.0
1.9555694,44.0,3.0,-17.0
1.9678729,44.0,3.0,-17.0
1.9772024,45.0,3.0,-18.0
1.9872024,45.0,2.0,-18.0
1.9977936,45.0,2.0,-18.0
2.0089848,45.0,2.0,-18.0
2.0196333,45.0,2.0,-18.0
2.0304556,45.0,3.0,-17.0
2.035577,45.0,3.0,-17.0
2.045881,45.0,4.0,-17.0
2.055881,44.0,2.0,-17.0
2.065881,44.0,2.0,-17.0
2.075881,44.0,2.0,-17.0
2.0861778,44.0,2.0,-17.0
2.0979655,44.0,2.0,-17.0
2.108243,44.0,2.0,-17.0
2.1196792,44.0,2.0,-17.0
2.1245253,45.0,3.0,-16.0
2.1338441,45.0,3.0,-16.0
2.1458604,45.0,3.0,-17.0
2.1552908,45.0,3.0,-17.0
2.165291,45.0,3.0,-18.0
2.1759083,45.0,3.0,-18.0
2.1868885,45.0,3.0,-18.0
2.1974595,45.0,3.0,-17.0
2.2084527,44.0,4.0,-17.0
2.2133424,44.0,4.0,-16.0
2.2236698,44.0,4.0,-16.0
2.235327,44.0,4.0,-17.0
2.2453268,45.0,3.0,-18.0
2.255327,45.0,3.0,-18.0
2.2642212,45.0,3.0,-18.0
2.2758725,45.0,3.0,-18.0
2.2859375,45.0,3.0,-18.0
2.2973723,45.0,3.0,-17.0
2.3022728,45.0,3.0,-16.0
2.311594,45.0,4.0,-16.0
2.3238425,45.0,4.0,-16.0
2.331845,45.0,4.0,-16.0
2.3437417,45.0,3.0,-17.0
2.353082,45.0,2.0,-18.0
2.363082,45.0,2.0,-18.0
2.3735652,45.0,2.0,-18.0
2.3846242,45.0,2.0,-18.0
2.3952043,45.0,2.0,-18.0
2.406113,45.0,2.0,-17.0
2.4109366,45.0,3.0,-17.0
2.421247,44.0,4.0,-16.0
2.4329164,44.0,4.0,-16.0
2.4429164,45.0,3.0,-17.0
2.4529164,45.0,3.0,-17.0
2.4619565,45.0,3.0,-17.0
2.475042,45.0,3.0,-17.0
2.4800239,45.0,3.0,-17.0
2.488294,45.0,3.0,-17.0
2.498294,45.0,3.0,-17.0
2.5082939,45.0,3.0,-17.0
2.5206275,45.0,3.0,-17.0
2.5318353,45.0,3.0,-17.0
2.5417962,45.0,3.0,-17.0
2.5532324,45.0,3.0,-17.0
2.5632079,45.0,3.0,-17.0
2.574645,45.0,4.0,-17.0
2.5794883,45.0,4.0,-16.0
2.5887425,45.0,4.0,-16.0
2.6007266,45.0,4.0,-16.0
2.6100676,45.0,3.0,-17.0
2.6200676,45.0,3.0,-17.0
2.6306555,45.0,3.0,-17.0
2.6417778,45.0,2.0,-18.0
2.6523266,44.0,3.0,-18.0
2.6631804,44.0,3.0,-18.0
2.668052,43.0,3.0,-18.0
2.6774757,43.0,4.0,-17.0
2.6891057,44.0,3.0,-17.0
2.6993213,44.0,3.0,-18.0
2.7093215,44.0,3.0,-18.0
2.7190518,44.0,3.0,-18.0
2.7306194,44.0,3.0,-18.0
2.7407045,44.0,3.0,-18.0
2.7521803,44.0,3.0,-18.0
2.7576349,45.0,4.0,-18.0
2.766952,45.0,4.0,-17.0
2.7789228,45.0,4.0,-17.0
2.7883155,45.0,3.0,-17.0
2.7983155,46.0,3.0,-18.0
2.808755,46.0,3.0,-18.0
2.8197486,45.0,2.0,-18.0
2.8303275,45.0,3.0,-18.0
2.8412519,45.0,3.0,-17.0
2.846193,44.0,3.0,-17.0
2.8564668,44.0,3.0,-17.0
2.868111,44.0,3.0,-17.0
2.878111,44.0,2.0,-18.0
2.8881109,44.0,2.0,-18.0
2.8970575,44.0,2.0,-18.0
2.9088483,45.0,2.0,-18.0
2.9190102,45.0,2.0,-17.0
2.9304297,46.0,3.0,-17.0
2.9353387,46.0,3.0,-16.0
2.9446292,45.0,3.0,-15.0
2.956701,45.0,3.0,-15.0
2.9659922,45.0,3.0,-16.0
2.9759922,45.0,2.0,-17.0
2.9866495,45.0,2.0,-17.0
2.9977143,45.0,2.0,-18.0
3.0083349,45.0,2.0,-18.0
3.0192287,45.0,3.0,-18.0
3.0241091,44.0,4.0,-17.0
3.0343893,44.0,4.0,-17.0
3.0459797,44.0,4.0,-17.0
3.0561867,44.0,3.0,-17.0
3.0661864,44.0,3.0,-17.0
3.0750573,44.0,3.0,-17.0
3.086656,44.0,3.0,-17.0
3.096724,44.0,3.0,-17.0
3.1091135,44.0,3.0,-17.0
3.114089,44.0,3.0,-17.0
3.1220741,45.0,3.0,-17.0
3.13481,45.0,3.0,-18.0
3.1440783,45.0,2.0,-18.0
3.1540785,45.0,2.0,-19.0
3.1646628,45.0,2.0,-19.0
3.175719,45.0,2.0,-19.0
3.1862745,45.0,3.0,-18.0
3.1970885,45.0,3.0,-17.0
3.2019339,44.0,4.0,-17.0
3.2121775,44.0,4.0,-17.0
3.223776,45.0,4.0,-17.0
3.2339923,45.0,3.0,-17.0
3.2439923,45.0,2.0,-17.0
3.2530432,45.0,2.0,-17.0
3.264601,45.0,2.0,-18.0
3.2745585,45.0,2.0,-18.0
3.285984,45.0,3.0,-17.0
3.290809,45.0,3.0,-17.0
3.300224,45.0,4.0,-16.0
3.3127398,45.0,3.0,-16.0
3.322013,44.0,3.0,-16.0
3.3320131,44.0,3.0,-17.0
3.3426635,44.0,3.0,-17.0
3.353723,44.0,2.0,-17.0
3.3642895,44.0,3.0,-17.0
3.3751206,44.0,3.0,-16.0
3.3799546,44.0,3.0,-16.0
3.3901942,44.0,3.0,-15.0
3.401782,44.0,3.0,-16.0
3.41202,45.0,3.0,-16.0
3.42202,45.0,2.0,-17.0
3.4316092,45.0,2.0,-17.0
3.4432635,45.0,2.0,-17.0
3.4533198,45.0,2.0,-18.0
3.464745,45.0,2.0,-17.0
3.4695916,45.0,3.0,-17.0
3.4788418,45.0,3.0,-17.0
3.4908104,45.0,3.0,-16.0
3.5008104,45.0,3.0,-17.0
3.5108104,45.0,3.0,-17.0
3.521935,45.0,3.0,-17.0
3.5319164,45.0,3.0,-17.0
3.543227,45.0,3.0,-17.0
3.5480404,45.0,3.0,-17.0
3.5570388,45.0,3.0,-17.0
3.567953,45.0,3.0,-17.0
3.5772662,46.0,3.0,-17.0
3.589159,46.0,2.0,-18.0
3.5980854,46.0,2.0,-18.0
3.6097994,46.0,2.0,-18.0
3.6187065,46.0,1.0,-18.0
3.6287062,46.0,1.0,-18.0
3.6387064,46.0,1.0,-18.0
3.6487062,46.0,1.0,-18.0
3.6588418,46.0,1.0,-18.0
3.669556,46.0,1.0,-18.0
3.6795638,46.0,1.0,-18.0
3.6898813,46.0,1.0,-17.0
3.6999042,45.0,2.0,-17.0
3.7101855,45.0,3.0,-16.0
3.7201955,45.0,4.0,-16.0
3.7304773,45.0,4.0,-16.0
3.7416356,45.0,4.0,-16.0
3.7463155,45.0,4.0,-16.0
3.7571146,45.0,5.0,-15.0
3.7651198,45.0,4.0,-16.0
3.7768183,45.0,3.0,-16.0
3.7870529,45.0,3.0,-17.0
3.7970526,45.0,2.0,-17.0
3.806822,45.0,2.0,-17.0
3.8183694,44.0,2.0,-17.0
3.8283806,44.0,2.0,-17.0
3.839839,44.0,3.0,-16.0
3.8446789,44.0,3.0,-16.0
3.853937,45.0,3.0,-16.0
3.8664756,45.0,3.0,-17.0
3.8757627,46.0,3.0,-17.0
3.885763,46.0,2.0,-17.0
3.8964326,46.0,2.0,-17.0
3.907499,46.0,2.0,-17.0
3.9180918,45.0,2.0,-17.0
3.9290013,45.0,2.0,-16.0
3.9338503,45.0,3.0,-16.0
3.9440618,45.0,3.0,-16.0
3.955565,45.0,3.0,-16.0
3.9658272,45.0,2.0,-16.0
3.9758275,45.0,2.0,-17.0
3.9848258,45.0,2.0,-17.0
3.9963958,45.0,1.0,-17.0
4.0064793,45.0,1.0,-17.0
4.017858,45.0,2.0,-17.0
4.0228386,45.0,2.0,-16.0
4.032128,45.0,2.0,-16.0
4.0444717,45.0,2.0,-16.0
4.0537586,45.0,2.0,-16.0
4.0637584,45.0,2.0,-17.0
4.074554,45.0,2.0,-17.0
4.085494,45.0,1.0,-17.0
4.0960574,45.0,1.0,-17.0
4.10725,45.0,2.0,-17.0
4.1120915,45.0,3.0,-16.0
4.1223235,45.0,3.0,-16.0
4.1336403,45.0,3.0,-16.0
4.143343,45.0,3.0,-17.0
4.153343,45.0,2.0,-17.0
4.1628213,45.0,2.0,-17.0
4.1743155,45.0,2.0,-17.0
4.184273,45.0,2.0,-17.0
4.1956277,45.0,3.0,-17.0
4.200473,45.0,3.0,-16.0
4.2098813,45.0,3.0,-16.0
4.222417,45.0,3.0,-16.0
4.2316995,45.0,2.0,-16.0
4.241699,45.0,2.0,-17.0
4.25244,45.0,2.0,-17.0
4.263444,45.0,2.0,-18.0
4.2739954,45.0,2.0,-18.0
4.284758,45.0,2.0,-17.0
4.289588,45.0,2.0,-17.0
4.2998605,45.0,3.0,-17.0
4.3111777,45.0,2.0,-17.0
4.3214235,45.0,2.0,-17.0
4.3314233,45.0,2.0,-18.0
4.340802,45.0,2.0,-18.0
4.3524456,45.0,1.0,-18.0
4.362433,45.0,2.0,-18.0
4.37537,45.0,2.0,-18.0
4.3803263,44.0,3.0,-17.0
4.3896055,45.0,3.0,-17.0
4.3996053,45.0,2.0,-17.0
4.409605,45.0,2.0,-17.0
4.4208217,45.0,2.0,-17.0
4.4318223,45.0,2.0,-17.0
4.4426465,45.0,2.0,-17.0
4.4531674,46.0,3.0,-16.0
4.457989,45.0,3.0,-16.0
4.469396,45.0,4.0,-16.0
4.479636,45.0,4.0,-16.0
4.489636,45.0,4.0,-17.0
4.4990983,45.0,4.0,-17.0
4.510654,45.0,3.0,-17.0
4.520914,44.0,4.0,-18.0
4.531891,44.0,4.0,-18.0
4.536817,44.0,5.0,-17.0
4.545656,44.0,6.0,-17.0
4.5582814,44.0,7.0,-17.0
4.5673256,44.0,8.0,-18.0
4.57878,44.0,8.0,-18.0
4.5877156,44.0,9.0,-18.0
4.5977154,43.0,11.0,-19.0
4.607715,43.0,11.0,-19.0
4.618328,43.0,11.0,-19.0
4.6289096,42.0,13.0,-19.0
4.6392317,42.0,15.0,-19.0
4.6493187,41.0,18.0,-18.0
4.6596026,39.0,22.0,-17.0
4.6697164,38.0,25.0,-16.0
4.6797166,34.0,31.0,-14.0
4.6897163,34.0,31.0,-14.0
4.6965933,34.0,31.0,-14.0
4.712199,32.0,35.0,-13.0
4.717092,29.0,38.0,-12.0
4.727092,23.0,44.0,-11.0
4.7370915,23.0,44.0,-11.0
4.747713,23.0,44.0,-11.0
4.757713,15.0,48.0,-9.0
4.7677126,15.0,48.0,-9.0
4.775954,15.0,48.0,-9.0
4.785954,5.0,50.0,-9.0
4.7964835,5.0,50.0,-9.0
4.8064833,-5.0,49.0,-11.0
4.819895,-5.0,49.0,-11.0
4.837231,-11.0,47.0,-14.0
4.847231,-16.0,45.0,-16.0
4.8572307,-16.0,45.0,-16.0
4.8655896,-16.0,45.0,-16.0
4.8755903,-22.0,41.0,-18.0
4.88569,-22.0,41.0,-18.0
4.8956904,-25.0,38.0,-20.0
4.9099197,-25.0,38.0,-20.0
4.9150705,-27.0,35.0,-21.0
4.9250703,-31.0,28.0,-25.0
4.9384303,-31.0,28.0,-25.0
4.9484305,-33.0,23.0,-28.0
4.958431,-33.0,23.0,-28.0
4.9661202,-33.0,23.0,-28.0
4.976121,-34.0,20.0,-29.0
4.9845963,-34.0,20.0,-29.0
4.9945965,-35.0,19.0,-30.0
5.007464,-35.0,19.0,-30.0
5.012683,-35.0,18.0,-30.0
5.0226827,-35.0,14.0,-33.0
5.036773,-35.0,14.0,-33.0
5.0467734,-34.0,13.0,-35.0
5.056773,-34.0,13.0,-35.0
5.0645385,-34.0,13.0,-35.0
5.0745387,-33.0,13.0,-35.0
5.084539,-33.0,13.0,-35.0
5.092367,-33.0,13.0,-35.0
5.1023674,-32.0,12.0,-36.0
5.112968,-32.0,12.0,-36.0
5.122968,-31.0,11.0,-38.0
5.1367517,-31.0,11.0,-38.0
5.154111,-30.0,10.0,-40.0
5.1641107,-28.0,10.0,-41.0
5.1741114,-28.0,10.0,-41.0
5.182035,-28.0,10.0,-41.0
5.1920347,-27.0,10.0,-40.0
5.2017665,-27.0,10.0,-40.0
5.2117667,-27.0,10.0,-41.0
5.2251177,-27.0,10.0,-41.0
5.2351174,-26.0,9.0,-42.0
5.2451177,-26.0,9.0,-42.0
5.2522163,-26.0,9.0,-42.0
5.2622166,-24.0,8.0,-43.0
5.2711997,-24.0,8.0,-43.0
5.2811995,-23.0,8.0,-44.0
5.293522,-23.0,8.0,-44.0
5.298583,-22.0,7.0,-44.0
5.3085833,-21.0,6.0,-45.0
5.323251,-21.0,6.0,-45.0
5.333251,-21.0,6.0,-46.0
5.34412,-21.0,6.0,-46.0
5.35412,-21.0,6.0,-45.0
5.3641195,-21.0,6.0,-45.0
5.3708763,-21.0,6.0,-45.0
5.387666,-21.0,5.0,-46.0
5.3976665,-21.0,4.0,-47.0
5.411538,-21.0,4.0,-47.0
5.4215384,-21.0,4.0,-46.0
5.431538,-21.0,4.0,-46.0
5.4390683,-21.0,4.0,-46.0
5.449068,-21.0,4.0,-44.0
5.4588885,-21.0,4.0,-44.0
5.4688888,-21.0,3.0,-45.0
5.4823756,-21.0,3.0,-45.0
5.499662,-21.0,3.0,-46.0
5.5096617,-21.0,3.0,-44.0
5.5196614,-21.0,3.0,-44.0
5.5274577,-21.0,3.0,-44.0
5.5415864,-21.0,4.0,-44.0
5.546562,-21.0,4.0,-43.0
5.555893,-21.0,4.0,-44.0
5.567826,-21.0,3.0,-44.0
5.5771284,-21.0,2.0,-45.0
5.5871286,-21.0,1.0,-46.0
5.5972953,-21.0,1.0,-46.0
5.6084733,-21.0,1.0,-47.0
5.619098,-21.0,1.0,-47.0
5.6299033,-21.0,1.0,-47.0
5.6347694,-21.0,2.0,-46.0
5.6451015,-21.0,2.0,-46.0
5.656403,-21.0,2.0,-46.0
5.6666474,-21.0,2.0,-46.0
5.676648,-21.0,1.0,-46.0
5.685684,-21.0,1.0,-46.0
5.6972346,-21.0,1.0,-47.0
5.7073517,-21.0,2.0,-46.0
5.7188115,-21.0,2.0,-46.0
5.72373,-21.0,3.0,-45.0
5.733118,-21.0,3.0,-45.0
5.7453423,-21.0,3.0,-45.0
5.7546134,-21.0,3.0,-46.0
5.7646136,-21.0,2.0,-47.0
5.7753005,-21.0,2.0,-47.0
5.786337,-21.0,2.0,-47.0
5.7969,-21.0,2.0,-47.0
5.807697,-21.0,2.0,-46.0
5.81257,-21.0,2.0,-46.0
5.8215537,-21.0,3.0,-45.0
5.833684,-21.0,2.0,-46.0
5.8438945,-21.0,2.0,-46.0
5.853894,-21.0,2.0,-47.0
5.8636727,-21.0,2.0,-47.0
5.875204,-21.0,1.0,-47.0
5.885134,-21.0,1.0,-47.0
5.8965225,-21.0,2.0,-46.0
5.901358,-21.0,2.0,-45.0
5.9106865,-21.0,3.0,-45.0
5.923322,-21.0,3.0,-45.0
5.9312787,-20.0,3.0,-45.0
5.9463334,-20.0,3.0,-46.0
5.949946,-21.0,2.0,-46.0
5.9607506,-21.0,2.0,-46.0
5.970229,-20.0,2.0,-46.0
5.9798775,-20.0,2.0,-47.0
5.990556,-19.0,2.0,-48.0
6.0027885,-19.0,2.0,-48.0
6.012789,-18.0,3.0,-49.0
6.0225105,-18.0,3.0,-49.0
6.0326877,-18.0,3.0,-50.0
6.040189,-19.0,4.0,-50.0
6.0527754,-19.0,4.0,-50.0
6.061837,-20.0,4.0,-50.0
6.0750737,-20.0,4.0,-49.0
6.0785255,-20.0,5.0,-49.0
6.08944,-19.0,5.0,-49.0
6.1000705,-19.0,4.0,-49.0
6.10989,-18.0,4.0,-49.0
6.120534,-18.0,3.0,-49.0
6.130038,-18.0,2.0,-49.0
6.1394887,-18.0,2.0,-49.0
6.1491857,-18.0,1.0,-49.0
6.1598887,-18.0,1.0,-50.0
6.1698084,-18.0,2.0,-50.0
6.179294,-17.0,2.0,-50.0
6.1884456,-17.0,2.0,-49.0
6.1991105,-17.0,3.0,-49.0
6.2073174,-17.0,3.0,-49.0
6.218642,-17.0,4.0,-49.0
6.22905,-17.0,4.0,-48.0
6.2386804,-17.0,4.0,-49.0
6.248213,-17.0,4.0,-49.0
6.2588778,-17.0,4.0,-49.0
6.2696013,-17.0,3.0,-50.0
6.2796016,-17.0,3.0,-50.0
6.2877746,-17.0,3.0,-50.0
6.300195,-17.0,3.0,-51.0
6.310542,-17.0,3.0,-51.0
6.321858,-18.0,4.0,-50.0
6.3266816,-18.0,5.0,-50.0
6.3364315,-19.0,6.0,-49.0
6.347472,-19.0,6.0,-49.0
6.3571463,-18.0,6.0,-49.0
6.3669744,-18.0,5.0,-49.0
6.377535,-17.0,5.0,-49.0
6.3875346,-17.0,5.0,-49.0
6.397098,-17.0,5.0,-49.0
6.4088554,-17.0,4.0,-49.0
6.418679,-17.0,4.0,-49.0
6.4312263,-18.0,4.0,-48.0
6.4360495,-18.0,5.0,-48.0
6.4457536,-18.0,5.0,-48.0
6.457421,-18.0,5.0,-48.0
6.4654627,-18.0,5.0,-48.0
6.4758353,-18.0,4.0,-48.0
6.485309,-18.0,4.0,-49.0
6.496102,-18.0,4.0,-49.0
6.5054584,-18.0,4.0,-49.0
6.5159464,-18.0,4.0,-49.0
6.524186,-18.0,4.0,-49.0
6.5350432,-18.0,4.0,-50.0
6.54494,-18.0,4.0,-50.0
6.5560465,-18.0,4.0,-49.0
6.5655446,-18.0,4.0,-49.0
6.5755444,-18.0,5.0,-50.0
6.5855446,-18.0,5.0,-50.0
6.5969005,-18.0,5.0,-50.0
6.607338,-18.0,5.0,-49.0
6.6189146,-18.0,5.0,-49.0
6.6223655,-18.0,5.0,-48.0
6.632514,-18.0,6.0,-48.0
6.6444774,-18.0,6.0,-48.0
6.6532607,-18.0,5.0,-48.0
6.6625705,-18.0,5.0,-48.0
6.6737375,-17.0,4.0,-49.0
6.685298,-17.0,4.0,-49.0
6.695048,-17.0,4.0,-49.0
6.705048,-17.0,4.0,-49.0
6.7134037,-17.0,4.0,-49.0
6.725223,-17.0,4.0,-49.0
6.7337456,-17.0,4.0,-49.0
6.745826,-17.0,4.0,-49.0
6.7560325,-17.0,4.0,-48.0
6.7670007,-17.0,4.0,-48.0
6.7704196,-18.0,4.0,-48.0
6.780846,-18.0,5.0,-48.0
6.7924924,-18.0,4.0,-49.0
6.8010774,-19.0,4.0,-49.0
6.8111973,-19.0,4.0,-49.0
6.8204403,-18.0,3.0,-50.0
6.832485,-18.0,3.0,-50.0
6.8410816,-18.0,3.0,-50.0
6.851958,-18.0,4.0,-50.0
6.860023,-18.0,4.0,-51.0
6.8732257,-18.0,4.0,-51.0
6.891096,-17.0,4.0,-50.0
6.901096,-17.0,4.0,-50.0
6.9099145,-17.0,4.0,-50.0
6.9223986,-17.0,4.0,-50.0
6.9314327,-17.0,3.0,-50.0
6.9428034,-18.0,3.0,-50.0
6.9518514,-18.0,3.0,-49.0
6.9639316,-19.0,3.0,-49.0
6.973476,-19.0,4.0,-48.0
6.9855027,-19.0,4.0,-47.0
6.988947,-19.0,5.0,-46.0
6.999319,-18.0,5.0,-45.0
7.0113163,-18.0,5.0,-45.0
7.0206866,-18.0,4.0,-46.0
7.030687,-18.0,3.0,-47.0
7.040439,-18.0,3.0,-47.0
7.052115,-18.0,3.0,-47.0
7.0621033,-18.0,3.0,-47.0
7.0738635,-18.0,3.0,-47.0
7.0773606,-18.0,4.0,-46.0
7.0889435,-18.0,4.0,-45.0
7.1003976,-18.0,4.0,-46.0
7.109757,-18.0,3.0,-46.0
7.1197567,-18.0,3.0,-47.0
7.1288743,-18.0,3.0,-47.0
7.1414175,-18.0,2.0,-47.0
7.1510787,-18.0,3.0,-47.0
7.163161,-18.0,3.0,-46.0
7.166606,-18.0,4.0,-46.0
7.1768403,-18.0,4.0,-45.0
7.189186,-18.0,4.0,-46.0
7.1984224,-17.0,4.0,-46.0
7.208422,-18.0,3.0,-47.0
7.219597,-18.0,3.0,-47.0
7.231273,-18.0,3.0,-47.0
7.2413454,-18.0,3.0,-47.0
7.2461905,-18.0,4.0,-46.0
7.257793,-18.0,4.0,-46.0
7.268043,-18.0,4.0,-46.0
7.2780433,-19.0,4.0,-46.0
7.287106,-19.0,4.0,-46.0
7.299622,-19.0,4.0,-47.0
7.309165,-19.0,4.0,-47.0
7.3212175,-19.0,4.0,-47.0
7.3246803,-19.0,5.0,-46.0
7.3353047,-19.0,5.0,-46.0
7.347394,-18.0,4.0,-46.0
7.356674,-18.0,4.0,-47.0
7.366674,-18.0,3.0,-48.0
7.376684,-18.0,3.0,-48.0
7.388244,-17.0,3.0,-48.0
7.3984294,-17.0,3.0,-48.0
7.4099708,-17.0,3.0,-48.0
7.4134145,-17.0,4.0,-47.0
7.4249544,-17.0,4.0,-47.0
7.43655,-17.0,4.0,-47.0
7.4467874,-17.0,3.0,-47.0
7.4567876,-17.0,2.0,-48.0
7.46511,-17.0,2.0,-48.0
7.477621,-17.0,2.0,-48.0
7.48733,-18.0,3.0,-47.0
7.4994264,-18.0,3.0,-46.0
7.5028906,-18.0,4.0,-46.0
7.513212,-18.0,5.0,-46.0
7.5254807,-18.0,5.0,-46.0
7.534866,-18.0,4.0,-47.0
7.5448656,-18.0,4.0,-47.0
7.5546317,-18.0,4.0,-47.0
7.566235,-18.0,3.0,-48.0
7.5763364,-18.0,4.0,-48.0
7.587802,-18.0,4.0,-47.0
7.591238,-18.0,5.0,-46.0
7.603059,-18.0,5.0,-46.0
7.614447,-18.0,5.0,-46.0
7.624704,-18.0,4.0,-47.0
7.6347036,-18.0,3.0,-47.0
7.643099,-18.0,3.0,-47.0
7.655628,-18.0,3.0,-47.0
7.6651306,-18.0,3.0,-47.0
7.6772137,-17.0,3.0,-47.0
7.680667,-18.0,4.0,-46.0
7.6910396,-18.0,4.0,-46.0
7.70339,-18.0,4.0,-46.0
7.712768,-18.0,4.0,-47.0
7.722768,-17.0,3.0,-47.0
7.7326794,-17.0,3.0,-47.0
7.7443137,-17.0,3.0,-48.0
7.7544556,-17.0,3.0,-48.0
7.7659006,-17.0,4.0,-47.0
7.770757,-17.0,5.0,-46.0
7.781178,-17.0,5.0,-46.0
7.7928267,-17.0,4.0,-47.0
7.803203,-18.0,4.0,-47.0
7.8212023,-18.0,3.0,-48.0
7.833598,-17.0,3.0,-48.0
7.843122,-17.0,3.0,-48.0
7.856265,-17.0,3.0,-48.0
7.8597116,-17.0,4.0,-47.0
7.869009,-17.0,4.0,-47.0
7.881287,-17.0,4.0,-47.0
7.8906164,-17.0,4.0,-47.0
7.900616,-17.0,3.0,-48.0
7.9106774,-17.0,3.0,-48.0
7.9218574,-17.0,3.0,-48.0
7.9319177,-17.0,3.0,-47.0
7.943453,-17.0,3.0,-47.0
7.948305,-17.0,3.0,-46.0
7.9586663,-18.0,3.0,-46.0
7.9700336,-18.0,3.0,-47.0
7.9802465,-18.0,3.0,-47.0
7.9902463,-18.0,2.0,-48.0
7.9990916,-18.0,2.0,-48.0
8.011617,-18.0,2.0,-49.0
8.021181,-18.0,2.0,-49.0
8.033217,-18.0,3.0,-48.0
8.03669,-18.0,4.0,-47.0
8.047159,-19.0,4.0,-47.0
8.0593405,-19.0,4.0,-46.0
8.06871,-19.0,4.0,-47.0
8.07871,-19.0,3.0,-47.0
8.088652,-19.0,3.0,-47.0
8.100274,-18.0,3.0,-47.0
8.110345,-18.0,3.0,-48.0
8.121783,-18.0,3.0,-47.0
8.125233,-17.0,4.0,-47.0
8.137,-17.0,5.0,-46.0
8.148592,-17.0,5.0,-46.0
8.158067,-17.0,4.0,-47.0
8.168067,-17.0,3.0,-47.0
8.177138,-17.0,3.0,-47.0
8.189857,-17.0,3.0,-48.0
8.199378,-17.0,3.0,-47.0
8.211471,-17.0,3.0,-47.0
8.214921,-17.0,3.0,-47.0
8.225249,-17.0,4.0,-46.0
8.236337,-17.0,4.0,-46.0
8.245715,-17.0,4.0,-47.0
8.257721,-17.0,3.0,-47.0
8.267072,-17.0,3.0,-48.0
8.277072,-17.0,3.0,-48.0
8.28645,-17.0,3.0,-48.0
8.297975,-17.0,2.0,-48.0
8.308114,-17.0,3.0,-48.0
8.319597,-17.0,3.0,-47.0
8.323072,-18.0,4.0,-46.0
8.334824,-18.0,4.0,-46.0
8.34642,-18.0,4.0,-46.0
8.356641,-18.0,3.0,-47.0
8.366641,-18.0,3.0,-47.0
8.374866,-18.0,3.0,-47.0
8.387394,-17.0,2.0,-48.0
8.397055,-18.0,2.0,-48.0
8.409094,-18.0,2.0,-48.0
8.412551,-18.0,2.0,-47.0
8.422896,-18.0,3.0,-47.0
8.4351425,-18.0,3.0,-47.0
8.444424,-17.0,2.0,-47.0
8.456439,-17.0,2.0,-48.0
8.466439,-17.0,1.0,-48.0
8.475798,-17.0,1.0,-48.0
8.487164,-17.0,1.0,-48.0
8.498674,-17.0,2.0,-47.0
8.502123,-17.0,3.0,-46.0
8.512399,-17.0,4.0,-46.0
8.523905,-17.0,4.0,-46.0
8.534836,-17.0,3.0,-46.0
8.544837,-17.0,3.0,-47.0
8.552863,-17.0,3.0,-47.0
8.565395,-18.0,3.0,-47.0
8.57493,-18.0,3.0,-47.0
8.58695,-19.0,3.0,-47.0
8.590413,-19.0,4.0,-46.0
8.600967,-19.0,4.0,-46.0
8.613186,-19.0,4.0,-46.0
8.622549,-18.0,3.0,-46.0
8.632549,-18.0,3.0,-47.0
8.642453,-18.0,3.0,-47.0
8.654011,-18.0,3.0,-47.0
8.664135,-17.0,3.0,-47.0
8.675636,-17.0,3.0,-46.0
8.680486,-17.0,3.0,-46.0
8.690911,-18.0,4.0,-46.0
8.702615,-18.0,4.0,-46.0
8.712916,-18.0,4.0,-46.0
8.730831,-19.0,3.0,-47.0
8.743379,-19.0,3.0,-47.0
8.752928,-18.0,3.0,-48.0
8.764903,-18.0,3.0,-47.0
8.76836,-19.0,4.0,-46.0
8.7790985,-19.0,4.0,-46.0
8.791108,-19.0,4.0,-46.0
8.800417,-19.0,3.0,-46.0
8.810416,-19.0,3.0,-47.0
8.8216915,-19.0,3.0,-47.0
8.833408,-18.0,2.0,-47.0
8.836885,-18.0,3.0,-47.0
8.848953,-18.0,3.0,-46.0
8.8603525,-18.0,3.0,-46.0
8.870657,-18.0,3.0,-46.0
8.880657,-18.0,3.0,-47.0
8.889058,-18.0,3.0,-47.0
8.901604,-18.0,2.0,-47.0
8.911109,-18.0,3.0,-47.0
8.92313,-19.0,3.0,-46.0
8.926582,-19.0,4.0,-46.0
8.937184,-19.0,4.0,-46.0
8.949406,-19.0,4.0,-46.0
8.958676,-19.0,3.0,-46.0
8.970655,-19.0,3.0,-46.0
8.980656,-19.0,2.0,-47.0
8.989998,-19.0,2.0,-47.0
9.000289,-18.0,2.0,-47.0
9.011733,-18.0,3.0,-46.0
9.016586,-19.0,3.0,-46.0
9.026898,-19.0,4.0,-46.0
9.038557,-19.0,4.0,-46.0
9.047955,-19.0,4.0,-46.0
9.057955,-19.0,4.0,-47.0
9.067089,-19.0,4.0,-47.0
9.07955,-19.0,3.0,-47.0
9.089185,-18.0,3.0,-48.0
9.101143,-18.0,4.0,-47.0
9.104605,-18.0,4.0,-46.0
9.119343,-18.0,4.0,-46.0
9.128016,-18.0,4.0,-46.0
9.137744,-18.0,3.0,-47.0
9.148635,-18.0,2.0,-48.0
9.15924,-18.0,2.0,-48.0
9.170081,-18.0,3.0,-48.0
9.174923,-18.0,4.0,-48.0
9.18532,-17.0,4.0,-48.0
9.196919,-17.0,4.0,-47.0
9.207181,-17.0,3.0,-48.0
9.217182,-17.0,3.0,-48.0
9.225851,-17.0,3.0,-48.0
9.237444,-17.0,2.0,-48.0
9.247652,-17.0,2.0,-47.0
9.25915,-17.0,3.0,-46.0
9.264507,-18.0,3.0,-46.0
9.273839,-18.0,4.0,-45.0
9.285841,-19.0,4.0,-46.0
9.29526,-19.0,3.0,-46.0
9.305261,-19.0,3.0,-47.0
9.31547,-19.0,3.0,-47.0
9.326465,-19.0,3.0,-47.0
9.33704,-19.0,3.0,-47.0
9.347897,-19.0,3.0,-46.0
9.352813,-19.0,4.0,-46.0
9.363109,-19.0,4.0,-46.0
9.374679,-19.0,3.0,-46.0
9.3849325,-19.0,3.0,-47.0
9.394933,-19.0,3.0,-47.0
9.403849,-19.0,3.0,-47.0
9.415454,-19.0,2.0,-48.0
9.425524,-19.0,2.0,-47.0
9.437105,-19.0,3.0,-47.0
9.4419775,-20.0,4.0,-46.0
9.451254,-20.0,4.0,-46.0
9.463595,-20.0,4.0,-45.0
9.472923,-20.0,3.0,-46.0
9.482924,-20.0,2.0,-47.0
9.492924,-20.0,2.0,-47.0
9.503643,-20.0,2.0,-47.0
9.514679,-21.0,2.0,-47.0
9.525525,-21.0,2.0,-46.0
9.528177,-21.0,2.0,-46.0
9.536129,-22.0,2.0,-45.0
9.539715,-23.0,3.0,-44.0
9.549933,-23.0,3.0,-44.0
9.55903,-23.0,4.0,-43.0
9.571392,-23.0,4.0,-43.0
9.581251,-23.0,4.0,-44.0
9.592106,-24.0,4.0,-44.0
9.601981,-24.0,4.0,-44.0
9.611981,-25.0,4.0,-44.0
9.621165,-25.0,4.0,-44.0
9.63245,-26.0,5.0,-43.0
9.641968,-26.0,6.0,-43.0
9.652847,-26.0,8.0,-42.0
9.662357,-27.0,9.0,-41.0
9.673259,-27.0,11.0,-40.0
9.682768,-27.0,12.0,-40.0
9.693726,-27.0,12.0,-40.0
9.703223,-27.0,13.0,-40.0
9.7141695,-26.0,13.0,-40.0
9.718855,-25.0,12.0,-40.0
9.727885,-25.0,11.0,-40.0
9.739969,-25.0,10.0,-41.0
9.74885,-24.0,8.0,-42.0
9.759886,-24.0,5.0,-43.0
9.769157,-23.0,3.0,-44.0
9.779157,-23.0,3.0,-46.0
9.789157,-23.0,3.0,-46.0
9.800317,-23.0,3.0,-46.0
9.811211,-22.0,-2.0,-46.0
9.822087,-21.0,-5.0,-46.0
9.832632,-20.0,-7.0,-45.0
9.837463,-20.0,-10.0,-44.0
9.849072,-19.0,-13.0,-44.0
9.859298,-19.0,-16.0,-44.0
9.869298,-18.0,-19.0,-44.0
9.878568,-18.0,-19.0,-44.0
9.892655,-17.0,-21.0,-44.0
9.897591,-16.0,-24.0,-43.0
9.909493,-14.0,-25.0,-42.0
9.919493,-13.0,-27.0,-41.0
9.928619,-13.0,-27.0,-41.0
9.942145,-12.0,-28.0,-40.0
9.947091,-11.0,-29.0,-40.0
9.957091,-8.0,-31.0,-39.0
9.967092,-8.0,-31.0,-39.0
9.978355,-8.0,-31.0,-39.0
9.9926,-7.0,-32.0,-39.0
9.997546,-6.0,-33.0,-38.0
10.007545,-4.0,-34.0,-37.0
10.017547,-4.0,-34.0,-37.0
10.028463,-4.0,-34.0,-37.0
10.038463,-2.0,-34.0,-37.0
10.046821,-2.0,-34.0,-37.0
10.05682,-2.0,-34.0,-36.0
10.06682,-2.0,-34.0,-36.0
10.077404,-2.0,-34.0,-36.0
10.091563,-2.0,-35.0,-36.0
10.096539,-2.0,-35.0,-35.0
10.106538,1.0,-35.0,-35.0
10.116538,1.0,-35.0,-35.0
10.127315,1.0,-35.0,-35.0
10.137316,2.0,-35.0,-34.0
10.145573,2.0,-35.0,-34.0
10.155573,3.0,-35.0,-34.0
10.165572,3.0,-35.0,-34.0
10.176226,3.0,-35.0,-34.0
10.190079,3.0,-36.0,-34.0
10.195074,3.0,-35.0,-34.0
10.205074,4.0,-35.0,-35.0
10.215074,4.0,-35.0,-35.0
10.225615,4.0,-35.0,-35.0
10.239119,4.0,-35.0,-35.0
10.244095,4.0,-35.0,-35.0
10.254095,5.0,-35.0,-35.0
10.264095,5.0,-35.0,-35.0
10.275165,5.0,-35.0,-35.0
10.289346,5.0,-36.0,-35.0
10.294313,5.0,-36.0,-35.0
10.304314,6.0,-35.0,-35.0
10.314313,6.0,-35.0,-35.0
10.325193,6.0,-35.0,-35.0
10.336431,6.0,-36.0,-35.0
10.341504,6.0,-35.0,-35.0
10.351766,6.0,-35.0,-35.0
10.363254,6.0,-35.0,-36.0
10.373573,6.0,-35.0,-36.0
10.3835745,6.0,-35.0,-37.0
10.39272,6.0,-35.0,-37.0
10.404354,6.0,-36.0,-37.0
10.414574,6.0,-36.0,-36.0
10.422347,6.0,-35.0,-35.0
10.432346,6.0,-35.0,-36.0
10.442347,6.0,-35.0,-36.0
10.452347,6.0,-35.0,-36.0
10.461828,6.0,-35.0,-36.0
10.475256,6.0,-35.0,-36.0
10.479974,6.0,-36.0,-37.0
10.488999,6.0,-36.0,-37.0
