0.001589375,-0.1981126,0.0039048195,-0.23915148
0.011589375,-0.1981126,0.0039048195,-0.23915148
0.0166525,-0.1981126,0.0039048195,-0.23915148
0.026447812,-0.19214356,0.02839899,-0.2584629
0.03644203,0.059201956,0.064412594,-0.5227971
0.04461198,-0.14205873,0.1352005,-0.68228245
0.057718124,-0.13925898,0.17025423,-0.7106924
0.070844114,-0.3238058,-0.16614151,-1.3524075
0.08456156,-0.31638443,-0.27144194,-1.7433877
0.09361203,-0.21678221,-0.39132786,-2.1724281
0.106377654,-0.23053789,-0.3346777,-2.220224
0.120186925,0.14069498,-0.90495634,-3.384739
0.13437442,0.14189506,-0.98705626,-3.9135075
0.142469,0.25847661,-1.1527214,-4.3326383
0.15686959,0.26581895,-1.0104027,-4.4288564
0.1697239,0.8997406,-2.07462,-5.9816036
0.1816136,1.1933266,-2.4115016,-6.546955
0.18957964,1.3242569,-2.7086666,-6.953636
0.2046639,1.4297622,-2.1697137,-7.21754
0.2189685,0.94252324,-2.797834,-6.991721
0.23066817,0.49753165,-2.4795327,-6.715828
0.23863922,-0.05385828,-2.018011,-6.450933
0.25487417,0.26708055,-1.2469466,-6.6067424
0.2660795,-0.5761199,-1.4089513,-7.002227
0.27961287,-0.52708006,-1.4187595,-7.3460875
0.287336,-0.62196255,-1.6883197,-7.6858883
0.3036682,-0.13082623,-0.6596175,-7.568632
0.31609386,-2.2152543,-2.3797114,-7.366767
0.32905343,-2.7785673,-2.2945633,-6.631177
0.33698636,-3.2046165,-2.5602956,-5.5590787
0.3533588,-2.6185336,-1.4300499,-4.9120116
0.3670692,-5.284687,-4.1218843,-3.0168247
0.38415086,-4.6828213,-3.3163738,-2.1009512
0.3930988,-4.389445,-3.0384154,-1.6263294
0.40274778,-5.0192223,-4.739526,-1.4727902
0.41481027,-4.315711,-5.052446,-0.06126213
0.42417923,-4.0411844,-4.98905,0.39795542
0.43762416,-5.3124804,-5.85225,2.500718
0.45252666,-4.78782,-6.166147,3.1830053
0.46045575,-5.726448,-4.3166866,3.6902878
0.47045574,-5.2545986,-4.9477634,4.2320375
0.48253095,-5.2545986,-4.9477634,4.2320375
0.49137402,-5.0420094,-5.2844143,4.5302405
0.50829303,-6.787713,-2.2475183,-0.31306517
0.52374166,-6.510997,-2.3717713,-0.14612281
0.53598106,-6.191745,-2.6407752,-0.048413754
0.55108905,-6.0647516,-3.0609303,0.56099826
0.5631811,-5.0641737,-4.605525,1.6482778
0.5805589,-4.109665,-5.790782,3.2283733
0.5982012,-3.1916094,-5.639726,3.3318727
0.6123341,-2.814681,-5.4161367,3.4597175
0.62384176,-2.3221302,-4.7509456,3.0711174
0.64004177,-2.338234,-4.7339964,3.238627
0.65281594,-1.8184013,-3.79894,2.5837538
0.66970056,-1.8377028,-3.694429,2.6511614
0.68192333,-1.1032305,-1.8158908,1.623447
0.6991941,-0.92162895,-1.2048341,1.4208069
0.71669424,-0.67521954,-0.91745126,1.2771745
0.7319905,-0.557992,-0.8450961,1.322939
0.7450358,-0.28931046,-1.1866151,1.7754078
0.76059186,-0.31525135,-1.0384835,1.7531016
0.77280384,-0.1272049,-1.2512329,1.5112385
0.7883771,-0.14270592,-1.1686714,1.493433
0.80073714,0.3857937,-1.1388092,1.0837421
0.81808454,0.46988487,-1.1436958,1.0819459
0.835519,0.29812336,-1.3388531,1.02131
0.8509923,0.23653698,-1.4090729,0.99273884
0.8637261,0.061288834,-1.4034767,0.7221935
0.8792239,0.060715675,-1.3965249,0.7123738
0.8915078,-0.23429489,-1.2566609,0.2951634
0.90703124,-0.23686314,-1.235224,0.2717737
0.9179213,-0.3037882,-0.97708654,0.026964307
0.93402785,-0.3094387,-0.62601566,-0.09193534
0.95065963,-0.2980137,-0.4382639,-0.1606304
0.9611165,-0.2616148,-0.047350883,-0.19133383
0.97790825,-0.27732563,0.027841806,-0.22274548
0.9886874,-0.28614044,0.067456245,-0.2362184
0.99868745,-0.21352863,0.4622352,-0.21451837
1.007351,-0.21352863,0.4622352,-0.21451837
1.0228435,-0.0407629,0.64424026,-0.23817044
1.039381,-0.012434006,0.74301493,-0.2249822
1.05086,0.09462738,0.81519663,-0.21896684
1.0677757,0.0807209,0.86983335,-0.23841387
1.0783398,0.07027531,0.9447007,-0.15662146
1.0883398,0.06244278,0.975996,-0.1730743
1.0963696,0.06244278,0.975996,-0.1730743
1.1065509,0.060040474,0.98571324,-0.17897534
1.1165509,0.058021545,0.99363184,-0.18319154
1.1251937,0.058021545,0.99363184,-0.18319154
1.1406468,-0.12139988,1.0168314,-0.2491954
1.1571921,-0.11931896,1.0077605,-0.24127018
1.1693836,-0.13683319,0.99808216,-0.23200232
1.186359,-0.13334656,0.98122025,-0.21320993
1.1965605,-0.1028204,0.86686933,-0.11160332
1.2084793,-0.112947464,0.82383454,-0.10719085
1.2183547,-0.12044716,0.79189765,-0.02837795
1.2302653,-0.09905434,0.754586,-0.03404081
1.2403606,-0.06303787,0.759506,0.017452955
1.2541405,-0.076851845,0.74644077,0.04548514
1.2646604,-0.07410908,0.7337731,0.05493337
1.2746603,-0.06833744,0.7069658,0.07447511
1.2833303,-0.06833744,0.7069658,0.07447511
1.2987977,-0.029503822,0.73391783,0.19224459
1.315384,-0.023477554,0.7051748,0.21260202
1.3276199,-0.05852604,0.73039925,0.27577686
1.3445905,-0.051812172,0.69791067,0.29743338
1.3548489,-0.084311485,0.60673106,0.25381052
1.3651913,-0.08099079,0.5899817,0.2653721
1.3816588,-0.0743103,0.55665576,0.28597587
1.392332,-0.101846695,0.43424773,0.43056875
1.4082791,-0.07180691,0.35962415,0.44953912
1.4249876,-0.06412506,0.2668655,0.46422553
1.4357928,-0.115234375,0.2847216,0.4984183
1.4475487,-0.0728426,0.29533434,0.5239584
1.4577585,-0.054390907,0.32503796,0.4941139
1.4704949,-0.06592941,0.3429873,0.47793227
1.4810433,-0.08407402,0.33888745,0.41293055
1.4917123,-0.092944145,0.30484366,0.42447042
1.502013,-0.09021568,0.29144096,0.42861968
1.5135449,-0.08761883,0.27906847,0.4317156
1.525406,-0.17851067,0.11929679,0.61758274
1.5364059,-0.2240324,0.11136913,0.5747695
1.5470483,-0.30072784,0.20681214,0.49553776
1.5598385,-0.28200054,0.28300512,0.32917756
1.5695908,-0.28060818,0.2761463,0.33080107
1.5815461,-0.08868599,0.32323444,0.12580812
1.5914853,-0.041288376,0.108445644,0.31817162
1.6014854,-0.05087757,-0.06429744,0.40249413
1.6102067,-0.05087757,-0.06429744,0.40249413
1.6263028,0.0027542114,-0.2584157,0.48714906
1.642925,0.028865814,-0.24598002,0.48911393
1.6533685,0.023347855,-0.20451832,0.4310478
1.6633685,0.023994446,-0.19816875,0.41017276
1.6733685,0.023994446,-0.19816875,0.41017276
1.6837004,0.023994446,-0.19816875,0.41017276
1.6929393,0.022803307,-0.04412341,0.31566787
1.7097678,0.026330948,-0.052849293,0.3003829
1.7204473,-0.0052404404,0.14458299,0.13669163
1.7304474,0.024643898,0.12803984,0.15430677
1.7391121,0.024643898,0.12803984,0.15430677
1.7545731,0.011681557,0.09455681,0.17743921
1.7672133,-0.017183304,0.061029196,0.17811286
1.7778268,0.009851456,0.061591625,0.1511457
1.7892052,0.02213478,0.09723711,0.10053837
1.7997578,0.16071606,0.07550311,0.05514902
1.8111742,0.15263367,0.013219118,0.09885728
1.8220705,0.115219116,-0.07776761,0.15961832
1.8332285,0.07508469,-0.14802766,0.21504152
1.8438178,0.08277035,-0.19372368,0.22188044
1.8564366,0.10778904,-0.18210459,0.2101742
1.8660887,0.07738304,-0.1256392,0.20412672
1.8781475,0.054398537,-0.08933592,0.19104308
1.8881038,0.007689476,0.06551027,0.118560374
1.8999605,0.023144722,0.10560775,0.06322539
1.910448,0.021706581,0.1409421,0.030718684
1.922202,0.02016449,0.16461611,0.04161036
1.9322826,0.04959011,0.167279,0.0287956
1.944868,0.03874588,0.16653109,0.06284779
1.9554347,0.010568619,0.19390273,0.13318098
1.9667393,0.039862633,0.19250584,0.11964816
1.977322,0.038184166,0.20014787,0.11788845
1.9871061,0.03656578,0.20716214,0.11684245
1.9977746,0.004085541,0.40222144,0.060885847
2.0102088,0.017023087,0.40550494,0.051574707
2.0213451,-0.037117004,0.39677238,0.09320402
2.0340316,-0.05175495,0.37116933,0.082628906
2.0435674,-0.019395828,0.3326428,0.15249795
2.0554702,-0.0035924911,0.33644724,0.19116437
2.0647502,-0.004347801,0.33929276,0.19159812
2.076746,0.035723686,0.4179728,0.13050681
2.0885549,0.06149578,0.4414432,0.14353019
2.100389,0.0585289,0.4361291,0.1327309
2.1104784,0.031668663,0.421031,0.19610244
2.1230927,0.009311676,0.4046197,0.20949876
2.1335897,-0.017199516,0.39344072,0.20455402
2.1448832,-0.024362564,0.41494536,0.20194381
2.1555235,-0.02408123,0.41386914,0.2017144
2.166819,-0.040496826,0.4364264,0.16124529
2.1780386,-0.06395435,0.45839202,0.1851666
2.1891992,-0.08015156,0.4726764,0.14760727
2.2009912,-0.08184528,0.4647423,0.18197018
2.213826,-0.061138153,0.43827033,0.15368772
2.2239096,-0.060313225,0.43430758,0.15517974
2.23588,-0.059324265,0.42989945,0.1562193
2.2466474,-0.031967163,0.35851145,0.25263888
2.2582462,-0.05483055,0.38735962,0.18138361
2.2683134,-0.03690338,0.41834116,0.2131275
2.279604,-0.031972885,0.4171239,0.2452017
2.2891667,-0.01151371,0.39707732,0.20547348
2.3002903,-0.017448425,0.4083029,0.23745441
2.3096719,-0.0280447,0.38071108,0.2193842
2.3202672,-0.03630638,0.37477517,0.20865506
2.3295178,0.0010061264,0.35163355,0.20285249
2.340747,-0.016684532,0.32605314,0.2731588
2.3501294,-0.046279907,0.31223893,0.22822481
2.3592887,-0.030236244,0.26684093,0.26184976
2.3693514,-0.023645401,0.23067427,0.29022098
2.3802698,-0.031404495,0.21602106,0.2705515
2.3895726,-0.02717781,0.22025776,0.27533263
2.4002595,-0.015805244,0.19814181,0.22523057
2.409686,-0.011629105,0.1666174,0.26121497
2.4185114,-0.024336815,0.15460634,0.25173694
2.4276145,-0.010730743,0.14034224,0.21364743
2.4394293,-0.013968468,0.13846731,0.22799098
2.4487221,-0.012605667,0.13494992,0.24228692
2.4597979,-0.0065994263,0.110440254,0.22328329
2.468322,-0.003047943,0.11981082,0.22567189
2.4796124,-0.016360283,0.12004566,0.24002105
2.4890337,-0.015334129,0.1156013,0.23987663
2.4991856,0.019156456,0.09468365,0.2204504
2.5093796,9.384155E-4,0.09551811,0.24162
2.5201886,-0.0148124695,0.09138465,0.25770313
2.5286405,-0.01381588,0.08717275,0.25716776
2.5396197,-0.03430748,0.082726,0.19916183
2.550274,-0.009379387,0.0904758,0.19164371
2.5595047,-0.008546829,0.086811066,0.19171238
2.5680084,-0.007884026,0.08372617,0.19200844
2.5792139,-0.01215744,0.07899308,0.20163345
2.5893312,-0.011761665,0.0773263,0.20163375
2.6002603,-0.011569977,0.076437235,0.20162994
2.6088238,-0.011468887,0.075995445,0.20150399
2.6202645,5.4073334E-4,0.040018797,0.20843261
2.630995,0.034114838,0.03302765,0.2506202
2.6431448,0.04122162,0.004916668,0.24272013
2.653968,0.02914238,0.03205967,0.25393414
2.6666105,0.007393837,0.055161238,0.21160275
2.6762261,0.03357315,0.096756935,0.14633828
2.687267,0.018963814,0.10522151,0.17467093
2.6968718,0.013743401,0.13112617,0.17928547
2.707536,-0.03465748,0.0952034,0.1886869
2.7175965,-0.03511429,0.09752345,0.18803805
2.7286549,-0.0068120956,0.08077383,0.21071076
2.7368054,-0.0072135925,0.08281803,0.2100693
2.7473516,0.037949562,0.12529111,0.24032646
2.7562625,0.03757763,0.1271565,0.23970956
2.7670097,0.04906559,0.17466712,0.17775136
2.7759194,0.048443794,0.17739868,0.17782706
2.786433,0.062060356,0.17593503,0.23503393
2.795928,0.061224937,0.17992091,0.23441643
2.8064196,0.06043434,0.17430973,0.23065704
2.8147068,0.059724808,0.17796063,0.22932786
2.8269384,0.023235321,0.19550061,0.24453413
2.8366404,0.022779465,0.19813609,0.24284458
2.8485987,0.022381783,0.20025253,0.24197572
2.859746,0.0052986145,0.27124262,0.19357085
2.8708267,-0.023715973,0.25824738,0.1572659
2.8793209,-0.014457703,0.24755764,0.19586712
2.890908,-0.005200386,0.24879551,0.1675731
2.9008763,-0.010234833,0.24485803,0.20165277
2.9123352,-0.012823105,0.2455504,0.17797089
2.9247124,-0.027362823,0.23907328,0.17579758
2.9349275,-0.022668839,0.24182749,0.21421033
2.944921,-0.02276516,0.24234843,0.2140171
2.954396,0.032200813,0.2619486,0.21386689
2.9643612,0.032001495,0.2626145,0.21434915
2.9744105,0.058104515,0.2896254,0.19373596
2.9844015,0.0578928,0.29015255,0.19472706
2.9945157,-0.002166748,0.2858317,0.2053355
3.0044658,-0.0021591187,0.2855742,0.2059738
3.0134432,-0.0020313263,0.28488016,0.20622694
3.0221145,-0.013791084,0.29098654,0.21386838
3.0326874,-0.015838623,0.26528192,0.1930027
3.0433536,-0.027339935,0.28218985,0.23418552
3.054668,-0.034029007,0.2655146,0.2394082
3.0632167,-0.033533096,0.2630961,0.24016106
3.0736012,-0.016217232,0.24841356,0.21459174
3.0848448,-0.015827179,0.24610496,0.21584666
3.0948985,-0.015439987,0.24404383,0.2169745
3.1034667,-0.015104294,0.24214196,0.21792698
3.1131196,-0.014784813,0.2404294,0.21874857
3.1232789,-0.014621735,0.23928404,0.2198416
3.134,-0.014471054,0.2383194,0.2205512
3.1466446,-0.014297485,0.23743367,0.2208572
3.1562734,-0.011815071,0.1652081,0.24719405
3.1654668,2.1266937E-4,0.15288186,0.17567801
3.177064,-0.009253502,0.16185117,0.26931906
3.1858118,-0.009058952,0.18019271,0.25734657
3.1957653,7.123947E-4,0.15516138,0.23626196
3.2064672,0.015248299,0.1544118,0.21949238
3.2169416,0.0058374405,0.13930273,0.21736145
3.2269416,-0.025007248,0.16661453,0.19616705
3.2367342,-0.025007248,0.16661453,0.19616705
3.2458124,-0.032061577,0.1636548,0.22964346
3.2539074,-9.031296E-4,0.1636157,0.2079454
3.2652998,0.0014419556,0.15908957,0.20050037
3.2736661,-0.0010528564,0.14761138,0.19330114
3.2850742,-0.003537178,0.16020036,0.20479661
3.2934728,-0.0013561249,0.16846824,0.23054183
3.3048608,0.01270771,0.14597678,0.21345747
3.3132205,0.026682854,0.15982771,0.20838267
3.3250349,0.002339363,0.16166234,0.21060526
3.3347056,-0.022128105,0.15430927,0.18923461
3.3460882,-0.029772758,0.16584325,0.23000616
3.3561356,-0.042144775,0.1989801,0.19826782
3.3688724,-0.05717373,0.2190969,0.15885812
3.3794727,-0.04076004,0.23988605,0.12488401
3.391217,-0.050768852,0.23450351,0.13950521
3.4017475,-0.08709717,0.21493936,0.23250818
3.4131558,-0.03485489,0.19779468,0.23926705
3.4240117,-0.020855904,0.21404266,0.23617727
3.435213,0.019544601,0.24902129,0.22384441
3.4457667,-0.01425457,0.28845763,0.20951927
3.459718,-0.019804955,0.31528175,0.16765517
3.4699688,-0.020261765,0.31720626,0.1678741
3.4818678,-0.020726204,0.31928384,0.16755408
3.4926288,-0.014055252,0.2834308,0.24123281
3.5040665,-0.021530151,0.29242778,0.22775894
3.5141106,-0.02156353,0.3028481,0.26908755
3.5255291,-0.023792267,0.32189715,0.24127519
3.5375013,-0.03960228,0.3426298,0.20552665
3.5473602,-0.043779373,0.37351906,0.20321983
3.557696,-0.05270195,0.3272611,0.1751824
3.5694926,-0.05923271,0.27384758,0.1688757
3.5800924,-0.03938198,0.24418187,0.17198974
3.5923815,-0.02426815,0.22398353,0.22035831
3.6033857,-0.018712997,0.21334648,0.1871373
3.6160114,-0.033931732,0.20421433,0.20874214
3.6259565,-0.025909424,0.19595289,0.21540916
3.637937,0.015623093,0.22116852,0.2342413
3.6478443,0.016386986,0.21786189,0.23414636
3.6587431,0.01717949,0.21432376,0.23417586
3.66873,-0.02995205,0.21085382,0.22259963
3.6806562,-0.017251015,0.20723844,0.24033731
3.690756,3.299713E-4,0.21783757,0.22869444
3.7026405,0.008383751,0.1924355,0.22162879
3.7116964,-0.0075006485,0.19335198,0.2574883
3.7231379,-0.020913124,0.15350533,0.25671178
3.7359028,-0.02127552,0.15224624,0.2527619
3.7472284,-0.020295143,0.14832664,0.25166035
3.7562892,-0.019331932,0.14454961,0.25052112
3.7677474,-0.01846695,0.1408999,0.24986118
3.7807343,-0.0032510757,0.098863125,0.2544526
3.7941504,5.130768E-4,0.076012135,0.2636708
3.8022568,-0.018021584,0.05174303,0.23009938
3.8145726,-0.026989937,0.030220509,0.2172203
3.8238685,-0.021635056,0.04963398,0.25438452
3.8358154,-0.0066919327,0.052330256,0.2531497
3.845081,-0.006131172,0.05035186,0.25178427
3.857136,-0.005660057,0.04865575,0.25072336
3.8678398,0.0067224503,0.05673194,0.23300242
3.8803103,0.019024849,0.048354626,0.215626
3.88983,0.026412964,0.040542126,0.26745266
3.903045,0.0148563385,0.051190853,0.23490971
3.9120123,0.01266098,0.050903082,0.23593348
3.9234529,0.02957344,0.038719416,0.24415302
3.932914,0.03212166,0.031428337,0.23574853
3.942914,0.029743195,0.020589113,0.26398963
3.9576073,0.029743195,0.020589113,0.26398963
3.9667222,0.046403885,0.045619965,0.21910805
3.9792726,0.010359764,0.03489566,0.208053
3.9889085,0.0076875687,0.041326046,0.21901745
4.0021377,0.021429062,0.06668401,0.22386807
4.0110636,0.033014297,0.071275234,0.19623101
4.0223584,0.013449669,0.056812763,0.20243835
4.0318027,-0.0037593842,0.08802819,0.23248571
4.0431166,-0.020858765,0.10447407,0.23822218
4.053436,-0.02116394,0.10651755,0.23648119
4.0647073,-0.02142334,0.10835314,0.23480916
4.07608,0.0022411346,0.17004752,0.19026595
4.087824,-0.0124435425,0.164855,0.17927432
4.099224,-0.017601967,0.15505385,0.24259466
4.1125555,-0.0037498474,0.11356282,0.24796504
4.1214967,-0.0039806366,0.11530566,0.24616909
4.1335077,-0.0041103363,0.116527796,0.24438894
4.1434436,0.05557823,0.2276957,0.19586486
4.153804,0.055345535,0.22897315,0.19526976
4.165108,0.057460785,0.2326808,0.22607785
4.1771574,0.047504425,0.22977138,0.21598315
4.1872826,0.030400276,0.24371898,0.26521397
4.199988,0.04198551,0.22554803,0.24418026
4.2105393,0.032349586,0.2219286,0.22025776
4.221819,0.030041695,0.22246146,0.23931175
4.232336,-0.0104112625,0.28439415,0.17743689
4.2436657,0.011405945,0.300501,0.14256257
4.254669,-0.021951675,0.2736975,0.1681655
4.2658224,-0.017056465,0.25900853,0.13908261
4.276397,-0.029042244,0.23735881,0.1682868
4.2890615,-0.019496918,0.22790098,0.13708383
4.2986794,-0.009965897,0.21845508,0.13260406
4.3106227,-0.00754261,0.2255354,0.16596913
4.320556,-0.0074863434,0.2253139,0.16598374
4.332507,-0.0073366165,0.22447515,0.16641158
4.3430753,0.0694828,0.27854097,0.17144263
4.354508,0.07685566,0.27020657,0.12439823
4.364502,0.04343891,0.28575718,0.16933423
4.375855,0.01730156,0.25067604,0.13767159
4.387951,0.032123566,0.2354697,0.21497399
4.399232,0.027618408,0.21463895,0.20642012
4.411015,0.028021812,0.21253395,0.20721066
4.42302,0.028523445,0.20777845,0.23389405
4.433864,0.038672447,0.20018816,0.19616324
4.4446664,0.036806107,0.16653585,0.17742777
4.456788,0.045030594,0.16562104,0.17998803
4.4675655,0.002357483,0.17261958,0.18892598
4.476963,0.002708435,0.17039466,0.19045508
4.4889183,0.029330254,0.08708954,0.23272884
4.49712,0.02941227,0.086071014,0.23441225
4.5067153,-0.013666153,0.06144476,0.21428192
4.5143995,-0.011219025,0.08481908,0.20568043
4.5263476,-0.008906364,0.051286936,0.19226271
4.535371,0.012456894,0.058953524,0.2051143
4.546786,0.014591217,0.08596516,0.19444448
4.55574,0.014256477,0.087079525,0.19543523
4.56718,0.035460472,0.097836494,0.19869363
4.5762672,0.03504753,0.099374294,0.19963557
4.587642,0.04641342,0.09191799,0.22014964
4.597044,0.04582596,0.09418845,0.2211138
4.6081505,0.045218468,0.09668279,0.22185647
4.617744,0.044549942,0.0037150383,0.36117488
4.628557,0.043769836,0.007396698,0.36077362
4.6394577,0.059674263,-0.045769453,0.54149437
4.6509256,0.022895813,-0.15361953,0.7095099
4.6603613,-0.071308136,-0.23265362,0.812325
4.6712604,-0.21550465,-0.25266266,0.9233923
4.68071,-0.2539997,-0.3191433,1.027896
4.6915555,-0.27069855,-0.28291035,1.1853278
4.7010927,-0.26115704,-0.27162766,1.3903943
4.710785,-0.37185,-0.34339595,1.5285923
4.7205973,-0.4694643,-0.6043649,1.5232232
4.7322607,-0.32952976,-0.86333966,1.5575182
4.7441797,-0.24324226,-1.1289363,1.7079139
4.7557707,-0.32393074,-1.6335187,2.0308962
4.766319,-0.63263035,-2.7235022,2.512797
4.7776895,-1.0336866,-3.8522685,3.0184255
4.7887397,-1.398695,-4.3347287,3.217854
4.800014,-1.6783962,-4.4666033,2.9919975
4.810659,-1.7618246,-4.5206003,2.685223
4.823365,-1.9179344,-4.5517035,2.214855
4.8329873,-1.9951162,-4.327063,2.1553757
4.845005,-2.2587433,-5.34674,2.1505623
4.854996,-3.065607,-6.811763,2.589394
4.8654647,-3.2129822,-6.489107,2.539256
4.8771057,-3.8905382,-7.7778664,2.0282276
4.889083,-4.3635836,-8.205721,1.5776179
4.899209,-4.9605093,-8.626086,1.289132
4.911976,-5.9027467,-8.683296,0.86845165
4.922659,-6.5558233,-8.896635,0.4677075
4.934015,-7.0906324,-8.977332,-0.067546174
4.9446063,-7.676954,-9.653612,-0.87501705
4.954606,-8.621275,-8.924345,-1.0382326
4.962885,-8.621275,-8.924345,-1.0382326
4.9722524,-9.1493635,-8.590827,-1.1206162
4.982252,-9.909388,-9.408288,-2.5711615
4.990966,-9.909388,-9.408288,-2.5711615
5.0072293,-9.382864,-9.296958,-3.1189077
5.0238433,-10.697447,-8.926417,-3.2870932
5.0353713,-10.348792,-9.099028,-3.535002
5.052437,-11.723068,-9.023392,-3.761056
5.063189,-10.807555,-7.0862894,-3.2037024
5.073189,-12.143186,-7.333584,-3.579443
5.0815525,-12.143186,-7.333584,-3.579443
5.091015,-12.791145,-7.540187,-3.805314
5.1010146,-9.517207,-0.6909027,-3.206018
5.109907,-9.517207,-0.6909027,-3.206018
5.125939,-8.514565,1.7980428,-4.108592
5.1425796,-9.533306,0.9824953,-4.5746818
5.1540117,-7.0920267,4.4458027,-4.387145
5.170845,-7.885989,3.5377662,-4.6616235
5.181658,-6.4088173,4.370851,-4.3195624
5.1916575,-6.1186857,3.8289247,-4.5305943
5.200383,-6.1186857,3.8289247,-4.5305943
5.2153454,-5.4156723,3.6771033,-4.531044
5.232611,-5.500263,3.1087756,-4.7424803
5.2426863,-4.7306,3.5714622,-3.5927596
5.259574,-4.871119,2.9775245,-3.755795
5.270115,-4.6582556,3.170457,-2.7952828
5.2801147,-4.6261845,2.964951,-2.5668705
5.2888,-4.6261845,2.964951,-2.5668705
5.3048835,-5.219613,2.6292648,-2.6334002
5.3215065,-5.3206663,2.4657419,-3.4270391
5.331959,-5.6816177,3.1459222,-3.4473653
5.3488903,-5.4563475,2.9449093,-3.812024
5.359793,-5.3382215,2.7247415,-2.9965572
5.369793,-5.074445,2.6315775,-3.3361506
5.378194,-5.074445,2.6315775,-3.3361506
5.3876247,-4.9306774,2.6088939,-3.504078
5.3976254,-4.604073,1.3760042,-3.0061574
5.4062805,-4.604073,1.3760042,-3.0061574
5.42234,-4.640705,1.1616914,-2.5254793
5.4388947,-4.292865,1.1658671,-2.8450627
5.4474998,-4.1176176,1.1513958,-2.997151
5.4594355,-3.9625208,1.1028432,-3.1306624
5.475654,-3.7477643,0.94027615,-3.3171258
5.4865966,-2.8448505,2.540846,-0.76454973
5.502606,-2.1328514,2.543604,0.14567852
5.519282,-2.3343432,1.1835719,0.8077555
5.5297327,-1.9418867,0.81272084,1.2217445
5.546687,-1.8368719,0.7985741,1.1498747
5.5575886,-2.2905428,-0.26847422,3.4078608
5.5675883,-2.2758334,-0.24292862,3.4003496
5.5763264,-2.2758334,-0.24292862,3.4003496
5.5859413,-2.3022797,-0.24868333,3.417244
5.5959415,0.41472816,-0.4418525,-0.011033058
5.6045966,0.41472816,-0.4418525,-0.011033058
5.6208377,0.37139606,-0.08884323,-0.5236182
5.63739,0.37007618,-7.338524E-4,-0.43666077
5.648377,0.0027165413,0.34893662,0.09417057
5.665149,0.010360718,0.28411853,0.08467674
5.6759477,0.015859127,0.2538612,0.07912445
5.6859474,-0.44699,0.23466787,0.76755714
5.694886,-0.44699,0.23466787,0.76755714
5.7103577,-0.44583273,0.20559785,0.76533127
5.7269163,-0.34875536,0.8137934,-0.07088947
5.738359,-0.33156538,0.6563031,-0.016684532
5.7494974,-0.27664042,0.49172246,0.011785507
5.760154,-0.23101568,0.40398222,0.19101429
5.7728763,-0.20230627,0.363341,0.29209614
5.782555,-0.19969893,0.36268094,0.29031372
5.7944946,-0.2563324,0.14281125,0.43181515
5.804424,-0.1369152,0.09238353,0.358572
5.814815,-0.13621187,0.09108561,0.35805225
5.8263807,-0.123894215,0.18034297,0.18536949
5.838414,-0.12126207,0.2446886,0.12525558
5.8485165,-0.09756327,0.3051197,0.13005257
5.861173,-0.0440588,0.27138093,0.12526512
5.871726,-0.05530882,0.22669366,0.22449875
5.8832984,-0.082098484,0.13295695,0.27985764
5.89382,-0.18204212,0.09894362,0.3177328
5.906357,-0.21444702,0.117094204,0.41032028
5.9174476,-0.22744513,0.05626987,0.36148548
5.928381,-0.21654654,0.051118627,0.29115295
5.9404793,-0.20369577,0.09582624,0.25293064
5.9523892,-0.17673922,0.16260886,0.17820358
5.9623237,-0.05262041,0.19370982,0.19992352
5.9742002,-0.020046711,0.1986198,0.1454153
5.984607,-0.0037446022,0.26550928,0.1456356
5.9964633,-0.03948641,0.30830723,0.19092178
6.006761,-0.060318947,0.32716405,0.21429825
6.019384,0.013152599,0.33150735,0.25301647
6.0299983,0.04334736,0.25985506,0.27519226
6.0413,0.08916187,0.17061141,0.3061571
6.0519094,0.09165239,0.17253992,0.3045454
6.0632586,-0.087062836,0.1045502,0.17312813
6.0742307,-0.046632767,0.07972616,0.16457272
6.085513,-0.005291939,0.06479572,0.20011806
6.096094,0.04961586,0.04736747,0.27211
6.1088514,0.10704565,0.030181646,0.26493454
6.118437,0.1083889,0.02716726,0.2639351
6.1303787,0.08905411,0.14269188,0.19527721
6.140389,0.024826527,0.18130423,0.21958923
6.1523128,-0.0081272125,0.22297347,0.20790958
6.1626053,-0.062446117,0.28399435,0.19612217
6.1744523,-0.04981041,0.27888182,0.20357227
6.1845403,-0.039490223,0.25319135,0.17269611
6.195966,-0.034339428,0.24985008,0.20195293
6.207494,-0.08271456,0.16227672,0.1879549
6.218834,-0.12170887,0.13672361,0.2810192
6.229352,-0.11779785,0.13684857,0.27842617
6.239229,-0.11429167,0.1368896,0.27610207
6.2500453,-0.12781858,0.2611876,0.24761677
6.262381,-0.1010561,0.21274318,0.2529173
6.273592,-0.06779289,0.19812545,0.23473263
6.284414,-0.027281284,0.18831643,0.20693207
6.2964582,-0.066209316,0.150145,0.2409811
6.3095026,-0.10084963,0.10995661,0.26738262
6.3208175,-0.074235916,0.077638686,0.20827389
6.332385,-0.05345249,0.042428106,0.18335342
6.342503,-0.05468893,0.03287922,0.2233696
6.353975,-0.10564709,0.02774857,0.26301003
6.3660846,-0.14038086,0.036914006,0.28061962
6.377689,-0.14484787,0.09149535,0.2739544
6.388346,-0.090501785,0.21206586,0.21287823
6.400812,-0.012936115,0.2175842,0.24803829
6.411774,-0.0403471,0.15706336,0.25905132
6.422602,-0.085567,0.11145298,0.27877426
6.43313,-0.13523674,0.12325463,0.18335533
6.446265,-0.14981651,0.14357276,0.18257618
6.4563093,-0.14889145,0.14026992,0.18188
6.468237,-0.14848375,0.13709055,0.18152046
6.4790335,0.04360199,0.21305327,0.3343029
6.490564,-0.005065441,0.23869625,0.29485512
6.5006075,-0.078804016,0.26166928,0.23303318
6.512,-0.09755325,0.23039953,0.16649151
6.5239663,-0.067845345,0.1717362,0.19538593
6.535386,-0.0025544167,0.13440964,0.2332344
6.5459547,-0.001578331,0.13180736,0.23252964
6.5573006,-0.042695045,0.1548527,0.20960808
6.568652,-0.026331902,0.20524873,0.14833069
6.579948,-0.0036468506,0.26434916,0.20730686
6.590561,0.014160156,0.27791137,0.21367455
6.603273,0.0030331612,0.24031639,0.22811985
6.613564,0.0047187805,0.23598522,0.22692585
6.625711,-0.015483379,0.26257482,0.18525314
6.637262,-0.030630589,0.196052,0.27748775
6.6489577,-0.03799343,0.1990319,0.24962711
6.659118,-0.100363255,0.1962202,0.21457672
6.6705537,-0.12401104,0.13045448,0.23435783
6.6827354,-0.13444042,0.057339415,0.24859142
6.6941433,-0.102425575,0.04078546,0.21689415
6.70465,-0.06840277,0.0760688,0.19261265
6.714478,-0.06777382,0.07537629,0.19219112
6.725032,-0.11218691,0.079457276,0.22260761
6.737602,-0.10403252,0.109940685,0.21478367
6.7483335,-0.057831287,0.14461598,0.20232773
6.7620244,-0.0038113594,0.1456725,0.22691917
6.770013,-0.004234791,0.14614758,0.22720242
6.7820215,-0.02081728,0.120566994,0.21752644
6.7914557,-0.019894123,0.12102452,0.21693993
6.8034425,-0.019801617,0.12092619,0.21687889
6.813407,-0.056517124,0.16884412,0.21021461
6.8253617,-0.036207676,0.15700917,0.22298908
6.8345957,-0.046931267,0.112306826,0.19022655
6.846995,-0.03865099,0.10345498,0.19586945
6.856962,-0.034898758,0.084626056,0.20372963
6.87031,-0.019805431,0.1293623,0.22155094
6.8783903,-0.054781437,0.17681159,0.1841793
6.889981,-0.08133745,0.2151042,0.08052921
6.9002085,-0.022825718,0.2712129,0.063819885
6.9118085,-0.026836395,0.27330053,0.06646538
6.9223337,0.0033211708,0.1182422,0.17884636
6.9353952,-0.05334282,0.087638535,0.33078003
6.9459395,-0.10396385,0.056842566,0.32627392
6.959212,-0.09612751,0.07173267,0.27000904
6.9672494,-0.016765594,0.12437881,0.2545786
6.9793067,0.036796093,0.17720687,0.22922516
6.988628,-0.008522987,0.18495324,0.20279121
7.000793,-0.07178116,0.20322554,0.2019186
7.010728,-0.14649677,0.1953899,0.16480923
7.0227013,-0.10513592,0.20420082,0.13089752
7.032255,-0.012281895,0.20346622,0.16000366
7.044703,0.0013823509,0.1775779,0.122219086
7.054297,-0.051115036,0.18354923,0.083880424
7.067557,-0.080255985,0.15465324,0.07796955
7.0766454,-0.113398075,0.13917276,0.09936237
7.0882635,-0.075232506,0.08017902,0.15221119
7.0984874,-0.0442667,0.04687281,0.21702099
7.1101246,-0.04425335,0.048711568,0.21706104
7.1218567,-0.03941965,-0.004799366,0.19312859
7.1335645,-0.06568861,-0.011074647,0.21944427
7.1437497,-0.06320286,-0.022361755,0.2481327
7.157018,-0.073726654,0.027646571,0.29416943
7.165155,-0.06549692,0.14313085,0.31169796
7.1771884,-0.057759285,0.32243413,0.2600975
7.1865487,-0.014302254,0.42667013,0.24697208
7.1986103,-0.018136501,0.44774568,0.2215643
7.2085443,-0.052690506,0.2923419,0.23666668
7.2205467,-0.13243389,0.07735564,0.22770119
7.2300315,-0.15519905,-0.022967905,0.1615839
7.242357,-0.09968519,-0.017620847,0.08870888
7.252004,-0.09508276,0.0021380335,0.07604599
7.264216,-0.09529114,0.03650835,0.1375637
7.2754354,-0.10781479,0.12817952,0.2087574
7.28698,-0.1306119,0.17919716,0.25735855
7.295782,-0.13232374,0.17531097,0.25838184
7.307331,-0.13485909,0.17227805,0.25996685
7.3165083,-0.13761616,0.17051628,0.2617321
7.3279123,-0.14047003,0.17046559,0.26360416
7.3393807,0.01330471,0.109938495,0.33429146
7.351326,-0.007024288,0.090415165,0.31116962
7.361403,0.0040836334,0.098986305,0.2590971
7.374685,-0.0037574768,0.129821,0.22763348
7.3827353,0.013343334,0.15537046,0.22184563
7.3947115,-0.012214661,0.14551322,0.19183445
7.4040656,-0.030460358,0.15036167,0.26230717
7.4160337,-0.005970478,0.16912381,0.2444191
7.4259505,0.066161156,0.20210546,0.24584103
7.4378977,0.048326492,0.2302613,0.26575184
7.4475713,-0.020963192,0.18049335,0.26573372
7.460145,-0.03654623,0.15036345,0.28180885
7.4696693,-0.06633282,0.17755948,0.2379198
7.4830375,-0.03508711,0.20629327,0.17572117
7.4920864,0.0050878525,0.24661914,0.14978981
7.5035048,0.04791069,0.2369209,0.1596117
7.512066,0.053358078,0.24477614,0.21911812
7.5234404,0.0070610046,0.2532229,0.21099949
7.533673,-0.031903267,0.2625874,0.21477795
7.5452447,-0.03073597,0.2681338,0.21417713
7.556949,-0.06870413,0.07916427,0.30515862
7.568718,-0.08054638,0.0017387867,0.2742281
7.5790224,-0.13758326,-0.08250192,0.30297947
7.592269,-0.15904474,-0.06569019,0.27798653
7.6002793,-0.20884132,-0.08146247,0.2180214
7.611763,-0.085556984,-0.07278642,0.14713955
7.621326,0.104068756,-0.020620346,0.1436739
7.6334352,0.26142645,0.0641599,0.14175224
7.643387,0.3059268,0.12741831,0.2318449
7.6553426,0.2332449,0.2189413,0.3154688
7.6651363,0.11389494,0.3148653,0.3192768
7.677627,0.13107872,0.31577978,0.2680092
7.6872725,0.17844868,0.28918374,0.22698021
7.700619,0.25190258,0.24551527,0.13463211
7.7096543,0.2463212,0.16049056,0.14911175
7.7212877,0.22050142,0.11563423,0.17948627
7.731525,0.2274208,0.12258521,0.17526436
7.743164,0.23447657,0.1294789,0.17096806
7.754696,-0.07894993,0.064867586,0.199996
7.766305,-0.06701994,0.026353598,0.21483135
7.7765965,-0.046458244,0.032785684,0.18956184
7.7899346,-0.036402702,0.027271867,0.1620388
7.7980084,-0.031593323,-0.005604118,0.20228958
7.8100023,-0.05773878,-0.014364183,0.19217014
7.8192782,-0.1222744,0.0034894347,0.1988821
7.8321505,-0.1612792,-0.036373317,0.2563858
7.8431334,-0.13007402,-0.0747478,0.20954418
7.8556304,-0.090355396,-0.07413477,0.20878792
7.865238,-0.11328459,-0.0150566995,0.22258568
7.8784747,-0.11554766,-0.012479246,0.25688934
7.8875766,-0.1501503,-0.011192858,0.22247791
7.8990607,-0.15239382,0.015634209,0.20313263
7.9093294,-0.10296154,0.032247484,0.21312428
7.921017,-0.104466915,0.029614508,0.21395874
7.932741,0.004471302,0.09709874,0.23857117
7.9444785,-0.022384167,0.07391468,0.21009159
7.9550443,-0.03883505,0.058523506,0.26251888
7.968383,-0.0257411,0.045003355,0.28566456
7.976442,-0.008473873,0.029734343,0.21586323
7.9884763,-0.0076589584,0.025546372,0.26793098
7.997814,-0.006403446,0.022843987,0.26699448
8.009946,-0.004407406,0.019880325,0.26557827
8.018266,-0.0015611649,0.017210513,0.26363087
8.030326,0.0016241074,0.015076727,0.26149845
8.041469,-0.059708595,0.10914764,0.23057652
8.051469,-0.107337475,0.15205579,0.11874008
8.06545,-0.107337475,0.15205579,0.11874008
8.075522,-0.07590389,0.1790015,0.15764141
8.08751,-0.037303925,0.2085561,0.17501545
8.096886,-0.03430319,0.2079932,0.17308426
8.107428,-0.05902815,0.23195918,0.24236965
8.116783,-0.05455208,0.23197453,0.23953533
8.128831,-0.117231846,0.21040304,0.23438072
8.140366,-0.12975407,0.2108654,0.17426014
8.152052,-0.10707474,0.1857751,0.12181568
8.162165,-0.07308483,0.15162192,0.14881611
8.173616,-0.09170866,0.14869376,0.16860771
8.1855755,-0.0716362,0.13524303,0.20107841
8.197149,-0.061953068,0.19155572,0.16843891
8.207967,-0.066308975,0.18560703,0.19544983
8.220377,-0.065544605,0.15112858,0.25578117
8.231316,-0.050509453,0.16477905,0.28506088
8.242154,-0.033395767,0.1326929,0.25228024
8.252687,-0.040240765,0.16280468,0.20274925
8.265965,-0.01654625,0.17202888,0.1976099
8.275999,-0.014807701,0.17345189,0.19659042
8.28658,-0.01249218,0.1757872,0.19525242
8.296584,-0.06493378,0.17814751,0.27034092
8.308629,-0.091576576,0.14868557,0.18771553
8.318333,-0.047097683,0.17635553,0.17494583
8.3305235,-0.04147196,0.14947116,0.16014671
8.340653,-0.042631626,0.13809842,0.19783211
8.353447,-0.07486057,0.040947527,0.19833279
8.364028,-0.07780647,0.060522854,0.23323917
8.375635,-0.07627773,0.062350065,0.23238277
8.386197,-0.076848984,0.14025927,0.24088955
8.39838,-0.10072374,0.14445904,0.22269249
8.409345,-0.09615755,0.13937867,0.21905422
8.420292,-0.09915972,0.12970832,0.18933105
8.433152,-0.10511017,0.13965952,0.19122887
8.445156,-0.105079174,0.14284545,0.19137669
8.456238,-0.09811926,0.13912645,0.23239899
8.4687605,-0.09623289,0.12871656,0.18982792
8.4783,-0.10844135,0.15642592,0.20454311
8.490332,-0.12020779,0.14531508,0.23092937
8.501681,-0.1262703,0.16336203,0.22966099
8.513282,-0.082411766,0.1547564,0.1757927
8.523808,-0.0840292,0.15864173,0.1770134
8.535207,-0.06556797,0.111494035,0.25436878
8.54578,-0.07992029,0.03623438,0.3049879
8.55751,-0.108643055,0.07051104,0.2885456
8.567716,-0.07320595,0.13038784,0.269969
8.581232,-0.049547195,0.15892419,0.1836052
8.589252,-0.022413254,0.06472093,0.18737698
8.601296,-0.05720949,0.013793111,0.21011639
8.609793,-0.06291914,-0.015818357,0.2254448
8.6216135,-0.03729391,-0.045926332,0.2406168
8.630968,-0.037915707,-0.040901184,0.24132347
8.642993,-0.038678646,-0.03557676,0.24213696
8.654019,-0.006424427,0.012351513,0.24084282
8.666539,0.02026558,0.0018668175,0.20885277
8.676223,-0.024370193,-0.023127198,0.22442245
8.68956,-0.058289528,-0.019980848,0.22759056
8.698587,-0.05394268,0.0059201717,0.2495451
8.710168,-0.03127384,0.03729546,0.25275135
8.720388,-0.03282261,0.03678763,0.2536831
8.731968,-0.034284115,0.037205458,0.25462818
8.743588,0.007712841,0.054468393,0.24816704
8.75529,-0.0054397583,0.052713513,0.21543026
8.765406,-0.004128933,0.08129081,0.22088718
8.778747,0.01522541,0.082953006,0.24136734
8.786745,0.0045681,0.06814957,0.23483181
8.79892,0.032320023,0.046281457,0.21866322
8.808206,0.02909422,0.052990854,0.26464367
8.820226,0.033201694,0.045586288,0.25547886
8.828662,0.032526016,0.04504049,0.25586414
8.840847,0.031663895,0.043925405,0.25633335
8.851784,0.03269291,0.042479694,0.1948452
8.864291,0.062342167,0.04053545,0.21719074
8.873826,0.042201996,0.026621222,0.23923016
8.885858,0.020314693,0.026618123,0.22013187
8.897387,0.0024380684,0.06815514,0.18929577
8.9091,0.0063695908,0.069274336,0.17044449
8.919622,-0.0011572838,0.04911822,0.18480778
8.931142,-0.032352924,0.06946501,0.20377731
8.941348,-0.015458107,0.07271293,0.23935318
8.953168,-0.0035977364,0.09934139,0.22956562
8.963306,6.8569183E-4,0.080779195,0.22483253
8.976631,-0.004839897,0.100895494,0.18421078
8.984768,-0.004634857,0.055320174,0.18153763
8.996787,-0.009150505,0.07184756,0.17641735
9.006145,-0.013771534,0.06429744,0.18332958
9.018163,-0.015976906,0.07064474,0.20695591
9.026613,-0.016097546,0.06776187,0.20685959
9.038647,-0.016165257,0.0654248,0.20676517
9.049563,-0.0012965202,-0.029426843,0.2494564
9.062057,-0.054930687,-0.063731164,0.22456837
9.071916,-0.06794214,-0.092944205,0.20453548
9.085263,-0.052093983,-0.07734701,0.1794529
9.094221,-0.025292873,-0.057004064,0.19331837
9.105829,-0.038764477,0.036325842,0.20684433
9.116094,-0.037656784,0.031050682,0.20584679
9.127691,-0.036556244,0.025827557,0.2048626
9.139132,0.014864922,0.21230596,0.26611328
9.150699,0.06635952,0.19116041,0.27228737
9.16093,0.09588957,0.14498264,0.29555988
9.174208,0.11192036,0.0808084,0.31596088
9.182312,0.09174681,0.028392553,0.2385025
9.194332,0.04554224,0.004927814,0.24705315
9.203695,0.020797253,-0.025988162,0.20776176
9.215844,-0.05627823,-0.03843671,0.17061138
9.225811,-0.11428833,0.010635376,0.11193371
9.237794,-0.15315866,0.05383286,0.1178503
9.247315,-0.12020111,0.1345346,0.17399979
9.259908,-0.08728933,0.18588322,0.19902039
9.269452,-0.047463417,0.1895118,0.25055885
9.28279,-0.048705578,0.1797741,0.2193594
9.291817,-0.032248497,0.17404652,0.20603466
9.303429,-0.04940462,0.15298516,0.14975166
9.313659,-0.057343006,0.10401845,0.1631689
9.325127,-0.056069374,0.10538563,0.16244793
9.334155,-0.055173874,0.10595307,0.1619196
9.345523,-0.054014683,0.10549101,0.16117573
9.356714,0.007373333,0.12834814,0.23438644
9.368975,-0.014659405,0.1509319,0.2187643
9.379126,-0.0247612,0.17310736,0.2031498
9.392419,-0.027527332,0.17021146,0.17780113
9.4003935,-0.025972366,0.17003319,0.17682648
9.412382,-0.1227088,0.13911068,0.12807178
9.421874,-0.1217103,0.13918826,0.12745571
9.433872,-0.12140131,0.13889104,0.12724972
9.443829,-0.14464808,0.13304156,0.16985893
9.454249,-0.14358568,0.13195127,0.16914654
9.465455,-0.14762306,0.19563685,0.13032722
9.47742,-0.14520693,0.18274492,0.15181446
9.487562,-0.12881994,0.1917647,0.15440845
9.500287,-0.09021282,0.22700976,0.13891125
9.510886,-0.08619976,0.20142098,0.1585846
9.521003,-0.09874678,0.16452274,0.19013691
9.529604,-0.09885645,0.16665974,0.19031525
9.539327,-0.11830282,0.14792249,0.2289486
9.549101,-0.112462044,0.11537644,0.19164848
9.559982,-0.06886959,0.11356807,0.15467548
9.56984,-0.042411804,0.11416164,0.15384483
9.580828,-0.011094093,0.10722017,0.10986233
9.590729,-0.012658119,0.10951236,0.11095619
9.601576,-0.013781548,0.11200011,0.11178875
9.610328,-0.014505863,0.114489704,0.112371445
9.620224,-0.015706062,0.116294,0.11321449
9.629927,-0.01727724,0.1177879,0.11427593
9.640795,-0.01865673,0.11991745,0.115249634
9.6507635,-0.019664764,0.122721255,0.11603069
9.661624,-0.021008015,0.12639818,0.117069244
9.67347,0.037765026,0.033118427,0.2018137
9.684218,0.022432327,-0.01163286,0.21469784
9.694251,0.009799004,-0.022902727,0.25373173
9.704599,-0.0071344376,-0.016315758,0.26365948
9.714596,-0.052256584,0.02185148,0.23243523
9.72388,-0.061652184,0.046363264,0.1964426
9.734828,-0.037906647,0.072080344,0.19652939
9.7475395,0.007843971,0.11231384,0.14980984
9.757206,0.025489807,0.11276159,0.18176079
9.76928,0.03587818,0.09431219,0.18265438
9.779806,0.020115852,0.10190308,0.20735359
9.79202,0.016234875,0.111338854,0.18898201
9.801828,0.004851818,0.1057539,0.22105503
9.813609,-0.011060238,0.093093604,0.24339485
9.823719,-0.03876829,0.09465647,0.24167824
9.835166,-0.040180206,0.09366423,0.29025555
9.847389,-0.038710117,0.117042035,0.2751503
9.857544,-0.04022646,0.11340734,0.27589893
9.867855,-0.041464806,0.109668136,0.2764759
9.879455,-0.04274082,0.106417894,0.2770996
9.891289,-0.048518658,0.09868178,0.24644184
9.90241,-0.051906586,0.09160891,0.22300053
9.91297,-0.050509453,0.079536915,0.2258892
9.92568,-0.013522148,0.07606268,0.21355152
9.93528,-0.0036211014,0.057908148,0.26972103
9.947292,0.006699562,0.093230784,0.20823574
9.957364,0.019566536,0.15114874,0.17532444
9.967837,0.018444538,0.14373085,0.17566109
9.977834,-0.011049271,0.18064854,0.15896797
9.988348,-0.0115327835,0.17146513,0.15883923
9.998883,-0.030747414,0.23686917,0.24227047
10.011552,-0.068602085,0.2174645,0.2392559
10.021152,-0.05634308,0.19694735,0.26513672
10.0344515,-0.04601574,0.17697772,0.20347118
10.043417,-0.054465294,0.20120019,0.18013573
10.055029,-0.046281815,0.20779066,0.16891575
10.0654125,-0.04724884,0.20631783,0.1694622
10.076985,-0.047953606,0.20613195,0.16989708
10.088461,-0.07317352,0.050742626,0.14437771
10.100054,-0.02952385,0.029118419,0.13355923
10.110349,-0.016868591,0.030820668,0.18489075
10.123667,-0.0118870735,0.021480024,0.21492004
10.131853,-0.075044155,0.03264174,0.21306229
10.143908,-0.06641102,0.029258251,0.23756027
10.153189,-0.051234245,0.01589489,0.24568558
10.16532,-0.05761957,0.023845136,0.21310902
10.175286,0.016906738,0.029405236,0.20717812
10.187328,0.007903099,0.030381411,0.2489748
10.196698,-0.005329132,-0.021360487,0.28801918
10.209214,-0.011280537,-0.015421152,0.27912998
10.218761,0.025556564,-0.016367912,0.26086807
10.232053,0.085784435,-0.018932074,0.21807098
10.241022,0.1454339,-0.046372026,0.19334221
10.252619,0.16505146,-0.066710025,0.21846008
10.262021,0.1524291,-0.09026453,0.25470734
10.273398,0.14357948,-0.10323638,0.30199814
10.283719,0.14475441,-0.10821459,0.30105972
10.295128,0.04024172,-0.011315882,0.26199818
10.3060255,0.05524683,0.06339607,0.21825027
10.317841,0.04838085,0.07805297,0.17470074
10.32798,-0.0036945343,0.11885609,0.18365097
10.341284,-0.03934574,0.10403,0.21498585
10.349319,-0.061326504,0.13453956,0.17039204
10.360262,-0.102677345,0.18207462,0.17144585
10.369718,-0.117795944,0.17963147,0.14145279
10.381794,-0.12619829,0.19934636,0.12614822
10.391089,-0.12499285,0.1930404,0.12520218
10.402173,-0.12393427,0.1865959,0.124349594
10.411628,-0.12283468,0.1805423,0.123488426
10.423828,-0.121367455,0.17524755,0.12241936
10.432866,-0.1219182,0.22753538,0.17858028
10.446474,-0.10377836,0.23457566,0.13688087
10.456152,-0.10083866,0.24937093,0.11966801
10.469579,-0.10311413,0.23148441,0.12184429
10.478663,-0.12447882,0.22249767,0.09774494
10.490035,-0.09603071,0.19707902,0.15295315
10.500264,-0.11381245,0.2052822,0.12243843
10.511873,-0.115596294,0.204706,0.12355232
10.523561,0.0048446655,0.07367869,0.24432659
10.535263,-0.017926693,0.053321123,0.29061604
10.545379,-0.06595135,0.08500979,0.21649933
10.558683,-0.049015522,0.10109423,0.21397877
10.566721,-0.028097153,0.10108723,0.16888428
10.578855,-0.043862343,0.08187807,0.2056799
10.588124,-0.023789406,0.10275209,0.19462585
10.600165,-0.02991867,0.09961364,0.20982265
10.609578,-0.019343853,0.13437018,0.22025394
10.620679,-0.02075386,0.13308147,0.2211132
10.631782,0.0067687035,0.14637277,0.26734447
10.644284,0.0061392784,0.1430138,0.30363464
10.653807,-0.015725613,0.14194866,0.27508068
10.665864,-0.013164043,0.15735257,0.23902893
10.677183,-0.008856297,0.18228331,0.22972584
10.688905,-0.02321434,0.16823754,0.24888134
10.699138,-0.022995472,0.16854295,0.24875164
10.710659,-0.06336069,0.14917496,0.20065117
10.721351,-0.060652733,0.16071941,0.22916985
10.733044,-0.06772232,0.16994126,0.17881203
10.743298,-0.06028223,0.16214857,0.20976067
10.756621,-0.06936312,0.18000104,0.2094183
10.764744,-0.052149296,0.17487083,0.20912457
10.776854,-0.025576591,0.15111148,0.22812939
10.786198,-0.053978443,0.13015491,0.22554111
10.79836,-0.074950695,0.11843509,0.24194336
10.808316,-0.11262131,0.13525194,0.21759987
10.820324,-0.09822559,0.121142015,0.16730785
10.82955,-0.07745695,0.10946897,0.16301823
10.842118,-0.067249775,0.09290275,0.14977264
10.851735,-0.043243885,0.10696079,0.15603065
10.865038,-0.022959232,0.13598785,0.15829945
10.873994,-0.093949795,0.16554172,0.18798447
10.8854265,-0.115121365,0.20906858,0.17485714
10.895692,-0.09919882,0.20990239,0.20799828
10.907265,-0.10262489,0.20946649,0.21016598
10.916344,-0.105606556,0.20969869,0.21206951
10.927736,-0.10811138,0.20986922,0.21366501
10.938883,-0.11097908,0.13523176,0.19393253
10.950703,-0.10269213,0.14366525,0.15555763
10.960795,-0.06147051,0.16631255,0.1869812
10.974152,-0.0392704,0.1830312,0.26685715
10.98228,0.002605915,0.16836219,0.26916313
10.994278,-0.017585754,0.15241775,0.2785616
11.0036,0.0029730797,0.10118893,0.29512882
11.015619,-0.003059864,0.05739215,0.26637363
11.024052,-0.006549835,0.059183285,0.26865864
11.036023,-0.009458542,0.060882628,0.270566
11.047076,-0.07902622,-0.014255464,0.22912979
11.059743,-0.07197428,-0.015531629,0.19007778
11.069382,-0.072585106,-9.0046227E-4,0.21117687
11.082696,-0.055755615,-0.021592826,0.2085495
11.091656,-0.04938841,0.022251725,0.24410534
11.103259,-0.083711624,0.060839377,0.18627453
11.113777,-0.086901665,0.058541037,0.18828869
11.125235,-0.09052658,0.056470804,0.19059563
11.13669,-0.10659933,0.13106851,0.14533043
11.14848,-0.10877609,0.11507892,0.10277462
11.158618,-0.10633135,0.101534225,0.11300278
11.171988,-0.13968611,0.08939357,0.12866211
11.179992,-0.18216419,0.11434081,0.22233391
11.191994,-0.2193327,0.16528541,0.31326962
11.201411,-0.25593328,0.20658012,0.47800922
11.21347,-0.2994957,0.26138607,0.47016335
11.223377,-0.45425177,0.46559143,0.18287659
11.235417,-0.51820946,0.4949723,-0.057186127
11.245157,-0.5966916,0.36858666,-0.12548828
11.257569,-0.740407,0.1774024,-0.0065660477
11.267142,-0.9078326,0.06240064,-2.708435E-4
11.280442,-0.9550576,0.023853458,0.024749756
11.289468,-0.8891721,0.045798756,0.0868206
11.301162,-0.75068474,0.15595454,0.18824291
11.311485,-0.7677455,0.1305423,0.19941425
11.322859,-0.7810931,0.09433584,0.20811939
11.33444,-1.220367,1.2534009,0.6868706
11.346274,-1.6025786,1.5095607,0.33777428
11.356482,-1.883702,1.4806452,-0.001039505
11.369941,-2.065505,1.4283223,-0.028547287
11.377964,-2.3771937,1.3013825,-0.29472303
11.389942,-2.6189618,1.2363805,-0.36687517
11.398861,-2.7446976,1.1355054,-0.54104424
11.410622,-2.6322477,1.110071,-0.68171835
11.419894,-2.7154605,1.136697,-0.62030697
11.432315,-2.8093083,1.1645898,-0.5492945
11.442127,-1.7851648,1.7215432,-1.7917175
11.455147,-1.8434644,1.4001063,-1.7195969
11.46471,-2.0282674,1.1593053,-1.5443001
11.476775,-2.1230407,1.0962507,-1.4702549
11.488085,-2.2806888,1.0756246,-1.3969502
11.49952,-2.2215934,1.0809025,-1.3501287
11.509783,-2.314928,1.1233771,-1.2612195
11.521226,-1.6815004,1.6527314,-1.8918033
11.532242,-1.250392,1.7479012,-2.1975017
11.543922,-0.98224497,1.551329,-2.3105369
11.554012,-0.71360636,1.1888936,-2.290947
11.567358,-0.5447998,1.0068595,-2.1573782
11.575513,-0.36546612,0.5912563,-1.9890428
11.58751,-0.1684761,0.16281188,-1.7371798
11.596816,0.021437645,-0.06518203,-1.5204053
11.6089325,0.20462084,-0.4012047,-1.2115102
11.618598,0.19693089,-0.35701144,-1.195054
11.631307,0.8707485,-1.2808632,-1.425199
11.64057,1.3015165,-1.3002261,-1.2675452
11.653026,1.521791,-1.319403,-1.1993918
11.663026,1.7808504,-1.5015349,-1.3764529
11.676861,1.7808504,-1.5015349,-1.3764529
11.688269,1.9041157,-1.5563673,-1.5146494
11.698205,1.9811468,-3.1727464,0.9070344
11.710216,2.0489655,-3.250734,1.4081979
11.719495,1.8978105,-3.1819882,1.6484218
11.732145,1.932097,-3.1092868,1.6534095
11.741707,2.0117393,-3.0120182,1.7490864
11.753772,2.0580606,-2.8011737,1.6156921
11.76497,2.2122583,-2.942317,1.5736761
11.77667,1.8811975,-2.5886905,1.5515785
11.786969,2.1208405,-3.0070424,1.4783211
11.798436,0.53501844,-0.50345695,0.5883913
11.813011,0.7430563,-0.9206449,0.5884409
11.8267975,0.33582115,1.310844,-0.21400642
11.844059,0.16566753,2.5312686,-0.022756577
11.860974,-0.57390356,3.046123,0.925889
11.876204,-0.45719624,2.7669945,1.0892296
11.888401,-1.1743168,1.3468828,1.9362221
11.90339,-0.8165499,1.2963591,1.8402567
11.915609,-1.1735433,0.4461131,2.1163921
11.931571,-1.2677561,0.5102463,2.1039019
11.948925,-0.9986087,0.9909277,1.798068
11.958758,-0.9235586,1.0996795,1.3468151
11.975585,-0.7217934,0.9485016,1.3846273
11.987698,-0.51773417,0.85542536,1.1018629
12.004824,-0.33081913,0.7685709,1.1160774
12.015072,-0.57293475,0.93856144,1.5044775
12.025073,-0.400262,0.9105258,1.4936962
12.033932,-0.400262,0.9105258,1.4936962
12.050884,-0.24754512,0.89066076,1.4843225
12.06268,-0.39127064,0.650599,0.80116653
12.0773945,-0.5599911,0.5379262,0.62458515
12.09393,-0.45256838,0.4857931,0.6441059
12.104733,-0.3671034,0.772768,0.15198803
12.122052,-0.27661812,0.71011066,0.18188095
12.130534,-0.22832066,0.6908326,0.18976021
12.147895,-0.75546694,1.0405207,0.49234772
12.163157,-0.5785738,0.8642993,0.46452522
12.1747875,-0.45721626,0.2376008,0.5668249
12.188837,-0.4322608,0.23496771,0.5669489
12.202747,-0.28940076,-0.09974289,0.66760063
12.219962,0.052083105,0.075199604,0.5191498
12.2368145,0.21132627,-0.028357983,0.5115986
12.252426,0.24908072,-0.124183655,0.4884882
12.266007,0.22744986,-0.2816763,0.322608
12.27586,0.30396423,-0.23324728,0.22855186
12.28913,0.36563903,-0.14650774,0.18435192
12.298119,0.36353916,-0.09450054,0.052526474
12.309758,0.34000248,-0.0023298264,-0.023983955
12.320089,0.35757804,-0.0038704872,-0.02375698
12.33162,0.3780471,-0.005195141,-0.023738861
12.343056,-0.052570432,0.111038685,0.24906445
12.354611,-0.14339434,0.04116583,0.39943027
12.364752,-0.1138352,0.010176659,0.36279583
12.37807,-0.12415713,0.002583027,0.4425516
12.386105,-0.13003054,0.030570507,0.49439335
12.398088,-0.13563159,0.051561832,0.62281036
12.407415,-0.09284181,0.05016136,0.5961971
12.419643,-0.06334244,0.071323395,0.5561333
12.429627,-0.022848815,0.16131401,0.41832066
12.440712,0.24453342,0.20740843,-0.48355818
12.4513445,0.27187985,0.014959812,-0.41010714
12.463779,-0.32622474,-0.63399696,0.74572754
12.478131,-0.7241677,-0.45919657,0.6793461
12.4881315,-0.75948155,-0.47363853,0.6887121
12.4993725,-0.75948155,-0.47363853,0.6887121
