0.0,-1.1109096,3.3327289,9.674969
0.002501614,-0.90021986,3.289633,9.555259
0.009917552,-1.103727,3.2585084,9.461885
0.012420364,-1.3551182,3.2249897,9.358934
0.019054376,-1.5251064,3.181894,9.234436
0.022256093,-1.5969325,3.157952,9.100361
0.02772422,-1.6711528,3.1483753,9.069236
0.030447708,-1.6711528,3.1483753,9.069236
0.03806172,-1.6998832,3.1052797,9.081207
0.04306172,-1.5897499,2.873042,9.212888
0.049206354,-1.5897499,2.873042,9.212888
0.056313176,-1.541866,2.7581203,9.186552
0.062068384,-1.4891934,2.6072857,9.085996
0.06706838,-1.5059528,2.5785553,9.081207
0.07119615,-1.5059528,2.5785553,9.081207
0.07738677,-1.5897499,2.5019407,8.992621
0.08180313,-1.5897499,2.5019407,8.992621
0.08504526,-1.6352397,2.3702598,8.798691
0.092551515,-1.6352397,2.3702598,8.798691
0.09667229,-1.6472107,2.360683,8.6574335
0.10096552,-1.6472107,2.360683,8.6574335
0.10639953,-1.5849615,2.348712,8.451532
0.11499541,-1.5466543,2.3511062,8.336611
0.118779376,-1.5227122,2.360683,8.238448
0.12377938,-1.4676456,2.348712,8.051701
0.12940516,-1.4676456,2.348712,8.051701
0.1320086,-1.436521,2.3894134,7.9128366
0.13946271,-1.364695,2.4636335,7.845799
0.14527063,-1.2689269,2.5953147,7.61835
0.14922,-1.2689269,2.5953147,7.61835
0.15586615,-1.2689269,2.7581203,7.347805
0.16396448,-1.292869,2.801216,7.2927384
0.16723573,-1.3599066,2.80361,7.1610575
0.17225818,-1.4437037,2.755726,7.0461354
0.17834844,-1.5514427,2.719813,6.9288197
0.18440905,-1.6208745,2.7006595,6.7971387
0.18738672,-1.6711528,2.717419,6.6534867
0.19559817,-1.7142484,2.741361,6.5026517
0.19801964,-1.7836803,2.791639,6.3087215
0.20301963,-1.8291701,2.8514943,6.0884547
0.20836912,-1.8291701,2.8514943,6.0884547
0.21116015,-2.0087352,3.004723,5.631162
0.21632698,-2.0829554,3.074155,5.3725886
0.22021109,-2.1906946,3.1196449,5.068525
0.22521108,-2.2625206,3.1435869,4.7788267
0.23021078,-2.2625206,3.1435869,4.7788267
0.23344797,-2.3463178,3.1866825,4.4723687
0.23844796,-2.480393,3.1292217,3.9863458
0.2451637,-2.480393,3.1292217,3.9863458
0.24757834,-2.5713725,3.074155,3.7565024
0.25257835,-2.6862943,2.9855695,3.6104562
0.258411,-2.6862943,2.9855695,3.6104562
0.2612355,-2.908955,2.7461493,3.4404678
0.2664192,-3.0071173,2.6001031,3.359065
0.26942208,-3.1124623,2.4732103,3.2728736
0.27442208,-3.2752678,2.3175871,3.2513258
0.27944413,-3.2752678,2.3175871,3.2513258
0.28332937,-3.6008794,2.0709844,3.3255463
0.28832936,-3.7325604,1.9608512,3.3327289
0.29360312,-3.7325604,1.9608512,3.3327289
0.29633504,-3.8786068,1.9057846,3.3135753
0.30133504,-3.9935284,1.8100165,3.2441432
0.30724803,-3.9935284,1.8100165,3.2441432
0.3100547,-4.2544966,1.7070658,3.1124623
0.31522372,-4.417302,1.6639702,3.0382419
0.32022372,-4.7644615,1.5275006,2.825158
0.32524383,-4.7644615,1.5275006,2.825158
0.33046284,-4.7644615,1.5275006,2.825158
0.33584625,-5.231331,1.3000516,2.6431987
0.34434646,-5.5042696,1.1851299,2.5498247
0.3468049,-5.7987566,1.0749966,2.4277205
0.35180488,-6.0980315,0.9696517,2.2960393
0.3572931,-6.0980315,0.9696517,2.2960393
0.3601054,-6.775591,0.79726917,1.8722657
0.36529958,-7.141904,0.7637503,1.685518
0.3742,-7.9583263,0.7038953,1.1779473
0.37994465,-7.9583263,0.7038953,1.1779473
0.3859662,-8.925584,0.5434838,0.8283938
0.38997924,-9.483433,0.23702596,0.78769237
0.39354214,-10.115502,-0.2873042,0.7757214
0.4000272,-10.115502,-0.2873042,0.7757214
0.40417686,-11.530476,-1.8028339,0.45729253
0.40821892,-11.530476,-1.8028339,0.45729253
0.4156068,-12.983756,-3.1124623,0.062249243
0.42149687,-13.579912,-3.4739866,-0.035913024
0.4255255,-14.00608,-3.5865142,-0.18435353
0.42952773,-14.202404,-3.4380736,-0.37349546
0.43691376,-14.276625,-3.0095115,-0.5650316
0.4458799,-14.2383175,-2.3918076,-0.7230489
0.4486538,-14.192827,-1.0151415,-1.292869
0.45365378,-14.2622595,-0.37828386,-1.6376339
0.4577044,-14.2622595,-0.37828386,-1.6376339
0.46362442,-14.872781,0.51714754,-2.4109612
0.46973392,-14.872781,0.51714754,-2.4109612
0.47839823,-17.228676,1.1899183,-3.7804444
0.4865147,-18.327614,1.2641385,-4.3622355
0.4950414,-20.731392,1.1468226,-5.74369
0.5023363,-21.935677,0.7661445,-6.5720835
0.5048344,-23.063345,0.090979666,-7.4483614
0.5119346,-23.934834,-0.7517793,-8.343793
0.51514405,-24.49747,-1.7549498,-9.287108
0.52014405,-25.134329,-3.9983168,-11.070788
0.52514404,-25.134329,-3.9983168,-11.070788
0.5296545,-25.134329,-3.9983168,-11.070788
0.5347492,-25.646688,-6.0501475,-12.861651
0.540637,-25.910051,-6.88333,-13.644555
0.5431323,-26.087221,-7.6255326,-14.377181
0.5481323,-26.24045,-8.781932,-15.586253
0.5531323,-26.24045,-8.781932,-15.586253
0.5587875,-26.24045,-8.781932,-15.586253
0.5627702,-25.936386,-9.895236,-16.316484
0.5680619,-25.936386,-9.895236,-16.316484
0.5767136,-25.694572,-11.130644,-16.608578
0.5817136,-25.194185,-12.2080345,-15.892711
0.5867934,-25.194185,-12.2080345,-15.892711
0.5955173,-24.112005,-13.184869,-14.43943
0.6028781,-23.44881,-13.522451,-13.275848
0.6054159,-21.883003,-14.149732,-10.745177
0.6104159,-21.06658,-14.417883,-9.504981
0.6154159,-21.06658,-14.417883,-9.504981
0.6194443,-21.06658,-14.417883,-9.504981
0.6243293,-19.654001,-14.621389,-7.45315
0.6296231,-18.983625,-14.441825,-6.6534867
0.6320986,-18.377892,-13.996503,-6.066907
0.6370986,-17.451336,-12.366052,-5.197812
0.6420986,-17.451336,-12.366052,-5.197812
0.6478927,-17.451336,-12.366052,-5.197812
0.6518772,-16.567875,-10.0508585,-4.747702
0.65803903,-16.567875,-10.0508585,-4.747702
0.6658368,-14.956578,-6.612785,-4.189853
0.6708368,-14.465767,-5.8226986,-3.8067808
0.6758794,-14.465767,-5.8226986,-3.8067808
0.6846159,-13.65892,-5.032612,-2.873042
0.691385,-13.239936,-4.8841715,-2.5067291
0.69395256,-12.8832,-4.793192,-2.2266076
0.69895256,-12.346898,-4.630386,-1.9680338
0.70395255,-12.346898,-4.630386,-1.9680338
0.70799726,-12.346898,-4.630386,-1.9680338
0.71292895,-12.200851,-4.197036,-2.1499932
0.7188242,-12.126632,-3.8953662,-2.44448
0.7213212,-12.035652,-3.6104562,-2.873042
0.7263212,-12.260707,-2.9975405,-3.466804
0.7313212,-12.260707,-2.9975405,-3.466804
0.73676395,-12.260707,-2.9975405,-3.466804
0.74075705,-12.603078,-2.3319526,-4.3478703
0.7460517,-12.603078,-2.3319526,-4.3478703
0.75472766,-12.63899,-1.8076223,-4.9799395
0.75972766,-12.49055,-1.6424223,-5.437232
0.7647509,-12.49055,-1.6424223,-5.437232
0.7734484,-12.143391,-1.7621324,-5.872977
0.78076965,-11.923124,-1.7669208,-6.0357823
0.7833205,-11.743559,-1.7286136,-6.2512608
0.78832054,-11.154586,-1.4556746,-6.7803793
0.79332054,-11.154586,-1.4556746,-6.7803793
0.7974371,-11.154586,-1.4556746,-6.7803793
0.80236095,-10.484209,-1.163582,-6.9120603
0.80764526,-10.196905,-1.067814,-6.789956
0.81013435,-9.854534,-1.0247183,-6.7205243
0.81513435,-9.330204,-1.1204864,-6.694188
0.82013434,-9.330204,-1.1204864,-6.694188
0.8258443,-9.330204,-1.1204864,-6.694188
0.82980597,-8.913613,-1.2976574,-6.6391215
0.8358835,-8.913613,-1.2976574,-6.6391215
0.84454113,-8.310274,-1.376666,-6.2847795
0.8495411,-8.133103,-1.3120226,-6.179435
0.8545587,-8.133103,-1.3120226,-6.179435
0.8632732,-7.833828,-1.2808979,-5.767632
0.86998385,-7.704541,-1.2545617,-5.5521536
0.87258184,-7.4028716,-1.2282255,-5.1810527
0.87758183,-7.204153,-1.2018893,-4.9105077
0.88258183,-7.204153,-1.2018893,-4.9105077
0.8865628,-7.204153,-1.2018893,-4.9105077
0.88906616,-6.8067155,-1.2401965,-4.465186
0.895742,-6.6510925,-1.2617443,-4.3119574
0.90040576,-6.540959,-1.2808979,-4.237737
0.9070883,-6.421249,-1.3311762,-4.2185836
0.9095555,-6.3422403,-1.4197617,-4.2161894
0.91455555,-6.375759,-1.5011644,-4.2880154
0.91955554,-6.375759,-1.5011644,-4.2880154
0.923293,-6.375759,-1.5011644,-4.2880154
0.92735845,-6.5577183,-1.5921441,-4.4843397
0.934577,-6.5577183,-1.5921441,-4.4843397
0.94326323,-6.909666,-1.733402,-4.6040497
0.95187956,-7.2687964,-2.042254,-4.6830587
0.960602,-7.465121,-2.4468741,-4.5777135
0.96731246,-7.467515,-2.60968,-4.4364557
0.96979177,-7.457938,-2.8634653,-4.31914
0.97803545,-7.417237,-3.1292217,-4.280833
0.9805819,-7.3789296,-3.3494883,-4.31914
0.9855819,-7.3190746,-3.7708676,-4.5418005
0.99058187,-7.3190746,-3.7708676,-4.5418005
0.99507123,-7.3190746,-3.7708676,-4.5418005
1.0001758,-7.3645644,-4.247314,-4.9176903
1.0055064,-7.4842744,-4.486734,-5.1810527
1.0079829,-7.6590514,-4.7740383,-5.48751
1.0129828,-8.1642275,-5.434838,-6.169858
1.0179828,-8.1642275,-5.434838,-6.169858
1.023659,-8.1642275,-5.434838,-6.169858
1.0276878,-8.516175,-6.1076083,-6.7684083
1.0338619,-8.516175,-6.1076083,-6.7684083
1.0426108,-8.961497,-7.053318,-7.680599
1.0476108,-8.925584,-7.216124,-7.821857
1.0526272,-8.925584,-7.216124,-7.821857
1.0613682,-8.611943,-7.1730285,-7.8386164
1.0681067,-8.365341,-7.0006456,-7.73806
1.070694,-7.776367,-6.567295,-7.8745294
1.075694,-7.5345526,-6.4020953,-8.145074
1.080694,-7.5345526,-6.4020953,-8.145074
1.0847632,-7.5345526,-6.4020953,-8.145074
1.0872407,-7.551312,-6.203377,-8.573636
1.0922407,-7.8386164,-5.997475,-8.475474
1.096745,-7.8386164,-5.997475,-8.475474
1.0993166,-8.214506,-5.707777,-8.159439
1.1043167,-8.858546,-4.8817773,-6.969521
1.1093166,-8.858546,-4.8817773,-6.969521
1.1136906,-8.858546,-4.8817773,-6.969521
1.1187091,-8.920795,-4.185065,-5.827487
1.1239958,-9.002198,-4.0701427,-5.2887917
1.1265595,-9.306262,-4.0677485,-4.6782703
1.1315596,-10.113108,-4.3766007,-3.8618474
1.1365595,-10.113108,-4.3766007,-3.8618474
1.142305,-10.113108,-4.3766007,-3.8618474
1.146301,-10.939108,-4.867412,-3.9145198
1.1523865,-10.939108,-4.867412,-3.9145198
1.1610813,-12.0093155,-5.195418,-4.582502
1.1660814,-13.448231,-5.257667,-6.26802
1.1711622,-13.448231,-5.257667,-6.26802
1.1798643,-15.545551,-5.530606,-7.93199
1.1866128,-16.572664,-5.619191,-8.528147
1.1892145,-17.312473,-5.614403,-8.851364
1.1942146,-17.642872,-5.035006,-9.13388
1.1992145,-17.642872,-5.035006,-9.13388
1.2032583,-17.642872,-5.035006,-9.13388
1.2057301,-17.362751,-4.2999864,-9.600749
1.2107301,-17.456125,-4.048595,-9.883265
1.2153907,-17.456125,-4.048595,-9.883265
1.2180836,-17.76019,-3.8953662,-10.175357
1.2230836,-18.471266,-3.7349546,-10.668563
1.2280836,-18.471266,-3.7349546,-10.668563
1.232569,-18.471266,-3.7349546,-10.668563
1.2375144,-19.050663,-3.6152446,-11.781867
1.2430016,-19.438524,-3.5529952,-12.29662
1.2456744,-19.838356,-3.5338416,-12.631808
1.2506742,-20.288465,-3.6463692,-13.295002
1.2556744,-20.288465,-3.6463692,-13.295002
1.2612928,-20.288465,-3.6463692,-13.295002
1.2654464,-21.03785,-4.43885,-14.642938
1.2716951,-21.03785,-4.43885,-14.642938
1.2805424,-22.814348,-6.531382,-14.5567465
1.2855424,-23.00349,-6.9838862,-13.867216
1.2906556,-23.00349,-6.9838862,-13.867216
1.2993542,-22.835896,-7.204153,-12.715605
1.3061357,-22.608446,-6.9958572,-12.3876
1.308739,-21.62443,-6.069301,-13.359646
1.3137388,-21.229387,-5.5282116,-14.358027
1.3187389,-21.229387,-5.5282116,-14.358027
1.3227332,-21.229387,-5.5282116,-14.358027
1.3251966,-21.224598,-4.3047748,-15.8065195
1.3340098,-21.229387,-3.5434184,-15.780184
1.33672,-20.980389,-2.8179753,-15.286978
1.3417201,-20.003555,-2.1332338,-13.548787
1.34672,-20.003555,-2.1332338,-13.548787
1.3511742,-20.003555,-2.1332338,-13.548787
1.3561321,-18.875887,-2.5091233,-11.6190605
1.3614466,-18.368315,-2.9735985,-10.726024
1.3639249,-18.02834,-3.5649664,-10.014946
1.368925,-17.731459,-4.7884035,-8.963891
1.3739249,-17.731459,-4.7884035,-8.963891
1.3795875,-17.731459,-4.7884035,-8.963891
1.3835497,-17.113754,-5.41329,-8.152257
1.3897861,-17.113754,-5.41329,-8.152257
1.3984896,-16.19917,-5.3103395,-7.36217
1.4034897,-15.612589,-4.984728,-7.029376
1.4085327,-15.612589,-4.984728,-7.029376
1.4172609,-13.730747,-4.307169,-6.670246
1.4240073,-13.295002,-4.292804,-6.591237
1.4266659,-12.943054,-4.2281604,-6.4619503
1.4316658,-12.078748,-3.7086184,-5.872977
1.4366659,-12.078748,-3.7086184,-5.872977
1.4407356,-12.078748,-3.7086184,-5.872977
1.443205,-11.149797,-2.7940333,-5.257667
1.4482049,-10.553641,-2.4636335,-5.0134583
1.4527235,-10.553641,-2.4636335,-5.0134583
1.4552935,-10.108319,-2.3463178,-4.9919105
1.4602937,-9.560047,-2.4708161,-4.9823337
1.4652935,-9.560047,-2.4708161,-4.9823337
1.4697441,-9.560047,-2.4708161,-4.9823337
1.4746811,-8.939949,-2.2242134,-4.343082
1.4799367,-8.456321,-1.9560628,-3.9719806
1.4824545,-7.8793178,-1.6496049,-3.6391866
1.4874545,-7.019799,-0.9792285,-3.1603463
1.4924545,-7.019799,-0.9792285,-3.1603463
1.4982938,-7.019799,-0.9792285,-3.1603463
1.5022544,-6.517017,-0.3184288,-2.707842
1.5072544,-5.839458,0.36391866,-2.2744915
1.5122544,-5.839458,0.36391866,-2.2744915
1.5172544,-5.839458,0.36391866,-2.2744915
1.5199995,-5.839458,0.36391866,-2.2744915
1.5224466,-5.647922,0.4429273,-2.1308396
1.5274466,-5.233725,0.50757074,-1.8962077
1.5324466,-5.233725,0.50757074,-1.8962077
1.5371339,-5.233725,0.50757074,-1.8962077
1.5424856,-5.0302176,0.557849,-1.7932571
1.5483681,-4.829105,0.6703765,-1.553837
1.5560173,-4.5298295,0.8331822,-0.9600749
1.5640612,-4.4580035,0.8738836,-0.6751649
1.5729153,-4.453215,0.8714894,0.12210429
1.5800493,-4.453215,0.8714894,0.12210429
1.5825522,-4.477157,0.8762778,0.60333884
1.5875521,-4.537012,0.89303726,0.8643068
1.5925268,-4.537012,0.89303726,0.8643068
1.5951109,-4.654328,0.8858546,1.0869676
1.6001109,-5.0182467,0.85473,1.4197617
1.6051109,-5.0182467,0.85473,1.4197617
1.6080434,-5.0182467,0.85473,1.4197617
1.6129398,-5.647922,0.8331822,1.685518
1.6195968,-5.647922,0.8331822,1.685518
1.6220722,-6.4882865,0.7589619,1.9895816
1.6270721,-7.2424603,0.6727707,2.1619642
1.6340371,-7.2424603,0.6727707,2.1619642
1.6394025,-7.505822,0.6440403,2.183512
1.6479821,-7.723695,0.6584055,2.2481554
1.6505086,-8.027759,0.7422025,2.3343468
1.6559663,-8.027759,0.7422025,2.3343468
1.6609664,-8.264784,0.8475474,2.2601264
1.6649829,-8.264784,0.8475474,2.2601264
1.6737671,-8.384495,0.9576807,2.2098482
1.6773609,-8.595184,1.2162545,2.0159178
1.6820331,-8.678981,1.3958195,1.8794483
1.6877471,-8.801085,1.5514427,1.673547
1.6962278,-8.887277,1.745373,1.4676456
1.7008946,-9.01417,1.9680338,1.271321
1.7064722,-9.131485,2.195483,1.0199299
1.7111989,-9.428367,2.6862943,0.32800564
1.717848,-9.428367,2.6862943,0.32800564
1.7203135,-9.818622,3.2225955,-0.16998832
1.7290112,-9.983821,3.4524388,-0.47884035
1.7315524,-10.120291,3.6846764,-0.7685388
1.7365524,-10.230424,3.9001546,-1.0414777
1.7406348,-10.230424,3.9001546,-1.0414777
1.7432338,-10.366894,4.096479,-1.2689269
1.7509476,-10.536881,4.259285,-1.5011644
1.7535282,-10.67814,4.3766007,-1.7310078
1.7585282,-10.864887,4.4675803,-1.9297266
1.7642964,-10.864887,4.4675803,-1.9297266
1.767765,-11.374852,4.489128,-2.3127987
1.7722529,-11.678916,4.4460325,-2.4588451
1.7769309,-12.047623,4.381389,-2.621651
1.7842494,-12.483368,4.295198,-2.7748797
1.7929069,-13.546393,4.000711,-3.1268275
1.7996296,-14.073117,3.8379054,-3.3686419
1.8022016,-14.683639,3.6128504,-3.6367924
1.8111752,-15.389929,3.3758245,-3.916914
1.8160939,-17.029957,2.882619,-4.5034933
1.8206772,-17.894264,2.597709,-4.8482585
1.8253564,-18.796877,2.2601264,-5.257667
1.8303564,-19.759346,1.8650831,-5.7724204
1.8346567,-19.759346,1.8650831,-5.7724204
1.8394376,-21.770475,1.0414777,-6.9168487
1.8453331,-21.770475,1.0414777,-6.9168487
1.854007,-23.673866,0.107739076,-8.346188
1.859007,-24.516624,-0.38067806,-9.16261
1.8647655,-24.516624,-0.38067806,-9.16261
1.8735925,-26.87252,-1.8722657,-11.729194
1.8803729,-27.53332,-2.3942018,-12.727576
1.8892001,-28.58677,-3.3901896,-15.042769
1.8978196,-28.979418,-3.8905778,-16.225506
1.9002962,-29.32897,-5.0158525,-18.619707
1.9083109,-29.575573,-5.410896,-19.359514
1.9108878,-29.621063,-5.710171,-19.91497
1.9158878,-28.486212,-7.053318,-21.313183
1.9208878,-28.486212,-7.053318,-21.313183
1.925,-28.486212,-7.053318,-21.313183
1.9274969,-27.514166,-7.8027034,-22.297201
1.932497,-25.012226,-9.437943,-23.867796
1.9366406,-25.012226,-9.437943,-23.867796
1.9392089,-23.630772,-10.0341,-24.195803
1.9442087,-20.949265,-10.668563,-22.886173
1.9492089,-20.949265,-10.668563,-22.886173
1.953657,-20.949265,-10.668563,-22.886173
1.9587232,-19.093758,-10.864887,-20.278889
1.9646261,-19.093758,-10.864887,-20.278889
1.9670892,-17.68118,-10.785878,-18.756176
1.9720892,-14.583082,-11.939884,-14.705187
1.9770892,-14.583082,-11.939884,-14.705187
1.9828823,-14.583082,-11.939884,-14.705187
1.9868691,-13.52724,-13.8720045,-10.072407
1.9923648,-13.366828,-14.348451,-7.5225816
1.9973648,-12.720393,-14.4849205,-3.3423057
2.001895,-12.720393,-14.4849205,-3.3423057
2.010595,-12.962208,-14.329297,-1.7022774
2.0193312,-14.788984,-12.58153,1.958457
2.0279927,-15.162479,-11.475409,2.5234885
2.030572,-15.354015,-10.1226845,2.7389667
2.035572,-15.83525,-6.825869,2.56419
2.040572,-15.83525,-6.825869,2.56419
2.0451584,-15.83525,-6.825869,2.56419
2.0478044,-16.457743,-3.5338416,1.7238252
2.0553846,-16.618155,-2.0829554,1.0773908
2.0579357,-16.725893,-0.91697925,0.5315128
2.0629358,-16.716316,-0.04070143,0.076614454
2.0679357,-16.716316,-0.04070143,0.076614454
2.0721853,-16.716316,-0.04070143,0.076614454
2.077157,-16.299725,0.89303726,-0.6679823
2.0826826,-16.026787,1.0749966,-1.0007763
2.091471,-15.658079,1.2761095,-1.7166426
2.096471,-15.634137,1.3383588,-2.1404164
2.101497,-15.634137,1.3383588,-2.1404164
2.110239,-15.263036,1.1875241,-4.27365
2.116934,-15.0715,1.0462662,-5.020641
2.1195345,-14.982914,0.91697925,-5.729325
2.1245346,-14.985309,0.81642276,-7.1514807
2.1295345,-14.985309,0.81642276,-7.1514807
2.133505,-14.985309,0.81642276,-7.1514807
2.1359677,-14.846445,0.8643068,-8.408437
2.1449535,-14.599842,0.90021986,-8.839393
2.147503,-14.257471,1.0295067,-9.181764
2.152503,-13.266272,1.1731589,-9.844957
2.157503,-13.266272,1.1731589,-9.844957
2.161796,-13.266272,1.1731589,-9.844957
2.1668153,-12.330139,1.2258313,-9.993398
2.1720915,-12.330139,1.2258313,-9.993398
2.1745934,-11.858481,1.2162545,-9.667787
2.1825025,-11.303026,1.1851299,-9.157822
2.1849916,-10.740389,1.1372458,-8.750807
2.1899915,-9.583989,1.0654198,-8.166622
2.197063,-9.583989,1.0654198,-8.166622
2.2010782,-8.374918,0.92895025,-7.7213006
2.2060783,-8.374918,0.92895025,-7.7213006
2.2104175,-8.374918,0.92895025,-7.7213006
2.219135,-8.066066,0.8379706,-8.037335
2.2264886,-8.329428,0.90500826,-8.118738
2.235318,-8.868123,0.8762778,-8.793902
2.2439175,-8.959103,0.45010993,-9.184157
2.2465427,-8.504205,-0.7278373,-9.308656
2.2538583,-7.9966335,-1.1444284,-9.143456
2.2564914,-7.369353,-1.3383588,-8.935161
2.2614915,-6.090849,-1.2210429,-8.731653
2.2664914,-6.090849,-1.2210429,-8.731653
2.2706225,-6.090849,-1.2210429,-8.731653
2.2755835,-4.9823337,-0.9744401,-8.403648
2.2814388,-4.9823337,-0.9744401,-8.403648
2.2839267,-4.498705,-0.93613285,-8.274361
2.2889266,-3.8426938,-1.2330139,-8.485051
2.2939267,-3.8426938,-1.2330139,-8.485051
2.2973826,-3.8426938,-1.2330139,-8.485051
2.302797,-3.715801,-2.0829554,-8.925584
2.3100355,-3.7325604,-2.669535,-9.291897
2.3187346,-4.0892963,-4.1802764,-10.723629
2.327432,-4.462792,-5.085284,-11.535264
2.3361692,-5.3965306,-6.8210807,-11.978191
2.344766,-5.257667,-6.691794,-11.829751
2.3473718,-4.972757,-6.3302693,-11.683704
2.3523717,-4.1252093,-5.363012,-11.32218
2.3573716,-4.1252093,-5.363012,-11.32218
2.3613446,-4.1252093,-5.363012,-11.32218
2.36383,-3.4835634,-4.525041,-11.224017
2.3717551,-3.3375173,-4.2999864,-11.27669
2.374321,-3.4045548,-4.2544966,-11.408371
2.3793209,-3.5817258,-4.3478703,-11.477803
2.3843207,-3.5817258,-4.3478703,-11.477803
2.38867,-3.5817258,-4.3478703,-11.477803
2.3928835,-4.3358994,-4.9224787,-11.518504
2.3985772,-4.817134,-5.434838,-11.645397
2.4072866,-5.9783216,-6.8569937,-12.157756
2.4154747,-6.7109475,-7.5920134,-12.423512
2.424205,-8.118738,-8.7771435,-13.036428
2.431366,-8.66701,-9.138668,-13.350069
2.4338639,-9.730036,-9.25359,-13.642161
2.4388642,-10.28549,-9.035717,-13.548787
2.4433305,-10.28549,-9.035717,-13.548787
2.4459329,-10.867282,-8.760384,-13.388376
2.4509327,-11.834539,-8.101978,-12.79222
2.4559326,-11.834539,-8.101978,-12.79222
2.4588616,-11.834539,-8.101978,-12.79222
2.4613657,-12.160151,-7.821857,-12.354081
2.468924,-12.394782,-7.599196,-11.911154
2.471401,-12.583924,-7.4866686,-11.571177
2.4764009,-13.199234,-7.8266454,-11.2312
2.4811263,-13.199234,-7.8266454,-11.2312
2.483679,-13.84088,-8.204929,-11.257536
2.488679,-14.599842,-8.504205,-11.271901
2.493679,-14.599842,-8.504205,-11.271901
2.498353,-14.599842,-8.504205,-11.271901
2.5032425,-16.084248,-9.02614,-12.050017
2.5085607,-16.867151,-9.181764,-12.392388
2.51104,-17.748217,-9.244013,-12.559982
2.5160398,-19.021933,-9.0476885,-12.5982895
2.52104,-19.021933,-9.0476885,-12.5982895
2.5254614,-19.021933,-9.0476885,-12.5982895
2.5308921,-19.663578,-8.683769,-12.46182
2.5380914,-19.962854,-8.683769,-12.624625
2.5405807,-20.42254,-8.734048,-12.808979
2.545581,-21.406557,-8.686164,-12.86644
2.550581,-21.406557,-8.686164,-12.86644
2.5545385,-21.406557,-8.686164,-12.86644
2.5597134,-21.806389,-8.420407,-12.483368
2.5669284,-21.887793,-8.358158,-12.459426
2.5756567,-22.292412,-8.4108305,-12.533646
2.5806565,-22.493525,-8.374918,-12.440272
2.5846708,-22.493525,-8.374918,-12.440272
2.5933816,-23.070528,-8.305486,-11.834539
2.6020231,-23.489513,-8.590396,-11.892
2.6047926,-23.93723,-8.860941,-11.939884
2.6097925,-24.559721,-9.198523,-11.693281
2.6147923,-24.559721,-9.198523,-11.693281
2.6189263,-24.559721,-9.198523,-11.693281
2.6215916,-24.818295,-9.512163,-11.492168
2.6292007,-24.96913,-9.68694,-11.484985
2.631796,-25.110388,-9.818622,-11.57836
2.636796,-25.16306,-9.773131,-11.621455
2.6417959,-25.16306,-9.773131,-11.621455
2.6446085,-25.16306,-9.773131,-11.621455
2.6494713,-24.849419,-9.02614,-11.271901
2.6558456,-24.487894,-8.532935,-11.042058
2.6608458,-23.834278,-7.687782,-10.692505
2.6649663,-23.834278,-7.687782,-10.692505
2.6731377,-23.585281,-7.410054,-10.596737
2.6818435,-23.013067,-6.7468605,-9.9550905
2.6904945,-22.680273,-5.971139,-8.762778
2.6930764,-22.591688,-5.74369,-8.324639
2.6980765,-22.424093,-5.41329,-7.5944076
2.7030766,-22.424093,-5.41329,-7.5944076
2.7071373,-22.424093,-5.41329,-7.5944076
2.7096012,-22.139183,-5.109226,-7.1873937
2.7184613,-21.741745,-4.687847,-6.9120603
2.721006,-20.66196,-3.7301662,-6.6750345
2.7260058,-20.15439,-3.2752678,-6.64391
2.7310057,-20.15439,-3.2752678,-6.64391
2.7352495,-20.15439,-3.2752678,-6.64391
2.7401469,-19.139248,-2.4516625,-6.5864487
2.7454646,-18.557457,-1.9512744,-6.265626
2.754165,-17.377115,-1.1707647,-5.374983
2.7628083,-16.879122,-0.93613285,-4.8219223
2.7714982,-15.5120325,-0.7517793,-3.1028855
2.7801123,-15.02601,-0.7589619,-2.743755
2.782728,-14.549563,-0.6895301,-2.2888567
2.7877278,-13.96059,-0.46208093,-1.2090719
2.7927277,-13.96059,-0.46208093,-1.2090719
2.7974143,-13.96059,-0.46208093,-1.2090719
2.7998755,-13.374011,-0.21068975,-0.37828386
2.807512,-12.952631,0.02873042,-0.11492168
2.8100784,-12.449849,0.24420857,0.10534488
2.8150785,-11.98298,0.4309563,0.37828386
2.8200784,-11.98298,0.4309563,0.37828386
2.8229885,-11.98298,0.4309563,0.37828386
2.8278909,-11.401189,0.41180268,0.8762778
2.8350527,-11.188105,0.320823,1.0175357
2.8375223,-10.972627,0.24420857,1.0893618
2.8425221,-10.388441,0.4141969,1.2497733
2.847522,-10.388441,0.4141969,1.2497733
2.8511066,-10.388441,0.4141969,1.2497733
2.856431,-9.768343,0.7398083,1.3694834
2.8620017,-9.768343,0.7398083,1.3694834
2.866746,-9.095572,1.0534488,1.4317327
2.87526,-8.7771435,1.103727,1.364695
2.8777463,-8.463503,1.0773908,1.3000516
2.8859746,-8.176199,1.0223241,1.2617443
2.888527,-7.8865004,0.9959879,1.292869
2.8974469,-7.6015906,1.0151415,1.2952632
2.9000423,-7.067683,1.1611878,1.4556746
2.9075,-6.8809357,1.2785037,1.4748282
2.9100792,-6.7444663,1.3814543,1.484405
2.918837,-6.619968,1.5035586,1.5490485
2.923659,-6.5146227,1.6328455,1.6017209
2.928369,-6.471527,1.7190368,1.673547
2.9333692,-6.421249,1.8794483,1.8195933
2.9373941,-6.421249,1.8794483,1.8195933
2.9461048,-6.4260373,1.9440918,1.8148049
2.9486039,-6.3829417,2.0039468,1.8076223
2.9565213,-6.3829417,2.0039468,1.8076223
2.9591217,-6.4140663,2.0638018,1.8004397
2.967517,-6.43322,2.0973208,1.8411411
2.970119,-6.495469,2.1332338,1.8602947
2.9780803,-6.5457473,2.1547816,1.8962077
2.9828975,-6.5816603,2.147599,1.958457
2.9898155,-6.655881,2.1404164,1.982399
2.9944994,-6.8809357,2.147599,2.0398598
3.0000618,-6.8809357,2.147599,2.0398598
3.004756,-7.347805,2.0853498,2.0398598
3.0133114,-7.347805,2.0853498,2.0398598
3.0158126,-7.97748,2.0087352,1.9871874
3.0244145,-8.331821,1.9560628,1.9440918
3.0269644,-8.719683,1.9201498,1.8411411
3.0358648,-9.105149,1.8626889,1.7190368
3.038431,-9.828198,1.8459295,1.3934253
3.0458992,-10.180145,1.8315643,1.1707647
3.0484853,-10.551247,1.8315643,0.8834604
3.057248,-11.001357,1.7788919,0.61770403
3.0620704,-11.45865,1.7238252,0.31364042
3.0666983,-11.908759,1.6591818,-0.0047884034
3.0713677,-12.34211,1.5801731,-0.35194764
3.0793004,-12.737153,1.532289,-0.6655881
3.0839822,-13.443442,1.448492,-1.4173675
3.0886436,-13.443442,1.448492,-1.4173675
3.0932987,-14.293385,1.5131354,-2.2864625
3.1005437,-14.293385,1.5131354,-2.2864625
3.1052463,-15.397111,1.7549498,-3.0119057
3.112409,-16.17762,1.6807296,-3.2321723
3.1148937,-17.23107,1.2425907,-3.4524388
3.1198936,-19.737799,-0.81163436,-3.9743748
3.1248934,-19.737799,-0.81163436,-3.9743748
3.1279528,-19.737799,-0.81163436,-3.9743748
3.1332443,-21.861456,-3.3758245,-4.867412
3.1388474,-21.861456,-3.3758245,-4.867412
3.1475284,-22.773647,-4.7165775,-5.3199162
3.1525285,-22.515072,-4.8961425,-5.705383
3.1575468,-22.515072,-4.8961425,-5.705383
3.1662724,-22.072145,-4.43885,-6.4380083
3.1749184,-22.084116,-4.19943,-6.9503675
3.17752,-22.984337,-4.39336,-7.8625584
3.1825202,-23.942017,-5.386954,-8.178593
3.1875203,-23.942017,-5.386954,-8.178593
3.1915262,-23.942017,-5.386954,-8.178593
3.194026,-26.443958,-9.622296,-8.456321
3.2024434,-27.375301,-12.583924,-8.717288
3.2049887,-27.686548,-15.492879,-8.851364
3.2099886,-26.927586,-19.10573,-8.564059
3.2149885,-26.927586,-19.10573,-8.564059
3.2182703,-26.927586,-19.10573,-8.564059
3.223153,-25.342625,-18.39944,-7.5968018
3.2278588,-25.342625,-18.39944,-7.5968018
3.2365146,-22.744917,-15.14572,-6.789956
3.2415147,-21.511902,-13.385982,-6.493075
3.2468712,-21.511902,-13.385982,-6.493075
3.255665,-19.208681,-9.136273,-6.0597243
3.264394,-18.679562,-8.063671,-5.920861
3.2669935,-17.954119,-6.6295447,-5.3079453
3.2719934,-17.721882,-6.184223,-4.781221
3.2769933,-17.721882,-6.184223,-4.781221
3.2809439,-17.721882,-6.184223,-4.781221
3.2834332,-17.106571,-5.7365074,-3.5984852
3.2920027,-16.857574,-5.6407394,-2.9999347
3.2945464,-16.608578,-5.5521536,-2.4708161
3.2995465,-16.426619,-5.4180784,-1.6112977
3.3070168,-16.426619,-5.4180784,-1.6112977
3.311811,-16.795324,-5.2002063,-1.3503298
3.3165958,-16.795324,-5.2002063,-1.3503298
3.3252556,-17.398664,-4.735731,-2.1691468
3.3302555,-17.889475,-4.465186,-2.8993783
3.3352506,-17.889475,-4.465186,-2.8993783
3.3438914,-19.081787,-3.7086184,-5.3462524
3.3526778,-18.950106,-3.5458126,-6.033388
3.355254,-18.207905,-3.4500446,-6.7372837
3.360254,-17.733852,-3.3734303,-6.897695
3.3673954,-17.733852,-3.3734303,-6.897695
3.3721695,-16.910246,-3.1244333,-7.383718
3.3793118,-16.613365,-2.930503,-7.5680714
3.3818073,-16.436195,-2.7485435,-7.702147
3.3868072,-16.180016,-2.6288335,-7.9343843
3.3918073,-16.180016,-2.6288335,-7.9343843
3.3955626,-16.180016,-2.6288335,-7.9343843
3.4009802,-15.8783455,-2.7222073,-8.291121
3.405713,-15.8783455,-2.7222073,-8.291121
3.414376,-15.50485,-2.815581,-8.623915
3.419376,-15.277401,-2.918532,-8.827422
3.4244044,-15.277401,-2.918532,-8.827422
3.4331155,-14.628572,-3.122039,-9.109938
3.4417648,-14.250289,-3.071761,-9.112331
3.4443514,-13.479356,-2.870648,-9.095572
3.4493513,-13.117831,-2.755726,-9.033323
3.4543514,-13.117831,-2.755726,-9.033323
3.4570968,-13.117831,-2.755726,-9.033323
3.4620175,-12.49055,-2.4971523,-8.851364
3.4691403,-12.227188,-2.3558946,-8.669404
3.4716246,-11.932701,-2.2409728,-8.494628
3.476625,-11.216835,-2.0757728,-7.9870567
3.4840412,-11.216835,-2.0757728,-7.9870567
3.4894683,-10.864887,-2.0638018,-7.668628
3.4950194,-10.436325,-2.087744,-7.4028716
3.5036614,-9.61272,-2.3774424,-7.079654
3.5086613,-9.3733,-2.743755,-7.07726
3.513721,-9.3733,-2.743755,-7.07726
3.5225174,-9.7084875,-4.2784386,-7.16824
3.5311253,-9.646238,-4.7429137,-7.1873937
3.533729,-8.944737,-5.604826,-6.8689647
3.538729,-8.322245,-5.9543796,-6.588843
3.5437288,-8.322245,-5.9543796,-6.588843
3.5478892,-8.322245,-5.9543796,-6.588843
3.5503647,-6.9599442,-6.5361705,-6.0597243
3.5583627,-6.2632318,-6.679823,-5.7628436
3.5609071,-5.659893,-6.766014,-5.628768
3.565907,-4.7524905,-6.921637,-5.8226986
3.5709069,-4.7524905,-6.921637,-5.8226986
3.5739934,-4.7524905,-6.921637,-5.8226986
3.5789394,-4.297592,-6.9240313,-6.232107
3.5836627,-4.297592,-6.9240313,-6.232107
3.592461,-4.1491513,-6.8402343,-6.5601125
3.597461,-4.237737,-6.931214,-6.7229185
3.6024396,-4.237737,-6.931214,-6.7229185
3.611163,-4.7668557,-7.2807674,-6.7971387
3.6197748,-4.7740383,-7.3310456,-6.7444663
3.6223547,-4.3957543,-7.249643,-6.6391215
3.6273549,-4.072537,-7.1826053,-6.603208
3.6323547,-4.072537,-7.1826053,-6.603208
3.635125,-4.072537,-7.1826053,-6.603208
3.640009,-3.430891,-7.1131735,-6.682217
3.6471462,-3.1531637,-7.103596,-6.7229185
3.6496377,-2.8682537,-7.1514807,-6.8689647
3.6546378,-2.4229321,-7.359776,-7.524976
3.6620202,-2.4229321,-7.359776,-7.524976
3.6671827,-2.315193,-7.477092,-7.953538
3.6727307,-2.291251,-7.5584946,-8.197746
3.6813726,-2.3582888,-7.565677,-8.259995
3.6863725,-2.3870192,-7.5465236,-8.111555
3.6913877,-2.3870192,-7.5465236,-8.111555
3.7000904,-2.4157495,-7.833828,-7.204153
3.7087023,-2.3654714,-8.099585,-6.849811
3.7112846,-2.3127987,-8.887277,-6.5146227
3.7162848,-2.3989902,-9.325416,-6.38773
3.7233853,-2.3989902,-9.325416,-6.38773
3.7282212,-2.8275523,-9.878476,-6.078878
3.7341335,-2.8275523,-9.878476,-6.078878
3.7428753,-3.335123,-10.357317,-6.3182983
3.7478752,-3.620033,-10.42196,-6.4906807
3.7528832,-3.620033,-10.42196,-6.4906807
3.761629,-4.2521024,-10.309433,-6.6247563
3.7702513,-4.5394063,-10.158598,-6.682217
3.7789884,-5.00867,-9.646238,-7.1395097
3.78759,-5.171476,-9.452309,-7.3286514
3.7901154,-5.4085016,-9.291897,-7.515399
3.7974052,-5.6670756,-9.167398,-7.6375036
3.7999997,-6.0046577,-9.114726,-7.7213006
3.8049996,-6.861782,-9.246407,-7.627927
3.8099997,-6.861782,-9.246407,-7.627927
3.812948,-6.861782,-9.246407,-7.627927
3.817839,-7.675811,-9.421184,-7.350199
3.8230932,-8.008605,-9.543288,-7.189788
3.8317654,-8.53054,-9.77792,-6.64391
3.8367655,-8.693346,-9.816227,-6.289568
3.8418283,-8.693346,-9.816227,-6.289568
3.8505862,-8.652645,-9.682152,-5.4683566
3.8592093,-8.532935,-9.624691,-5.1571107
3.867953,-8.674192,-9.76116,-4.783615
3.876549,-8.973468,-9.883265,-4.8147397
3.8790412,-9.385271,-9.962274,-4.8817773
3.8870492,-9.842564,-10.038888,-5.0541596
3.889631,-10.931925,-10.053253,-5.475539
3.894631,-11.468226,-10.007763,-5.734113
3.9019585,-11.468226,-10.007763,-5.734113
3.9068763,-12.423512,-9.825804,-6.2847795
3.912676,-12.854469,-9.710882,-6.5218053
3.9151711,-13.256695,-9.564836,-6.7923503
3.920171,-14.05157,-9.153033,-7.275979
3.925171,-14.05157,-9.153033,-7.275979
3.9309576,-14.05157,-9.153033,-7.275979
3.9349115,-14.662091,-8.470686,-7.6734166
3.9403641,-14.662091,-8.470686,-7.6734166
3.9490435,-15.246277,-7.836222,-7.884106
3.9540434,-15.5599165,-7.587225,-7.9463553
3.9593813,-15.5599165,-7.587225,-7.9463553
3.968135,-16.21114,-7.1514807,-7.9726915
3.9767246,-16.28536,-7.062895,-7.845799
3.9855556,-16.481684,-7.00304,-7.45315
3.9941819,-16.481684,-7.00304,-7.45315
3.9966476,-16.639702,-7.1371155,-7.2328835
4.0046415,-16.709133,-7.1490865,-7.098808
4.0072083,-16.785748,-7.144298,-7.0964136
4.0122085,-16.891092,-7.038953,-7.015011
4.0194945,-16.891092,-7.038953,-7.015011
4.024266,-17.051504,-6.8929067,-7.103596
4.029051,-17.051504,-6.8929067,-7.103596
4.0377336,-17.161638,-6.751649,-7.177817
4.042733,-17.197552,-6.7205243,-7.2065473
4.0477667,-17.197552,-6.7205243,-7.2065473
4.0565505,-16.97968,-6.447585,-7.153875
4.065199,-16.71871,-6.2512608,-7.1730285
4.0678015,-16.457743,-5.971139,-7.1634517
4.0728016,-15.899894,-5.353435,-7.0940194
4.079913,-15.899894,-5.353435,-7.0940194
4.0847015,-15.342045,-4.88896,-6.9479733
4.0905256,-15.342045,-4.88896,-6.9479733
4.0930357,-15.124172,-4.3598413,-6.603208
4.098036,-15.377957,-3.8163576,-5.9926867
4.1030354,-15.377957,-3.8163576,-5.9926867
4.1089215,-15.377957,-3.8163576,-5.9926867
4.112885,-15.813703,-3.7229836,-5.427655
4.1172457,-15.813703,-3.7229836,-5.427655
4.125921,-15.9022875,-4.060566,-4.7644615
4.130921,-15.698781,-4.280833,-4.477157
4.1359067,-15.698781,-4.280833,-4.477157
4.1446495,-14.688427,-4.4005427,-3.5865142
4.150608,-14.314932,-4.2760444,-3.3925838
4.153357,-13.965379,-4.0701427,-3.2561142
4.158357,-13.64695,-3.8139634,-3.157952
4.1648326,-13.64695,-3.8139634,-3.157952
4.173569,-12.823344,-2.9017725,-2.9352913
4.178868,-12.823344,-2.9017725,-2.9352913
4.1835356,-12.277467,-2.4109612,-2.8419175
4.1921024,-12.277467,-2.4109612,-2.8419175
4.194587,-11.803414,-2.0470424,-2.4756045
4.202001,-11.664551,-1.8746599,-2.1619642
4.2045736,-11.549629,-1.745373,-1.8219875
4.2095737,-11.468226,-1.6927006,-1.5370775
4.2138486,-11.468226,-1.6927006,-1.5370775
4.2165265,-11.405977,-1.7070658,-1.2785037
4.2239933,-11.358093,-1.8363527,-1.0893618
4.2288857,-11.286267,-2.087744,-0.7685388
4.235773,-11.259931,-2.1763294,-0.6751649
4.240423,-11.192893,-2.2050598,-0.60812724
4.245981,-11.113884,-2.1691468,-0.5746084
4.250646,-10.970232,-2.0733786,-0.5674258
4.2572875,-10.82658,-1.9057846,-0.5674258
4.261957,-10.654198,-1.7070658,-0.61291564
4.266682,-10.481815,-1.4628572,-0.61291564
4.271338,-10.333375,-1.2449849,-0.6464345
4.278023,-10.158598,-0.9983821,-0.5746084
4.282686,-9.849746,-0.51235914,-0.47644615
4.2885623,-9.849746,-0.51235914,-0.47644615
4.2910357,-9.586384,-0.20111294,-0.18674773
4.296036,-9.485827,-0.050278235,0.047884032
4.3032866,-9.485827,-0.050278235,0.047884032
4.306734,-9.227253,0.16519992,0.24420857
4.3135457,-9.227253,0.16519992,0.24420857
4.318358,-8.956709,0.24420857,0.4141969
4.3256164,-8.836999,0.32321724,0.47405192
4.3302827,-8.762778,0.4381389,0.50757074
4.334884,-8.683769,0.60094464,0.581791
4.339554,-8.662222,0.7469909,0.581791
4.346792,-8.631097,0.8858546,0.62728083
4.351457,-8.595184,1.0582372,0.63206923
4.356721,-8.590396,1.2162545,0.6344634
4.361391,-8.578424,1.4221559,0.6584055
4.368634,-8.578424,1.4221559,0.6584055
4.3711305,-8.626308,1.6208745,0.6823475
4.3761306,-8.683769,1.7070658,0.6967127
4.3804655,-8.683769,1.7070658,0.6967127
4.3830113,-8.772355,1.769315,0.7206547
4.3880115,-8.856153,1.7788919,0.7661445
4.3923826,-8.856153,1.7788919,0.7661445
4.3958545,-9.148245,1.6400281,0.7422025
4.402994,-9.148245,1.6400281,0.7422025
4.406988,-9.497798,1.3000516,0.7278373
4.4124804,-9.497798,1.3000516,0.7278373
4.4158783,-9.950302,0.92655605,0.641646
4.421656,-9.950302,0.92655605,0.641646
4.4260964,-10.436325,0.60573304,0.48602295
4.432251,-10.436325,0.60573304,0.48602295
4.435643,-10.771513,0.47165772,0.2777274
4.441428,-10.771513,0.47165772,0.2777274
4.4459667,-11.046846,0.5602432,-0.02873042
4.452895,-11.046846,0.5602432,-0.02873042
4.4573827,-11.257536,0.8475474,-0.33997664
4.4627175,-11.382035,1.0151415,-0.51714754
4.4672227,-11.520899,1.1444284,-0.6919243
4.4734926,-11.707646,1.2378023,-0.8523358
4.477983,-11.949461,1.3215994,-1.0247183
4.483376,-12.176909,1.4053963,-1.2545617
4.4878654,-12.4785795,1.4437037,-1.4556746
4.4941344,-12.806585,1.4772224,-1.6879122
4.4986196,-13.232753,1.508347,-1.9081788
4.503991,-13.661315,1.5155296,-2.1428106
4.50862,-14.106636,1.4772224,-2.4349031
4.5149026,-14.566323,1.460463,-2.7246015
4.5193806,-15.037981,1.4293385,-2.992752
4.525031,-15.500062,1.412579,-3.289633
4.5295024,-16.625336,1.2066777,-3.9576154
4.535739,-16.625336,1.2066777,-3.9576154
4.5381203,-17.173609,1.0295067,-4.3263226
4.5431204,-17.985243,0.60094464,-5.023035
4.5483217,-17.985243,0.60094464,-5.023035
4.550774,-18.272547,0.3854665,-5.363012
4.5557747,-18.569427,0.18914193,-5.6239796
4.5601506,-18.569427,0.18914193,-5.6239796
4.562663,-18.828003,0.007182605,-5.9304376
4.5691786,-19.108124,-0.22026655,-6.229713
4.5716677,-19.431341,-0.48841715,-6.5457473
4.576668,-19.788076,-0.82360536,-6.873753
4.5812616,-19.788076,-0.82360536,-6.873753
4.584649,-20.554222,-1.5897499,-7.469909
4.5898747,-20.554222,-1.5897499,-7.469909
4.5943875,-21.519085,-2.8419175,-7.8888946
4.6019616,-21.519085,-2.8419175,-7.8888946
4.6065164,-22.639572,-5.1810527,-8.439561
4.6109176,-23.020248,-6.4284315,-8.7292595
4.6154337,-23.21418,-7.5106106,-8.836999
4.6224236,-23.21418,-7.5106106,-8.836999
4.626948,-23.039402,-8.844181,-8.872911
4.6313143,-22.505495,-9.035717,-8.89446
4.635174,-21.83512,-8.985439,-8.920795
4.6425586,-21.83512,-8.985439,-8.920795
4.647324,-20.719421,-8.135497,-8.892065
4.6518826,-20.300436,-7.5345526,-9.064447
4.6571593,-19.910181,-6.9407907,-9.3733
4.664935,-19.58457,-6.3709707,-9.679757
4.667418,-19.053057,-5.3486466,-9.962274
4.6752353,-18.708292,-4.9559975,-9.986216
4.677784,-18.26776,-4.6806645,-9.957485
4.682784,-17.733852,-4.525041,-9.78989
4.6890397,-17.733852,-4.525041,-9.78989
4.6925073,-16.757017,-4.3143516,-9.200917
4.6996837,-16.757017,-4.3143516,-9.200917
4.7043734,-16.043545,-3.9983168,-8.255207
4.7112737,-16.043545,-3.9983168,-8.255207
4.7146816,-15.514427,-4.120421,-7.261614
4.7200866,-15.157691,-4.489128,-6.787562
4.724773,-14.817715,-5.133168,-6.399701
4.7314262,-14.592659,-5.98311,-6.1123967
4.7361865,-14.630966,-6.8785415,-5.9759274
4.741724,-14.8512335,-7.7428484,-5.9543796
4.746455,-15.040375,-8.403648,-6.208165
4.753275,-15.131354,-8.848969,-6.619968
4.755764,-15.251065,-9.157822,-7.2328835
4.7607646,-14.990097,-9.32781,-7.843405
4.7648683,-14.990097,-9.32781,-7.843405
4.76741,-14.20001,-8.939949,-8.901642
4.77241,-13.486538,-8.51857,-8.899248
4.7784834,-13.486538,-8.51857,-8.899248
4.7872086,-11.990162,-8.408437,-8.738836
4.792501,-11.583148,-9.074024,-8.7771435
4.7971954,-11.683704,-11.7387705,-8.827422
4.8045306,-11.683704,-11.7387705,-8.827422
4.807009,-11.906365,-14.793773,-8.391677
4.812009,-11.566388,-15.957355,-7.771579
4.817009,-11.566388,-15.957355,-7.771579
4.819609,-11.566388,-15.957355,-7.771579
4.825076,-10.151415,-16.99165,-6.217742
4.8319697,-9.222465,-16.843208,-5.6670756
4.835307,-8.772355,-16.19917,-5.41329
4.8411984,-8.453926,-15.368381,-5.494693
4.8460064,-8.020576,-14.408306,-6.133945
4.8526764,-7.4603324,-13.251906,-6.7612257
4.8551464,-6.9719152,-12.061988,-7.302315
4.86371,-6.588843,-11.020511,-7.714118
4.866336,-6.0980315,-9.830592,-8.418014
4.8713355,-6.093243,-9.904813,-8.4108305
4.877463,-6.093243,-9.904813,-8.4108305
4.8862076,-6.5505357,-11.233594,-7.917625
4.891484,-6.9527617,-12.095507,-7.431602
4.8939915,-7.4363904,-12.835316,-6.859388
4.902089,-7.93199,-13.402741,-6.2943563
4.90456,-8.441956,-13.81215,-5.777209
4.913132,-9.548077,-14.33648,-5.0374002
4.915683,-9.945514,-14.523228,-4.9105077
4.920683,-10.218452,-14.72434,-4.8243165
4.9256825,-10.218452,-14.72434,-4.8243165
4.9301085,-10.218452,-14.72434,-4.8243165
4.935053,-10.771513,-15.389929,-5.2265425
4.940974,-11.173739,-15.85201,-5.602432
4.9434996,-11.683704,-16.247053,-6.0142345
4.9484997,-12.203246,-16.577452,-6.325481
4.955469,-12.203246,-16.577452,-6.325481
4.9580817,-13.017275,-16.766594,-6.5816603
4.9659457,-13.266272,-16.515203,-6.423643
4.970779,-13.378799,-16.060305,-6.1938
4.9781356,-13.397953,-15.418659,-5.78918
4.982812,-13.326127,-13.764266,-4.7524905
4.9874177,-13.283031,-12.897565,-4.134786
4.9921613,-13.28782,-12.050017,-3.4524388
4.9994764,-13.244724,-11.281479,-2.5953147
5.0042167,-13.182474,-10.673351,-1.6687586
5.0094852,-13.220781,-10.287885,-0.93373865
5.0141706,-13.28782,-10.0748005,-0.29209262
5.0214353,-13.350069,-10.0748005,0.06943185
5.023933,-13.342886,-10.158598,0.25617957
5.031802,-13.309367,-10.311827,0.30885202
5.034355,-13.778631,-10.9822035,-0.3184288
5.0393553,-14.274231,-11.47062,-0.78050977
5.044355,-14.274231,-11.47062,-0.78050977
5.048846,-14.274231,-11.47062,-0.78050977
5.0537252,-15.9022875,-12.064383,-2.1906946
5.0596566,-16.666039,-11.839328,-2.777274
5.0621533,-17.219099,-11.267113,-3.2249897
5.067153,-17.48246,-10.400413,-3.3925838
5.074176,-17.48246,-10.400413,-3.3925838
5.0768385,-17.329231,-8.046912,-2.5833437
5.084718,-17.027563,-6.76362,-2.0135236
5.0934105,-16.146496,-4.450821,-1.1731589
5.1006045,-15.696386,-3.5051112,-0.8523358
5.103092,-15.32768,-2.7964275,-0.6392518
5.110949,-15.061923,-2.396596,-0.4333505
5.113488,-14.669273,-2.2840683,-0.23702596
5.118488,-14.458584,-2.3702598,-0.095768064
5.1234884,-14.458584,-2.3702598,-0.095768064
5.1278214,-14.458584,-2.3702598,-0.095768064
5.132772,-14.539987,-2.5354595,1.0031705
5.1386223,-14.683639,-2.801216,1.5466543
5.1460557,-14.7315235,-3.41892,2.3750482
5.1510553,-14.67885,-3.6583402,2.7509377
5.1565084,-14.67885,-3.6583402,2.7509377
5.1652436,-14.156915,-3.7469256,3.4739866
5.1738544,-13.996503,-3.6750996,3.5984852
5.182661,-13.39077,-3.2728736,3.4404678
5.1890807,-13.081918,-2.777274,3.5075054
5.1916456,-12.91193,-2.195483,3.6248214
5.2005315,-12.756307,-1.6663644,3.8067808
5.203076,-12.236765,-0.9840169,3.8786068
5.208076,-11.992557,-0.80684596,3.86903
5.213076,-11.992557,-0.80684596,3.86903
5.217416,-11.992557,-0.80684596,3.86903
5.2223587,-11.951855,-0.581791,4.321534
5.2265735,-11.96622,-0.7350199,4.4436383
5.2352676,-11.341333,-1.1899183,4.2760444
5.2402678,-11.058818,-1.1994951,4.2521024
5.2453227,-11.058818,-1.1994951,4.2521024
5.254063,-10.304645,-0.7781156,4.3526587
5.2627506,-9.964667,-0.7398083,4.378995
5.271436,-9.172187,-0.56982,4.333505
5.2791233,-8.868123,-0.3854665,4.4580035
5.281658,-8.588001,-0.18435353,4.572925
5.288938,-8.305486,-0.08140286,4.6591167
5.2914867,-8.094796,-0.06464344,4.6279917
5.296487,-7.7691846,0.074220255,4.7165775
5.301487,-7.7691846,0.074220255,4.7165775
5.3058147,-7.7691846,0.074220255,4.7165775
5.3107905,-7.565677,0.37110126,4.9416323
5.316616,-7.4986396,0.45489833,5.2720323
5.3253393,-7.4723034,0.17717093,5.851429
5.330339,-7.321469,-0.07182605,5.7867856
5.335241,-7.321469,-0.07182605,5.7867856
5.343931,-6.603208,0.2705448,5.5377884
5.352693,-6.349423,0.48362875,5.446809
5.3614407,-5.7269306,0.8523358,5.3223104
5.3664403,-5.470751,1.0103531,5.1810527
5.3718314,-5.470751,1.0103531,5.1810527
5.380604,-4.7046065,1.4077905,5.21936
5.3859186,-4.5561657,1.472434,5.269638
5.388447,-4.4580035,1.5753847,5.3678
5.3963304,-4.402937,1.745373,5.6335564
5.398793,-4.3766007,1.8267759,5.8681884
5.4075646,-4.309563,1.8004397,5.9926867
5.410126,-4.2999864,1.7046716,6.05733
5.415126,-4.3478703,1.757344,6.0166287
5.4201264,-4.3478703,1.757344,6.0166287
5.424461,-4.3478703,1.757344,6.0166287
5.4293404,-4.2999864,2.183512,5.913678
5.4351883,-4.237737,2.4540567,5.9184666
5.4438863,-4.084508,2.9472623,5.8083334
5.4488864,-3.9600096,3.1531637,5.7748146
5.4539847,-3.9600096,3.1531637,5.7748146
5.462724,-3.691859,3.4644098,6.2847795
5.4713917,-3.6463692,3.3686419,6.3542113
5.480128,-3.7062242,3.2728736,6.3949127
5.4851284,-3.763685,3.323152,6.567295
5.490061,-3.763685,3.323152,6.567295
5.498813,-3.845088,3.6128504,6.7564373
5.504182,-3.8426938,3.7325604,6.754043
5.508933,-3.8043866,3.8762126,6.7564373
5.5161695,-3.739743,4.0294414,6.76362
5.518646,-3.632004,4.132392,6.7923503
5.5236454,-3.4093432,4.173094,6.8545995
5.5286455,-3.4093432,4.173094,6.8545995
5.531416,-3.4093432,4.173094,6.8545995
5.535491,-3.110068,4.185065,7.165846
5.5423203,-3.110068,4.185065,7.165846
5.5509872,-2.908955,3.8067808,7.548918
5.559585,-2.861071,3.7612908,7.615956
5.568349,-2.815581,3.7780502,7.788338
5.5757036,-2.791639,3.7541082,7.855376
5.5781765,-2.8275523,3.7253778,7.896077
5.585563,-2.837129,3.715801,7.917625
5.5881133,-2.7940333,3.7469256,7.855376
5.593113,-2.6408045,3.8953662,7.8769236
5.598113,-2.6408045,3.8953662,7.8769236
5.6024027,-2.6408045,3.8953662,7.8769236
5.607294,-2.5306711,3.655946,7.8745294
5.6131306,-2.4995465,3.550601,7.836222
5.6217847,-2.4133554,3.58412,7.836222
5.6267843,-2.27928,3.6224272,7.881712
5.6321335,-2.27928,3.6224272,7.881712
5.6405325,-2.0733786,3.5769374,8.145074
5.649105,-2.0685902,3.5075054,8.183381
5.6578574,-2.1930888,3.383007,8.39886
5.665023,-2.267309,3.3614593,8.523358
5.667586,-2.303222,3.3638535,8.686164
5.674944,-2.3319526,3.3375173,8.925584
5.67751,-2.3798366,3.277662,9.074024
5.68251,-2.4468741,3.1723173,9.186552
5.6875095,-2.4468741,3.1723173,9.186552
5.6912937,-2.4468741,3.1723173,9.186552
5.696375,-2.4899697,3.2609026,9.193734
5.7016053,-2.5378537,3.3063924,9.215282
5.710242,-2.5258827,3.3087866,9.076419
5.715242,-2.5474305,3.3183637,8.9998045
5.719967,-2.5474305,3.3183637,8.9998045
5.728656,-2.5570073,3.4093432,8.860941
5.735962,-2.5761611,3.4883518,8.851364
5.7385693,-2.5139117,3.6822822,8.9758625
5.7435694,-2.4851813,3.7014358,9.119514
5.748569,-2.4851813,3.7014358,9.119514
5.7524323,-2.4851813,3.7014358,9.119514
5.7549095,-2.4732103,3.6152446,9.346964
5.7635727,-2.4516625,3.550601,9.500193
5.766275,-2.4253263,3.442862,9.696517
5.7712746,-2.396596,3.0502129,9.991004
5.776275,-2.396596,3.0502129,9.991004
5.7804303,-2.396596,3.0502129,9.991004
5.7853723,-2.3654714,2.767697,10.072407
5.791295,-2.3080103,2.755726,10.134656
5.7999434,-2.171541,2.8658595,10.101137
5.8049436,-2.1188686,2.9161377,9.959879
5.8098464,-2.1188686,2.9161377,9.959879
5.818533,-2.0231004,3.1292217,9.473856
5.827076,-1.9991584,3.2752678,9.354146
5.835767,-1.8722657,3.5003228,9.121908
5.8424935,-1.8124107,3.6152446,9.0716305
5.844982,-1.7597382,3.643975,9.102755
5.853176,-1.7429788,3.596091,9.172187
5.8557215,-1.7238252,3.4739866,9.220071
5.860721,-1.7525556,3.13401,9.43076
5.865721,-1.7525556,3.13401,9.43076
5.869919,-1.7525556,3.13401,9.43076
5.8748684,-1.6831238,2.834735,9.706094
5.880113,-1.6519991,2.6431987,9.809045
5.888767,-1.5993267,2.2960393,9.909601
5.893767,-1.6304513,2.2744915,9.94312
5.8986793,-1.6304513,2.2744915,9.94312
5.9074044,-1.6232687,2.3391352,9.854534
5.9147134,-1.5490485,2.5737667,9.742006
5.917337,-1.5179238,2.6120741,9.682152
5.922337,-1.4891934,2.6384103,9.583989
5.9273376,-1.4891934,2.6384103,9.583989
5.931539,-1.4891934,2.6384103,9.583989
5.934057,-1.4628572,2.7341783,9.485827
5.9417276,-1.4269443,2.7964275,9.519346
5.9443007,-1.364695,2.837129,9.557653
5.9493003,-1.1683705,2.777274,9.619903
5.9543004,-1.1683705,2.777274,9.619903
5.958708,-1.1683705,2.777274,9.619903
5.963618,-1.0510546,2.6982653,9.706094
5.9695253,-1.0582372,2.6527755,9.763555
5.9720035,-1.067814,2.5905263,9.832987
5.9770036,-1.1133038,2.4468741,9.995792
5.9820037,-1.1133038,2.4468741,9.995792
5.9877357,-1.1133038,2.4468741,9.995792
5.9916744,-1.2210429,2.3582888,10.041282
5.9972587,-1.2210429,2.3582888,10.041282
6.005858,-1.2497733,2.468422,10.084377
6.0108576,-1.2186487,2.5785553,10.0269165
6.0157585,-1.2186487,2.5785553,10.0269165
6.0245185,-1.2114661,2.8419175,9.801862
6.031786,-1.2378023,2.858677,9.758766
6.0343537,-1.2521675,2.8323407,9.674969
6.039354,-1.2066777,2.7820623,9.610326
6.044354,-1.2066777,2.7820623,9.610326
6.048425,-1.2066777,2.7820623,9.610326
6.053348,-1.0606314,2.7246015,9.737218
6.058616,-0.9888053,2.6982653,9.821015
6.0611153,-0.9600749,2.669535,9.861717
6.066115,-0.91458505,2.7222073,9.974244
6.0711155,-0.91458505,2.7222073,9.974244
6.0768857,-0.91458505,2.7222073,9.974244
6.0808444,-1.0414777,2.6144683,10.323798
6.0869794,-1.0414777,2.6144683,10.323798
6.0956783,-1.3144168,2.3127987,10.338163
6.100678,-1.4867992,2.327164,10.261548
6.1057334,-1.4867992,2.327164,10.261548
6.1144643,-1.412579,2.552219,10.024523
6.121143,-1.340753,2.669535,9.856929
6.123723,-1.2665327,2.8299465,9.653421
6.128723,-1.1923125,2.9783869,9.421184
6.1337233,-1.1923125,2.9783869,9.421184
6.137795,-1.1923125,2.9783869,9.421184
6.140267,-1.0773908,3.0430303,9.337387
6.145267,-1.0390835,3.110068,9.361329
6.149833,-1.0390835,3.110068,9.361329
6.152369,-1.0055647,3.1747115,9.390059
6.1573687,-1.0103531,3.2824504,9.473856
6.1623693,-1.0103531,3.2824504,9.473856
6.166809,-1.0103531,3.2824504,9.473856
6.171776,-1.0893618,3.3303347,9.545682
6.17705,-1.1755531,3.3399115,9.591172
6.1795545,-1.2856863,3.3638535,9.615114
6.1845546,-1.4173675,3.2824504,9.667787
6.1895547,-1.4173675,3.2824504,9.667787
6.1955314,-1.4173675,3.2824504,9.667787
6.199471,-1.4628572,3.071761,9.643845
6.205548,-1.4628572,3.071761,9.643845
6.214223,-1.4149733,2.9496565,9.579201
6.2230453,-1.364695,2.980781,9.514558
6.231948,-1.163582,3.205836,9.3182335
6.238645,-1.1468226,3.2872388,9.217676
6.241195,-1.151611,3.335123,9.179369
6.250018,-1.2330139,3.3662477,9.129091
6.2525997,-1.2904748,3.4021606,9.141062
6.2600183,-1.3551182,3.3734303,9.148245
6.2626257,-1.3910311,3.3973722,9.121908
6.271386,-1.3982137,3.4476504,9.141062
6.2763343,-1.3670892,3.3375173,9.382876
6.283446,-1.3790601,3.193865,9.414001
6.288177,-1.376666,3.004723,9.40203
6.2950635,-1.3742718,2.8658595,9.428367
6.2997155,-1.2904748,2.755726,9.469068
6.3055787,-1.2904748,2.755726,9.469068
6.3080854,-1.2114661,2.6886885,9.543288
6.3153095,-1.2114661,2.6886885,9.543288
6.31998,-1.2378023,2.566584,9.464279
6.325844,-1.292869,2.5881321,9.435549
6.3283176,-1.3359646,2.6168625,9.435549
6.3333173,-1.3718776,2.719813,9.394848
6.3385224,-1.3718776,2.719813,9.394848
6.341093,-1.400608,2.813187,9.339781
6.349138,-1.4077905,2.9281087,9.339781
6.3517437,-1.4077905,3.0119057,9.330204
6.356744,-1.4101849,3.0669725,9.284714
6.36241,-1.4101849,3.0669725,9.284714
6.365894,-1.4173675,3.0430303,9.385271
6.370425,-1.4197617,2.9712043,9.397242
6.375104,-1.4341269,2.8658595,9.442732
6.382581,-1.4413095,2.8419175,9.483433
6.387242,-1.4030021,2.8419175,9.524135
6.391867,-1.3311762,2.8514943,9.552865
6.3966837,-1.2976574,2.882619,9.548077
6.4039326,-1.2473791,2.9352913,9.588778
6.4073315,-1.2904748,3.0262709,9.476251
6.412435,-1.2904748,3.0262709,9.476251
6.4171495,-1.3623008,3.0693667,9.397242
6.424523,-1.412579,3.1483753,9.294291
6.4269843,-1.412579,3.241749,9.085996
6.4354196,-1.400608,3.2800562,9.095572
6.4379745,-1.3670892,3.2369606,9.035717
6.442974,-1.340753,3.1723173,9.045294
6.4478393,-1.340753,3.1723173,9.045294
6.450424,-1.3024458,3.074155,9.018958
6.4574113,-1.1731589,3.0023289,9.0716305
6.4599767,-1.0342951,2.9783869,9.126697
6.4649763,-0.93134445,2.9233203,9.188946
6.469577,-0.93134445,2.9233203,9.188946
6.4730406,-0.80205756,2.885013,9.356541
6.480857,-0.866701,2.8299465,9.411607
6.4856796,-0.9504981,2.731784,9.452309
6.49231,-1.0630256,2.6192567,9.495404
6.497051,-1.163582,2.552219,9.524135
6.5026045,-1.2306197,2.528277,9.516952
6.507267,-1.2689269,2.705448,9.421184
6.5139346,-1.2689269,2.705448,9.421184
6.5164924,-1.2737153,3.0478187,9.332599
6.525013,-1.2952632,3.2489316,9.229648
6.527567,-1.2976574,3.3877954,9.141062
6.5363913,-1.3359646,3.4739866,9.109938
6.5389686,-1.3551182,3.4739866,9.157822
6.5464044,-1.376666,3.4141316,9.267955
6.548985,-1.3431472,3.3399115,9.363723
6.5539846,-1.328782,3.2225955,9.531317
6.5581703,-1.328782,3.2225955,9.531317
6.561603,-1.2976574,2.801216,9.873688
6.5686083,-1.2378023,2.6144683,9.993398
6.5732794,-1.2378023,2.5019407,10.065224
6.5817304,-1.2689269,2.456451,10.105926
6.585071,-1.352724,2.585738,10.093954
6.590181,-1.352724,2.585738,10.093954
6.5949273,-1.3814543,2.7246015,9.9790325
6.602216,-1.4221559,2.8443117,9.830592
6.6068854,-1.4796166,3.1651347,9.660604
6.6121707,-1.4796166,3.1651347,9.660604
6.6146817,-1.496376,3.4404678,9.425972
6.6196814,-1.496376,3.4859576,9.344569
6.6258907,-1.496376,3.4859576,9.344569
6.628473,-1.5035586,3.4476504,9.337387
6.635652,-1.508347,3.3686419,9.3733
6.6382213,-1.5298948,3.3423057,9.404425
6.643221,-1.532289,3.277662,9.433155
6.6479774,-1.532289,3.277662,9.433155
6.651426,-1.4796166,3.1507695,9.509769
6.6567984,-1.4796166,3.1507695,9.509769
6.6614523,-1.4820108,3.0358477,9.672575
6.6702175,-1.4820108,3.0358477,9.672575
6.674904,-1.5825673,2.870648,9.730036
6.680523,-1.6112977,2.7988217,9.77792
6.6852517,-1.6448165,2.6623523,9.844957
6.691907,-1.6448165,2.6623523,9.844957
6.694402,-1.6352397,2.6288335,9.765948
6.7029805,-1.6184803,2.6982653,9.742006
6.7055483,-1.5969325,2.7940333,9.636662
6.710548,-1.5251064,2.9257145,9.545682
6.714613,-1.5251064,2.9257145,9.545682
6.717207,-1.4772224,3.0550013,9.512163
6.7247553,-1.4101849,3.1435869,9.504981
6.7273536,-1.3742718,3.1914709,9.481039
6.732353,-1.340753,3.2130187,9.435549
6.7364535,-1.340753,3.2130187,9.435549
6.7399054,-1.30484,3.1914709,9.375694
6.746773,-1.30484,3.1914709,9.375694
6.7514443,-1.3215994,3.1052797,9.382876
6.759947,-1.4101849,3.0310593,9.414001
6.7646255,-1.5466543,2.8562827,9.514558
6.769861,-1.5466543,2.8562827,9.514558
6.774534,-1.553837,2.6599581,9.536105
6.7817893,-1.553837,2.6599581,9.536105
6.7842636,-1.484405,2.6671407,9.533711
6.7914057,-1.4508862,2.719813,9.524135
6.7939615,-1.4532804,2.767697,9.512163
6.7989616,-1.4269443,2.815581,9.507375
6.8042936,-1.4269443,2.815581,9.507375
6.806925,-1.4389153,2.7988217,9.476251
6.8138595,-1.4030021,2.7724855,9.488221
6.816587,-1.3455414,2.717419,9.509769
6.821587,-1.3072342,2.681506,9.476251
6.826373,-1.3072342,2.681506,9.476251
6.8298216,-1.2761095,2.779668,9.385271
6.834402,-1.2761095,2.779668,9.385271
6.8390813,-1.2880806,2.9951463,9.301474
6.844082,-1.2880806,2.9951463,9.301474
6.8482046,-1.2880806,2.9951463,9.301474
6.851589,-1.2401965,3.1675289,9.239224
6.857052,-1.283292,3.2130187,9.23683
6.861791,-1.3455414,3.25372,9.241618
6.868532,-1.3982137,3.25372,9.289502
6.8718495,-1.4269443,3.2632968,9.351752
6.877529,-1.4173675,3.25372,9.397242
6.8822126,-1.4101849,3.2082303,9.469068
6.8889656,-1.4101849,3.1268275,9.557653
6.893638,-1.3910311,2.9520507,9.689334
6.8995566,-1.3910311,2.9520507,9.689334
6.9020534,-1.3742718,2.789245,9.775525
6.9070535,-1.3479356,2.755726,9.758766
6.9124804,-1.3479356,2.755726,9.758766
6.915049,-1.3263878,2.743755,9.694122
6.9228587,-1.2689269,2.8083985,9.67018
6.92544,-1.2401965,2.9041667,9.595961
6.9343014,-1.2282255,2.980781,9.524135
6.9377584,-1.2617443,3.1771057,9.390059
6.9445195,-1.2617443,3.1771057,9.390059
6.9492583,-1.3694834,3.2968156,9.323022
6.9578314,-1.3838485,3.3039982,9.399636
6.9611354,-1.4077905,3.2968156,9.43076
6.9662538,-1.4173675,3.2680852,9.490616
6.9709587,-1.42455,3.2106245,9.5385
6.9782796,-1.4173675,3.1124623,9.603143
6.9807796,-1.4197617,3.0358477,9.653421
6.989194,-1.412579,2.908955,9.706094
6.99176,-1.3814543,2.885013,9.701305
6.99676,-1.3575124,2.861071,9.68694
7.0020533,-1.3575124,2.861071,9.68694
7.0046563,-1.3263878,2.8898015,9.694122
7.011706,-1.2904748,2.908955,9.655815
7.014287,-1.3096284,2.944868,9.634268
7.019287,-1.3311762,2.930503,9.560047
7.023767,-1.3311762,2.930503,9.560047
7.0273576,-1.400608,2.9999347,9.5385
7.031909,-1.400608,2.9999347,9.5385
7.037612,-1.4269443,3.0693667,9.528923
7.0463624,-1.4269443,3.0693667,9.528923
7.051055,-1.4053963,3.0933087,9.524135
7.0567403,-1.3910311,3.0885203,9.507375
7.06147,-1.3694834,3.0358477,9.457097
7.068179,-1.3694834,3.0358477,9.457097
7.070647,-1.2904748,3.016694,9.44752
7.078717,-1.2737153,3.0310593,9.471462
7.0812545,-1.2521675,3.0502129,9.452309
7.0862546,-1.1994951,3.0358477,9.471462
7.09072,-1.1994951,3.0358477,9.471462
7.093302,-1.1803415,3.0430303,9.409213
7.1009164,-1.2186487,3.040636,9.416395
7.1035104,-1.2330139,3.0693667,9.397242
7.1085105,-1.2737153,3.0358477,9.406818
7.11271,-1.2737153,3.0358477,9.406818
7.116212,-1.3599066,2.9735985,9.378088
7.122227,-1.3599066,2.9735985,9.378088
7.1268954,-1.4652514,2.932897,9.442732
7.1354804,-1.4652514,2.932897,9.442732
7.140172,-1.5466543,2.9137435,9.5385
7.145449,-1.5586253,2.8993783,9.588778
7.150155,-1.5586253,2.954445,9.562442
7.1574583,-1.5442601,3.0023289,9.562442
7.1599355,-1.4101849,3.064578,9.605537
7.167195,-1.4101849,3.064578,9.605537
7.1697383,-1.2976574,3.0909145,9.564836
7.1747384,-1.283292,3.1172507,9.5385
7.1800675,-1.283292,3.1172507,9.5385
7.1826735,-1.2952632,3.1004913,9.476251
7.189589,-1.2976574,3.0933087,9.476251
7.192183,-1.292869,3.052607,9.425972
7.197183,-1.328782,3.0454245,9.382876
7.2016406,-1.328782,3.0454245,9.382876
7.205082,-1.3479356,3.004723,9.397242
7.2096543,-1.3479356,3.004723,9.397242
7.215778,-1.4149733,3.0023289,9.320627
7.224443,-1.4149733,3.0023289,9.320627
7.2291527,-1.3862427,3.0334535,9.28232
7.2350035,-1.3934253,3.0478187,9.25359
7.2397285,-1.4293385,3.0262709,9.361329
7.246463,-1.4293385,3.0262709,9.361329
7.24896,-1.5035586,2.9376855,9.44752
7.2555776,-1.5035586,2.9376855,9.44752
7.258315,-1.4987702,2.930503,9.481039
7.2633147,-1.4748282,2.8754363,9.603143
7.268484,-1.4748282,2.8754363,9.603143
7.271062,-1.4652514,2.837129,9.67018
7.2785926,-1.4652514,2.822764,9.682152
7.2812037,-1.4748282,2.8203697,9.713276
7.2900925,-1.4556746,2.822764,9.744401
7.293566,-1.4867992,2.8874073,9.76116
7.300367,-1.4867992,2.8874073,9.76116
7.305086,-1.6759412,2.9712043,9.627085
7.31369,-1.6759412,2.9712043,9.627085
7.3184958,-1.5993267,3.2010477,9.7084875
7.32373,-1.6903064,3.217807,9.703699
7.3284597,-2.0518308,3.1651347,9.622296
7.3357425,-1.9273324,3.074155,9.660604
7.338219,-1.5777789,3.0214825,9.902418
7.3451924,-1.5777789,3.0214825,9.902418
7.3477707,-1.5586253,2.9712043,9.981427
7.3527713,-1.6160861,2.7222073,10.031705
7.3580775,-1.6160861,2.7222073,10.031705
7.3606596,-1.6424223,2.5689783,10.038888
7.367607,-1.661576,2.4827871,10.058042
7.370212,-1.6304513,2.4277205,10.022128
7.3752117,-1.5610195,2.4157495,10.022128
7.3796782,-1.5610195,2.4157495,10.022128
7.3831325,-1.4413095,2.468422,9.9550905
7.3877263,-1.4413095,2.468422,9.9550905
7.393465,-1.3431472,2.60968,9.895236
7.4007335,-1.2354081,2.731784,9.785102
7.4053993,-1.0151415,2.885013,9.694122
7.4125404,-1.0366893,2.8754363,9.672575
7.4172235,-1.1228806,2.834735,9.624691
7.423925,-1.1563994,2.777274,9.572019
7.426565,-1.1180922,2.7150247,9.531317
7.4347615,-0.9696517,2.6384103,9.543288
7.437337,-0.6823475,2.4660277,9.514558
7.4423375,-0.6488287,2.3918076,9.52174
7.446727,-0.6488287,2.3918076,9.52174
7.4493203,-0.7158663,2.315193,9.536105
7.456927,-0.7733272,2.3391352,9.564836
7.4595275,-0.80684596,2.468422,9.528923
7.4683604,-0.830788,2.6767175,9.512163
7.4718113,-0.7302315,3.0238767,9.490616
7.4784455,-0.7302315,3.0238767,9.490616
7.4831257,-0.557849,2.7748797,9.454702
7.491699,-0.557849,2.7748797,9.454702
7.4950423,-0.6655881,2.779668,9.272743
7.5001464,-0.6967127,2.8993783,9.296685
7.504833,-0.6967127,2.980781,9.25359
7.512166,-0.6991069,2.9975405,9.188946
7.514664,-0.7326257,2.9951463,9.090784
7.5231752,-0.79966336,2.9903579,9.028535
7.525724,-0.8834604,3.0454245,9.004593
7.530724,-0.93134445,3.0789435,9.0476885
7.5360537,-0.93134445,3.0789435,9.0476885
7.5386477,-0.9983821,3.1316159,9.186552
7.54556,-1.0295067,3.0933087,9.31105
7.5481405,-1.0390835,3.0454245,9.380483
7.55314,-1.0606314,2.9759927,9.490616
7.557611,-1.0606314,2.9759927,9.490616
7.5610595,-1.1587936,2.834735,9.751583
7.5657907,-1.1587936,2.834735,9.751583
7.571488,-1.1971009,2.7844565,9.832987
7.578776,-1.2282255,2.743755,9.880871
7.583488,-1.2449849,2.6791117,9.969456
7.588105,-1.2401965,2.7030537,9.976639
7.592838,-1.2425907,2.753332,9.928755
7.6014166,-1.2425907,2.753332,9.928755
7.6038966,-1.2162545,2.9496565,9.787497
7.6127377,-1.1444284,3.0454245,9.694122
7.6153107,-1.0965444,3.122039,9.643845
7.6203113,-1.0486604,3.1483753,9.540894
7.624653,-1.0486604,3.1483753,9.540894
7.627237,-1.055843,3.122039,9.481039
7.6348133,-1.0390835,3.095703,9.440337
7.6374006,-1.043872,3.0430303,9.425972
7.6462374,-1.0414777,2.908955,9.466674
7.649693,-1.0223241,2.8538885,9.461885
7.655846,-1.0079589,2.791639,9.409213
7.660558,-1.0127473,2.7461493,9.392453
7.667239,-1.0390835,2.719813,9.41879
7.6719155,-1.0821792,2.6192567,9.490616
7.6775217,-1.0821792,2.6192567,9.490616
7.6821933,-1.1468226,2.5378537,9.524135
7.6908216,-1.1468226,2.5378537,9.524135
7.6933246,-1.1348516,2.6862943,9.440337
7.7011743,-1.0941502,2.815581,9.414001
7.703749,-1.067814,2.918532,9.409213
7.7087493,-1.0654198,3.0119057,9.3661175
7.7140036,-1.0654198,3.0119057,9.3661175
7.716651,-1.0630256,3.0765493,9.289502
7.72363,-1.067814,3.0765493,9.301474
7.7262797,-1.0702082,3.0573955,9.272743
7.7312794,-1.0965444,3.0190883,9.313444
7.7357354,-1.0965444,3.0190883,9.313444
7.7392097,-1.091756,2.9975405,9.387665
7.7438245,-1.0989386,2.9400797,9.392453
7.7495136,-1.1013328,2.861071,9.411607
7.756861,-1.1133038,2.777274,9.43076
7.761531,-1.079785,2.7006595,9.516952
7.7662563,-1.0654198,2.681506,9.507375
7.770922,-1.0630256,2.695871,9.528923
7.7794914,-1.0630256,2.695871,9.528923
7.7819915,-1.0462662,2.743755,9.648633
7.7907662,-1.055843,2.791639,9.701305
7.7933106,-1.055843,2.80361,9.7084875
7.7983108,-1.0941502,2.8514943,9.68694
7.8027816,-1.0941502,2.8514943,9.68694
7.8053565,-1.1707647,2.920926,9.653421
7.8128633,-1.1899183,2.96881,9.61272
7.81546,-1.1899183,2.9999347,9.560047
7.8243036,-1.163582,3.0095115,9.557653
7.827756,-1.13964,3.0023289,9.591172
7.8345385,-1.1204864,2.932897,9.622296
7.839258,-1.0749966,2.7724855,9.617508
7.8461742,-1.0749966,2.7724855,9.617508
7.8508954,-1.0510546,2.741361,9.583989
7.8564644,-1.0271125,2.779668,9.555259
7.8611703,-1.0055647,2.8323407,9.52174
7.8698664,-0.9959879,2.8802247,9.526528
7.8723474,-1.0079589,2.930503,9.497798
7.879162,-1.0151415,2.9759927,9.497798
7.881729,-1.0534488,2.9735985,9.457097
7.886729,-1.0749966,2.9759927,9.454702
7.892028,-1.0749966,2.9759927,9.454702
7.894606,-1.1348516,3.0023289,9.519346
7.9016495,-1.1180922,3.0358477,9.579201
7.9042406,-1.1085154,3.0478187,9.600749
7.9092407,-1.0749966,3.0382419,9.615114
7.9136815,-1.0749966,3.0382419,9.615114
7.9172745,-1.043872,3.0142999,9.631873
7.9218574,-1.0534488,2.9951463,9.648633
7.9266706,-1.043872,2.920926,9.651027
7.934743,-1.043872,2.8491,9.636662
7.939455,-1.0606314,2.753332,9.572019
7.9440513,-1.0606314,2.753332,9.572019
7.9487677,-1.0654198,2.8682537,9.576807
7.9573336,-1.0654198,2.8682537,9.576807
7.9598284,-1.0414777,3.004723,9.569624
7.968771,-1.0534488,3.071761,9.540894
7.971338,-1.079785,3.064578,9.5385
7.976338,-1.091756,3.0597897,9.593566
7.980677,-1.091756,3.0597897,9.593566
7.9832606,-1.1563994,2.9831753,9.586384
7.9909816,-1.1827357,2.9017725,9.624691
7.9935637,-1.1994951,2.834735,9.595961
8.002497,-1.2114661,2.8107927,9.55047
8.005939,-1.1827357,2.8203697,9.536105
8.013477,-1.1348516,2.8419175,9.543288
8.018138,-1.0366893,2.9113493,9.504981
8.026706,-1.0366893,2.9113493,9.504981
8.029186,-0.9816227,2.918532,9.483433
8.037402,-0.9911995,2.9161377,9.485827
8.039971,-1.0223241,2.89459,9.476251
8.044971,-1.067814,2.8898015,9.531317
8.049906,-1.067814,2.8898015,9.531317
8.052493,-1.0941502,2.7988217,9.588778
8.059461,-1.1085154,2.7700913,9.662998
8.062067,-1.1300632,2.777274,9.694122
8.067067,-1.115698,2.858677,9.665392
8.071867,-1.115698,2.858677,9.665392
8.075316,-1.0941502,2.9616275,9.653421
8.079952,-1.067814,3.0190883,9.600749
8.085891,-1.043872,3.086126,9.543288
8.093192,-1.0414777,3.1316159,9.502586
8.097867,-1.0223241,3.181894,9.423578
8.102447,-1.0223241,3.181894,9.423578
8.10712,-1.0031705,3.0885203,9.339781
8.114435,-1.0031705,3.0885203,9.339781
8.119085,-1.0175357,2.9783869,9.3182335
8.126154,-1.0366893,2.9352913,9.315839
8.128628,-1.0486604,2.906561,9.3421755
8.133628,-1.0223241,2.920926,9.385271
8.138317,-1.0223241,2.920926,9.385271
8.140909,-0.9864111,2.918532,9.512163
8.148636,-0.9864111,2.918532,9.512163
8.151216,-0.9864111,2.9161377,9.552865
8.156216,-1.0127473,2.9113493,9.572019
8.160372,-1.0127473,2.9113493,9.572019
8.163824,-1.0319009,2.9137435,9.56723
8.170507,-1.0414777,2.9472623,9.605537
8.175297,-1.0534488,2.9616275,9.627085
8.1822,-1.0151415,2.932897,9.679757
8.186866,-0.94570965,2.89459,9.65821
8.192525,-0.94570965,2.89459,9.65821
8.197196,-0.92655605,2.9137435,9.629479
8.2057905,-0.92655605,2.9137435,9.629479
8.208268,-0.94570965,2.9017725,9.615114
8.215397,-0.9816227,2.8778305,9.643845
8.217939,-0.9816227,2.8538885,9.622296
8.222939,-0.9816227,2.837129,9.660604
8.228203,-0.9816227,2.837129,9.660604
8.230849,-0.9744401,2.8299465,9.662998
8.237757,-0.9720459,2.873042,9.667787
8.240351,-0.9911995,2.908955,9.677363
8.245351,-1.0127473,2.966416,9.696517
8.250149,-1.0127473,2.966416,9.696517
8.253595,-1.0319009,2.956839,9.64145
8.258475,-1.043872,2.9616275,9.615114
8.263217,-1.0582372,2.956839,9.622296
8.270934,-1.0295067,2.9017725,9.662998
8.275672,-1.0247183,2.8395233,9.660604
8.280271,-1.0199299,2.813187,9.65821
8.284948,-1.0295067,2.7700913,9.65821
8.29225,-1.0414777,2.7509377,9.651027
8.296023,-0.9983821,2.80361,9.61272
8.300626,-0.9983821,2.80361,9.61272
8.30538,-1.0295067,2.837129,9.605537
8.312691,-1.0295067,2.837129,9.605537
8.317374,-1.0893618,2.8921957,9.576807
8.324609,-1.1228806,2.932897,9.572019
8.327107,-1.1563994,2.96881,9.557653
8.332108,-1.151611,3.004723,9.593566
8.336452,-1.151611,3.004723,9.593566
8.339017,-1.1133038,3.0310593,9.653421
8.346729,-1.1133038,3.0310593,9.653421
8.349337,-1.1228806,2.9640217,9.65821
8.358197,-1.1348516,2.9376855,9.662998
8.36302,-1.0965444,2.9137435,9.662998
8.368587,-1.0654198,2.8658595,9.643845
8.373322,-1.0414777,2.846706,9.615114
8.380238,-1.0151415,2.846706,9.617508
8.384956,-0.9983821,2.885013,9.540894
8.390508,-0.9983821,2.885013,9.540894
8.395239,-1.0103531,2.9041667,9.490616
8.403814,-1.0103531,2.9041667,9.490616
8.406426,-1.0534488,2.918532,9.461885
8.413213,-1.0630256,2.908955,9.488221
8.415784,-1.091756,2.908955,9.481039
8.420784,-1.1085154,2.930503,9.519346
8.42603,-1.1085154,2.930503,9.519346
8.428636,-1.127669,2.9257145,9.595961
8.435539,-1.127669,2.9257145,9.595961
8.438128,-1.1492168,2.885013,9.665392
8.443129,-1.1492168,2.885013,9.665392
8.447594,-1.1492168,2.885013,9.665392
8.451038,-1.1420342,2.8898015,9.653421
8.455767,-1.1587936,2.8874073,9.689334
8.461478,-1.1324574,2.882619,9.701305
8.46879,-1.1324574,2.8898015,9.730036
8.473476,-1.1133038,2.8802247,9.727641
8.478082,-1.0773908,2.920926,9.713276
8.482738,-1.0893618,2.9592333,9.643845
8.4900465,-1.0941502,3.0071173,9.600749
8.494721,-1.0965444,3.0238767,9.562442
8.499368,-1.0965444,3.0238767,9.562442
8.504045,-1.0749966,2.9759927,9.488221
8.509045,-1.0749966,2.9759927,9.488221
8.513259,-1.0749966,2.9759927,9.488221
8.515724,-1.0319009,2.9496565,9.459491
8.523243,-1.055843,2.9017725,9.469068
8.52579,-1.0630256,2.9137435,9.490616
8.53079,-1.067814,2.9017725,9.488221
8.534837,-1.067814,2.9017725,9.488221
8.53744,-1.055843,2.9496565,9.476251
8.544976,-1.055843,2.9496565,9.476251
8.547582,-1.0726024,3.0071173,9.507375
8.556384,-1.0821792,2.9903579,9.543288
8.561223,-1.0941502,2.9759927,9.562442
8.565954,-1.1204864,2.9616275,9.533711
8.5706835,-1.1180922,2.954445,9.516952
8.577579,-1.1372458,2.9592333,9.526528
8.58229,-1.1300632,2.9592333,9.519346
8.587839,-1.1228806,2.96881,9.509769
8.592565,-1.1420342,2.9616275,9.437943
8.60148,-1.1420342,2.9616275,9.437943
8.60398,-1.1779473,2.96881,9.43076
8.610936,-1.1707647,2.9233203,9.428367
8.613487,-1.1587936,2.8993783,9.437943
8.618486,-1.1109096,2.8898015,9.500193
8.623445,-1.1109096,2.8898015,9.500193
8.626029,-1.0893618,2.8921957,9.512163
8.632965,-1.0271125,2.906561,9.516952
8.635543,-1.043872,2.9257145,9.516952
8.640542,-1.0127473,2.908955,9.524135
8.645056,-1.0127473,2.908955,9.524135
8.64852,-1.0055647,2.885013,9.555259
8.654449,-1.0079589,2.8538885,9.603143
8.659148,-0.9911995,2.8299465,9.603143
8.665853,-0.9888053,2.822764,9.610326
8.670532,-0.9696517,2.8179753,9.627085
8.675145,-0.9744401,2.8419175,9.603143
8.679874,-0.9768343,2.858677,9.581595
8.68612,-1.0055647,2.896984,9.526528
8.69112,-0.9911995,3.016694,9.457097
8.697761,-0.9911995,3.016694,9.457097
8.704441,-0.9768343,3.016694,9.435549
8.708368,-0.9792285,2.9951463,9.43076
8.714962,-0.9983821,2.9855695,9.49301
8.719621,-0.9888053,2.966416,9.514558
8.725192,-1.0103531,2.9496565,9.533711
8.729854,-1.0223241,2.9113493,9.555259
8.736758,-1.0390835,2.908955,9.598354
8.741436,-1.1204864,2.9233203,9.662998
8.746165,-1.1204864,2.9233203,9.662998
8.750855,-1.1611878,2.9640217,9.655815
8.7577915,-1.1611878,2.9640217,9.655815
8.762452,-1.163582,3.0238767,9.600749
8.768326,-1.1707647,3.028665,9.56723
8.770814,-1.1444284,3.0765493,9.514558
8.775813,-1.1061212,3.0885203,9.504981
8.78328,-1.1061212,3.0885203,9.504981
8.786755,-1.0462662,3.074155,9.485827
8.792801,-1.0247183,3.0334535,9.435549
8.797485,-1.0414777,2.96881,9.485827
8.804938,-1.0199299,2.918532,9.445126
8.809597,-1.0247183,2.8682537,9.464279
8.814218,-1.055843,2.8802247,9.464279
8.81889,-1.0486604,2.8634653,9.473856
8.82637,-1.0319009,2.858677,9.495404
8.831038,-1.0390835,2.8874073,9.488221
8.835706,-1.0390835,2.8874073,9.488221
8.840389,-1.0749966,2.8898015,9.516952
8.847669,-1.0749966,2.8898015,9.516952
8.850152,-1.103727,2.870648,9.516952
8.855153,-1.103727,2.89459,9.536105
8.8600445,-1.103727,2.89459,9.536105
8.86259,-1.0965444,2.8993783,9.5385
8.86759,-1.0534488,2.8898015,9.562442
8.872248,-1.0534488,2.8898015,9.562442
8.875698,-1.0103531,2.8562827,9.646238
8.882575,-1.0319009,2.825158,9.65821
8.887275,-1.0319009,2.8395233,9.655815
8.8941965,-1.0271125,2.80361,9.662998
8.898886,-1.0319009,2.791639,9.665392
8.904452,-1.0295067,2.7964275,9.65821
8.909132,-1.0582372,2.813187,9.682152
8.91605,-1.043872,2.8299465,9.682152
8.920725,-1.0366893,2.8754363,9.617508
8.92659,-1.0366893,2.8754363,9.617508
8.929084,-0.9983821,2.918532,9.579201
8.934084,-0.9911995,2.885013,9.588778
8.941182,-0.9911995,2.885013,9.588778
8.944628,-0.9768343,2.846706,9.593566
8.951157,-0.9528923,2.8514943,9.595961
8.955909,-0.9528923,2.8514943,9.572019
8.963752,-0.92416185,2.8538885,9.581595
8.968473,-0.90261406,2.8514943,9.603143
8.9730835,-0.8858546,2.8634653,9.627085
8.97779,-0.866701,2.8491,9.622296
8.98511,-0.90021986,2.858677,9.64145
8.989799,-0.90021986,2.9017725,9.610326
8.995071,-0.90021986,2.9017725,9.610326
8.999758,-0.94331545,2.9496565,9.564836
9.008375,-0.94331545,2.9496565,9.564836
9.010843,-0.9983821,2.9496565,9.483433
9.01821,-0.9911995,2.9496565,9.473856
9.020758,-0.9600749,2.9520507,9.404425
9.025758,-0.90979666,2.966416,9.392453
9.030001,-0.90979666,2.966416,9.392453
9.03346,-0.8523358,2.9640217,9.40203
9.040785,-0.8595184,2.918532,9.428367
9.045466,-0.8571242,2.8802247,9.454702
9.052585,-0.8738836,2.8754363,9.440337
9.057285,-0.89782566,2.8634653,9.421184
9.06283,-0.9624691,2.861071,9.435549
9.0674925,-0.9792285,2.882619,9.43076
9.074455,-0.9911995,2.920926,9.464279
9.0769615,-1.0103531,2.9903579,9.44752
9.083383,-1.0103531,2.9903579,9.44752
9.088077,-1.0295067,2.992752,9.466674
9.09484,-1.0749966,2.9975405,9.507375
9.09734,-1.0702082,3.0478187,9.610326
9.10234,-1.079785,3.040636,9.595961
9.107818,-1.079785,3.040636,9.595961
9.110393,-1.0486604,3.0095115,9.631873
9.115392,-1.0247183,2.9759927,9.631873
9.11952,-1.0247183,2.9759927,9.631873
9.124506,-0.9864111,2.8491,9.710882
9.129085,-1.0007763,2.779668,9.742006
9.133754,-1.0175357,2.707842,9.715671
9.141731,-1.0175357,2.707842,9.715671
9.146474,-1.0055647,2.6862943,9.679757
9.151089,-0.9864111,2.7222073,9.7084875
9.155824,-0.9816227,2.741361,9.61272
9.163151,-0.9840169,2.777274,9.555259
9.167846,-0.9528923,2.8993783,9.478644
9.173131,-0.9528923,2.8993783,9.478644
9.177819,-0.94810385,2.9759927,9.382876
9.186397,-0.94810385,2.9759927,9.382876
9.188867,-0.9672575,2.9975405,9.339781
9.196773,-0.9624691,2.954445,9.323022
9.199371,-0.9864111,2.9041667,9.346964
9.208034,-0.9911995,2.882619,9.3661175
9.212867,-1.0127473,2.8993783,9.390059
9.218433,-1.0127473,2.8993783,9.390059
9.223104,-0.9911995,2.920926,9.504981
9.230188,-0.9840169,2.861071,9.576807
9.234863,-0.9648633,2.80361,9.643845
9.240415,-0.9888053,2.767697,9.706094
9.245116,-1.0223241,2.7461493,9.746795
9.252002,-1.0031705,2.753332,9.794679
9.25683,-0.9864111,2.7748797,9.76116
9.262692,-0.9864111,2.7748797,9.76116
9.265171,-0.9816227,2.813187,9.77792
9.270172,-1.0989386,2.8275523,9.7084875
9.2769375,-1.0989386,2.8275523,9.7084875
9.279544,-1.1348516,2.813187,9.651027
9.286126,-1.1348516,2.822764,9.65821
9.288772,-1.1109096,2.837129,9.631873
9.29758,-1.1420342,2.8874073,9.607931
9.302409,-1.1300632,2.8874073,9.588778
9.307032,-1.1468226,2.896984,9.560047
9.311722,-1.127669,2.920926,9.552865
9.3195,-1.127669,2.920926,9.552865
9.324182,-1.0726024,2.896984,9.600749
9.328821,-1.0295067,2.8514943,9.61272
9.333777,-1.0319009,2.7964275,9.572019
9.341456,-1.0295067,2.7629087,9.576807
9.344012,-1.0630256,2.741361,9.576807
9.349012,-1.1133038,2.6647465,9.64145
9.355028,-1.1133038,2.6647465,9.64145
9.357618,-1.1348516,2.6120741,9.651027
9.366115,-1.1587936,2.552219,9.674969
9.370937,-1.2401965,2.492364,9.648633
9.376617,-1.2401965,2.492364,9.648633
9.381313,-1.271321,2.5929205,9.598354
9.388015,-1.271321,2.5929205,9.598354
9.3926935,-1.2856863,2.7126305,9.52174
9.39826,-1.283292,2.801216,9.44752
9.402932,-1.2665327,2.8802247,9.416395
9.409993,-1.2378023,2.96881,9.433155
9.414687,-1.163582,3.0095115,9.40203
9.42052,-1.163582,3.0095115,9.40203
9.425206,-1.127669,2.9999347,9.380483
9.433768,-1.127669,2.9999347,9.380483
9.436401,-1.1563994,2.9855695,9.40203
9.443662,-1.1755531,2.9951463,9.423578
9.447141,-1.1779473,3.0334535,9.390059
9.453974,-1.1587936,3.0765493,9.3661175
9.456382,-1.1587936,3.095703,9.385271
9.463547,-1.1707647,3.0909145,9.404425
9.466031,-1.13964,3.0789435,9.397242
9.474437,-1.115698,3.074155,9.409213
9.476947,-1.0893618,3.0502129,9.406818
9.483834,-1.043872,3.0358477,9.414001
9.48646,-0.94810385,2.9999347,9.464279
9.495231,-0.89064306,2.9616275,9.497798
9.499875,-1.0462662,2.825158,9.528923
9.504301,-1.0462662,2.825158,9.528923
9.508783,-0.9624691,2.7509377,9.595961
9.51667,-0.9624691,2.7509377,9.595961
9.521175,-0.94810385,2.7485435,9.655815
9.525629,-0.9672575,2.8083985,9.715671
9.530112,-0.9504981,2.861071,9.720459
9.537053,-0.9504981,2.861071,9.720459
9.54156,-0.90261406,2.837129,9.7324295
9.546094,-0.9959879,2.8107927,9.65821
9.550598,-1.0151415,2.822764,9.634268
9.557544,-1.0295067,2.885013,9.646238
9.562026,-0.9840169,2.9712043,9.737218
9.566492,-0.89782566,3.052607,9.744401
9.57099,-0.79248077,3.110068,9.588778
9.578282,-0.7469909,3.1747115,9.516952
9.582775,-0.7445967,3.2154129,9.500193
9.587645,-0.79487497,3.1316159,9.607931
9.592142,-0.8619126,2.9281087,9.694122
9.599158,-0.93373865,2.6839,9.80665
9.6015415,-0.91937345,2.4253263,9.830592
9.606542,-0.8643068,2.2290018,9.921572
9.611827,-0.8643068,2.2290018,9.921572
9.614309,-0.91697925,2.2720973,9.89763
9.622388,-0.9888053,2.3678656,9.876082
9.624866,-1.0223241,2.504335,9.799467
9.632438,-1.0151415,2.633622,9.746795
9.634917,-1.0031705,2.7964275,9.674969
9.642428,-0.9648633,2.930503,9.574412
9.6449,-0.93852705,3.0334535,9.516952
9.652478,-0.92176765,3.1172507,9.445126
9.656206,-0.92895025,3.1675289,9.399636
9.664179,-0.9528923,3.1866825,9.404425
9.669009,-1.0127473,3.1603463,9.445126
9.674578,-1.0103531,3.1364043,9.519346
9.679247,-1.0295067,3.0502129,9.610326
9.686198,-1.0319009,2.9640217,9.68694
9.690859,-1.0486604,2.858677,9.76116
9.696666,-1.0821792,2.755726,9.854534
9.701345,-1.0821792,2.6719291,9.880871
9.708019,-1.091756,2.6264393,9.92636
9.710484,-1.1300632,2.597709,9.923966
9.715484,-1.1324574,2.6408045,9.945514
9.719641,-1.1324574,2.6408045,9.945514
9.722191,-1.1420342,2.7341783,9.911995
9.727191,-1.151611,2.8323407,9.876082
9.732786,-1.151611,2.8323407,9.876082
9.7377405,-1.1731589,2.9903579,9.773131
9.742339,-1.1731589,2.9903579,9.773131
9.747023,-1.2210429,3.004723,9.76116
9.754709,-1.2761095,3.0071173,9.744401
9.759431,-1.3239936,3.064578,9.639056
9.7640295,-1.328782,3.095703,9.607931
9.76878,-1.3096284,3.1148565,9.56723
9.776092,-1.3192052,3.13401,9.588778
9.780763,-1.3215994,3.1435869,9.603143
9.78603,-1.3455414,3.110068,9.622296
9.7906885,-1.364695,3.0430303,9.617508
9.797985,-1.3718776,2.9592333,9.651027
9.800453,-1.412579,2.873042,9.629479
9.80805,-1.412579,2.873042,9.629479
9.810611,-1.4149733,2.8419175,9.629479
9.815612,-1.4149733,2.8419175,9.629479
9.821112,-1.4149733,2.8419175,9.629479
9.826193,-1.388637,2.885013,9.56723
9.831731,-1.388637,2.885013,9.56723
9.835133,-1.376666,2.9113493,9.548077
9.842984,-1.376666,2.9113493,9.548077
9.847678,-1.3910311,2.873042,9.471462
9.853225,-1.3862427,2.906561,9.43076
9.857897,-1.3790601,2.908955,9.370906
9.864811,-1.3575124,2.906561,9.351752
9.869501,-1.352724,2.8993783,9.349358
9.875362,-1.3359646,2.908955,9.3421755
9.88005,-1.3239936,2.9281087,9.315839
9.886773,-1.2808979,2.944868,9.330204
9.889265,-1.2354081,2.9616275,9.323022
9.897659,-1.1947067,2.9999347,9.323022
9.90021,-1.1252748,2.9999347,9.320627
9.90521,-1.1133038,2.992752,9.334992
9.910769,-1.1133038,2.992752,9.334992
9.9158535,-1.1420342,2.9640217,9.363723
9.92044,-1.1420342,2.9640217,9.363723
9.925164,-1.1540052,2.908955,9.378088
9.93278,-1.1611878,2.873042,9.382876
9.937482,-1.1923125,2.7964275,9.449914
9.94208,-1.1803415,2.777274,9.457097
9.946813,-1.1875241,2.7844565,9.466674
9.954156,-1.1563994,2.7964275,9.445126
9.95883,-1.151611,2.8275523,9.445126
9.964066,-1.1204864,2.8682537,9.390059
9.968861,-1.0726024,2.9137435,9.392453
9.976174,-1.0486604,2.9352913,9.44752
9.978674,-1.0654198,2.942474,9.387665
9.986012,-1.0654198,2.942474,9.387665
9.98858,-1.0606314,2.96881,9.3661175
9.99358,-1.0606314,2.96881,9.3661175
9.999074,-1.0606314,2.96881,9.3661175
10.004067,-1.0414777,2.980781,9.378088
10.009695,-1.0630256,2.9855695,9.387665
10.01439,-1.0845734,2.9735985,9.3733
10.02148,-1.0869676,2.9640217,9.414001
10.026283,-1.0510546,2.9472623,9.442732
10.031841,-1.0534488,2.9472623,9.471462
10.0365925,-1.0654198,2.9281087,9.49301
10.043497,-1.0630256,2.9376855,9.490616
10.048209,-1.067814,2.944868,9.516952
10.054058,-1.0869676,2.944868,9.524135
10.056618,-1.0654198,2.9352913,9.569624
10.061618,-1.0390835,2.9400797,9.552865
10.066195,-1.0390835,2.9400797,9.552865
10.068742,-0.9864111,2.9233203,9.586384
10.073742,-0.9911995,2.9376855,9.593566
10.078317,-0.9911995,2.9376855,9.593566
10.081774,-1.0199299,2.9616275,9.639056
10.090453,-1.0103531,2.9975405,9.660604
10.095181,-1.0462662,3.0119057,9.713276
10.099789,-1.067814,3.0095115,9.722853
10.104472,-1.1013328,3.0214825,9.713276
10.112119,-1.1013328,3.0214825,9.713276
10.116813,-1.1779473,3.004723,9.720459
10.122069,-1.2042835,2.9831753,9.730036
10.125382,-1.1875241,2.954445,9.677363
10.132499,-1.1923125,2.9352913,9.643845
10.137173,-1.1971009,2.908955,9.682152
10.142433,-1.1731589,2.870648,9.694122
10.144928,-1.1659763,2.8538885,9.667787
10.152833,-1.1611878,2.846706,9.646238
10.155307,-1.1444284,2.870648,9.655815
10.163467,-1.1204864,2.8874073,9.627085
10.166014,-1.127669,2.9113493,9.605537
10.171014,-1.1300632,2.908955,9.600749
10.177317,-1.1300632,2.908955,9.600749
10.180792,-1.151611,2.8921957,9.56723
10.187878,-1.1899183,2.8921957,9.548077
10.192541,-1.2497733,2.873042,9.588778
10.199628,-1.2497733,2.873042,9.588778
10.20432,-1.2497733,2.8491,9.617508
10.209875,-1.2617443,2.8443117,9.634268
10.214614,-1.3024458,2.825158,9.64145
10.221522,-1.292869,2.815581,9.643845
10.2240505,-1.3024458,2.813187,9.646238
10.231695,-1.2545617,2.8419175,9.653421
10.234183,-1.2330139,2.8419175,9.660604
10.239183,-1.2186487,2.8395233,9.68694
10.244047,-1.2186487,2.8395233,9.68694
10.246654,-1.2042835,2.815581,9.677363
10.251654,-1.1683705,2.825158,9.672575
10.256204,-1.1683705,2.825158,9.672575
10.259663,-1.163582,2.8395233,9.643845
10.268476,-1.1611878,2.8443117,9.64145
10.273166,-1.1659763,2.8802247,9.591172
10.277761,-1.1659763,2.8802247,9.591172
10.282437,-1.1683705,2.9376855,9.512163
10.290093,-1.1683705,2.9376855,9.512163
10.294781,-1.151611,3.0430303,9.495404
10.300035,-1.1563994,3.0933087,9.440337
10.3033495,-1.1444284,3.1292217,9.43076
10.310483,-1.1611878,3.1627405,9.428367
10.31519,-1.1659763,3.1555579,9.454702
10.320441,-1.1755531,3.1483753,9.445126
10.322936,-1.1875241,3.1268275,9.454702
10.330863,-1.1875241,3.071761,9.452309
10.333343,-1.2234371,3.0262709,9.449914
10.341464,-1.2018893,2.9831753,9.41879
10.344018,-1.1899183,2.9520507,9.414001
10.349018,-1.1851299,2.920926,9.392453
10.355374,-1.1851299,2.920926,9.392453
10.358849,-1.1563994,2.8778305,9.416395
10.366021,-1.13964,2.8658595,9.414001
10.37088,-1.1444284,2.861071,9.404425
10.378148,-1.1444284,2.861071,9.404425
10.382818,-1.1085154,2.873042,9.399636
10.388463,-1.0773908,2.8682537,9.411607
10.393162,-1.0582372,2.834735,9.433155
10.399856,-1.0702082,2.8083985,9.40203
10.40234,-1.0606314,2.741361,9.296685
10.411293,-1.5059528,2.9113493,8.3629465
10.413865,-2.2768857,3.7229836,9.090784
10.418864,-1.283292,3.4715924,9.220071
10.424954,-1.283292,3.4715924,9.220071
10.428403,-0.40701428,2.5905263,9.174581
10.434499,-0.7110779,2.7222073,9.361329
10.43918,-0.91697925,2.6839,9.437943
10.446469,-1.0342951,2.4827871,9.500193
10.451469,-1.1013328,2.5498247,9.82341
10.458731,-1.1013328,2.5498247,9.82341
10.463731,-1.3790601,2.942474,9.801862
10.468731,-1.3790601,2.942474,9.801862
10.474061,-1.3790601,2.942474,9.801862
10.48242,-1.70946,3.0214825,9.679757
10.48742,-1.8435353,2.9017725,9.694122
10.4926815,-1.8435353,2.9017725,9.694122
10.497319,-1.1899183,3.1890767,9.753978
