0.0,-2.2984335,0.6344634,9.7324295
0.006922135,-2.2984335,0.6344634,9.7324295
0.009312239,-2.3654714,0.6464345,9.639056
0.014312239,-2.384625,0.641646,9.55047
0.018830728,-2.384625,0.641646,9.55047
0.021337604,-2.3247697,0.61770403,9.473856
0.025935052,-2.2146366,0.5793968,9.387665
0.028574167,-2.1308396,0.5506664,9.301474
0.033574168,-2.0590134,0.5243302,9.234436
0.03867823,-2.0590134,0.5243302,9.234436
0.041665155,-2.0350714,0.5386954,9.16261
0.046208438,-2.0757728,0.5363012,9.0476885
0.052133903,-2.2840683,0.62488663,8.8777
0.057133906,-2.3894134,0.92176765,8.573636
0.062014896,-2.3894134,0.92176765,8.573636
0.06796943,-2.1380222,0.89064306,8.616732
0.075225726,-2.1978772,0.8355764,8.451532
0.07895005,-2.2649148,0.7469909,8.293514
0.0878149,-2.3415294,0.6799533,8.157045
0.09027469,-2.432509,0.7206547,7.967903
0.09626365,-2.6168625,0.9552865,7.85777
0.100176245,-2.7700913,1.2545617,7.723695
0.10517625,-2.825158,1.4628572,7.323863
0.10949834,-2.825158,1.4628572,7.323863
0.111922346,-2.7629087,1.4987702,7.1227503
0.11991344,-2.7126305,1.5514427,6.9360023
0.12266891,-2.7006595,1.5753847,6.7468605
0.12867385,-2.7246015,1.541866,6.5936313
0.13652734,-2.7868507,1.496376,6.3949127
0.1420762,-2.8538885,1.4580688,6.2488666
0.14529875,-2.908955,1.5059528,6.0285997
0.1524524,-2.9640217,1.5634137,5.813122
0.15716136,-3.0573955,1.673547,5.3342814
0.16147281,-3.0573955,1.673547,5.3342814
0.16665292,-3.1148565,1.6567876,4.9296613
0.17165291,-3.1483753,1.6041151,4.7189717
0.17663673,-3.1483753,1.6041151,4.7189717
0.1817762,-3.2944214,1.3814543,4.453215
0.18959598,-3.3925838,1.2497733,4.247314
0.19339864,-3.4715924,1.1061212,4.0438066
0.20190926,-3.5314474,0.9840169,3.8283286
0.2058264,-3.6056678,0.85473,3.526659
0.20972261,-3.6056678,0.85473,3.526659
0.21642521,-3.572149,0.6631939,3.2561142
0.22142522,-3.5625722,0.5243302,3.1411927
0.2259899,-3.5625722,0.5243302,3.1411927
0.23120178,-3.6056678,0.20111294,2.837129
0.23937427,-3.6774938,0.031124622,2.6431987
0.24259198,-3.787627,-0.12928689,2.528277
0.25047114,-3.9121256,-0.2777274,2.4013844
0.25571775,-4.177882,-0.51235914,2.2002714
0.2600403,-4.177882,-0.51235914,2.2002714
0.26719135,-4.369418,-0.7565677,2.0901382
0.2752826,-4.4843397,-0.91219085,1.9895816
0.28061113,-4.7548847,-1.30484,1.8339585
0.28772762,-4.867412,-1.4867992,1.70946
0.29210135,-4.9440265,-1.7238252,1.6232687
0.3005546,-5.0781016,-1.9536686,1.4891934
0.30467883,-5.389348,-2.384625,1.42455
0.30834505,-5.389348,-2.384625,1.42455
0.31655532,-5.765238,-2.9759927,1.3670892
0.32424375,-5.935226,-3.3686419,1.3192052
0.32924375,-6.703765,-4.8003745,1.055843
0.3357498,-6.703765,-4.8003745,1.055843
0.34021735,-6.703765,-4.8003745,1.055843
0.34403783,-7.120356,-5.377377,0.7422025
0.34903783,-7.323863,-5.683835,0.49559975
0.35403782,-7.323863,-5.683835,0.49559975
0.35903782,-7.323863,-5.683835,0.49559975
0.3628466,-7.323863,-5.683835,0.49559975
0.368684,-7.505822,-5.9400144,0.093373865
0.37428907,-7.6470804,-6.054936,-0.15562311
0.37919113,-8.104373,-6.1004257,-0.7637503
0.38419113,-8.403648,-6.0357823,-1.0893618
0.3890507,-8.403648,-6.0357823,-1.0893618
0.39608094,-9.069236,-5.7389016,-1.7549498
0.40108094,-9.433155,-5.5401826,-2.2122424
0.40536317,-9.433155,-5.5401826,-2.2122424
0.40771452,-9.768343,-5.403713,-2.4827871
0.41271454,-10.70687,-5.7987566,-2.822764
0.41771454,-10.70687,-5.7987566,-2.822764
0.42219114,-10.70687,-5.7987566,-2.822764
0.42472243,-11.748347,-7.433996,-3.4524388
0.4328385,-12.229582,-8.475474,-3.8426938
0.4354095,-12.662932,-9.471462,-4.146757
0.44040948,-13.620613,-10.876859,-4.1802764
0.44682905,-13.620613,-10.876859,-4.1802764
0.45070788,-13.984532,-11.154586,-3.8881836
0.4560624,-14.188039,-11.085154,-3.53863
0.46383223,-13.910312,-10.108319,-2.8419175
0.46913812,-13.910312,-10.108319,-2.8419175
0.47298905,-13.321339,-8.882488,-2.4420857
0.47752106,-13.321339,-8.882488,-2.4420857
0.48452243,-13.148955,-7.8865004,-2.360683
0.4925872,-13.148955,-7.8865004,-2.360683
0.494963,-13.431472,-7.28795,-2.801216
0.5021163,-13.785813,-7.067683,-3.145981
0.50456357,-14.259866,-6.885724,-3.5170822
0.50956357,-15.332468,-6.540959,-4.2760444
0.51456356,-15.332468,-6.540959,-4.2760444
0.51790917,-15.332468,-6.540959,-4.2760444
0.52297103,-15.828068,-6.4140663,-4.594473
0.5274019,-16.180016,-6.2847795,-4.8937483
0.5356889,-16.47929,-6.042965,-5.4922986
0.5444946,-16.402676,-5.9041014,-5.839458
0.54724795,-16.134525,-5.662287,-6.411672
0.55224794,-16.005238,-5.580884,-6.6774287
0.55893743,-16.005238,-5.580884,-6.6774287
0.5637479,-15.698781,-5.3941364,-7.252037
0.57268494,-15.698781,-5.3941364,-7.252037
0.57523566,-15.540763,-5.221754,-7.563283
0.58023566,-15.387534,-5.133168,-7.773973
0.5858217,-15.387534,-5.133168,-7.773973
0.59065056,-15.14572,-5.1786585,-7.797915
0.5980822,-14.903906,-5.267244,-7.615956
0.6067667,-14.384364,-5.619191,-6.8426285
0.6155823,-14.030022,-5.877765,-6.2991447
0.6205823,-12.935872,-6.5218053,-4.220978
0.6249628,-12.935872,-6.5218053,-4.220978
0.6299628,-12.3038025,-6.50744,-3.0909145
0.6349628,-12.3038025,-6.50744,-3.0909145
0.6381792,-12.3038025,-6.50744,-3.0909145
0.6433233,-11.559206,-6.0980315,-2.60968
0.6485489,-11.559206,-6.0980315,-2.60968
0.6570789,-10.551247,-5.305551,-2.5091233
0.6620789,-10.551247,-5.305551,-2.5091233
0.66644716,-10.551247,-5.305551,-2.5091233
0.67401946,-10.254366,-4.7429137,-2.5187001
0.6820519,-10.180145,-4.5992613,-2.5761611
0.68521464,-10.09156,-4.465186,-2.5953147
0.69021463,-9.730036,-4.2185836,-2.56419
0.6962077,-9.730036,-4.2185836,-2.56419
0.70029914,-9.574412,-4.1371803,-2.5210943
0.704406,-9.425972,-4.074931,-2.4013844
0.709406,-9.217676,-4.187459,-2.0446482
0.7135548,-9.217676,-4.187459,-2.0446482
0.7185548,-9.222465,-4.5753193,-1.5801731
0.7235548,-9.222465,-4.5753193,-1.5801731
0.72958076,-9.222465,-4.5753193,-1.5801731
0.73335874,-9.44752,-4.8817773,-1.328782
0.73883617,-9.572019,-4.9440265,-1.3670892
0.7413644,-9.703699,-4.9416323,-1.520318
0.7463644,-9.849746,-4.8243165,-1.6591818
0.7513644,-9.849746,-4.8243165,-1.6591818
0.7550569,-9.849746,-4.8243165,-1.6591818
0.75942844,-10.146626,-4.4101195,-2.207454
0.76452714,-10.295067,-4.197036,-2.6024973
0.7722878,-10.455479,-3.928885,-3.2848446
0.7772878,-10.455479,-3.928885,-3.2848446
0.7813199,-10.455479,-3.928885,-3.2848446
0.7838865,-10.304645,-3.9432502,-3.6822822
0.7912962,-10.149021,-4.0414124,-3.763685
0.79407835,-9.931149,-4.1036615,-3.821146
0.79907835,-9.378088,-4.2305546,-3.7804444
0.8054482,-9.378088,-4.2305546,-3.7804444
0.81024116,-9.090784,-4.247314,-3.7948096
0.8150356,-8.832211,-4.175488,-3.7086184
0.82369274,-8.504205,-3.8666358,-3.4452562
0.82869273,-8.441956,-3.727772,-3.371036
0.8337646,-8.441956,-3.727772,-3.371036
0.8425104,-8.422802,-3.4691982,-3.442862
0.85107034,-8.513782,-3.41892,-3.4644098
0.85365075,-8.63828,-3.3518825,-3.4835634
0.85865074,-8.935161,-3.1962593,-3.3638535
0.86579853,-8.935161,-3.1962593,-3.3638535
0.87062603,-9.090784,-3.0502129,-3.2704794
0.87654644,-9.090784,-3.0502129,-3.2704794
0.8790526,-9.121908,-2.9783869,-3.1531637
0.88405263,-9.095572,-2.8083985,-2.8634653
0.8890526,-9.095572,-2.8083985,-2.8634653
0.8948075,-9.095572,-2.8083985,-2.8634653
0.8987677,-9.0716305,-2.5953147,-2.5785553
0.90416044,-9.038112,-2.5115175,-2.456451
0.9128667,-9.038112,-2.4875755,-2.2361844
0.9178667,-9.038112,-2.5330653,-2.1547816
0.9228818,-9.038112,-2.5330653,-2.1547816
0.93164575,-9.241618,-2.6431987,-1.934515
0.9401801,-9.334992,-2.6599581,-1.9512744
0.9429535,-9.406818,-2.6647465,-1.9752164
0.9479535,-9.509769,-2.6886885,-1.9560628
0.9529535,-9.509769,-2.6886885,-1.9560628
0.9555636,-9.509769,-2.6886885,-1.9560628
0.9580696,-9.603143,-2.695871,-1.9656396
0.9641809,-9.739613,-2.7102363,-1.9752164
0.9688842,-9.844957,-2.695871,-1.9512744
0.9761113,-9.945514,-2.669535,-1.9057846
0.97857493,-10.0987425,-2.633622,-1.9440918
0.9835749,-10.170568,-2.6264393,-1.9273324
0.9885749,-10.170568,-2.6264393,-1.9273324
0.99136066,-10.170568,-2.6264393,-1.9273324
0.99558914,-10.335769,-2.645593,-1.9369092
1.0021989,-10.335769,-2.645593,-1.9369092
1.0108846,-10.692505,-2.7389667,-1.1611878
1.0195082,-10.776301,-2.7700913,-0.62728083
1.022113,-10.5704,-2.8275523,0.30166942
1.027113,-11.362882,-3.5913026,0.7493851
1.032113,-11.362882,-3.5913026,0.7493851
1.0348544,-11.362882,-3.5913026,0.7493851
1.0375324,-12.469003,-4.2401314,2.27928
1.0425324,-15.662868,-3.0621839,4.405331
1.0483395,-15.662868,-3.0621839,4.405331
1.050911,-15.990873,-1.055843,3.6152446
1.055911,-13.378799,2.7700913,2.111686
1.0609109,-13.378799,2.7700913,2.111686
1.0634708,-13.378799,2.7700913,2.111686
1.0676886,-12.897565,4.4675803,1.9369092
1.0722959,-12.354081,5.9759274,1.9177556
1.0802824,-10.45069,7.762002,2.1140802
1.0852826,-9.504981,7.6015906,1.946486
1.0899704,-9.504981,7.6015906,1.946486
1.0985689,-8.4826565,5.659893,0.4261679
1.1040995,-8.494628,4.3119574,-0.40222588
1.1080092,-8.8777,1.9033904,-1.3359646
1.1130093,-9.097966,1.0414777,-1.5610195
1.1179112,-9.097966,1.0414777,-1.5610195
1.1266133,-9.473856,0.01436521,-1.9632454
1.1321557,-9.679757,-0.30885202,-1.9608512
1.1368158,-9.818622,-0.5434838,-1.9656396
1.1432278,-9.873688,-0.7469909,-1.9057846
1.1470062,-9.844957,-0.9935937,-1.7956513
1.1520063,-9.581595,-1.4556746,-1.5658079
1.1570063,-9.581595,-1.4556746,-1.5658079
1.1603369,-9.581595,-1.4556746,-1.5658079
1.1655898,-9.356541,-1.8818425,-1.0007763
1.1720042,-9.392453,-2.0853498,-0.7350199
1.1770043,-9.516952,-2.5450363,-0.4381389
1.1812434,-9.516952,-2.5450363,-0.4381389
1.1898412,-9.514558,-2.7269957,-0.51475334
1.1986088,-9.232041,-2.7030537,-1.0702082
1.2073838,-9.172187,-2.4660277,-1.2497733
1.2098284,-9.220071,-2.231396,-1.5346833
1.2148284,-9.574412,-1.8076223,-2.2505496
1.2195868,-9.574412,-1.8076223,-2.2505496
1.224374,-9.770737,-1.7070658,-2.5210943
1.2316735,-9.902418,-1.5993267,-2.7844565
1.2404232,-9.873688,-1.5394717,-3.0095115
1.2489904,-9.787497,-1.5107412,-3.0813377
1.2576492,-9.509769,-1.2880806,-3.13401
1.2626492,-9.41879,-1.1971009,-3.1651347
1.267611,-9.41879,-1.1971009,-3.1651347
1.2762731,-9.315839,-1.0103531,-3.1747115
1.2815707,-9.263166,-0.93613285,-3.1986535
1.2862566,-9.244013,-0.91219085,-3.2202013
1.2935004,-9.203311,-0.89782566,-3.2130187
1.295997,-9.179369,-0.8595184,-3.1723173
1.3009971,-9.138668,-0.8379706,-3.13401
1.305997,-9.138668,-0.8379706,-3.13401
1.3087738,-9.138668,-0.8379706,-3.13401
1.3142174,-9.052477,-0.842759,-3.0190883
1.3211184,-8.985439,-0.8379706,-2.9233203
1.3298334,-8.851364,-0.866701,-2.7509377
1.3384993,-8.791509,-0.8834604,-2.707842
1.3471044,-8.7292595,-0.8834604,-2.3989902
1.3521044,-8.736442,-0.89543146,-2.3582888
1.3570632,-8.736442,-0.89543146,-2.3582888
1.3657285,-8.808268,-0.90500826,-2.1930888
1.371588,-8.834604,-0.91219085,-2.1380222
1.3740773,-8.89446,-0.90261406,-2.099715
1.3790774,-9.009381,-0.878672,-1.9871874
1.3858917,-9.009381,-0.878672,-1.9871874
1.3946106,-9.13388,-0.82360536,-1.8938135
1.3998442,-9.200917,-0.78529817,-1.8698715
1.4046832,-9.239224,-0.7158663,-1.8411411
1.4118891,-9.284714,-0.6512229,-1.8004397
1.4143665,-9.315839,-0.58418524,-1.8052281
1.4193665,-9.337387,-0.45489833,-1.7956513
1.4243665,-9.337387,-0.45489833,-1.7956513
1.4274378,-9.337387,-0.45489833,-1.7956513
1.4319276,-9.382876,-0.4165911,-1.7956513
1.4385456,-9.392453,-0.41180268,-1.8219875
1.4471383,-9.461885,-0.48123455,-1.7717092
1.4557005,-9.495404,-0.5482722,-1.7310078
1.4644662,-9.490616,-0.6584055,-1.6567876
1.4717436,-9.509769,-0.7445967,-1.6567876
1.4742237,-9.634268,-0.89064306,-1.7190368
1.4808099,-9.634268,-0.89064306,-1.7190368
1.4833643,-9.667787,-0.9624691,-1.7238252
1.4883645,-9.655815,-1.0366893,-1.769315
1.4933643,-9.655815,-1.0366893,-1.769315
1.496817,-9.655815,-1.0366893,-1.769315
1.5017022,-9.646238,-1.1348516,-1.7477672
1.50704,-9.689334,-1.2761095,-1.7046716
1.5143379,-9.797073,-1.685518,-1.7238252
1.5202847,-9.797073,-1.685518,-1.7238252
1.5237697,-9.873688,-2.0494366,-1.6759412
1.5303242,-9.873688,-2.0494366,-1.6759412
1.5328789,-9.904813,-2.1619642,-1.6232687
1.5378789,-9.825804,-2.2984335,-1.5442601
1.5428789,-9.825804,-2.2984335,-1.5442601
1.5459435,-9.825804,-2.2984335,-1.5442601
1.5501361,-9.746795,-2.3199813,-1.42455
1.5539001,-9.746795,-2.3199813,-1.42455
1.561559,-9.713276,-2.3247697,-1.4053963
1.5665588,-9.715671,-2.3798366,-1.3575124
1.571559,-9.715671,-2.3798366,-1.3575124
1.5765588,-9.715671,-2.3798366,-1.3575124
1.581559,-9.715671,-2.3798366,-1.3575124
1.5865588,-9.715671,-2.3798366,-1.3575124
1.5895151,-9.715671,-2.3798366,-1.3575124
1.5919875,-9.749189,-2.4061728,-1.3120226
1.5988044,-9.710882,-2.44448,-1.3239936
1.6012877,-9.691729,-2.4779987,-1.292869
1.6062877,-9.627085,-2.4660277,-1.292869
1.6112877,-9.627085,-2.4660277,-1.292869
1.6152993,-9.627085,-2.4660277,-1.292869
1.6193854,-9.588778,-2.3654714,-1.283292
1.6238191,-9.588778,-2.3654714,-1.283292
1.6313918,-9.524135,-2.2361844,-1.328782
1.6366004,-9.502586,-2.1930888,-1.3479356
1.640541,-9.466674,-2.1332338,-1.4317327
1.6449636,-9.445126,-2.0949266,-1.4796166
1.6499635,-9.409213,-1.9871874,-1.5634137
1.6543826,-9.409213,-1.9871874,-1.5634137
1.6628104,-9.385271,-1.9369092,-1.5873557
1.6700772,-9.3733,-1.8602947,-1.7190368
1.6742351,-9.392453,-1.8315643,-1.7286136
1.6788939,-9.442732,-1.8171991,-1.7812861
1.6861262,-9.442732,-1.8171991,-1.7812861
1.6948243,-9.464279,-1.7812861,-1.8674773
1.703357,-9.459491,-1.7645266,-1.9512744
1.7068092,-9.466674,-1.7597382,-1.9847932
1.7138106,-9.449914,-1.733402,-1.970428
1.718506,-9.449914,-1.7262194,-2.006341
1.724094,-9.449914,-1.7262194,-2.006341
1.7287617,-9.433155,-1.6879122,-2.0470424
1.7354053,-9.433155,-1.6879122,-2.0470424
1.7401029,-9.392453,-1.6543933,-2.0566192
1.7460457,-9.385271,-1.6376339,-2.0853498
1.7507687,-9.378088,-1.6328455,-2.0614076
1.7573766,-9.358934,-1.5825673,-2.0805612
1.7598464,-9.346964,-1.5634137,-2.087744
1.7648464,-9.354146,-1.5514427,-2.1140802
1.7688757,-9.354146,-1.5514427,-2.1140802
1.7714237,-9.3421755,-1.4939818,-2.147599
1.7764238,-9.3421755,-1.4939818,-2.147599
1.7820594,-9.3421755,-1.4939818,-2.147599
1.78703,-9.3182335,-1.4772224,-2.1380222
1.7916306,-9.306262,-1.4820108,-2.1212628
1.7963351,-9.299079,-1.4796166,-2.135628
1.803616,-9.308656,-1.460463,-2.1140802
1.8082755,-9.287108,-1.4532804,-2.1068976
1.8130299,-9.287108,-1.4532804,-2.1068976
1.8177146,-9.301474,-1.4077905,-2.078167
1.8250508,-9.301474,-1.4077905,-2.078167
1.8297658,-9.287108,-1.3742718,-2.078167
1.8350029,-9.294291,-1.3599066,-2.0709844
1.8396957,-9.294291,-1.3838485,-2.066196
1.8468924,-9.306262,-1.3814543,-2.0805612
1.8493692,-9.361329,-1.4030021,-2.0159178
1.857252,-9.392453,-1.4149733,-1.9728222
1.8598318,-9.435549,-1.4341269,-1.9656396
1.8648317,-9.512163,-1.4460979,-1.9536686
1.8704506,-9.512163,-1.4460979,-1.9536686
1.8754216,-9.579201,-1.4460979,-1.9728222
1.8810081,-9.605537,-1.4317327,-2.006341
1.8856899,-9.622296,-1.4437037,-2.054225
1.8923283,-9.605537,-1.4389153,-2.0470424
1.8970283,-9.579201,-1.4532804,-2.0805612
1.9026113,-9.579201,-1.4532804,-2.0805612
1.9073143,-9.552865,-1.4628572,-2.0254946
1.91408,-9.552865,-1.4628572,-2.0254946
1.9187533,-9.49301,-1.4508862,-1.9728222
1.9245994,-9.445126,-1.4413095,-1.9273324
1.9292938,-9.406818,-1.4748282,-1.9033904
1.9362546,-9.387665,-1.4987702,-1.8674773
1.9387726,-9.380483,-1.5035586,-1.8411411
1.9468783,-9.351752,-1.5179238,-1.8195933
1.9494325,-9.3661175,-1.5346833,-1.7621324
1.9544324,-9.375694,-1.5514427,-1.7884687
1.9599537,-9.375694,-1.5514427,-1.7884687
1.96505,-9.397242,-1.5969325,-1.7286136
1.9696895,-9.414001,-1.5801731,-1.7357962
1.9743966,-9.442732,-1.6041151,-1.7908629
1.9816682,-9.461885,-1.6089035,-1.8004397
1.9863597,-9.495404,-1.6591818,-1.8243817
1.9909627,-9.495404,-1.6591818,-1.8243817
1.9956443,-9.504981,-1.6807296,-1.8483237
2.0029128,-9.504981,-1.6807296,-1.8483237
2.0075967,-9.473856,-1.6903064,-1.8746599
2.0128665,-9.457097,-1.70946,-1.8411411
2.0175543,-9.41879,-1.7118542,-1.8531121
2.024786,-9.3733,-1.7166426,-1.8626889
2.027259,-9.3661175,-1.7046716,-1.8579005
2.0351338,-9.344569,-1.7046716,-1.8555063
2.0376823,-9.323022,-1.6903064,-1.8483237
2.0426822,-9.31105,-1.7022774,-1.8698715
2.046902,-9.31105,-1.7022774,-1.8698715
2.0494764,-9.296685,-1.70946,-1.8794483
2.0544763,-9.291897,-1.697489,-1.8555063
2.058888,-9.291897,-1.697489,-1.8555063
2.0623448,-9.31105,-1.721431,-1.8650831
2.0698006,-9.308656,-1.7381904,-1.8746599
2.0748506,-9.375694,-1.7477672,-1.8770541
2.0804145,-9.375694,-1.7477672,-1.8770541
2.0850859,-9.416395,-1.7262194,-1.9249382
2.091716,-9.416395,-1.7262194,-1.9249382
2.0963805,-9.433155,-1.721431,-1.934515
2.102212,-9.44752,-1.7070658,-1.9560628
2.1068962,-9.459491,-1.6807296,-1.9919758
2.1135578,-9.473856,-1.6759412,-1.9488802
2.116026,-9.464279,-1.6663644,-1.9776106
2.1248825,-9.423578,-1.6448165,-1.99437
2.1274393,-9.44752,-1.6352397,-1.9632454
2.1360617,-9.421184,-1.6065093,-1.9488802
2.1386409,-9.406818,-1.5562311,-1.9297266
2.1467032,-9.385271,-1.5682021,-1.8698715
2.1493113,-9.380483,-1.553837,-1.8626889
2.1543112,-9.380483,-1.553837,-1.8411411
2.1594048,-9.380483,-1.553837,-1.8411411
2.1643436,-9.380483,-1.5442601,-1.8148049
2.1689396,-9.380483,-1.5442601,-1.8148049
2.1736681,-9.397242,-1.553837,-1.8507179
2.1810787,-9.40203,-1.5394717,-1.8363527
2.1857579,-9.43076,-1.4915876,-1.8674773
2.1910365,-9.473856,-1.4867992,-1.8866309
2.195696,-9.459491,-1.484405,-1.8914193
2.202919,-9.459491,-1.4532804,-1.9416976
2.2054224,-9.464279,-1.4652514,-1.9249382
2.21326,-9.471462,-1.448492,-1.9201498
2.21581,-9.461885,-1.4628572,-1.9393034
2.22081,-9.449914,-1.4915876,-1.9632454
2.2250087,-9.449914,-1.4915876,-1.9632454
2.2275891,-9.425972,-1.5275006,-1.9009962
2.2350886,-9.411607,-1.541866,-1.8674773
2.2376935,-9.394848,-1.5466543,-1.8986019
2.2426934,-9.394848,-1.5466543,-1.8986019
2.2477684,-9.394848,-1.5466543,-1.8986019
2.2528663,-9.382876,-1.6041151,-1.8818425
2.2584274,-9.378088,-1.6089035,-1.8531121
2.2631292,-9.382876,-1.6184803,-1.8602947
2.26974,-9.378088,-1.6352397,-1.8626889
2.2744234,-9.375694,-1.6496049,-1.8962077
2.280255,-9.390059,-1.6639702,-1.910573
2.2849965,-9.385271,-1.6759412,-1.9033904
2.2916424,-9.390059,-1.6807296,-1.9129672
2.2941222,-9.385271,-1.6950948,-1.9249382
2.3028786,-9.399636,-1.6807296,-1.9249382
2.3054519,-9.40203,-1.6831238,-1.9416976
2.314057,-9.404425,-1.6759412,-1.9800048
2.3166387,-9.421184,-1.6711528,-1.9273324
2.3246171,-9.421184,-1.6711528,-1.9273324
2.3272226,-9.397242,-1.6519991,-1.9153614
2.3322227,-9.397242,-1.6519991,-1.9153614
2.3372662,-9.397242,-1.6519991,-1.9153614
2.342369,-9.437943,-1.6591818,-1.9752164
2.3469582,-9.437943,-1.6591818,-1.9752164
2.3516414,-9.461885,-1.6376339,-1.9776106
2.3589334,-9.459491,-1.6208745,-1.9895816
2.363643,-9.437943,-1.5921441,-1.9512744
2.3689008,-9.457097,-1.6041151,-1.970428
2.372203,-9.464279,-1.5945383,-1.9967642
2.3792968,-9.464279,-1.5945383,-1.9967642
2.3839924,-9.43076,-1.5562311,-1.9201498
2.389251,-9.411607,-1.5586253,-1.910573
2.3939548,-9.394848,-1.5610195,-1.9177556
2.401209,-9.390059,-1.5490485,-1.8986019
2.403686,-9.390059,-1.532289,-1.8746599
2.411011,-9.397242,-1.5155296,-1.8842367
2.413554,-9.421184,-1.5298948,-1.8626889
2.4185538,-9.435549,-1.5610195,-1.8507179
2.4226847,-9.435549,-1.5610195,-1.8507179
2.4252863,-9.406818,-1.5634137,-1.8842367
2.4323545,-9.423578,-1.5610195,-1.9201498
2.4349391,-9.416395,-1.5586253,-1.910573
2.443791,-9.414001,-1.5346833,-1.8866309
2.4486425,-9.421184,-1.541866,-1.9201498
2.4570785,-9.423578,-1.5634137,-1.8770541
2.4617584,-9.442732,-1.6376339,-1.8579005
2.4686587,-9.442732,-1.6376339,-1.8579005
2.4711509,-9.442732,-1.6879122,-1.8195933
2.4761508,-9.449914,-1.7046716,-1.8650831
2.4808486,-9.449914,-1.7046716,-1.8650831
2.4834027,-9.457097,-1.70946,-1.8962077
2.491951,-9.461885,-1.7501614,-1.8746599
2.494555,-9.478644,-1.7764976,-1.8602947
2.5026445,-9.500193,-1.7932571,-1.9009962
2.5052419,-9.49301,-1.7764976,-1.8818425
2.5102417,-9.49301,-1.7764976,-1.8818425
2.5153625,-9.49301,-1.7764976,-1.8818425
2.520302,-9.469068,-1.757344,-1.8770541
2.5250542,-9.44752,-1.7741034,-1.8866309
2.5297134,-9.44752,-1.7645266,-1.9009962
2.537003,-9.44752,-1.7764976,-1.8698715
2.5416927,-9.425972,-1.7645266,-1.8770541
2.5469553,-9.425972,-1.7645266,-1.8770541
2.5516362,-9.394848,-1.7477672,-1.8555063
2.558873,-9.394848,-1.7477672,-1.8555063
2.5613518,-9.397242,-1.7238252,-1.8555063
2.569254,-9.394848,-1.6998832,-1.8866309
2.5718062,-9.411607,-1.7022774,-1.8722657
2.576806,-9.416395,-1.685518,-1.8555063
2.5811455,-9.416395,-1.685518,-1.8555063
2.5837488,-9.406818,-1.6639702,-1.8315643
2.5912292,-9.409213,-1.6424223,-1.8650831
2.5938115,-9.421184,-1.6232687,-1.8938135
2.5988116,-9.411607,-1.5945383,-1.8842367
2.6039135,-9.411607,-1.5945383,-1.8842367
2.608879,-9.445126,-1.5849615,-1.922544
2.6144512,-9.44752,-1.5849615,-1.9009962
2.6191502,-9.440337,-1.5586253,-1.9129672
2.6260872,-9.442732,-1.5346833,-1.9177556
2.6307836,-9.440337,-1.5298948,-1.9057846
2.6366212,-9.440337,-1.5298948,-1.9057846
2.639151,-9.40203,-1.5394717,-1.934515
2.6464252,-9.40203,-1.5394717,-1.934515
2.6510975,-9.423578,-1.5610195,-1.9249382
2.6569738,-9.433155,-1.5610195,-1.9009962
2.6594737,-9.411607,-1.5729905,-1.8914193
2.6644735,-9.380483,-1.5873557,-1.9249382
2.6695895,-9.380483,-1.5873557,-1.9249382
2.6721926,-9.3733,-1.5801731,-1.9081788
2.6802287,-9.375694,-1.6041151,-1.9057846
2.6828966,-9.387665,-1.5897499,-1.8818425
2.6878967,-9.392453,-1.5897499,-1.8938135
2.6935844,-9.392453,-1.5897499,-1.8938135
2.6970646,-9.392453,-1.6304513,-1.8794483
2.701557,-9.411607,-1.6352397,-1.8579005
2.7062497,-9.414001,-1.6304513,-1.8363527
2.7135441,-9.416395,-1.6304513,-1.8770541
2.7182066,-9.409213,-1.6232687,-1.8770541
2.7229412,-9.449914,-1.6208745,-1.8866309
2.7276132,-9.421184,-1.6400281,-1.8555063
2.7349,-9.437943,-1.6400281,-1.8626889
2.739571,-9.440337,-1.6376339,-1.8579005
2.744812,-9.440337,-1.6376339,-1.8579005
2.7495315,-9.428367,-1.6496049,-1.8435353
2.756828,-9.428367,-1.6496049,-1.8435353
2.7593231,-9.406818,-1.6711528,-1.8555063
2.7664719,-9.416395,-1.673547,-1.8650831
2.769027,-9.435549,-1.697489,-1.8579005
2.774027,-9.41879,-1.70946,-1.8914193
2.7801251,-9.41879,-1.70946,-1.8914193
2.7836351,-9.437943,-1.6950948,-1.8531121
2.7904677,-9.452309,-1.7022774,-1.8722657
2.7951481,-9.428367,-1.6831238,-1.8674773
2.8036902,-9.437943,-1.697489,-1.8531121
2.808381,-9.452309,-1.6903064,-1.8626889
2.8142257,-9.452309,-1.6903064,-1.8626889
2.8189049,-9.440337,-1.6903064,-1.8411411
2.8255854,-9.440337,-1.6903064,-1.8411411
2.8280659,-9.390059,-1.6759412,-1.8459295
2.8362787,-9.40203,-1.6711528,-1.8028339
2.8388503,-9.368511,-1.6591818,-1.7884687
2.8438506,-9.3661175,-1.6543933,-1.8028339
2.8481896,-9.3661175,-1.6543933,-1.8028339
2.8507953,-9.337387,-1.6448165,-1.769315
2.858406,-9.349358,-1.6567876,-1.8052281
2.8610125,-9.339781,-1.6567876,-1.7980455
2.8660126,-9.349358,-1.6639702,-1.7788919
2.8716974,-9.349358,-1.6639702,-1.7788919
2.87518,-9.368511,-1.6639702,-1.8363527
2.8796885,-9.392453,-1.6543933,-1.8507179
2.8843646,-9.394848,-1.6639702,-1.8890251
2.8916628,-9.411607,-1.6256629,-1.8842367
2.8963509,-9.423578,-1.6304513,-1.9057846
2.9009478,-9.423578,-1.5969325,-1.9153614
2.9056268,-9.433155,-1.6017209,-1.9153614
2.9129248,-9.43076,-1.5873557,-1.9321208
2.917615,-9.41879,-1.5610195,-1.8986019
2.9228895,-9.41879,-1.5610195,-1.8986019
2.9276168,-9.385271,-1.5873557,-1.8722657
2.9348948,-9.385271,-1.5873557,-1.8722657
2.9373794,-9.363723,-1.6065093,-1.8411411
2.944479,-9.334992,-1.5969325,-1.8315643
2.9470503,-9.32781,-1.5897499,-1.8411411
2.9520504,-9.330204,-1.5993267,-1.8650831
2.9569592,-9.330204,-1.5993267,-1.8650831
2.9595418,-9.3182335,-1.6160861,-1.8746599
2.966614,-9.32781,-1.5993267,-1.8746599
2.969193,-9.346964,-1.5753847,-1.8986019
2.9741929,-9.361329,-1.5753847,-1.910573
2.9786823,-9.361329,-1.5753847,-1.910573
2.982138,-9.368511,-1.5562311,-1.9321208
2.9879148,-9.368511,-1.5562311,-1.9321208
2.9926715,-9.414001,-1.5562311,-1.9129672
3.0012414,-9.414001,-1.5562311,-1.9129672
3.0059361,-9.394848,-1.5705963,-1.8746599
3.0115454,-9.43076,-1.5825673,-1.8938135
3.016224,-9.390059,-1.6160861,-1.8555063
3.0228999,-9.390059,-1.6160861,-1.8555063
3.0253935,-9.399636,-1.6041151,-1.8531121
3.0340724,-9.394848,-1.6017209,-1.8698715
3.0366447,-9.394848,-1.5921441,-1.8483237
3.0416446,-9.406818,-1.5873557,-1.8483237
3.0460358,-9.406818,-1.5873557,-1.8483237
3.0486882,-9.416395,-1.5945383,-1.8435353
3.0561576,-9.423578,-1.5945383,-1.8411411
3.0587425,-9.433155,-1.6017209,-1.8195933
3.067559,-9.44752,-1.6041151,-1.8794483
3.0720067,-9.423578,-1.6112977,-1.8507179
3.0775945,-9.423578,-1.6112977,-1.8507179
3.0823216,-9.411607,-1.6256629,-1.8124107
3.0873215,-9.452309,-1.6208745,-1.8387469
3.092009,-9.452309,-1.6208745,-1.8387469
3.094485,-9.457097,-1.6400281,-1.8650831
3.1026993,-9.433155,-1.6639702,-1.8770541
3.1052473,-9.459491,-1.6519991,-1.8579005
3.1102471,-9.445126,-1.6639702,-1.8722657
3.1153047,-9.445126,-1.6639702,-1.8722657
3.117911,-9.461885,-1.6759412,-1.8890251
3.1249094,-9.471462,-1.661576,-1.8674773
3.1274827,-9.478644,-1.6543933,-1.8435353
3.1324825,-9.476251,-1.6687586,-1.8626889
3.1370106,-9.476251,-1.6687586,-1.8626889
3.1404698,-9.43076,-1.6687586,-1.8124107
3.146076,-9.43076,-1.6687586,-1.8124107
3.150766,-9.404425,-1.6711528,-1.8267759
3.159475,-9.404425,-1.6711528,-1.8267759
3.1642044,-9.385271,-1.6927006,-1.7980455
3.169763,-9.354146,-1.7046716,-1.8100165
3.1745028,-9.370906,-1.7070658,-1.8195933
3.1812057,-9.375694,-1.7142484,-1.7932571
3.1836703,-9.397242,-1.7310078,-1.7980455
3.1922648,-9.40203,-1.7357962,-1.8148049
3.1948318,-9.43076,-1.7381904,-1.8746599
3.1998317,-9.428367,-1.7166426,-1.8722657
3.2039196,-9.428367,-1.7166426,-1.8722657
3.206523,-9.440337,-1.70946,-1.8746599
3.2141073,-9.442732,-1.7118542,-1.9177556
3.216709,-9.43076,-1.7142484,-1.8794483
3.2255251,-9.44752,-1.7070658,-1.8914193
3.2304513,-9.433155,-1.6950948,-1.9273324
3.2360332,-9.433155,-1.6950948,-1.9273324
3.2407134,-9.394848,-1.6879122,-1.8890251
3.2492895,-9.390059,-1.7022774,-1.8962077
3.2539802,-9.3733,-1.7022774,-1.8698715
3.2592463,-9.380483,-1.7070658,-1.8962077
3.2639287,-9.392453,-1.7118542,-1.9033904
3.2712224,-9.392453,-1.7118542,-1.9033904
3.2737067,-9.387665,-1.6903064,-1.8866309
3.2806966,-9.392453,-1.70946,-1.8818425
3.283247,-9.382876,-1.70946,-1.9033904
3.2882473,-9.380483,-1.7310078,-1.9249382
3.2931683,-9.380483,-1.7310078,-1.9249382
3.2957537,-9.397242,-1.721431,-1.9081788
3.302684,-9.406818,-1.70946,-1.8962077
3.305268,-9.385271,-1.7046716,-1.9249382
3.310268,-9.404425,-1.697489,-1.9416976
3.3146958,-9.404425,-1.697489,-1.9416976
3.318143,-9.387665,-1.6831238,-1.8842367
3.3241222,-9.387665,-1.6831238,-1.8842367
3.328787,-9.411607,-1.7190368,-1.8986019
3.3374693,-9.411607,-1.7190368,-1.8986019
3.3422277,-9.409213,-1.7477672,-1.8818425
3.3477728,-9.43076,-1.7262194,-1.8842367
3.3525505,-9.457097,-1.7405846,-1.8794483
3.3592167,-9.459491,-1.7142484,-1.8914193
3.361702,-9.469068,-1.7166426,-1.8722657
3.3702674,-9.478644,-1.7070658,-1.8602947
3.372979,-9.459491,-1.7022774,-1.8770541
3.377979,-9.452309,-1.7022774,-1.8794483
3.3821082,-9.452309,-1.7022774,-1.8794483
3.3847103,-9.461885,-1.7046716,-1.8818425
3.392219,-9.433155,-1.6998832,-1.8650831
3.3948,-9.435549,-1.6903064,-1.8674773
3.4036634,-9.409213,-1.6998832,-1.8602947
3.4071028,-9.404425,-1.673547,-1.8483237
3.41501,-9.404425,-1.673547,-1.8483237
3.4196715,-9.404425,-1.685518,-1.8555063
3.4281602,-9.390059,-1.6711528,-1.8579005
3.4319665,-9.385271,-1.6783354,-1.8794483
3.4389036,-9.375694,-1.685518,-1.8339585
3.4426277,-9.387665,-1.6903064,-1.8938135
3.4515226,-9.414001,-1.6879122,-1.8818425
3.4541328,-9.442732,-1.6998832,-1.922544
3.4610069,-9.442732,-1.6807296,-1.9177556
3.4636056,-9.452309,-1.6903064,-1.9273324
3.4686058,-9.449914,-1.673547,-1.9369092
3.4730115,-9.449914,-1.673547,-1.9369092
3.4764779,-9.428367,-1.6639702,-1.9536686
3.482286,-9.428367,-1.6639702,-1.9536686
3.4869776,-9.406818,-1.6591818,-1.9512744
3.494438,-9.406818,-1.6591818,-1.9512744
3.4990988,-9.375694,-1.6567876,-1.9177556
3.5062404,-9.358934,-1.6663644,-1.9393034
3.5109293,-9.351752,-1.661576,-1.9393034
3.5176215,-9.334992,-1.6639702,-1.9033904
3.5201027,-9.363723,-1.6927006,-1.8890251
3.5284982,-9.358934,-1.6831238,-1.8626889
3.5310662,-9.380483,-1.7262194,-1.8986019
3.536066,-9.394848,-1.7405846,-1.8938135
3.5401554,-9.394848,-1.7405846,-1.8938135
3.5427885,-9.416395,-1.7405846,-1.9057846
3.5504246,-9.428367,-1.7070658,-1.8722657
3.5530245,-9.437943,-1.6950948,-1.9297266
3.5618389,-9.449914,-1.7070658,-1.9560628
3.566668,-9.437943,-1.721431,-1.9273324
3.572231,-9.44752,-1.6950948,-1.9201498
3.576909,-9.425972,-1.6998832,-1.8962077
3.5854561,-9.425972,-1.6998832,-1.8962077
3.5887992,-9.40203,-1.7046716,-1.8674773
3.593921,-9.392453,-1.7118542,-1.8555063
3.5985825,-9.370906,-1.7142484,-1.8339585
3.605866,-9.3733,-1.721431,-1.7932571
3.60835,-9.351752,-1.7166426,-1.8028339
3.616917,-9.358934,-1.7357962,-1.8267759
3.6194727,-9.3733,-1.7357962,-1.7884687
3.6244729,-9.394848,-1.7477672,-1.8195933
3.6293914,-9.394848,-1.7477672,-1.8195933
3.6319737,-9.40203,-1.7381904,-1.8267759
3.6389759,-9.406818,-1.7357962,-1.8435353
3.6415422,-9.40203,-1.733402,-1.8531121
3.646542,-9.416395,-1.7357962,-1.8531121
3.651028,-9.416395,-1.7357962,-1.8531121
3.6544745,-9.428367,-1.7190368,-1.8962077
3.660259,-9.423578,-1.7022774,-1.8722657
3.664998,-9.416395,-1.6927006,-1.8555063
3.6724334,-9.409213,-1.6998832,-1.8866309
3.6771636,-9.390059,-1.7190368,-1.8483237
3.6842644,-9.40203,-1.745373,-1.8507179
3.6889467,-9.414001,-1.7166426,-1.8363527
3.695612,-9.433155,-1.7142484,-1.8650831
3.698091,-9.423578,-1.7142484,-1.8986019
3.7065048,-9.44752,-1.7070658,-1.8842367
3.7090406,-9.440337,-1.6783354,-1.9129672
3.7140408,-9.435549,-1.6711528,-1.9153614
3.718262,-9.435549,-1.6711528,-1.9153614
3.720841,-9.435549,-1.6567876,-1.9560628
3.7295372,-9.437943,-1.6591818,-1.9488802
3.734382,-9.449914,-1.6567876,-1.958457
3.7412949,-9.464279,-1.6400281,-1.9321208
3.745968,-9.421184,-1.6400281,-1.9369092
3.7515423,-9.421184,-1.6400281,-1.9369092
3.7562299,-9.425972,-1.6160861,-1.8962077
3.7649083,-9.421184,-1.5993267,-1.8698715
3.767377,-9.397242,-1.6089035,-1.9129672
3.77513,-9.385271,-1.6089035,-1.9081788
3.7776775,-9.387665,-1.5969325,-1.9273324
3.7826777,-9.375694,-1.6017209,-1.9608512
3.7876217,-9.375694,-1.6017209,-1.9608512
3.7902284,-9.368511,-1.5682021,-1.9249382
3.7973332,-9.356541,-1.5658079,-1.922544
3.7999017,-9.337387,-1.5634137,-1.8914193
3.8049016,-9.325416,-1.5610195,-1.8818425
3.80941,-9.325416,-1.5610195,-1.8818425
3.8128738,-9.31105,-1.5514427,-1.922544
3.8183544,-9.315839,-1.5825673,-1.9201498
3.8231075,-9.31105,-1.5825673,-1.8986019
3.8306599,-9.3421755,-1.6304513,-1.8339585
3.8353288,-9.346964,-1.6831238,-1.8698715
3.839909,-9.346964,-1.6831238,-1.8698715
3.8447068,-9.399636,-1.7286136,-1.8339585
3.8532574,-9.399636,-1.7286136,-1.8339585
3.8557334,-9.449914,-1.7669208,-1.8698715
3.8647282,-9.464279,-1.7669208,-1.8938135
3.8672779,-9.461885,-1.7741034,-1.8914193
3.8722777,-9.469068,-1.7501614,-1.9153614
3.8762884,-9.469068,-1.7501614,-1.9153614
3.8788764,-9.440337,-1.7381904,-1.934515
3.8864212,-9.437943,-1.7357962,-1.9297266
3.8889868,-9.411607,-1.7501614,-1.9177556
3.8978436,-9.378088,-1.757344,-1.9009962
3.9013011,-9.361329,-1.7717092,-1.9153614
3.9083188,-9.351752,-1.769315,-1.8698715
3.913112,-9.349358,-1.7429788,-1.8650831
3.9200187,-9.349358,-1.7429788,-1.8650831
3.9247468,-9.375694,-1.7597382,-1.8387469
3.9303234,-9.397242,-1.7429788,-1.8602947
3.935107,-9.428367,-1.745373,-1.8435353
3.9436555,-9.457097,-1.745373,-1.9033904
3.9461308,-9.497798,-1.7357962,-1.934515
3.9531415,-9.512163,-1.7381904,-1.9800048
3.9557137,-9.52174,-1.7142484,-2.0350714
3.9607136,-9.540894,-1.6807296,-2.0207062
3.9656134,-9.540894,-1.6807296,-2.0207062
3.9682174,-9.490616,-1.6160861,-1.99437
3.9752057,-9.44752,-1.6160861,-1.9488802
3.9777842,-9.397242,-1.6304513,-1.9536686
3.9827843,-9.3733,-1.6376339,-1.9201498
3.9871845,-9.3733,-1.6376339,-1.9201498
3.9906409,-9.339781,-1.6136919,-1.8914193
3.996395,-9.306262,-1.6280571,-1.8866309
4.0011287,-9.287108,-1.6400281,-1.8602947
4.0086155,-9.287108,-1.6496049,-1.8626889
4.013291,-9.289502,-1.6496049,-1.7908629
4.017891,-9.289502,-1.6496049,-1.7908629
4.022604,-9.349358,-1.6663644,-1.8052281
4.0298805,-9.349358,-1.6663644,-1.8052281
4.0346203,-9.409213,-1.7190368,-1.7884687
4.0428643,-9.435549,-1.7286136,-1.8195933
4.045358,-9.473856,-1.7357962,-1.8291701
4.0540915,-9.454702,-1.7286136,-1.8626889
4.056672,-9.449914,-1.733402,-1.8435353
4.064196,-9.449914,-1.733402,-1.8435353
4.0667963,-9.404425,-1.7501614,-1.922544
4.0756383,-9.399636,-1.7621324,-1.9273324
4.079088,-9.406818,-1.7357962,-1.946486
4.086438,-9.404425,-1.7357962,-1.9728222
4.0911255,-9.442732,-1.7190368,-1.9967642
4.0977435,-9.495404,-1.7190368,-2.042254
4.101154,-9.715671,-1.7022774,-2.1021092
4.106154,-9.861717,-1.7717092,-2.0925324
4.111154,-9.861717,-1.7717092,-2.0925324
4.1163187,-9.861717,-1.7717092,-2.0925324
4.1205955,-10.072407,-1.9656396,-1.661576
4.1263943,-10.072407,-1.9656396,-1.661576
4.1297817,-10.081984,-2.0805612,-1.3263878
4.1337576,-9.94312,-2.2720973,-1.1204864
4.1396823,-9.77792,-2.528277,-0.8595184
4.1459985,-9.674969,-2.8107927,-0.49559975
4.150779,-9.485827,-3.1555579,-0.110133275
4.1553836,-9.25359,-3.5218706,0.15322891
4.1600633,-9.138668,-3.8762126,0.35913026
4.1678376,-9.157822,-4.2425256,0.6631939
4.172593,-9.301474,-4.8985367,1.1252748
4.1771727,-9.289502,-5.2026005,1.151611
4.181926,-9.306262,-5.446809,1.2042835
4.190491,-9.306262,-5.446809,1.2042835
4.192987,-9.466674,-5.683835,1.2521675
4.2009845,-9.562442,-5.717354,1.0199299
4.203554,-9.636662,-5.8226986,0.6368576
4.212538,-9.7803135,-6.030994,0.21787235
4.2151155,-10.402806,-6.5337763,-0.6703765
4.22253,-10.402806,-6.5337763,-0.6703765
4.2251077,-11.116279,-6.691794,-1.5035586
4.2339745,-11.377247,-6.619968,-1.9081788
4.2387877,-11.559206,-6.528988,-2.3463178
4.244349,-11.6430025,-6.4547677,-2.72939
4.249021,-11.652579,-6.421249,-3.0478187
4.2559156,-11.563994,-6.399701,-3.3566709
4.260596,-11.362882,-6.5457473,-3.6966474
4.266144,-11.362882,-6.5457473,-3.6966474
4.2708416,-10.977415,-7.038953,-4.175488
4.279453,-10.977415,-7.038953,-4.175488
4.281942,-11.025299,-8.456321,-4.759673
4.289392,-11.420342,-9.543288,-4.9823337
4.291944,-11.923124,-10.8864355,-5.2169657
4.296944,-12.277467,-12.299014,-5.2768207
4.301899,-12.277467,-12.299014,-5.2768207
4.3044825,-12.63899,-14.276625,-4.8626237
4.311467,-12.63899,-14.276625,-4.8626237
4.3140545,-11.870452,-14.499286,-4.8985367
4.319055,-11.125855,-14.209587,-5.233725
4.3235025,-11.125855,-14.209587,-5.233725
4.3269653,-10.333375,-13.8959465,-5.829881
4.3328266,-9.643845,-13.651738,-6.5840545
4.3374906,-9.224859,-13.534422,-7.517793
4.344883,-9.066842,-13.575124,-8.449138
4.349547,-9.153033,-13.749901,-9.239224
4.3541346,-9.399636,-13.934254,-9.706094
4.358812,-9.770737,-14.037205,-10.029311
4.366239,-10.160992,-14.008474,-10.220847
4.370922,-10.666168,-13.613431,-11.049241
4.3755064,-10.656591,-13.251906,-11.484985
4.3802023,-10.486604,-12.770672,-11.839328
4.3888345,-10.486604,-12.770672,-11.839328
4.3913007,-9.837775,-11.6669445,-12.186486
4.398732,-9.461885,-11.197681,-12.236765
4.401282,-9.160215,-10.79785,-12.26789
4.406282,-8.930372,-10.441113,-12.152967
4.410294,-8.930372,-10.441113,-12.152967
4.413014,-8.736442,-9.854534,-11.71004
4.418014,-8.65025,-9.634268,-11.554418
4.424484,-8.65025,-9.634268,-11.554418
4.429232,-8.418014,-9.334992,-11.147403
4.4378743,-8.418014,-9.334992,-11.147403
4.440403,-8.130709,-9.100361,-9.868899
4.447568,-8.046912,-9.102755,-9.495404
4.4501076,-7.905654,-9.246407,-9.390059
4.455107,-7.716512,-9.423578,-9.358934
4.460109,-7.716512,-9.423578,-9.358934
4.4628515,-7.237672,-9.730036,-8.901642
4.467851,-6.9479733,-9.710882,-8.554482
4.4737215,-6.9479733,-9.710882,-8.554482
4.478487,-6.421249,-9.244013,-7.8984714
4.4857936,-6.421249,-9.244013,-7.8984714
4.4945493,-6.042965,-8.075643,-6.631939
4.503084,-6.0285997,-7.493851,-6.1938
4.5117908,-6.157887,-6.600814,-5.439626
4.5167904,-6.2249246,-6.3470287,-5.233725
4.521873,-6.2249246,-6.3470287,-5.233725
4.530627,-6.155493,-5.389348,-5.2145715
4.5392323,-6.1195793,-5.0182467,-5.2600613
4.5418143,-5.920861,-4.3718123,-5.094861
4.5468144,-5.7005944,-4.156334,-4.8123455
4.5539885,-5.7005944,-4.156334,-4.8123455
4.5587916,-5.046977,-3.9839516,-4.369418
4.564688,-5.046977,-3.9839516,-4.369418
4.5734243,-4.417302,-4.122815,-3.2225955
4.578424,-4.3023806,-4.2161894,-2.7246015
4.583437,-4.3023806,-4.2161894,-2.7246015
4.592203,-4.2042184,-4.247314,-1.6328455
4.600811,-4.213795,-4.2904096,-1.0654198
4.6095443,-4.1180267,-4.39336,-0.06943185
4.6145444,-4.0701427,-4.2544966,0.31124622
4.6196036,-4.0701427,-4.2544966,0.31124622
4.6283436,-4.285621,-3.8355112,0.4141969
4.6336727,-4.285621,-3.8355112,0.4141969
4.638344,-4.9583917,-4.0557775,0.055066638
4.6469383,-5.3199162,-4.283227,0.009576807
4.6494193,-5.580884,-4.5082817,0.09816227
4.6544194,-5.705383,-4.6662993,0.20829555
4.660659,-5.705383,-4.6662993,0.20829555
4.6654496,-5.5377884,-4.675876,0.11252748
4.6722255,-5.2241483,-4.711789,0.08140286
4.6808987,-4.369418,-4.7884035,0.090979666
4.6895924,-3.9576154,-4.915296,0.11492168
4.6983256,-3.4955344,-5.595249,0.36631286
4.7068295,-3.596091,-5.865794,0.48362875
4.7093363,-3.8187518,-6.1076083,0.6895301
4.7174234,-4.19943,-6.1387334,0.92895025
4.720004,-4.6136265,-6.1123967,1.103727
4.725004,-5.6359506,-5.9041014,1.6136919
4.7324204,-5.6359506,-5.9041014,1.6136919
4.737199,-6.3829417,-5.3103395,2.1811178
4.74307,-6.3829417,-5.3103395,2.1811178
4.745567,-6.76362,-4.8338933,2.621651
4.750567,-6.435614,-4.7524905,3.0669725
4.7555666,-6.435614,-4.7524905,3.0669725
4.761402,-6.435614,-4.7524905,3.0669725
4.7653656,-5.2480903,-4.6232033,3.2130187
4.770796,-5.2480903,-4.6232033,3.2130187
4.7794495,-3.881001,-5.08289,2.8395233
4.7844496,-3.3303347,-5.530606,2.0326772
4.7894816,-3.3303347,-5.530606,2.0326772
4.798203,-2.8323407,-6.114791,0.21787235
4.806825,-3.086126,-6.1890116,0.32800564
4.8094378,-3.9001546,-6.6486983,0.9840169
4.814438,-4.3766007,-6.9623384,1.376666
4.819438,-4.3766007,-6.9623384,1.376666
4.8221674,-4.3766007,-6.9623384,1.376666
4.8246717,-5.1882353,-7.615956,2.2026656
4.829672,-5.485116,-7.908048,2.719813
4.835714,-5.485116,-7.908048,2.719813
4.8382964,-5.6527104,-8.200141,3.2321723
4.843296,-5.722142,-8.698134,3.940856
4.850794,-5.722142,-8.698134,3.940856
4.855577,-5.547365,-8.832211,3.5098996
4.861468,-5.547365,-8.832211,3.5098996
4.8701825,-4.6830587,-8.001422,2.1691468
4.8751826,-4.280833,-7.642292,1.7070658
4.880171,-4.280833,-7.642292,1.7070658
4.8889647,-3.53863,-6.859388,0.48362875
4.897562,-3.145981,-6.5601125,-0.033518825
4.906322,-2.3558946,-6.375759,-0.93852705
4.911322,-2.0829554,-6.3829417,-1.2282255
4.9163685,-2.0829554,-6.3829417,-1.2282255
4.9251347,-1.4197617,-7.553706,-2.1667526
4.9304237,-1.4197617,-7.553706,-2.1667526
4.9350877,-1.745373,-9.722853,-1.520318
4.9436646,-1.745373,-9.722853,-1.520318
4.9461617,-2.1164744,-11.334151,-0.5626374
4.951162,-1.3455414,-11.77229,0.7110779
4.9573855,-1.3455414,-11.77229,0.7110779
4.962324,-0.8595184,-11.535264,1.3263878
4.9688945,-0.4429273,-11.013328,1.8243817
4.9776006,0.34476504,-9.574412,2.4229321
4.9862328,0.80205756,-8.868123,2.5713725
4.9949784,0.6895301,-6.897695,3.7780502
5.003666,0.6895301,-6.897695,3.7780502
5.0062027,-0.2705448,-6.4427967,4.209007
5.014039,-0.91458505,-6.4380083,4.4244847
5.0166326,-1.6567876,-6.519411,4.477157
5.0216327,-2.7150247,-7.0341644,4.4484267
5.029072,-2.7150247,-7.0341644,4.4484267
5.0338726,-3.2106245,-8.018182,4.5082817
5.039712,-3.2106245,-8.018182,4.5082817
5.0422173,-2.7820623,-9.246407,4.357447
5.0472174,-2.3702598,-9.794679,4.1515455
5.0522175,-2.3702598,-9.794679,4.1515455
5.058087,-2.3702598,-9.794679,4.1515455
5.0620623,-1.8052281,-11.168951,3.0693667
5.0675125,-1.8052281,-11.168951,3.0693667
5.0761914,-1.9560628,-11.631032,2.3702598
5.0811915,-2.018312,-11.417948,2.1021092
5.0865383,-2.018312,-11.417948,2.1021092
5.0952673,-1.5370775,-9.742006,1.4389153
5.103887,-1.2186487,-9.3182335,1.2856863
5.112742,-0.7565677,-9.0429,1.541866
5.1199937,-0.5410896,-9.085996,1.7381904
5.122618,-0.21068975,-9.303867,1.8387469
5.127618,-0.07182605,-9.3421755,1.7860745
5.1323195,-0.07182605,-9.3421755,1.7860745
5.134909,-0.033518825,-9.232041,1.745373
5.139909,-0.35194764,-8.7771435,1.6184803
5.1471677,-0.35194764,-8.7771435,1.6184803
5.1520452,-0.6727707,-8.683769,1.661576
5.1578927,-1.043872,-8.755595,1.8459295
5.1666274,-1.7070658,-9.198523,2.4349031
5.1716275,-1.8938135,-9.483433,2.7341783
5.1766148,-1.8938135,-9.483433,2.7341783
5.185428,-1.5298948,-10.553641,2.9903579
5.194046,-1.3958195,-10.996569,2.920926
5.2028112,-1.2880806,-11.9853735,2.5474305
5.207811,-1.4030021,-12.01171,2.267309
5.212854,-1.4030021,-12.01171,2.267309
5.2215996,-1.436521,-11.923124,2.2505496
5.226841,-1.3934253,-11.781867,2.0805612
5.231516,-1.2473791,-11.133038,1.6591818
5.2387915,-1.2473791,-11.133038,1.6591818
5.241271,-1.1085154,-10.000581,1.2856863
5.246271,-1.0055647,-9.425972,1.1348516
5.2512712,-1.0055647,-9.425972,1.1348516
5.2543526,-1.0055647,-9.425972,1.1348516
5.259771,-0.6655881,-8.614338,0.80445176
5.266415,-0.44532153,-8.449138,0.80924016
5.275115,-0.21547815,-8.346188,0.9600749
5.2837076,-0.19153613,-8.497022,1.0654198
5.292459,-0.35913026,-9.035717,1.1540052
5.2974586,-0.45250413,-9.176975,1.2018893
5.302422,-0.45250413,-9.176975,1.2018893
5.3111634,-0.7206547,-9.691729,1.2593501
5.3171067,-0.7685388,-10.149021,1.2425907
5.3196054,-0.6607997,-10.532093,1.2234371
5.3246055,-0.35434186,-10.575189,1.3000516
5.331509,-0.35434186,-10.575189,1.3000516
5.340269,-0.1388637,-10.15381,1.2234371
5.345577,-0.007182605,-9.871294,1.1875241
5.3495955,0.1340753,-9.591172,1.0749966
5.355258,0.2801216,-9.387665,1.0510546
5.363755,0.34955344,-9.19134,1.0031705
5.372018,0.2801216,-9.141062,1.0941502
5.380427,-0.088585466,-9.011775,1.1994951
5.3866887,-0.088585466,-9.011775,1.1994951
5.3890715,-0.24899697,-8.937555,1.3000516
5.394071,-0.5267244,-8.829816,1.2186487
5.3990693,-0.5267244,-8.829816,1.2186487
5.4015555,-0.63206923,-8.858546,1.0127473
5.4065557,-0.6727707,-8.913613,0.7733272
5.4115553,-0.6727707,-8.913613,0.7733272
5.414202,-0.6727707,-8.913613,0.7733272
5.418908,-0.59855044,-9.038112,0.6895301
5.423777,-0.5410896,-9.267955,0.7015011
5.4282303,-0.4189853,-9.55047,0.7613561
5.435179,-0.30406362,-9.82341,0.8619126
5.4392486,-0.22266077,-10.244789,1.2162545
5.4439855,-0.22266077,-10.244789,1.2162545
5.4484935,-0.2705448,-10.326192,1.376666
5.455398,-0.36391866,-10.326192,1.4628572
5.457784,-0.46208093,-10.30225,1.5682021
5.462784,-0.7015011,-10.1226845,1.769315
5.468313,-0.7015011,-10.1226845,1.769315
5.4708033,-0.830788,-10.022128,1.8602947
5.478963,-0.91937345,-9.907207,1.9057846
5.481442,-0.9624691,-9.794679,1.8531121
5.488962,-0.9792285,-9.622296,1.757344
5.491455,-0.9720459,-9.40203,1.7118542
5.49926,-0.8834604,-9.212888,1.7046716
5.5017643,-0.80445176,-9.045294,1.6950948
5.50927,-0.7493851,-8.935161,1.6927006
5.5117745,-0.6631939,-8.911219,1.6208745
5.5198474,-0.59136784,-8.978256,1.5131354
5.524511,-0.46686932,-9.296685,1.4341269
5.529771,-0.46686932,-9.296685,1.4341269
5.534283,-0.4333505,-9.569624,1.4197617
5.5406113,-0.4333505,-9.569624,1.4197617
5.5450673,-0.51954174,-9.7324295,1.400608
5.5496955,-0.51954174,-9.7324295,1.400608
5.5530543,-0.6392518,-9.775525,1.4317327
5.5606313,-0.6392518,-9.775525,1.4317327
5.565422,-0.7134721,-9.662998,1.4532804
5.5709877,-0.7206547,-9.579201,1.460463
5.5756736,-0.6871359,-9.457097,1.4077905
5.5825896,-0.6560113,-9.354146,1.4030021
5.5872664,-0.5722142,-9.267955,1.3670892
5.5931106,-0.47884035,-9.188946,1.30484
5.5977893,-0.4213795,-9.165004,1.2569559
5.604448,-0.33518824,-9.167398,1.2354081
5.6069303,-0.31124622,-9.215282,1.2282255
5.6156607,-0.260968,-9.43076,1.2952632
5.618201,-0.31603462,-9.603143,1.271321
5.623201,-0.36152446,-9.744401,1.3431472
5.628738,-0.36152446,-9.744401,1.3431472
5.633726,-0.5434838,-9.907207,1.4413095
5.6383247,-0.5434838,-9.907207,1.4413095
5.641698,-0.6560113,-9.940725,1.5370775
5.6500964,-0.7302315,-9.916783,1.5921441
5.6548347,-0.7517793,-9.765948,1.685518
5.6594343,-0.7254431,-9.662998,1.6687586
5.6641283,-0.6943185,-9.576807,1.6472107
5.671387,-0.6943185,-9.576807,1.6472107
5.6760697,-0.6464345,-9.440337,1.5753847
5.6813183,-0.62009823,-9.354146,1.5394717
5.6859784,-0.60094464,-9.296685,1.5610195
5.6932526,-0.6392518,-9.23683,1.5227122
5.6957536,-0.6823475,-9.210494,1.553837
5.704002,-0.7134721,-9.220071,1.5586253
5.706548,-0.7661445,-9.339781,1.4891934
5.711548,-0.7661445,-9.339781,1.4891934
5.7167697,-0.7661445,-9.339781,1.4891934
5.7193904,-0.7685388,-9.469068,1.4269443
5.7275653,-0.78050977,-9.502586,1.4149733
5.7310195,-0.7493851,-9.5385,1.3838485
5.7385497,-0.6919243,-9.572019,1.3862427
5.7432456,-0.61291564,-9.562442,1.4030021
5.7487893,-0.61291564,-9.562442,1.4030021
5.753484,-0.37588966,-9.617508,1.4508862
5.760096,-0.2873042,-9.569624,1.448492
5.76483,-0.25139117,-9.524135,1.4317327
5.7706747,-0.24181437,-9.483433,1.4149733
5.7753377,-0.2873042,-9.416395,1.4053963
5.781989,-0.33039984,-9.385271,1.4317327
5.7844844,-0.39743748,-9.3661175,1.496376
5.7894845,-0.4333505,-9.375694,1.5993267
5.793622,-0.4333505,-9.375694,1.5993267
5.7961893,-0.5554548,-9.454702,1.6184803
5.8011894,-0.61291564,-9.483433,1.6256629
5.8067822,-0.61291564,-9.483433,1.6256629
5.8117533,-0.6751649,-9.5385,1.7142484
5.81633,-0.6751649,-9.5385,1.7142484
5.8210077,-0.6464345,-9.555259,1.7166426
5.8283005,-0.61291564,-9.593566,1.7908629
5.8331327,-0.50278234,-9.691729,1.8555063
5.8377275,-0.4381389,-9.7324295,1.8650831
5.842468,-0.41180268,-9.734824,1.8507179
5.8497133,-0.41180268,-9.734824,1.8507179
5.8544006,-0.3854665,-9.737218,1.8507179
5.8596373,-0.4237737,-9.715671,1.8124107
5.8643303,-0.47884035,-9.710882,1.7741034
5.871614,-0.50757074,-9.682152,1.757344
5.874087,-0.5410896,-9.648633,1.7022774
5.882,-0.5793968,-9.655815,1.661576
5.8845487,-0.58897364,-9.674969,1.6041151
5.889549,-0.60094464,-9.76116,1.5586253
5.895,-0.60094464,-9.76116,1.5586253
5.8999434,-0.641646,-9.885659,1.4748282
5.9056354,-0.6344634,-9.892841,1.4891934
5.910317,-0.6584055,-9.89763,1.4772224
5.9172797,-0.62728083,-9.878476,1.4341269
5.9220333,-0.5770026,-9.787497,1.4341269
5.9275885,-0.5506664,-9.713276,1.472434
5.93234,-0.47644615,-9.61272,1.4748282
5.939226,-0.44771573,-9.528923,1.4652514
5.943909,-0.36152446,-9.473856,1.4748282
5.949869,-0.2777274,-9.461885,1.4915876
5.952495,-0.22505496,-9.509769,1.484405
5.957495,-0.21787235,-9.586384,1.5179238
5.9619775,-0.21787235,-9.586384,1.5179238
5.964526,-0.272939,-9.727641,1.4748282
5.969526,-0.3184288,-9.792285,1.4891934
5.9741416,-0.3184288,-9.792285,1.4891934
5.9776216,-0.39983168,-9.842564,1.5107412
5.986382,-0.4405331,-9.883265,1.5131354
5.991071,-0.5554548,-9.916783,1.5658079
5.99567,-0.5554548,-9.916783,1.5658079
6.0004444,-0.59615624,-9.816227,1.5011644
6.00778,-0.59615624,-9.816227,1.5011644
6.0125103,-0.56982,-9.665392,1.4580688
6.017748,-0.5602432,-9.593566,1.4221559
6.0224977,-0.5650316,-9.540894,1.376666
6.0298285,-0.5746084,-9.469068,1.3670892
6.032393,-0.5530606,-9.445126,1.3814543
6.040194,-0.5267244,-9.421184,1.4197617
6.0428066,-0.50517654,-9.406818,1.4173675
6.0478067,-0.49559975,-9.394848,1.436521
6.0519023,-0.49559975,-9.394848,1.436521
6.0544853,-0.49799395,-9.44752,1.5394717
6.059485,-0.49081135,-9.485827,1.5634137
6.0638776,-0.49081135,-9.485827,1.5634137
6.0673323,-0.51714754,-9.531317,1.5705963
6.0747943,-0.545878,-9.591172,1.6136919
6.0794683,-0.5770026,-9.636662,1.6376339
6.085037,-0.5770026,-9.636662,1.6376339
6.089692,-0.5291186,-9.615114,1.5682021
6.0966153,-0.5291186,-9.615114,1.5682021
6.1013117,-0.50996494,-9.457097,1.5969325
6.107132,-0.4309563,-9.423578,1.6352397
6.1118097,-0.35673606,-9.378088,1.5370775
6.118462,-0.2633622,-9.375694,1.553837
6.1209607,-0.20111294,-9.399636,1.5490485
6.129818,-0.17238252,-9.423578,1.5777789
6.1325045,-0.25378537,-9.449914,1.5059528
6.137504,-0.25378537,-9.449914,1.5059528
6.142975,-0.25378537,-9.449914,1.5059528
6.1479163,-0.24660277,-9.555259,1.733402
6.1525807,-0.2801216,-9.622296,1.7310078
6.1572666,-0.35673606,-9.6845455,1.7549498
6.1645555,-0.40701428,-9.653421,1.7525556
6.169237,-0.46686932,-9.643845,1.745373
6.173825,-0.46686932,-9.643845,1.745373
6.1784487,-0.521936,-9.629479,1.8004397
6.1858487,-0.521936,-9.629479,1.8004397
6.190539,-0.5267244,-9.665392,1.8746599
6.195794,-0.545878,-9.67018,1.922544
6.20047,-0.50278234,-9.610326,1.9057846
6.207717,-0.4237737,-9.5385,1.8579005
6.2102146,-0.30645782,-9.440337,1.7717092
6.217852,-0.23223756,-9.32781,1.673547
6.2205915,-0.12689269,-9.301474,1.5897499
6.225591,-0.06464344,-9.289502,1.5227122
6.2298546,-0.06464344,-9.289502,1.5227122
6.2325964,0.0023942017,-9.394848,1.5275006
6.237596,-0.02633622,-9.500193,1.6232687
6.241932,-0.02633622,-9.500193,1.6232687
6.2454033,-0.074220255,-9.595961,1.6831238
6.252776,-0.11971009,-9.696517,1.7262194
6.257445,-0.21547815,-9.809045,1.8315643
6.264423,-0.21547815,-9.809045,1.8315643
6.2690997,-0.33518824,-9.844957,1.9129672
6.276018,-0.39264908,-9.8042555,1.9728222
6.2785177,-0.4165911,-9.706094,1.934515
6.283518,-0.39983168,-9.610326,1.934515
6.288019,-0.39983168,-9.610326,1.934515
6.2905617,-0.36631286,-9.514558,1.9081788
6.2991815,-0.35194764,-9.49301,1.9273324
6.30177,-0.25139117,-9.476251,1.9081788
6.30677,-0.19393034,-9.490616,1.934515
6.311018,-0.19393034,-9.490616,1.934515
6.3144736,-0.1316811,-9.500193,1.8674773
6.322619,-0.110133275,-9.500193,1.8555063
6.3272843,-0.1340753,-9.514558,1.8028339
6.331949,-0.1340753,-9.514558,1.8028339
6.3365965,-0.19393034,-9.514558,1.7741034
6.3440037,-0.2657564,-9.500193,1.6998832
6.3486595,-0.4165911,-9.528923,1.6807296
6.3539104,-0.48123455,-9.5385,1.7142484
6.3585815,-0.533907,-9.55047,1.7621324
6.36584,-0.58418524,-9.579201,1.8148049
6.368319,-0.62488663,-9.576807,1.8531121
6.3764324,-0.62249243,-9.569624,1.9297266
6.379003,-0.6392518,-9.533711,1.9249382
6.38786,-0.62249243,-9.476251,1.8674773
6.3904595,-0.5386954,-9.3421755,1.8076223
6.3978925,-0.5386954,-9.3421755,1.8076223
6.400471,-0.48362875,-9.313444,1.7477672
6.405471,-0.48362875,-9.313444,1.7477672
6.410686,-0.48362875,-9.313444,1.7477672
6.4156523,-0.5291186,-9.433155,1.7645266
6.4212117,-0.5650316,-9.481039,1.7764976
6.4258513,-0.58897364,-9.540894,1.8315643
6.4321094,-0.58657944,-9.560047,1.8291701
6.4367614,-0.5722142,-9.627085,1.7860745
6.4418426,-0.5722142,-9.627085,1.7860745
6.446562,-0.60333884,-9.579201,1.8076223
6.4534698,-0.60333884,-9.579201,1.8076223
6.45815,-0.61052144,-9.445126,1.7669208
6.4640236,-0.5267244,-9.41879,1.8411411
6.4665074,-0.49320555,-9.370906,1.8387469
6.4715075,-0.51714754,-9.356541,1.8387469
6.476224,-0.51714754,-9.356541,1.8387469
6.478799,-0.545878,-9.351752,1.8291701
6.487268,-0.545878,-9.344569,1.8507179
6.489854,-0.5410896,-9.370906,1.8626889
6.494854,-0.5410896,-9.370906,1.8626889
6.5000725,-0.5410896,-9.370906,1.8626889
6.50508,-0.5626374,-9.399636,1.8387469
6.50965,-0.5770026,-9.416395,1.8171991
6.5143266,-0.59615624,-9.433155,1.8243817
6.521634,-0.5770026,-9.452309,1.7525556
6.5262847,-0.5434838,-9.394848,1.7381904
6.5315504,-0.5434838,-9.394848,1.7381904
6.5362186,-0.533907,-9.287108,1.685518
6.543537,-0.533907,-9.287108,1.685518
6.5460157,-0.5626374,-9.19134,1.6687586
6.554419,-0.581791,-9.124303,1.70946
6.556978,-0.62967503,-9.100361,1.7046716
6.5659504,-0.6727707,-9.054871,1.7046716
6.568553,-0.6871359,-9.0237465,1.733402
6.575932,-0.7182605,-8.9758625,1.7262194
6.5785303,-0.7182605,-8.925584,1.8124107
6.5835304,-0.7541735,-8.884883,1.8052281
6.589828,-0.7541735,-8.884883,1.8052281
6.5949078,-0.6919243,-8.844181,1.8171991
6.6004925,-0.6919243,-8.844181,1.8171991
6.6051874,-0.56982,-8.834604,1.8626889
6.6121025,-0.56982,-8.834604,1.8626889
6.61458,-0.4285621,-8.9279785,1.8459295
6.61958,-0.35194764,-8.995016,1.8148049
6.624261,-0.35194764,-8.995016,1.8148049
6.6268325,-0.29927522,-9.057265,1.7860745
6.635625,-0.2633622,-9.129091,1.7310078
6.638268,-0.23942018,-9.234436,1.6519991
6.6449285,-0.23942018,-9.234436,1.6519991
6.648263,-0.29688102,-9.3182335,1.5993267
6.6532626,-0.29688102,-9.3182335,1.5993267
6.6583724,-0.29688102,-9.3182335,1.5993267
6.6633344,-0.45489833,-9.416395,1.6304513
6.6679726,-0.5530606,-9.44752,1.6400281
6.6713734,-0.61770403,-9.526528,1.6519991
6.6785927,-0.7015011,-9.583989,1.6424223
6.6832623,-0.7493851,-9.674969,1.6591818
6.6878495,-0.80445176,-9.749189,1.6352397
6.6925964,-0.8403648,-9.835381,1.5873557
6.699908,-0.8451532,-9.928755,1.5921441
6.704631,-0.89303726,-10.038888,1.520318
6.709887,-0.89303726,-10.038888,1.520318
6.718669,-0.94570965,-10.117896,1.460463
6.7236686,-0.91219085,-10.132261,1.388637
6.728683,-0.91219085,-10.132261,1.388637
6.7374043,-0.9816227,-10.084377,1.4101849
6.7447314,-0.9935937,-10.06283,1.364695
6.7473235,-0.94810385,-10.036493,1.3144168
6.7523236,-0.91937345,-10.048465,1.3239936
6.7573233,-0.91937345,-10.048465,1.3239936
6.7612977,-0.91937345,-10.048465,1.3239936
6.7637854,-0.89303726,-10.149021,1.340753
6.7719855,-0.8834604,-10.160992,1.3742718
6.774535,-0.8595184,-10.172963,1.4077905
6.779535,-0.80684596,-10.175357,1.3814543
6.784535,-0.80684596,-10.175357,1.3814543
6.7887883,-0.80684596,-10.175357,1.3814543
6.7937064,-0.7254431,-10.079589,1.3694834
6.7995486,-0.7254431,-10.079589,1.3694834
6.8082905,-0.59615624,-9.931149,1.4628572
6.8132906,-0.5386954,-9.890448,1.448492
6.8182664,-0.5386954,-9.890448,1.448492
6.8270354,-0.4285621,-9.813833,1.5370775
6.8337455,-0.34715924,-9.77792,1.5131354
6.836332,-0.21787235,-9.768343,1.5131354
6.8413324,-0.18435353,-9.770737,1.4580688
6.846332,-0.18435353,-9.770737,1.4580688
6.850283,-0.18435353,-9.770737,1.4580688
6.8528304,-0.12449849,-9.737218,1.496376
6.8615975,-0.15322891,-9.734824,1.5394717
6.864136,-0.20350714,-9.713276,1.5370775
6.869136,-0.24420857,-9.651027,1.532289
6.874136,-0.24420857,-9.651027,1.532289
6.87835,-0.24420857,-9.651027,1.532289
6.883301,-0.2873042,-9.488221,1.5442601
6.8885655,-0.2873042,-9.488221,1.5442601
6.8973217,-0.25378537,-9.284714,1.5586253
6.902322,-0.2633622,-9.227253,1.5227122
6.907358,-0.2633622,-9.227253,1.5227122
6.916119,-0.21547815,-9.109938,1.4700398
6.9233747,-0.20590134,-9.083601,1.3910311
6.9322467,-0.24899697,-9.114726,1.340753
6.940843,-0.24899697,-9.114726,1.340753
6.943317,-0.18435353,-9.248801,1.3024458
6.9506683,-0.19393034,-9.334992,1.2545617
6.953224,-0.22744916,-9.375694,1.2521675
6.9582243,-0.30645782,-9.435549,1.2090719
6.963224,-0.30645782,-9.435549,1.2090719
6.967363,-0.30645782,-9.435549,1.2090719
6.972393,-0.40222588,-9.485827,1.1779473
6.978259,-0.40222588,-9.485827,1.1779473
6.9807367,-0.533907,-9.502586,1.1683705
6.985737,-0.5746084,-9.502586,1.1683705
6.990432,-0.5746084,-9.502586,1.1683705
6.9929852,-0.62009823,-9.49301,1.1300632
7.001492,-0.6751649,-9.502586,1.127669
7.004096,-0.6895301,-9.497798,1.1204864
7.012344,-0.7278373,-9.497798,1.067814
7.017176,-0.80684596,-9.540894,0.9840169
7.0251207,-0.8379706,-9.55047,0.9600749
7.029803,-0.8403648,-9.600749,0.9696517
7.037248,-0.8595184,-9.643845,0.9744401
7.039755,-0.89064306,-9.816227,0.9696517
7.0482945,-0.90979666,-9.911995,0.94570965
7.050833,-0.91219085,-10.005369,0.94810385
7.055834,-0.90979666,-10.079589,0.9744401
7.0607967,-0.90979666,-10.079589,0.9744401
7.063371,-0.92895025,-10.134656,0.9720459
7.070319,-0.94570965,-10.172963,0.9744401
7.072981,-0.9648633,-10.225636,1.0127473
7.077981,-0.9720459,-10.247183,1.0079589
7.0823655,-0.9720459,-10.247183,1.0079589
7.085839,-1.0007763,-10.3214035,1.0223241
7.090626,-0.9864111,-10.326192,0.9911995
7.096987,-0.9744401,-10.299856,1.0127473
7.105551,-0.9648633,-10.271125,1.0151415
7.1102085,-0.9504981,-10.204087,1.0247183
7.1161304,-0.91697925,-10.160992,1.091756
7.120818,-0.89543146,-10.060435,1.1659763
7.127531,-0.89543146,-10.060435,1.1659763
7.1300106,-0.90740246,-9.935937,1.2449849
7.1378894,-0.91697925,-9.835381,1.2737153
7.140465,-0.93373865,-9.749189,1.3215994
7.145465,-0.91219085,-9.653421,1.3503298
7.149755,-0.91219085,-9.653421,1.3503298
7.1523347,-0.91697925,-9.548077,1.3263878
7.159841,-0.93373865,-9.464279,1.3431472
7.1625133,-0.9935937,-9.411607,1.283292
7.171338,-1.043872,-9.363723,1.2354081
7.176183,-1.0319009,-9.339781,1.2282255
7.183332,-1.0103531,-9.370906,1.1755531
7.1879992,-0.9959879,-9.452309,1.1707647
7.195292,-1.0007763,-9.533711,1.1444284
7.1999817,-0.9672575,-9.76116,0.9983821
7.205316,-0.9672575,-9.76116,0.9983821
7.207823,-0.9528923,-9.902418,0.92176765
7.212823,-0.8714894,-10.187328,0.770933
7.2190833,-0.8714894,-10.187328,0.770933
7.221664,-0.8403648,-10.287885,0.6871359
7.2289004,-0.78290397,-10.31901,0.6631939
7.23148,-0.7493851,-10.266336,0.61770403
7.23648,-0.7350199,-10.144233,0.6679823
7.2408457,-0.7350199,-10.144233,0.6679823
7.2443004,-0.7158663,-9.7803135,0.7134721
7.2497754,-0.7158663,-9.7803135,0.7134721
7.254825,-0.6943185,-9.306262,0.78769237
7.2633867,-0.6943185,-9.306262,0.78769237
7.26806,-0.7062895,-8.872911,0.90021986
7.27282,-0.6919243,-8.724471,0.91937345
7.2774973,-0.6679823,-8.647857,0.94331545
7.284467,-0.61530983,-8.580819,0.9744401
7.286972,-0.60094464,-8.564059,1.0055647
7.291972,-0.51475334,-8.595184,1.1085154
7.2960987,-0.51475334,-8.595184,1.1085154
7.298662,-0.48123455,-8.662222,1.151611
7.303663,-0.4429273,-8.750807,1.2018893
7.3077188,-0.4429273,-8.750807,1.2018893
7.31032,-0.39743748,-8.882488,1.283292
7.3178687,-0.36631286,-8.983045,1.3215994
7.3204646,-0.37110126,-9.081207,1.3862427
7.3293366,-0.37588966,-9.19134,1.4676456
7.3327985,-0.4189853,-9.351752,1.5873557
7.3397164,-0.4189853,-9.351752,1.5873557
7.344401,-0.51235914,-9.528923,1.7046716
7.3529773,-0.56982,-9.639056,1.7381904
7.3576484,-0.60094464,-9.727641,1.7238252
7.362916,-0.6488287,-9.82341,1.733402
7.3675914,-0.6560113,-10.005369,1.6376339
7.37489,-0.6560113,-10.005369,1.6376339
7.37738,-0.6584055,-10.04607,1.5346833
7.384526,-0.6512229,-10.072407,1.4820108
7.3870745,-0.6392518,-10.084377,1.4077905
7.3920746,-0.62009823,-10.065224,1.3670892
7.397007,-0.62009823,-10.065224,1.3670892
7.3995914,-0.5554548,-10.072407,1.2952632
7.40666,-0.49559975,-10.084377,1.2401965
7.409239,-0.45250413,-10.077195,1.1755531
7.4142394,-0.3854665,-10.139444,1.127669
7.418699,-0.3854665,-10.139444,1.127669
7.4221654,-0.23942018,-10.192117,1.0486604
7.427939,-0.23942018,-10.192117,1.0486604
7.4329443,-0.11731588,-10.192117,1.0055647
7.4411817,-0.11731588,-10.192117,1.0055647
7.4458814,-0.10055647,-10.168175,0.9840169
7.4514484,-0.12449849,-10.139444,0.9959879
7.456125,-0.15801731,-10.070012,0.9720459
7.4628415,-0.088585466,-10.005369,1.0821792
7.4653077,-0.047884032,-9.940725,1.1228806
7.4741063,-0.05746084,-9.883265,1.1683705
7.4766655,-0.06464344,-9.768343,1.2449849
7.481665,-0.062249243,-9.68694,1.3000516
7.485807,-0.062249243,-9.68694,1.3000516
7.488404,-0.11971009,-9.617508,1.3599066
7.4959064,-0.16998832,-9.507375,1.4197617
7.4984884,-0.22744916,-9.409213,1.4820108
7.50729,-0.24660277,-9.325416,1.5227122
7.51075,-0.31124622,-9.210494,1.5346833
7.517713,-0.31124622,-9.210494,1.5346833
7.5224414,-0.37588966,-9.095572,1.6065093
7.531052,-0.37588966,-9.095572,1.6065093
7.5357237,-0.45250413,-9.004593,1.6160861
7.5409956,-0.49320555,-8.990228,1.6017209
7.5456696,-0.5386954,-9.033323,1.5969325
7.55291,-0.50038815,-9.059659,1.5897499
7.555398,-0.44771573,-9.169792,1.5466543
7.562526,-0.44771573,-9.169792,1.5466543
7.5650764,-0.39983168,-9.3733,1.5562311
7.5700765,-0.34715924,-9.437943,1.5275006
7.5749683,-0.34715924,-9.437943,1.5275006
7.5775723,-0.31603462,-9.519346,1.5059528
7.5844917,-0.2753332,-9.552865,1.5155296
7.5870605,-0.2681506,-9.588778,1.4939818
7.59206,-0.25139117,-9.629479,1.4915876
7.596425,-0.25139117,-9.629479,1.4915876
7.599883,-0.24181437,-9.653421,1.4652514
7.606154,-0.24181437,-9.653421,1.4652514
7.610832,-0.21547815,-9.662998,1.3814543
7.618066,-0.21547815,-9.662998,1.3814543
7.621483,-0.16759412,-9.679757,1.352724
7.6259303,-0.16759412,-9.679757,1.352724
7.6306243,-0.1364695,-9.730036,1.30484
7.637867,-0.1364695,-9.730036,1.30484
7.642589,-0.08140286,-9.746795,1.2761095
7.6496787,-0.08379706,-9.7563715,1.2282255
7.6544237,-0.06943185,-9.7563715,1.1779473
7.6610756,-0.10055647,-9.727641,1.2521675
7.663568,-0.08140286,-9.706094,1.2521675
7.6718607,-0.05746084,-9.725247,1.3192052
7.674424,-0.095768064,-9.696517,1.412579
7.6794243,-0.11252748,-9.679757,1.4915876
7.6835093,-0.11252748,-9.679757,1.4915876
7.6860886,-0.15562311,-9.643845,1.4891934
7.6936,-0.22505496,-9.622296,1.5658079
7.696182,-0.29209262,-9.631873,1.6017209
7.7049384,-0.35913026,-9.572019,1.6424223
7.7097635,-0.39504328,-9.533711,1.6543933
7.715621,-0.45250413,-9.502586,1.6400281
7.7202735,-0.45968673,-9.452309,1.5849615
7.7288985,-0.45968673,-9.452309,1.5849615
7.7335687,-0.50278234,-9.490616,1.5394717
7.7388268,-0.49559975,-9.528923,1.5682021
7.7435036,-0.47644615,-9.533711,1.5394717
7.7508254,-0.4405331,-9.543288,1.5634137
7.753313,-0.39743748,-9.586384,1.5729905
7.7602854,-0.39743748,-9.586384,1.5729905
7.762995,-0.37349546,-9.569624,1.5921441
7.767995,-0.39743748,-9.56723,1.5682021
7.772772,-0.39743748,-9.56723,1.5682021
7.775354,-0.40701428,-9.543288,1.5562311
7.7822824,-0.37588966,-9.545682,1.5490485
7.784871,-0.3854665,-9.500193,1.5729905
7.7898707,-0.39264908,-9.488221,1.5801731
7.7942147,-0.39264908,-9.488221,1.5801731
7.7976565,-0.38307226,-9.43076,1.5490485
7.803838,-0.36631286,-9.390059,1.5394717
7.808521,-0.33279404,-9.325416,1.5753847
7.816101,-0.33279404,-9.325416,1.5753847
7.8207703,-0.31124622,-9.296685,1.5179238
7.8278813,-0.24899697,-9.308656,1.5107412
7.8327336,-0.25378537,-9.337387,1.5011644
7.8393846,-0.24899697,-9.380483,1.5131354
7.8418617,-0.22744916,-9.404425,1.4891934
7.8499517,-0.20829555,-9.437943,1.4867992
7.8525662,-0.21308395,-9.557653,1.553837
7.8575664,-0.20829555,-9.588778,1.5753847
7.8616138,-0.20829555,-9.588778,1.5753847
7.864201,-0.23223756,-9.629479,1.5825673
7.871671,-0.23942018,-9.615114,1.5729905
7.8742537,-0.2873042,-9.619903,1.6017209
7.8830814,-0.31364042,-9.600749,1.5897499
7.8865356,-0.34715924,-9.572019,1.5897499
7.8934846,-0.35673606,-9.560047,1.6208745
7.8981485,-0.39504328,-9.488221,1.6663644
7.9049,-0.39504328,-9.488221,1.6663644
7.9095516,-0.40462008,-9.421184,1.6496049
7.915111,-0.4405331,-9.380483,1.6639702
7.919836,-0.4309563,-9.375694,1.6711528
7.92843,-0.36631286,-9.394848,1.6879122
7.9309278,-0.33997664,-9.428367,1.6687586
7.9382834,-0.31364042,-9.454702,1.6663644
7.940829,-0.2801216,-9.483433,1.6567876
7.945829,-0.2705448,-9.497798,1.673547
7.950745,-0.2705448,-9.497798,1.673547
7.953327,-0.21308395,-9.581595,1.661576
7.9602423,-0.21308395,-9.619903,1.6783354
7.9629765,-0.20350714,-9.665392,1.6783354
7.9679766,-0.21308395,-9.725247,1.6903064
7.9723234,-0.21308395,-9.725247,1.6903064
7.9757876,-0.22984336,-9.746795,1.6663644
7.981799,-0.24181437,-9.785102,1.6567876
7.9864717,-0.24899697,-9.837775,1.6256629
7.9937854,-0.22984336,-9.859323,1.6208745
7.9984612,-0.23223756,-9.92636,1.5729905
8.00308,-0.23223756,-9.92636,1.5729905
8.007787,-0.23463176,-10.038888,1.5490485
8.016279,-0.23463176,-10.038888,1.5490485
8.018757,-0.17477672,-10.014946,1.5179238
8.023757,-0.16759412,-9.964667,1.5275006
8.027866,-0.16759412,-9.964667,1.5275006
8.030446,-0.12689269,-9.91439,1.5658079
8.035446,-0.10534488,-9.832987,1.5610195
8.039504,-0.10534488,-9.832987,1.5610195
8.042111,-0.1340753,-9.662998,1.5610195
8.049639,-0.15083471,-9.600749,1.5849615
8.0522175,-0.1604115,-9.504981,1.6376339
8.061034,-0.14844051,-9.40203,1.6376339
8.065854,-0.1316811,-9.349358,1.6639702
8.071486,-0.11971009,-9.330204,1.6759412
8.076189,-0.110133275,-9.239224,1.757344
8.083107,-0.110133275,-9.239224,1.757344
8.087781,-0.12449849,-9.167398,1.7645266
8.0925665,-0.1364695,-9.150639,1.7501614
8.0972395,-0.1340753,-9.155427,1.7118542
8.105782,-0.1340753,-9.155427,1.7118542
8.108264,-0.12689269,-9.188946,1.7549498
8.116293,-0.10055647,-9.212888,1.7357962
8.118835,-0.093373865,-9.26556,1.7429788
8.123835,-0.10055647,-9.320627,1.757344
8.128742,-0.10055647,-9.320627,1.757344
8.131348,-0.050278235,-9.445126,1.8052281
8.138264,-0.011971008,-9.445126,1.7405846
8.1408415,-0.02633622,-9.442732,1.7501614
8.145842,-0.031124622,-9.44752,1.7836803
8.150339,-0.031124622,-9.44752,1.7836803
8.1538725,-0.04309563,-9.44752,1.7142484
8.159689,-0.02873042,-9.43076,1.721431
8.164363,-0.009576807,-9.43076,1.6807296
8.172915,0.0023942017,-9.437943,1.6927006
8.177589,0.033518825,-9.428367,1.7166426
8.184683,0.079008654,-9.459491,1.6998832
8.187165,0.09816227,-9.488221,1.6903064
8.192166,0.12210429,-9.473856,1.6400281
8.197369,0.12210429,-9.473856,1.6400281
8.19994,0.1436521,-9.524135,1.5945383
8.207726,0.18914193,-9.531317,1.6017209
8.210304,0.19393034,-9.595961,1.6280571
8.219121,0.23702596,-9.636662,1.6160861
8.222603,0.22744916,-9.667787,1.6232687
8.229692,0.24899697,-9.706094,1.6208745
8.2343855,0.22744916,-9.739613,1.6232687
8.241023,0.22266077,-9.76116,1.6663644
8.245651,0.25378537,-9.773131,1.6903064
8.250258,0.25378537,-9.773131,1.6903064
8.255141,0.29688102,-9.816227,1.7429788
8.261796,0.29688102,-9.816227,1.7429788
8.266474,0.23942018,-9.751583,1.7669208
8.27209,0.23942018,-9.706094,1.7860745
8.276759,0.22505496,-9.651027,1.8171991
8.285229,0.14604631,-9.576807,1.8243817
8.287725,0.107739076,-9.504981,1.8459295
8.294758,0.074220255,-9.469068,1.8507179
8.297302,0.04070143,-9.469068,1.8219875
8.302301,0.02633622,-9.449914,1.7980455
8.306951,0.02633622,-9.449914,1.7980455
8.309534,-0.0023942017,-9.414001,1.8148049
8.316594,-0.023942016,-9.390059,1.8195933
8.319176,-0.035913024,-9.354146,1.8243817
8.324176,-0.050278235,-9.339781,1.8076223
8.328623,-0.050278235,-9.339781,1.8076223
8.332074,-0.07182605,-9.320627,1.7741034
8.337547,-0.10055647,-9.26556,1.8076223
8.342293,-0.11492168,-9.258378,1.7836803
8.34978,-0.1364695,-9.260772,1.7405846
8.354569,-0.15322891,-9.279925,1.757344
8.359163,-0.15322891,-9.279925,1.757344
8.36385,-0.1340753,-9.337387,1.7956513
8.37112,-0.1340753,-9.337387,1.7956513
8.375803,-0.11252748,-9.421184,1.8124107
8.383068,-0.10534488,-9.44752,1.8076223
8.385553,-0.110133275,-9.449914,1.8243817
8.390553,-0.11731588,-9.49301,1.8363527
8.395154,-0.11731588,-9.49301,1.8363527
8.397754,-0.12689269,-9.514558,1.8219875
8.405408,-0.12689269,-9.514558,1.8219875
8.407992,-0.14844051,-9.545682,1.8243817
8.416764,-0.16519992,-9.560047,1.8602947
8.421617,-0.1604115,-9.583989,1.7932571
8.427145,-0.16519992,-9.588778,1.8076223
8.432025,-0.15562311,-9.603143,1.8219875
8.438926,-0.17477672,-9.61272,1.8626889
8.443582,-0.15801731,-9.631873,1.8387469
8.449127,-0.15801731,-9.631873,1.8387469
8.453863,-0.1436521,-9.61272,1.8435353
8.462399,-0.1436521,-9.61272,1.8435353
8.464882,-0.11731588,-9.605537,1.8339585
8.472288,-0.14604631,-9.624691,1.7980455
8.474843,-0.14604631,-9.682152,1.7621324
8.479843,-0.14844051,-9.7084875,1.7190368
8.485861,-0.14844051,-9.7084875,1.7190368
8.4893675,-0.11731588,-9.785102,1.7501614
8.4962225,-0.10295067,-9.801862,1.7836803
8.500905,-0.12210429,-9.801862,1.8052281
8.5081215,-0.1388637,-9.797073,1.7717092
8.51293,-0.15083471,-9.785102,1.7860745
8.517517,-0.15083471,-9.770737,1.7932571
8.522316,-0.18914193,-9.727641,1.7477672
8.529593,-0.19871874,-9.682152,1.745373
8.532906,-0.20590134,-9.636662,1.7286136
8.538,-0.20590134,-9.636662,1.7286136
8.542711,-0.19871874,-9.588778,1.6591818
8.551228,-0.19871874,-9.588778,1.6591818
8.553727,-0.16759412,-9.507375,1.673547
8.561882,-0.15801731,-9.461885,1.6519991
8.564434,-0.16998832,-9.41879,1.6472107
8.573387,-0.19871874,-9.399636,1.6543933
8.575968,-0.19871874,-9.394848,1.6543933
8.583397,-0.20829555,-9.399636,1.6519991
8.58598,-0.23463176,-9.397242,1.6567876
8.594786,-0.23463176,-9.397242,1.6567876
8.599621,-0.21787235,-9.399636,1.6663644
8.605192,-0.24181437,-9.445126,1.6543933
8.609846,-0.24420857,-9.483433,1.6639702
8.616598,-0.22505496,-9.533711,1.6783354
8.621276,-0.20590134,-9.562442,1.685518
8.626884,-0.19393034,-9.598354,1.70946
8.631566,-0.1436521,-9.610326,1.7501614
8.638191,-0.1436521,-9.610326,1.7501614
8.642927,-0.12210429,-9.576807,1.7501614
8.648477,-0.1364695,-9.557653,1.7286136
8.65317,-0.14844051,-9.531317,1.7118542
8.661719,-0.15562311,-9.509769,1.7190368
8.664218,-0.17238252,-9.473856,1.7429788
8.67094,-0.16759412,-9.454702,1.7429788
8.673489,-0.18435353,-9.421184,1.7142484
8.678489,-0.17717093,-9.40203,1.6927006
8.683152,-0.17717093,-9.40203,1.6927006
8.685779,-0.14844051,-9.399636,1.6831238
8.692725,-0.14844051,-9.399636,1.6831238
8.695299,-0.107739076,-9.425972,1.7142484
8.700299,-0.107739076,-9.425972,1.7142484
8.704815,-0.107739076,-9.425972,1.7142484
8.70827,-0.11731588,-9.466674,1.70946
8.712977,-0.1436521,-9.485827,1.7262194
8.71768,-0.15801731,-9.516952,1.7477672
8.72556,-0.18914193,-9.519346,1.7429788
8.730237,-0.20590134,-9.516952,1.7381904
8.734903,-0.22266077,-9.514558,1.757344
8.739579,-0.23702596,-9.490616,1.7501614
8.746848,-0.22026655,-9.478644,1.7549498
8.751525,-0.25378537,-9.459491,1.7501614
8.756105,-0.25378537,-9.459491,1.7501614
8.760783,-0.22505496,-9.471462,1.7405846
8.769311,-0.22505496,-9.471462,1.7405846
8.771775,-0.23702596,-9.509769,1.7669208
8.779421,-0.22984336,-9.519346,1.7645266
8.781968,-0.23942018,-9.548077,1.7549498
8.790966,-0.25857377,-9.528923,1.7741034
8.793565,-0.24420857,-9.555259,1.7645266
8.80211,-0.2753332,-9.564836,1.7645266
8.804716,-0.2777274,-9.555259,1.7597382
8.813464,-0.30885202,-9.52174,1.7429788
8.818299,-0.31603462,-9.516952,1.721431
8.823022,-0.33039984,-9.536105,1.733402
8.827695,-0.30166942,-9.562442,1.7310078
8.834375,-0.29209262,-9.548077,1.733402
8.8390465,-0.2753332,-9.533711,1.7118542
8.844623,-0.25378537,-9.507375,1.7022774
8.849293,-0.25857377,-9.502586,1.6950948
8.855967,-0.25617957,-9.514558,1.70946
8.86066,-0.2896984,-9.607931,1.7525556
8.866502,-0.2896984,-9.607931,1.7525556
8.871192,-0.31603462,-9.627085,1.7381904
8.8797655,-0.33518824,-9.622296,1.7501614
8.882287,-0.35434186,-9.600749,1.7645266
8.88905,-0.35673606,-9.583989,1.7741034
8.891597,-0.34476504,-9.55047,1.7764976
8.896597,-0.34715924,-9.524135,1.7310078
8.901431,-0.34715924,-9.524135,1.7310078
8.904904,-0.34955344,-9.471462,1.6663644
8.911426,-0.34715924,-9.471462,1.7022774
8.916107,-0.35673606,-9.476251,1.6903064
8.9237175,-0.37110126,-9.485827,1.7118542
8.928404,-0.38067806,-9.519346,1.6807296
8.933004,-0.39743748,-9.524135,1.6879122
8.937662,-0.4237737,-9.545682,1.70946
8.944947,-0.4261679,-9.560047,1.7357962
8.949615,-0.4309563,-9.605537,1.6807296
8.95485,-0.4309563,-9.605537,1.6807296
8.959535,-0.46447513,-9.591172,1.5993267
8.968125,-0.46447513,-9.591172,1.5993267
8.970596,-0.4357447,-9.576807,1.5705963
8.977985,-0.4381389,-9.536105,1.5562311
8.980538,-0.4357447,-9.481039,1.5275006
8.985538,-0.44532153,-9.440337,1.5514427
8.989864,-0.44532153,-9.440337,1.5514427
8.9926195,-0.45250413,-9.461885,1.6328455
9.000089,-0.45250413,-9.461885,1.6328455
9.004972,-0.5506664,-9.548077,1.7477672
9.01189,-0.6655881,-9.665392,1.8674773
9.016561,-0.80205756,-9.868899,1.946486
9.022431,-0.92895025,-10.079589,1.9847932
9.027099,-1.0773908,-10.242394,1.9871874
9.034001,-1.2066777,-10.309433,1.9536686
9.0386715,-1.2880806,-9.969456,1.9129672
9.04455,-1.2880806,-9.969456,1.9129672
9.047073,-1.2306197,-9.751583,1.6041151
9.054312,-1.2306197,-9.751583,1.6041151
9.059041,-1.3000516,-9.344569,1.4891934
9.064964,-1.3000516,-9.344569,1.4891934
9.067461,-1.412579,-8.956709,1.5969325
9.072461,-1.6041151,-8.829816,1.6783354
9.078787,-1.6041151,-8.829816,1.6783354
9.081407,-1.6424223,-8.765172,1.8004397
9.089322,-1.5346833,-8.968679,2.2290018
9.094184,-1.6304513,-9.179369,2.4995465
9.101542,-1.6400281,-9.41879,2.846706
9.106231,-1.7046716,-9.677363,3.0597897
9.110844,-1.7788919,-9.892841,3.0909145
9.115521,-1.9488802,-10.055647,3.1364043
9.123004,-2.0446482,-10.129868,3.1962593
9.127665,-2.3104045,-9.923966,3.265691
9.132916,-2.3104045,-9.923966,3.265691
9.137951,-2.6240451,-9.540894,2.825158
9.146572,-2.6240451,-9.540894,2.825158
9.149039,-3.098097,-9.26556,2.7150247
9.156958,-3.217807,-9.006987,2.7269957
9.1595545,-3.2680852,-8.607155,2.6192567
9.1682825,-3.3255463,-8.020576,2.4516625
9.173166,-4.3861775,-7.03177,2.5953147
9.178713,-4.3861775,-7.03177,2.5953147
9.183403,-9.746795,-7.565677,2.1045034
9.190079,-6.847417,-6.0645127,2.6982653
9.194798,-4.5441947,-5.106832,4.175488
9.200448,-4.3406878,-5.267244,4.039018
9.205152,-4.8626237,-6.244078,3.2752678
9.212048,-5.0517654,-7.177817,2.908955
9.216718,-4.747702,-7.501034,2.9735985
9.22259,-4.747702,-7.501034,2.9735985
9.225116,-4.5801077,-7.369353,3.028665
9.230116,-4.7405195,-7.69257,2.9113493
9.237099,-4.7405195,-7.69257,2.9113493
9.239706,-4.951209,-7.8984714,2.7700913
9.247466,-5.1882353,-7.955932,2.954445
9.250918,-4.891354,-7.9224133,3.5458126
9.259643,-4.891354,-7.9224133,3.5458126
9.264329,-4.4939165,-8.437167,3.86903
9.268928,-4.450821,-8.74123,4.024653
9.273599,-4.3742065,-8.935161,4.134786
9.2808075,-4.321534,-8.959103,4.1132383
9.285663,-3.7972038,-8.848969,4.1539397
9.290921,-3.7972038,-8.848969,4.1539397
9.295595,-3.4739866,-8.884883,4.0916905
9.302906,-3.2130187,-8.959103,4.1706996
9.305375,-3.2106245,-9.021352,4.2760444
9.310374,-3.2513258,-9.002198,4.429273
9.315261,-3.2513258,-9.002198,4.429273
9.317844,-3.3063924,-9.035717,4.687847
9.326352,-3.3183637,-9.167398,4.9224787
9.331371,-3.5194764,-9.459491,5.2959743
9.336961,-3.5194764,-9.459491,5.2959743
9.3416395,-3.7900212,-9.397242,5.5258174
9.348551,-3.7900212,-9.397242,5.5258174
9.3532095,-3.7828386,-8.918402,5.7365074
9.35875,-3.6894648,-8.520964,5.7005944
9.363431,-3.5051112,-8.046912,5.518635
9.370318,-3.2130187,-7.57286,5.3582234
9.375121,-2.5091233,-6.8043213,5.463568
9.380965,-2.5091233,-6.8043213,5.463568
9.383466,-2.1284454,-6.6989765,5.793968
9.388466,-1.5370775,-6.742072,6.7444663
9.395286,-1.5370775,-6.742072,6.7444663
9.397895,-1.2545617,-6.766014,7.1849995
9.40568,-0.92176765,-6.9024835,7.4483614
9.410533,-0.49799395,-7.651869,7.989451
9.417858,-0.49799395,-7.651869,7.989451
9.422628,-0.6392518,-7.9104424,8.061277
9.427247,-0.8882488,-7.603985,8.073248
9.435896,-0.94092125,-6.517017,8.379706
9.440896,-0.9792285,-6.0405707,8.286332
9.44601,-0.9792285,-6.0405707,8.286332
9.454775,-2.8060043,-3.0933087,7.57286
9.460616,-2.8060043,-3.0933087,7.57286
9.463086,-3.1435869,-2.1883004,7.9990277
9.468086,-2.9759927,-1.7717092,9.083601
9.474971,-2.9759927,-1.7717092,9.083601
9.483716,-2.2290018,-2.2720973,9.677363
9.489026,-2.018312,-2.4133554,9.895236
9.4937,-1.9847932,-2.3822308,10.038888
9.500963,-2.1619642,-2.1763294,10.117896
9.50343,-2.8491,-1.4676456,10.163386
9.5084305,-3.1555579,-1.1109096,10.141838
9.513431,-3.1555579,-1.1109096,10.141838
9.51643,-3.1555579,-1.1109096,10.141838
9.5205,-3.3446999,-0.5267244,10.06283
9.52732,-3.3183637,-0.5315128,10.230424
9.535993,-3.2034419,-1.6759412,11.080365
9.544605,-3.2872388,-2.5833437,11.45865
9.553348,-3.4356794,-4.039018,12.081141
9.560677,-3.4237084,-4.489128,12.473791
9.563154,-3.2944214,-4.745308,13.201628
9.568154,-3.2441432,-4.5058875,13.385982
9.572412,-3.2441432,-4.5058875,13.385982
9.574996,-3.1914709,-4.158728,13.374011
9.579995,-3.083732,-3.2585084,13.024457
9.587448,-3.083732,-3.2585084,13.024457
9.592355,-3.071761,-2.7724855,12.751518
9.5982065,-3.095703,-2.2840683,12.428301
9.606943,-3.083732,-1.376666,11.614272
9.611943,-3.0813377,-1.0342951,11.2312
9.616872,-3.0813377,-1.0342951,11.2312
9.625593,-3.145981,-0.4189853,10.381259
9.634215,-3.1004913,-0.2825158,10.180145
9.642961,-2.89459,-0.016759412,10.089166
9.64796,-2.707842,0.16519992,9.998186
9.653009,-2.707842,0.16519992,9.998186
9.661768,-2.4899697,0.2777274,10.144233
9.66701,-2.4037786,0.32561144,10.235212
9.671668,-2.3942018,0.33039984,10.299856
9.678863,-2.4109612,0.2657564,10.381259
9.681334,-2.552219,0.110133275,10.42196
9.686333,-2.6791117,0.079008654,10.4171715
9.691333,-2.6791117,0.079008654,10.4171715
9.694379,-2.6791117,0.079008654,10.4171715
9.699807,-2.6839,-0.021547815,10.129868
9.706842,-2.6120741,-0.088585466,10.043676
9.715558,-2.5929205,-0.08619126,9.65821
9.724103,-2.5378537,0.06464344,9.43076
9.732856,-2.171541,0.6895301,9.138668
9.737856,-2.1021092,0.8643068,9.0429
9.742858,-2.1021092,0.8643068,9.0429
9.751599,-2.1045034,1.1228806,8.848969
9.759034,-2.1188686,1.1851299,8.719683
9.761591,-2.2098482,1.364695,8.566454
9.766591,-2.4253263,1.4987702,8.477868
9.771592,-2.4253263,1.4987702,8.477868
9.775662,-2.4253263,1.4987702,8.477868
9.780604,-2.1571758,1.6687586,8.3629465
9.785843,-2.1691468,1.7405846,8.372523
9.794568,-2.0638018,1.8148049,8.090008
9.799568,-2.006341,1.8028339,7.848193
9.804603,-2.006341,1.8028339,7.848193
9.813379,-2.0087352,1.5801731,7.539341
9.821983,-2.0494366,1.4173675,7.716512
9.8307495,-2.0111294,0.94810385,7.9870567
9.83575,-2.018312,0.7661445,8.056489
9.841095,-2.018312,0.7661445,8.056489
9.849462,-2.2984335,0.81163436,8.240842
9.855328,-2.3319526,1.0247183,8.307879
9.859507,-2.303222,1.2761095,8.453926
9.865732,-2.2481554,1.5035586,8.619126
9.86821,-2.1859062,1.6232687,8.736442
9.87321,-2.0901382,1.6687586,8.9040365
9.878209,-2.0901382,1.6687586,8.9040365
9.8813095,-2.0901382,1.6687586,8.9040365
9.885323,-2.0829554,1.4772224,9.076419
9.892212,-2.0829554,1.4772224,9.076419
9.900909,-2.0638018,1.0702082,9.258378
9.909498,-2.054225,0.878672,9.251195
9.912135,-1.9991584,0.6895301,9.308656
9.917135,-1.8531121,0.38307226,9.526528
9.922959,-1.8531121,0.38307226,9.526528
9.927905,-1.8124107,0.2705448,9.674969
9.932746,-1.7884687,0.14844051,9.825804
9.937408,-1.7836803,0.06943185,9.9550905
9.944123,-1.7884687,-0.009576807,10.043676
9.9488535,-1.8387469,-0.07182605,10.065224
9.954721,-1.8938135,-0.047884032,10.06283
9.957203,-1.9632454,0.08140286,10.007763
9.962203,-1.99437,0.2633622,9.981427
9.966899,-1.99437,0.2633622,9.981427
9.969476,-1.9800048,0.62488663,9.696517
9.974475,-1.9800048,0.79248077,9.545682
9.979246,-1.9800048,0.79248077,9.545682
9.982698,-2.042254,0.8810662,9.433155
9.991316,-2.0949266,0.93852705,9.332599
9.996031,-2.1452048,1.0127473,9.368511
10.000635,-2.1523874,1.0414777,9.358934
10.005374,-2.1691468,1.0821792,9.409213
10.012698,-2.1691468,1.0821792,9.409213
10.017367,-2.2146366,1.103727,9.526528
10.022669,-2.219425,1.0869676,9.624691
10.02735,-2.219425,1.0079589,9.622296
10.034571,-2.1859062,0.9624691,9.667787
10.03707,-2.1667526,0.8690952,9.718064
10.045153,-2.1428106,0.7278373,9.751583
10.047701,-2.1499932,0.59376204,9.787497
10.056547,-2.1308396,0.49081135,9.758766
10.059114,-2.0446482,0.4405331,9.799467
10.064115,-2.0207062,0.4165911,9.825804
10.068471,-2.0207062,0.4165911,9.825804
10.07192,-2.0278888,0.4141969,9.801862
10.079668,-2.0398598,0.45968673,9.787497
10.084347,-2.0470424,0.61770403,9.768343
10.089927,-2.0470424,0.61770403,9.768343
10.094732,-1.9967642,0.81163436,9.706094
10.101702,-1.9967642,0.81163436,9.706094
10.106432,-2.0254946,0.90500826,9.562442
10.112277,-2.1045034,0.91458505,9.497798
10.116957,-2.123657,0.94092125,9.433155
10.12358,-2.0135236,0.94331545,9.406818
10.126075,-1.9776106,0.93613285,9.382876
10.134778,-1.3718776,0.6344634,6.421249
10.137324,-1.9081788,1.6424223,10.599131
10.142324,-1.9081788,1.6424223,10.599131
10.147208,-1.9081788,1.6424223,10.599131
10.152208,-2.1811178,0.6488287,9.694122
10.157208,-2.1811178,0.6488287,9.694122
10.162209,-2.1811178,0.6488287,9.694122
10.16571,-2.1811178,0.6488287,9.694122
10.1741295,-1.8914193,0.5315128,9.907207
10.17913,-2.195483,0.23702596,10.694899
10.186388,-2.195483,0.23702596,10.694899
10.191389,-2.2505496,0.2777274,10.802638
10.196925,-2.2505496,0.2777274,10.802638
10.204547,-2.2361844,0.59376204,10.905589
10.2088375,-2.2577322,0.7541735,10.769119
10.21272,-2.3223755,0.89303726,10.6398325
10.21997,-2.3870192,1.0223241,10.491392
10.227192,-2.80361,0.8858546,10.105926
10.232192,-2.2170308,0.45010993,10.1226845
10.236918,-2.2170308,0.45010993,10.1226845
10.244141,-1.1875241,0.38307226,10.364499
10.251278,-1.541866,0.5410896,10.254366
10.254442,-1.9129672,0.6847417,10.117896
10.261274,-2.0159178,0.7278373,10.036493
10.264662,-1.8890251,0.7206547,9.9550905
