-0.0214425,-20.0,-18.0,6.0,-13.0,16.0,1.0
-0.0114425,-20.0,-18.0,6.0,-13.0,16.0,1.0
-0.0014425,-20.0,-18.0,6.0,-13.0,16.0,1.0
0.005508854,-20.0,-18.0,6.0,-13.0,16.0,1.0
0.012671823,-20.0,-18.0,4.0,-13.0,16.0,1.0
0.024093593,-20.0,-16.0,7.0,-13.0,17.0,2.0
0.030310676,-21.0,-17.0,6.0,-13.0,16.0,1.0
0.047636617,-20.0,-19.0,6.0,-12.0,14.0,1.0
0.051107135,-18.0,-19.0,8.0,-10.0,14.0,4.0
0.061107136,-22.0,-18.0,7.0,-14.0,15.0,2.0
0.071107134,-22.0,-18.0,7.0,-14.0,15.0,2.0
0.08082224,-22.0,-18.0,7.0,-14.0,15.0,2.0
0.09172218,-20.0,-18.0,7.0,-12.0,16.0,2.0
0.10172218,-18.0,-18.0,6.0,-10.0,16.0,1.0
0.11415406,-18.0,-18.0,6.0,-10.0,16.0,1.0
0.12415406,-21.0,-19.0,5.0,-13.0,15.0,1.0
0.13415407,-21.0,-19.0,5.0,-13.0,15.0,1.0
0.1447939,-21.0,-19.0,5.0,-13.0,15.0,1.0
0.16257921,-19.0,-18.0,6.0,-11.0,16.0,1.0
0.17121178,-19.0,-18.0,6.0,-11.0,16.0,1.0
0.18386151,-21.0,-16.0,7.0,-13.0,18.0,3.0
0.18941192,-22.0,-18.0,5.0,-14.0,16.0,1.0
0.1987088,-22.0,-18.0,6.0,-14.0,15.0,2.0
0.20882511,-22.0,-17.0,4.0,-14.0,16.0,2.0
0.21943697,-22.0,-18.0,4.0,-13.0,15.0,2.0
0.22930396,-22.0,-18.0,3.0,-13.0,15.0,2.0
0.2398773,-22.0,-19.0,1.0,-12.0,14.0,-1.0
0.24987729,-22.0,-18.0,1.0,-12.0,15.0,-1.0
0.26040718,-22.0,-18.0,1.0,-12.0,15.0,-1.0
0.271291,-24.0,-17.0,1.0,-14.0,16.0,-1.0
0.27907354,-24.0,-17.0,1.0,-14.0,16.0,-1.0
0.29058343,-24.0,-17.0,-1.0,-13.0,16.0,-1.0
0.30058342,-25.0,-17.0,-3.0,-14.0,16.0,-1.0
0.3108177,-25.0,-17.0,-3.0,-14.0,16.0,-1.0
0.31902134,-25.0,-17.0,-3.0,-13.0,15.0,-1.0
0.3313625,-27.0,-17.0,-3.0,-14.0,15.0,-1.0
0.3376113,-28.0,-15.0,-5.0,-15.0,17.0,-1.0
0.3464801,-29.0,-15.0,-5.0,-15.0,17.0,-1.0
0.3596152,-28.0,-14.0,-8.0,-14.0,18.0,-2.0
0.3696152,-28.0,-15.0,-8.0,-13.0,16.0,-1.0
0.38074225,-28.0,-15.0,-8.0,-13.0,16.0,-1.0
0.38732755,-30.0,-11.0,-13.0,-14.0,20.0,-5.0
0.40058994,-31.0,-11.0,-12.0,-15.0,19.0,-3.0
0.40717968,-32.0,-11.0,-15.0,-15.0,18.0,-4.0
0.42037222,-31.0,-9.0,-14.0,-14.0,19.0,-2.0
0.42822,-30.0,-9.0,-17.0,-12.0,18.0,-3.0
0.4388391,-32.0,-6.0,-19.0,-13.0,20.0,-3.0
0.4461875,-32.0,-5.0,-20.0,-13.0,20.0,-3.0
0.45989484,-32.0,-3.0,-19.0,-13.0,21.0,-3.0
0.4665428,-31.0,-2.0,-20.0,-11.0,21.0,-3.0
0.48358798,-32.0,-1.0,-21.0,-12.0,20.0,-3.0
0.48753825,-30.0,1.0,-24.0,-10.0,21.0,-2.0
0.49875534,-30.0,1.0,-24.0,-10.0,19.0,-1.0
0.50861025,-29.0,5.0,-25.0,-10.0,22.0,-1.0
0.5186103,-25.0,12.0,-31.0,-6.0,28.0,-6.0
0.5286103,-25.0,12.0,-31.0,-6.0,28.0,-6.0
0.5386102,-25.0,12.0,-31.0,-6.0,28.0,-6.0
0.5486102,-25.0,12.0,-31.0,-6.0,28.0,-6.0
0.5561202,-25.0,12.0,-31.0,-6.0,28.0,-6.0
0.57392037,-24.0,14.0,-30.0,-8.0,23.0,-1.0
0.58392036,-18.0,20.0,-29.0,-3.0,27.0,1.0
0.5939204,-18.0,20.0,-29.0,-3.0,27.0,1.0
0.60286254,-18.0,20.0,-29.0,-3.0,27.0,1.0
0.6153839,-15.0,24.0,-28.0,-4.0,24.0,3.0
0.63193274,-14.0,23.0,-30.0,-7.0,19.0,1.0
0.635965,-15.0,25.0,-32.0,-10.0,19.0,1.0
0.645965,-12.0,26.0,-30.0,-8.0,19.0,1.0
0.65663874,-12.0,26.0,-30.0,-8.0,19.0,1.0
0.66663873,-7.0,32.0,-28.0,-4.0,23.0,4.0
0.6766387,-7.0,32.0,-28.0,-4.0,23.0,4.0
0.6866387,-7.0,32.0,-28.0,-4.0,23.0,4.0
0.6981253,-7.0,32.0,-28.0,-4.0,23.0,4.0
0.7130839,-5.0,32.0,-27.0,-6.0,19.0,4.0
0.7230839,-4.0,34.0,-25.0,-8.0,19.0,5.0
0.7351454,-4.0,34.0,-25.0,-8.0,19.0,5.0
0.7451454,-4.0,37.0,-22.0,-6.0,20.0,7.0
0.75514543,-4.0,37.0,-22.0,-6.0,20.0,7.0
0.7651454,-4.0,37.0,-22.0,-6.0,20.0,7.0
0.7745895,-4.0,37.0,-22.0,-6.0,20.0,7.0
0.7902588,2.0,38.0,-20.0,-8.0,19.0,6.0
0.7943766,2.0,39.0,-18.0,-9.0,19.0,7.0
0.80437666,4.0,41.0,-18.0,-8.0,20.0,6.0
0.81437665,4.0,41.0,-18.0,-8.0,20.0,6.0
0.82437664,4.0,41.0,-18.0,-8.0,20.0,6.0
0.83437663,4.0,41.0,-18.0,-8.0,20.0,6.0
0.8443766,4.0,41.0,-18.0,-8.0,20.0,6.0
0.85656965,4.0,41.0,-18.0,-8.0,20.0,6.0
0.87142193,4.0,42.0,-16.0,-12.0,17.0,4.0
0.8814219,5.0,42.0,-15.0,-11.0,16.0,4.0
0.8931384,5.0,42.0,-15.0,-11.0,16.0,4.0
0.90313846,4.0,41.0,-15.0,-12.0,15.0,3.0
0.91381216,4.0,41.0,-15.0,-12.0,15.0,3.0
0.92381215,4.0,42.0,-16.0,-12.0,16.0,1.0
0.9324502,4.0,42.0,-16.0,-12.0,16.0,1.0
0.94841754,4.0,42.0,-14.0,-12.0,16.0,3.0
0.95243984,5.0,45.0,-16.0,-11.0,19.0,1.0
0.9624399,4.0,44.0,-15.0,-12.0,18.0,2.0
0.97293556,4.0,44.0,-15.0,-12.0,18.0,2.0
0.98293555,4.0,46.0,-11.0,-12.0,18.0,6.0
0.99293554,4.0,46.0,-11.0,-12.0,18.0,6.0
1.0029355,4.0,46.0,-11.0,-12.0,18.0,6.0
1.0129355,4.0,46.0,-11.0,-12.0,18.0,6.0
1.0229355,4.0,46.0,-11.0,-12.0,18.0,6.0
1.0321951,4.0,46.0,-11.0,-12.0,18.0,6.0
1.0458105,4.0,45.0,-11.0,-12.0,16.0,4.0
1.0498124,4.0,45.0,-11.0,-11.0,16.0,3.0
1.0598124,2.0,46.0,-12.0,-13.0,16.0,2.0
1.0717,2.0,46.0,-12.0,-13.0,16.0,2.0
1.0817,2.0,46.0,-11.0,-14.0,16.0,2.0
1.0908377,2.0,46.0,-11.0,-14.0,16.0,2.0
1.1065246,2.0,45.0,-11.0,-13.0,15.0,2.0
1.110558,2.0,46.0,-10.0,-13.0,16.0,3.0
1.120558,1.0,44.0,-9.0,-13.0,14.0,4.0
1.1305581,1.0,44.0,-9.0,-13.0,14.0,4.0
1.1414803,1.0,44.0,-9.0,-13.0,14.0,4.0
1.1514803,2.0,47.0,-11.0,-12.0,17.0,1.0
1.1608815,2.0,47.0,-11.0,-12.0,17.0,1.0
1.1708815,1.0,46.0,-11.0,-12.0,15.0,1.0
1.1808815,1.0,46.0,-11.0,-12.0,15.0,1.0
1.1908815,1.0,46.0,-11.0,-12.0,15.0,1.0
1.2008815,1.0,46.0,-11.0,-12.0,15.0,1.0
1.2108816,1.0,46.0,-11.0,-12.0,15.0,1.0
1.2208816,1.0,46.0,-11.0,-12.0,15.0,1.0
1.2284881,1.0,46.0,-11.0,-12.0,15.0,1.0
1.2450075,1.0,46.0,-11.0,-12.0,15.0,2.0
1.2492605,1.0,47.0,-11.0,-13.0,16.0,2.0
1.2592605,1.0,47.0,-12.0,-12.0,17.0,1.0
1.2692605,1.0,47.0,-12.0,-12.0,17.0,1.0
1.2792605,1.0,47.0,-12.0,-12.0,17.0,1.0
1.2892605,1.0,47.0,-12.0,-12.0,17.0,1.0
1.2983001,1.0,47.0,-12.0,-12.0,17.0,1.0
1.3142049,1.0,45.0,-11.0,-13.0,14.0,1.0
1.318223,1.0,47.0,-12.0,-13.0,16.0,1.0
1.3293253,1.0,47.0,-12.0,-13.0,16.0,1.0
1.3393236,1.0,48.0,-10.0,-12.0,17.0,3.0
1.3493236,1.0,45.0,-12.0,-12.0,14.0,1.0
1.3593236,1.0,45.0,-12.0,-12.0,14.0,1.0
1.3693236,1.0,45.0,-12.0,-12.0,14.0,1.0
1.3793236,1.0,45.0,-12.0,-12.0,14.0,1.0
1.3893236,1.0,45.0,-12.0,-12.0,14.0,1.0
1.3993237,1.0,45.0,-12.0,-12.0,14.0,1.0
1.4064987,1.0,45.0,-12.0,-12.0,14.0,1.0
1.42302,1.0,45.0,-11.0,-11.0,13.0,2.0
1.4271145,1.0,45.0,-12.0,-12.0,14.0,1.0
1.4371145,1.0,45.0,-13.0,-11.0,14.0,1.0
1.4479058,1.0,45.0,-13.0,-11.0,14.0,1.0
1.4579058,-1.0,44.0,-12.0,-13.0,14.0,1.0
1.4679058,-1.0,44.0,-12.0,-13.0,14.0,1.0
1.4779058,-1.0,44.0,-12.0,-13.0,14.0,1.0
1.4873376,-1.0,44.0,-12.0,-13.0,14.0,1.0
1.5006157,-1.0,45.0,-13.0,-11.0,16.0,1.0
1.5046433,-1.0,45.0,-13.0,-11.0,16.0,1.0
1.5146433,-2.0,45.0,-12.0,-13.0,16.0,2.0
1.5255295,-2.0,45.0,-12.0,-13.0,16.0,2.0
1.5355295,-1.0,45.0,-14.0,-12.0,16.0,2.0
1.5463084,-1.0,45.0,-14.0,-12.0,16.0,2.0
1.5563084,-1.0,44.0,-13.0,-11.0,15.0,1.0
1.5663084,-1.0,44.0,-13.0,-11.0,15.0,1.0
1.5763084,-1.0,44.0,-13.0,-11.0,15.0,1.0
1.5850416,-1.0,44.0,-13.0,-11.0,15.0,1.0
1.6009309,-1.0,45.0,-14.0,-11.0,16.0,1.0
1.6050105,-1.0,44.0,-12.0,-12.0,15.0,3.0
1.612638,-1.0,44.0,-12.0,-12.0,15.0,3.0
1.622903,-1.0,45.0,-13.0,-12.0,16.0,2.0
1.6325544,-1.0,44.0,-14.0,-12.0,15.0,1.0
1.6426309,-1.0,44.0,-13.0,-12.0,15.0,1.0
1.6517968,-1.0,46.0,-15.0,-12.0,17.0,1.0
1.6624928,-1.0,44.0,-13.0,-12.0,15.0,2.0
1.6715792,1.0,44.0,-13.0,-11.0,15.0,2.0
1.6822141,1.0,46.0,-13.0,-12.0,17.0,2.0
1.6913507,1.0,44.0,-13.0,-12.0,15.0,2.0
1.7020316,1.0,44.0,-13.0,-12.0,15.0,2.0
1.7111388,1.0,44.0,-13.0,-11.0,15.0,2.0
1.7218255,-1.0,45.0,-13.0,-13.0,16.0,2.0
1.7309121,-1.0,45.0,-13.0,-12.0,16.0,2.0
1.7416456,-1.0,46.0,-14.0,-13.0,17.0,1.0
1.7521248,-1.0,45.0,-14.0,-13.0,16.0,1.0
1.7613667,-2.0,45.0,-13.0,-14.0,16.0,2.0
1.7704602,-2.0,45.0,-13.0,-11.0,15.0,2.0
1.7804602,1.0,45.0,-13.0,-10.0,15.0,2.0
1.7926173,1.0,45.0,-13.0,-10.0,15.0,2.0
1.8015478,1.0,47.0,-13.0,-11.0,17.0,2.0
1.8100237,1.0,45.0,-14.0,-12.0,15.0,1.0
1.8206369,1.0,46.0,-13.0,-12.0,16.0,2.0
1.8297865,1.0,44.0,-13.0,-12.0,14.0,2.0
1.8404502,1.0,45.0,-13.0,-11.0,15.0,2.0
1.84955,1.0,44.0,-12.0,-12.0,14.0,3.0
1.8601494,1.0,45.0,-12.0,-12.0,15.0,3.0
1.8693554,-1.0,46.0,-13.0,-13.0,17.0,2.0
1.8799744,-1.0,44.0,-12.0,-12.0,15.0,2.0
1.8891134,-1.0,45.0,-12.0,-12.0,16.0,2.0
1.900291,1.0,45.0,-12.0,-11.0,16.0,2.0
1.9088954,1.0,44.0,-12.0,-12.0,15.0,2.0
1.919561,1.0,44.0,-12.0,-12.0,15.0,2.0
1.9286748,1.0,46.0,-12.0,-12.0,17.0,2.0
1.9394048,1.0,45.0,-12.0,-12.0,16.0,2.0
1.9485582,2.0,45.0,-13.0,-10.0,16.0,1.0
1.9591705,2.0,46.0,-12.0,-12.0,17.0,2.0
1.970235,2.0,46.0,-12.0,-12.0,16.0,2.0
1.9811639,2.0,46.0,-11.0,-12.0,16.0,3.0
1.9908072,2.0,46.0,-11.0,-12.0,16.0,3.0
2.0019817,2.0,47.0,-10.0,-12.0,17.0,4.0
2.0122902,2.0,47.0,-12.0,-12.0,17.0,1.0
2.0222902,1.0,44.0,-11.0,-11.0,13.0,2.0
2.0322902,1.0,44.0,-11.0,-11.0,13.0,2.0
2.0402172,1.0,44.0,-11.0,-11.0,13.0,2.0
2.0502172,-1.0,46.0,-9.0,-13.0,15.0,3.0
2.0586565,-1.0,46.0,-9.0,-13.0,15.0,3.0
2.0696173,1.0,46.0,-11.0,-11.0,16.0,1.0
2.0787456,1.0,47.0,-12.0,-12.0,17.0,1.0
2.0868943,1.0,45.0,-11.0,-12.0,15.0,1.0
2.0976367,1.0,45.0,-13.0,-11.0,15.0,1.0
2.1066673,1.0,45.0,-11.0,-12.0,15.0,2.0
2.1186135,1.0,47.0,-10.0,-12.0,17.0,3.0
2.126437,1.0,44.0,-12.0,-12.0,14.0,1.0
2.1370447,1.0,47.0,-13.0,-11.0,17.0,1.0
2.1462302,1.0,45.0,-10.0,-11.0,15.0,3.0
2.1568654,1.0,45.0,-12.0,-12.0,15.0,1.0
2.1660008,1.0,46.0,-12.0,-12.0,16.0,1.0
2.1766782,1.0,45.0,-12.0,-12.0,15.0,1.0
2.1857924,1.0,44.0,-11.0,-12.0,14.0,2.0
2.1966095,1.0,45.0,-12.0,-12.0,15.0,1.0
2.205572,1.0,45.0,-12.0,-12.0,15.0,1.0
2.2163615,-1.0,45.0,-12.0,-13.0,15.0,1.0
2.2253659,-1.0,46.0,-13.0,-12.0,17.0,1.0
2.2380488,-1.0,45.0,-11.0,-12.0,16.0,3.0
2.2457957,1.0,44.0,-13.0,-11.0,14.0,1.0
2.2560253,1.0,45.0,-13.0,-11.0,15.0,1.0
2.2649922,2.0,47.0,-13.0,-10.0,17.0,1.0
2.2787678,2.0,45.0,-11.0,-12.0,15.0,3.0
2.2865274,2.0,47.0,-11.0,-13.0,17.0,3.0
2.2955465,2.0,46.0,-11.0,-13.0,16.0,3.0
2.3044493,2.0,46.0,-13.0,-13.0,16.0,1.0
2.3169668,-1.0,45.0,-13.0,-13.0,14.0,1.0
2.3245742,-1.0,45.0,-13.0,-13.0,14.0,1.0
2.3350353,-1.0,46.0,-12.0,-12.0,16.0,2.0
2.3440187,-1.0,45.0,-13.0,-13.0,15.0,1.0
2.3565805,-1.0,44.0,-12.0,-11.0,14.0,2.0
2.3642135,-1.0,44.0,-12.0,-11.0,14.0,2.0
2.3744519,-1.0,45.0,-12.0,-11.0,15.0,2.0
2.383586,1.0,46.0,-12.0,-10.0,17.0,2.0
2.3962908,2.0,45.0,-11.0,-10.0,16.0,3.0
2.403775,2.0,45.0,-11.0,-10.0,16.0,3.0
2.4140275,-1.0,46.0,-12.0,-13.0,17.0,2.0
2.423109,-1.0,47.0,-13.0,-13.0,17.0,2.0
2.4356635,-1.0,46.0,-13.0,-13.0,16.0,2.0
2.4432065,-1.0,46.0,-13.0,-13.0,16.0,2.0
2.4535031,-1.0,45.0,-12.0,-13.0,14.0,2.0
2.4626794,-1.0,46.0,-10.0,-12.0,15.0,4.0
2.4752622,-1.0,46.0,-14.0,-12.0,15.0,4.0
2.4827876,-1.0,46.0,-14.0,-12.0,16.0,4.0
2.493098,-1.0,45.0,-10.0,-13.0,15.0,4.0
2.50224,-1.0,45.0,-13.0,-12.0,15.0,1.0
2.5151815,-1.0,46.0,-11.0,-13.0,16.0,3.0
2.5236077,-1.0,45.0,-12.0,-11.0,15.0,2.0
2.5326247,-1.0,44.0,-12.0,-11.0,14.0,2.0
2.5417848,-1.0,47.0,-12.0,-11.0,17.0,2.0
2.5546916,-1.0,46.0,-13.0,-12.0,16.0,1.0
2.5625093,-1.0,46.0,-11.0,-12.0,16.0,3.0
2.5753055,-1.0,44.0,-13.0,-12.0,14.0,1.0
2.5853057,-1.0,44.0,-10.0,-12.0,14.0,4.0
2.5953054,-1.0,44.0,-10.0,-12.0,14.0,4.0
2.603561,-1.0,44.0,-10.0,-12.0,14.0,4.0
2.613561,-1.0,45.0,-12.0,-12.0,15.0,2.0
2.6254985,-1.0,45.0,-12.0,-12.0,15.0,2.0
2.6331322,-1.0,46.0,-11.0,-12.0,16.0,3.0
2.6440473,-1.0,46.0,-12.0,-12.0,16.0,1.0
2.6524818,-1.0,44.0,-11.0,-12.0,14.0,2.0
2.6638167,1.0,46.0,-12.0,-11.0,16.0,1.0
2.6722305,-1.0,46.0,-12.0,-13.0,16.0,1.0
2.6835897,-1.0,45.0,-12.0,-12.0,15.0,1.0
2.6920104,1.0,46.0,-13.0,-11.0,16.0,1.0
2.703365,1.0,45.0,-12.0,-12.0,15.0,1.0
2.7150798,1.0,44.0,-11.0,-12.0,14.0,3.0
2.7242181,1.0,44.0,-11.0,-12.0,14.0,3.0
2.7318966,1.0,46.0,-11.0,-12.0,16.0,3.0
2.7429729,1.0,46.0,-12.0,-12.0,17.0,1.0
2.7513766,1.0,45.0,-11.0,-11.0,16.0,2.0
2.7627363,1.0,46.0,-13.0,-12.0,16.0,2.0
2.7711546,-2.0,45.0,-13.0,-14.0,15.0,2.0
2.7825263,-2.0,44.0,-12.0,-12.0,14.0,1.0
2.7909393,-2.0,46.0,-12.0,-12.0,16.0,2.0
2.8023021,-2.0,45.0,-10.0,-12.0,15.0,4.0
2.8107104,-2.0,45.0,-11.0,-12.0,15.0,3.0
2.8220735,-2.0,45.0,-12.0,-12.0,15.0,2.0
2.830476,-2.0,44.0,-11.0,-12.0,14.0,2.0
2.8418276,1.0,46.0,-12.0,-11.0,16.0,1.0
2.8502197,1.0,45.0,-12.0,-11.0,15.0,1.0
2.8615818,1.0,45.0,-12.0,-12.0,15.0,1.0
2.8700032,1.0,45.0,-11.0,-12.0,15.0,2.0
2.881362,1.0,44.0,-12.0,-12.0,14.0,1.0
2.8899157,1.0,46.0,-12.0,-12.0,16.0,1.0
2.902238,1.0,45.0,-11.0,-11.0,16.0,2.0
2.9100723,1.0,46.0,-11.0,-12.0,16.0,2.0
2.9208791,1.0,47.0,-12.0,-12.0,17.0,1.0
2.9293573,1.0,45.0,-12.0,-12.0,15.0,1.0
2.9407065,2.0,45.0,-12.0,-10.0,15.0,1.0
2.949123,2.0,46.0,-11.0,-12.0,16.0,2.0
2.9604802,2.0,45.0,-12.0,-12.0,15.0,1.0
2.9688854,2.0,46.0,-11.0,-12.0,16.0,2.0
2.9802625,2.0,46.0,-11.0,-12.0,16.0,2.0
2.9886477,2.0,44.0,-13.0,-10.0,14.0,2.0
3.0000217,2.0,46.0,-11.0,-12.0,16.0,2.0
3.0084746,1.0,46.0,-12.0,-11.0,16.0,1.0
3.0198076,1.0,47.0,-13.0,-11.0,17.0,1.0
3.0282142,1.0,46.0,-12.0,-13.0,16.0,1.0
3.0395877,1.0,46.0,-10.0,-13.0,16.0,4.0
3.0479903,1.0,46.0,-13.0,-13.0,15.0,1.0
3.059339,1.0,46.0,-12.0,-12.0,15.0,2.0
3.0678635,1.0,45.0,-9.0,-12.0,14.0,5.0
3.0791602,-1.0,45.0,-11.0,-13.0,14.0,2.0
3.0891688,-1.0,46.0,-12.0,-12.0,16.0,1.0
3.1007967,1.0,44.0,-11.0,-11.0,14.0,2.0
3.1108797,2.0,49.0,-6.0,-10.0,19.0,7.0
3.120877,2.0,49.0,-9.0,-12.0,19.0,3.0
3.1293726,2.0,45.0,-12.0,-12.0,15.0,3.0
3.1384418,2.0,45.0,-12.0,-12.0,14.0,3.0
3.1468818,2.0,45.0,-11.0,-12.0,14.0,3.0
3.1582298,2.0,44.0,-12.0,-12.0,13.0,3.0
3.166664,2.0,45.0,-11.0,-12.0,14.0,1.0
3.178029,1.0,46.0,-13.0,-11.0,16.0,1.0
3.1864448,1.0,46.0,-12.0,-12.0,16.0,1.0
3.1977868,1.0,45.0,-12.0,-12.0,15.0,1.0
3.2063527,1.0,44.0,-11.0,-12.0,14.0,3.0
3.2163525,1.0,44.0,-12.0,-12.0,14.0,2.0
3.2263527,1.0,44.0,-12.0,-12.0,14.0,2.0
3.2364478,1.0,44.0,-12.0,-12.0,14.0,2.0
3.2466824,1.0,46.0,-12.0,-11.0,16.0,1.0
3.2562869,1.0,46.0,-11.0,-11.0,16.0,2.0
3.2664723,1.0,46.0,-12.0,-12.0,16.0,1.0
3.2760665,1.0,46.0,-13.0,-12.0,16.0,1.0
3.2862692,1.0,45.0,-13.0,-11.0,15.0,1.0
3.295846,1.0,45.0,-12.0,-12.0,15.0,2.0
3.3060224,1.0,45.0,-12.0,-11.0,15.0,2.0
3.3156273,1.0,45.0,-13.0,-12.0,15.0,1.0
3.3258243,1.0,45.0,-12.0,-12.0,15.0,2.0
3.3353994,1.0,46.0,-12.0,-11.0,16.0,2.0
3.3455853,2.0,45.0,-13.0,-10.0,15.0,1.0
3.355156,2.0,44.0,-12.0,-10.0,14.0,2.0
3.365342,2.0,45.0,-12.0,-13.0,15.0,2.0
3.3749425,2.0,45.0,-11.0,-13.0,15.0,3.0
3.3851123,2.0,46.0,-12.0,-13.0,17.0,2.0
3.3947256,2.0,44.0,-11.0,-13.0,15.0,3.0
3.4049819,-1.0,45.0,-13.0,-13.0,15.0,3.0
3.4144976,-1.0,46.0,-12.0,-12.0,16.0,1.0
3.4246745,1.0,46.0,-11.0,-11.0,16.0,2.0
3.4342802,1.0,45.0,-13.0,-12.0,15.0,1.0
3.444447,1.0,44.0,-13.0,-12.0,14.0,1.0
3.4540465,1.0,45.0,-12.0,-11.0,15.0,2.0
3.4642355,1.0,45.0,-13.0,-12.0,15.0,1.0
3.4738178,1.0,46.0,-13.0,-11.0,16.0,1.0
3.484004,1.0,46.0,-13.0,-12.0,16.0,1.0
3.493595,1.0,46.0,-13.0,-12.0,16.0,1.0
3.5037873,1.0,45.0,-13.0,-12.0,15.0,2.0
3.5133576,1.0,44.0,-13.0,-12.0,14.0,2.0
3.523682,1.0,45.0,-12.0,-11.0,15.0,3.0
3.5342708,1.0,45.0,-12.0,-12.0,15.0,3.0
3.5433404,1.0,46.0,-11.0,-12.0,16.0,3.0
3.5528905,1.0,46.0,-13.0,-12.0,16.0,1.0
3.5631168,1.0,45.0,-13.0,-12.0,15.0,1.0
3.5727131,1.0,45.0,-12.0,-12.0,15.0,2.0
3.5828764,1.0,45.0,-12.0,-12.0,15.0,2.0
3.5924876,1.0,45.0,-13.0,-12.0,15.0,1.0
3.6026435,1.0,45.0,-12.0,-12.0,15.0,2.0
3.6131783,1.0,47.0,-10.0,-12.0,17.0,4.0
3.622524,1.0,44.0,-12.0,-12.0,14.0,2.0
3.632053,1.0,46.0,-12.0,-12.0,16.0,2.0
3.6432064,1.0,45.0,-12.0,-11.0,15.0,1.0
3.6531937,1.0,46.0,-12.0,-11.0,16.0,1.0
3.664424,-1.0,49.0,-9.0,-13.0,19.0,4.0
3.674391,1.0,47.0,-7.0,-11.0,17.0,6.0
3.6789322,1.0,49.0,-9.0,-12.0,18.0,4.0
3.6889324,1.0,46.0,-11.0,-11.0,15.0,1.0
3.6989322,1.0,46.0,-11.0,-11.0,15.0,1.0
3.7042246,1.0,46.0,-11.0,-11.0,15.0,1.0
3.7135544,1.0,45.0,-13.0,-11.0,13.0,-1.0
3.7212563,1.0,45.0,-13.0,-12.0,13.0,-1.0
3.7318172,1.0,45.0,-12.0,-12.0,13.0,-1.0
3.7402132,1.0,44.0,-11.0,-11.0,13.0,2.0
3.7515705,-1.0,46.0,-13.0,-13.0,16.0,2.0
3.7599745,-1.0,44.0,-12.0,-12.0,14.0,2.0
3.7681208,-1.0,45.0,-12.0,-12.0,15.0,2.0
3.7792277,-1.0,45.0,-12.0,-12.0,16.0,2.0
3.7877614,-1.0,46.0,-13.0,-12.0,17.0,1.0
3.799049,-1.0,46.0,-12.0,-12.0,17.0,2.0
3.807548,-1.0,45.0,-12.0,-12.0,15.0,2.0
3.8190384,-1.0,46.0,-13.0,-12.0,16.0,1.0
3.8273568,-1.0,44.0,-12.0,-13.0,14.0,2.0
3.8373568,-1.0,43.0,-12.0,-12.0,13.0,2.0
3.852104,-1.0,43.0,-12.0,-12.0,13.0,2.0
3.8609035,-1.0,47.0,-14.0,-12.0,17.0,2.0
3.8693316,-1.0,46.0,-12.0,-12.0,16.0,2.0
3.878445,-1.0,45.0,-12.0,-13.0,15.0,2.0
3.888015,-1.0,46.0,-13.0,-12.0,16.0,1.0
3.896568,-1.0,43.0,-12.0,-12.0,13.0,2.0
3.907334,1.0,45.0,-13.0,-11.0,15.0,1.0
3.916342,1.0,45.0,-12.0,-12.0,15.0,2.0
3.927104,1.0,46.0,-12.0,-12.0,17.0,2.0
3.9360976,1.0,46.0,-13.0,-11.0,17.0,1.0
3.9467528,1.0,45.0,-13.0,-12.0,15.0,1.0
3.9558623,1.0,46.0,-13.0,-12.0,16.0,1.0
3.9665153,2.0,45.0,-12.0,-10.0,15.0,2.0
3.9756503,1.0,45.0,-12.0,-11.0,15.0,2.0
3.9863243,1.0,45.0,-13.0,-12.0,15.0,1.0
3.9954243,1.0,45.0,-12.0,-12.0,15.0,2.0
4.006094,1.0,46.0,-10.0,-12.0,16.0,4.0
4.0151906,1.0,46.0,-11.0,-13.0,16.0,3.0
4.026027,1.0,46.0,-13.0,-13.0,16.0,1.0
4.034994,1.0,46.0,-12.0,-13.0,16.0,1.0
4.045607,1.0,45.0,-13.0,-12.0,15.0,1.0
4.0547533,1.0,46.0,-11.0,-12.0,16.0,2.0
4.065408,1.0,44.0,-13.0,-12.0,14.0,1.0
4.074546,1.0,45.0,-13.0,-12.0,15.0,1.0
4.0851026,1.0,45.0,-11.0,-11.0,15.0,3.0
4.0943203,1.0,48.0,-13.0,-12.0,18.0,1.0
4.105346,1.0,46.0,-12.0,-12.0,16.0,2.0
4.114089,1.0,47.0,-13.0,-12.0,17.0,1.0
4.124652,1.0,45.0,-12.0,-11.0,15.0,2.0
4.1338563,1.0,46.0,-12.0,-12.0,15.0,2.0
4.144371,1.0,47.0,-12.0,-12.0,16.0,2.0
4.1536484,-2.0,46.0,-14.0,-14.0,15.0,2.0
4.164288,-1.0,46.0,-15.0,-13.0,15.0,2.0
4.1737666,1.0,46.0,-14.0,-11.0,15.0,2.0
4.184217,1.0,45.0,-14.0,-11.0,14.0,1.0
4.1931906,1.0,45.0,-12.0,-11.0,14.0,3.0
4.2037516,-1.0,44.0,-11.0,-13.0,14.0,4.0
4.21297,1.0,45.0,-11.0,-11.0,15.0,4.0
4.223509,1.0,46.0,-11.0,-12.0,16.0,4.0
4.2327614,-1.0,46.0,-12.0,-13.0,16.0,2.0
4.2436666,-1.0,46.0,-11.0,-12.0,16.0,2.0
4.2534604,1.0,45.0,-10.0,-11.0,15.0,3.0
4.264383,1.0,48.0,-9.0,-11.0,18.0,4.0
4.273483,2.0,47.0,-9.0,-10.0,17.0,4.0
4.284101,2.0,47.0,-12.0,-12.0,16.0,4.0
4.29297,2.0,46.0,-10.0,-11.0,15.0,2.0
4.3041105,2.0,46.0,-11.0,-13.0,15.0,1.0
4.312779,2.0,45.0,-10.0,-13.0,14.0,2.0
4.323291,2.0,46.0,-11.0,-11.0,15.0,1.0
4.333291,2.0,44.0,-12.0,-13.0,13.0,1.0
4.3454957,2.0,44.0,-12.0,-13.0,13.0,1.0
4.354301,2.0,44.0,-13.0,-13.0,14.0,1.0
4.361318,2.0,44.0,-13.0,-13.0,14.0,1.0
4.372499,2.0,46.0,-13.0,-12.0,16.0,1.0
4.3811088,1.0,46.0,-12.0,-11.0,17.0,2.0
4.3923273,1.0,46.0,-11.0,-12.0,17.0,3.0
4.4008646,1.0,45.0,-11.0,-12.0,16.0,3.0
4.4120617,-1.0,45.0,-10.0,-13.0,15.0,4.0
4.4206476,-1.0,47.0,-12.0,-12.0,17.0,2.0
4.431883,-1.0,46.0,-11.0,-12.0,16.0,2.0
4.441156,1.0,45.0,-12.0,-11.0,15.0,1.0
4.451909,1.0,46.0,-12.0,-11.0,16.0,1.0
4.460237,1.0,47.0,-13.0,-11.0,17.0,1.0
4.4715505,1.0,45.0,-11.0,-12.0,15.0,2.0
4.480008,1.0,46.0,-11.0,-12.0,15.0,2.0
4.4925046,1.0,44.0,-11.0,-11.0,13.0,2.0
4.4997854,1.0,44.0,-11.0,-11.0,14.0,2.0
4.5110855,1.0,46.0,-12.0,-12.0,16.0,1.0
4.519578,1.0,46.0,-12.0,-12.0,16.0,1.0
4.530906,1.0,44.0,-13.0,-11.0,14.0,1.0
4.539332,1.0,45.0,-12.0,-11.0,15.0,1.0
4.5509987,1.0,46.0,-12.0,-12.0,16.0,1.0
4.5591226,1.0,46.0,-11.0,-11.0,16.0,3.0
4.5703645,1.0,44.0,-12.0,-12.0,14.0,2.0
4.578872,1.0,45.0,-9.0,-12.0,15.0,5.0
4.5900264,1.0,45.0,-13.0,-12.0,15.0,5.0
4.5986385,1.0,46.0,-11.0,-12.0,16.0,2.0
4.6100855,1.0,45.0,-11.0,-11.0,15.0,2.0
4.618425,1.0,46.0,-11.0,-12.0,16.0,2.0
4.6296906,1.0,45.0,-12.0,-11.0,15.0,1.0
4.638206,2.0,46.0,-12.0,-10.0,16.0,1.0
4.64943,1.0,44.0,-12.0,-11.0,14.0,1.0
4.6579857,1.0,46.0,-11.0,-13.0,16.0,2.0
4.6692333,1.0,45.0,-12.0,-13.0,15.0,1.0
4.677738,1.0,46.0,-11.0,-12.0,16.0,2.0
4.688962,1.0,45.0,-12.0,-13.0,15.0,1.0
4.6975155,1.0,45.0,-11.0,-12.0,15.0,2.0
4.7088547,1.0,47.0,-11.0,-11.0,17.0,2.0
4.7172866,1.0,45.0,-11.0,-11.0,15.0,2.0
4.7285123,1.0,47.0,-10.0,-12.0,17.0,3.0
4.737083,1.0,45.0,-11.0,-11.0,15.0,2.0
4.7484155,1.0,44.0,-12.0,-12.0,14.0,1.0
4.756855,1.0,45.0,-12.0,-12.0,15.0,1.0
4.7680736,1.0,46.0,-11.0,-11.0,16.0,2.0
4.7766423,2.0,46.0,-11.0,-10.0,16.0,2.0
4.78787,2.0,44.0,-12.0,-10.0,14.0,1.0
4.7963953,1.0,44.0,-11.0,-12.0,14.0,2.0
4.809085,1.0,45.0,-12.0,-13.0,15.0,1.0
4.8161736,1.0,45.0,-12.0,-13.0,16.0,1.0
4.827415,1.0,45.0,-12.0,-12.0,16.0,1.0
4.8361206,1.0,45.0,-12.0,-12.0,16.0,1.0
4.850246,1.0,45.0,-11.0,-13.0,16.0,2.0
4.857465,1.0,45.0,-10.0,-13.0,16.0,4.0
4.869323,3.0,47.0,-10.0,-9.0,18.0,3.0
4.876733,3.0,46.0,-12.0,-12.0,16.0,1.0
4.8867326,3.0,46.0,-12.0,-13.0,16.0,1.0
4.898812,3.0,46.0,-12.0,-13.0,16.0,1.0
4.90783,3.0,44.0,-13.0,-13.0,14.0,1.0
4.916801,3.0,46.0,-11.0,-13.0,16.0,2.0
4.9249697,3.0,45.0,-12.0,-12.0,15.0,1.0
4.9357257,3.0,46.0,-12.0,-12.0,16.0,1.0
4.944745,3.0,46.0,-12.0,-12.0,16.0,1.0
4.955361,3.0,45.0,-13.0,-12.0,15.0,1.0
4.9645243,1.0,46.0,-10.0,-11.0,16.0,4.0
4.975123,1.0,46.0,-12.0,-11.0,16.0,2.0
4.9842925,1.0,45.0,-13.0,-12.0,15.0,1.0
4.994941,1.0,45.0,-11.0,-11.0,15.0,2.0
5.004081,1.0,46.0,-13.0,-12.0,16.0,1.0
5.014984,1.0,45.0,-12.0,-12.0,15.0,2.0
5.0238795,1.0,47.0,-13.0,-12.0,17.0,1.0
5.034648,2.0,47.0,-11.0,-10.0,17.0,3.0
5.0436683,2.0,45.0,-13.0,-12.0,15.0,1.0
5.0544143,2.0,46.0,-11.0,-12.0,15.0,3.0
5.0634456,1.0,44.0,-12.0,-11.0,13.0,2.0
5.0741906,1.0,46.0,-12.0,-12.0,16.0,2.0
5.0832243,2.0,45.0,-12.0,-10.0,15.0,2.0
5.0939593,2.0,45.0,-12.0,-12.0,15.0,2.0
5.1030035,1.0,46.0,-12.0,-12.0,16.0,2.0
5.1140423,-1.0,47.0,-11.0,-14.0,17.0,3.0
5.1232553,-1.0,46.0,-11.0,-13.0,16.0,3.0
5.1338468,-1.0,44.0,-11.0,-12.0,14.0,2.0
5.142519,-1.0,46.0,-11.0,-12.0,16.0,2.0
5.1529694,-1.0,46.0,-13.0,-12.0,16.0,2.0
5.162299,-1.0,46.0,-12.0,-12.0,16.0,1.0
5.1727524,1.0,46.0,-10.0,-11.0,16.0,3.0
5.18209,1.0,45.0,-11.0,-11.0,15.0,2.0
5.192529,1.0,45.0,-11.0,-12.0,15.0,2.0
5.2018538,1.0,45.0,-12.0,-12.0,15.0,1.0
5.2123075,1.0,46.0,-12.0,-12.0,16.0,1.0
5.22163,1.0,46.0,-11.0,-12.0,16.0,2.0
5.232062,1.0,45.0,-11.0,-12.0,15.0,2.0
5.2414184,1.0,46.0,-12.0,-12.0,16.0,1.0
5.2518473,1.0,46.0,-11.0,-12.0,16.0,2.0
5.2611938,1.0,46.0,-12.0,-12.0,16.0,1.0
5.2716265,1.0,45.0,-11.0,-11.0,15.0,2.0
5.2809486,1.0,46.0,-13.0,-11.0,16.0,2.0
5.2914114,1.0,46.0,-12.0,-11.0,16.0,1.0
5.3007545,3.0,46.0,-10.0,-9.0,16.0,3.0
5.3111777,3.0,45.0,-11.0,-13.0,15.0,2.0
5.3205194,1.0,45.0,-11.0,-12.0,15.0,2.0
5.330961,1.0,47.0,-12.0,-13.0,17.0,1.0
5.3403106,1.0,45.0,-10.0,-13.0,15.0,3.0
5.3507304,-1.0,45.0,-12.0,-14.0,15.0,1.0
5.360098,-1.0,46.0,-10.0,-12.0,16.0,3.0
5.370546,1.0,47.0,-13.0,-11.0,17.0,3.0
5.3811135,3.0,47.0,-11.0,-9.0,17.0,2.0
5.391023,1.0,47.0,-10.0,-11.0,17.0,3.0
5.399905,1.0,46.0,-11.0,-11.0,15.0,2.0
5.410063,1.0,45.0,-11.0,-13.0,14.0,2.0
5.419637,1.0,45.0,-11.0,-13.0,14.0,2.0
5.4304395,1.0,45.0,-10.0,-13.0,14.0,3.0
5.440001,1.0,47.0,-12.0,-13.0,17.0,1.0
5.4496303,-1.0,45.0,-12.0,-13.0,15.0,1.0
5.4589577,1.0,46.0,-12.0,-11.0,16.0,1.0
5.469397,1.0,44.0,-11.0,-12.0,14.0,2.0
5.478735,-1.0,45.0,-10.0,-13.0,15.0,3.0
5.489173,-1.0,45.0,-11.0,-12.0,15.0,2.0
5.4988136,2.0,46.0,-12.0,-10.0,16.0,1.0
5.509017,1.0,47.0,-11.0,-11.0,17.0,2.0
5.518298,1.0,45.0,-10.0,-11.0,15.0,3.0
5.528727,1.0,46.0,-12.0,-12.0,16.0,1.0
5.5380673,1.0,46.0,-12.0,-12.0,16.0,1.0
5.548854,1.0,44.0,-12.0,-13.0,14.0,1.0
5.5578628,1.0,44.0,-10.0,-13.0,14.0,3.0
5.568321,1.0,45.0,-13.0,-13.0,15.0,3.0
5.5776534,1.0,44.0,-12.0,-12.0,14.0,1.0
5.588128,-1.0,45.0,-11.0,-13.0,16.0,2.0
5.5974283,-1.0,45.0,-12.0,-12.0,16.0,1.0
5.6078987,-1.0,46.0,-13.0,-13.0,17.0,1.0
5.6171994,-1.0,46.0,-13.0,-13.0,17.0,1.0
5.62767,-1.0,45.0,-13.0,-11.0,16.0,1.0
5.63699,-1.0,45.0,-13.0,-12.0,15.0,1.0
5.647439,-1.0,44.0,-15.0,-12.0,14.0,1.0
5.656745,-3.0,45.0,-15.0,-14.0,15.0,1.0
5.6671953,-2.0,45.0,-15.0,-13.0,15.0,1.0
5.676515,-2.0,43.0,-16.0,-13.0,13.0,1.0
5.686983,-4.0,43.0,-16.0,-14.0,14.0,1.0
5.6962805,-4.0,42.0,-17.0,-14.0,13.0,1.0
5.7067456,-4.0,42.0,-17.0,-13.0,13.0,1.0
5.7160625,-6.0,41.0,-18.0,-15.0,13.0,1.0
5.7265415,-4.0,43.0,-19.0,-12.0,16.0,1.0
5.7358294,-5.0,43.0,-19.0,-13.0,16.0,1.0
5.746306,-7.0,41.0,-17.0,-14.0,14.0,2.0
5.7556243,-7.0,41.0,-19.0,-14.0,14.0,1.0
5.766087,-8.0,42.0,-19.0,-15.0,15.0,1.0
5.7753906,-8.0,42.0,-21.0,-14.0,16.0,1.0
5.7858596,-9.0,41.0,-20.0,-14.0,15.0,1.0
5.7951727,-9.0,39.0,-22.0,-14.0,13.0,1.0
5.805638,-9.0,39.0,-21.0,-13.0,13.0,1.0
5.8149285,-11.0,38.0,-23.0,-15.0,12.0,1.0
5.82542,-13.0,39.0,-23.0,-16.0,14.0,1.0
5.8347354,-13.0,38.0,-25.0,-15.0,14.0,-1.0
5.84519,-14.0,38.0,-25.0,-15.0,14.0,-1.0
5.8545213,-14.0,35.0,-25.0,-14.0,12.0,-1.0
5.8649764,-15.0,35.0,-26.0,-15.0,12.0,-1.0
5.874302,-15.0,33.0,-28.0,-14.0,11.0,-1.0
5.8847547,-16.0,31.0,-27.0,-14.0,10.0,-1.0
5.8940606,-19.0,30.0,-29.0,-16.0,10.0,-1.0
5.9045243,-20.0,27.0,-28.0,-17.0,8.0,-1.0
5.9138355,-21.0,28.0,-30.0,-17.0,11.0,-1.0
5.92431,-22.0,24.0,-31.0,-16.0,9.0,-1.0
5.933604,-22.0,23.0,-31.0,-15.0,9.0,-1.0
5.945461,-21.0,20.0,-32.0,-13.0,8.0,-1.0
5.9554605,-24.0,20.0,-29.0,-15.0,10.0,3.0
5.9689994,-24.0,20.0,-29.0,-15.0,10.0,3.0
5.978999,-27.0,12.0,-32.0,-17.0,5.0,3.0
5.989,-27.0,12.0,-32.0,-17.0,5.0,3.0
5.9976425,-27.0,12.0,-32.0,-17.0,5.0,3.0
6.007643,-25.0,8.0,-29.0,-13.0,4.0,3.0
6.0176406,-25.0,8.0,-29.0,-13.0,4.0,3.0
6.0331526,-27.0,5.0,-27.0,-14.0,6.0,5.0
6.046329,-26.0,3.0,-27.0,-12.0,9.0,4.0
6.054716,-27.0,3.0,-26.0,-13.0,8.0,4.0
6.064716,-29.0,3.0,-24.0,-14.0,10.0,5.0
6.075607,-29.0,3.0,-24.0,-14.0,10.0,5.0
6.0856075,-30.0,-5.0,-22.0,-15.0,9.0,6.0
6.0955515,-30.0,-5.0,-22.0,-15.0,9.0,6.0
6.1055512,-29.0,-12.0,-15.0,-12.0,4.0,11.0
6.115551,-29.0,-12.0,-15.0,-12.0,4.0,11.0
6.125551,-29.0,-12.0,-15.0,-12.0,4.0,11.0
6.1355515,-29.0,-12.0,-15.0,-12.0,4.0,11.0
6.145551,-29.0,-12.0,-15.0,-12.0,4.0,11.0
6.15518,-29.0,-12.0,-15.0,-12.0,4.0,11.0
6.167834,-28.0,-12.0,-13.0,-11.0,13.0,6.0
6.171925,-28.0,-12.0,-13.0,-11.0,14.0,5.0
6.184961,-29.0,-13.0,-11.0,-12.0,14.0,6.0
6.1945424,-27.0,-14.0,-11.0,-10.0,13.0,5.0
6.2045426,-26.0,-17.0,-2.0,-9.0,11.0,13.0
6.2145424,-26.0,-17.0,-2.0,-9.0,11.0,13.0
6.2245426,-26.0,-17.0,-2.0,-9.0,11.0,13.0
6.2345424,-26.0,-17.0,-2.0,-9.0,11.0,13.0
6.2445426,-26.0,-17.0,-2.0,-9.0,11.0,13.0
6.2545424,-26.0,-17.0,-2.0,-9.0,11.0,13.0
6.2645426,-26.0,-17.0,-2.0,-9.0,11.0,13.0
6.274543,-26.0,-17.0,-2.0,-9.0,11.0,13.0
6.28138,-26.0,-17.0,-2.0,-9.0,11.0,13.0
6.2913804,-24.0,-18.0,-2.0,-9.0,13.0,6.0
6.3015804,-24.0,-18.0,-2.0,-9.0,13.0,6.0
6.31158,-26.0,-17.0,1.0,-12.0,15.0,5.0
6.321696,-26.0,-17.0,1.0,-12.0,15.0,5.0
6.3316956,-24.0,-18.0,1.0,-11.0,15.0,2.0
6.3415656,-24.0,-18.0,1.0,-11.0,15.0,2.0
6.351566,-23.0,-18.0,3.0,-10.0,15.0,4.0
6.3620663,-23.0,-18.0,3.0,-10.0,15.0,4.0
6.3720665,-21.0,-18.0,4.0,-9.0,15.0,5.0
6.3816237,-21.0,-18.0,4.0,-9.0,15.0,5.0
6.391624,-21.0,-18.0,5.0,-10.0,15.0,4.0
6.401365,-21.0,-18.0,5.0,-10.0,15.0,4.0
6.411365,-21.0,-17.0,6.0,-11.0,16.0,4.0
6.421696,-21.0,-17.0,6.0,-11.0,16.0,4.0
6.431696,-19.0,-19.0,7.0,-10.0,14.0,4.0
6.4417663,-19.0,-19.0,7.0,-10.0,14.0,4.0
6.4517665,-21.0,-18.0,8.0,-12.0,15.0,4.0
6.4624543,-21.0,-18.0,8.0,-12.0,15.0,4.0
6.4788747,-19.0,-18.0,8.0,-11.0,16.0,3.0
6.4927063,-20.0,-18.0,10.0,-12.0,16.0,4.0
6.502706,-17.0,-19.0,8.0,-9.0,15.0,2.0
6.5127063,-17.0,-19.0,8.0,-9.0,15.0,2.0
6.525578,-17.0,-19.0,8.0,-9.0,15.0,2.0
6.5296082,-19.0,-18.0,11.0,-11.0,15.0,4.0
6.5407777,-19.0,-18.0,11.0,-12.0,15.0,4.0
6.5504446,-18.0,-18.0,10.0,-11.0,15.0,2.0
6.5604444,-18.0,-20.0,11.0,-11.0,13.0,3.0
6.5704446,-18.0,-20.0,11.0,-11.0,13.0,3.0
6.580445,-18.0,-20.0,11.0,-11.0,13.0,3.0
6.5904446,-18.0,-20.0,11.0,-11.0,13.0,3.0
6.5981145,-18.0,-20.0,11.0,-11.0,13.0,3.0
6.6145988,-18.0,-17.0,9.0,-11.0,17.0,1.0
6.618713,-17.0,-21.0,9.0,-10.0,13.0,1.0
6.6287136,-18.0,-18.0,10.0,-12.0,16.0,2.0
6.639535,-18.0,-18.0,10.0,-12.0,16.0,2.0
6.649535,-18.0,-18.0,9.0,-12.0,17.0,1.0
6.659535,-18.0,-18.0,9.0,-12.0,17.0,1.0
6.669535,-18.0,-18.0,9.0,-12.0,17.0,1.0
6.6808686,-18.0,-18.0,9.0,-12.0,17.0,1.0
6.6959887,-16.0,-17.0,6.0,-10.0,17.0,-1.0
6.7060018,-17.0,-19.0,9.0,-11.0,14.0,2.0
6.7154045,-19.0,-18.0,8.0,-14.0,15.0,2.0
6.725637,-19.0,-18.0,10.0,-14.0,15.0,4.0
6.7351847,-16.0,-18.0,8.0,-11.0,15.0,2.0
6.7453713,-18.0,-19.0,11.0,-12.0,14.0,5.0
6.754969,-18.0,-18.0,9.0,-12.0,15.0,2.0
6.7651854,-18.0,-20.0,8.0,-12.0,14.0,1.0
6.774725,-17.0,-20.0,10.0,-11.0,14.0,3.0
6.784964,-17.0,-15.0,9.0,-11.0,19.0,1.0
6.7945204,-19.0,-18.0,9.0,-13.0,16.0,1.0
6.804663,-20.0,-20.0,10.0,-14.0,14.0,2.0
6.814285,-19.0,-19.0,10.0,-13.0,15.0,2.0
6.824527,-18.0,-19.0,9.0,-12.0,15.0,1.0
6.834072,-16.0,-18.0,7.0,-9.0,16.0,1.0
6.844394,-18.0,-18.0,8.0,-11.0,16.0,1.0
6.8538146,-18.0,-19.0,9.0,-12.0,15.0,2.0
6.8639703,-18.0,-19.0,9.0,-12.0,15.0,2.0
6.873607,-19.0,-19.0,8.0,-13.0,15.0,1.0
6.883717,-18.0,-17.0,11.0,-12.0,17.0,4.0
6.893391,-19.0,-18.0,10.0,-13.0,16.0,3.0
6.9034343,-18.0,-20.0,9.0,-12.0,14.0,2.0
6.913167,-18.0,-18.0,10.0,-12.0,16.0,2.0
6.92355,-19.0,-19.0,10.0,-13.0,15.0,2.0
6.9329376,-19.0,-18.0,10.0,-12.0,16.0,2.0
6.9430547,-18.0,-19.0,10.0,-11.0,15.0,2.0
6.9527225,-19.0,-19.0,9.0,-12.0,15.0,1.0
6.9628625,-20.0,-18.0,10.0,-13.0,16.0,2.0
6.9724927,-19.0,-19.0,10.0,-12.0,15.0,2.0
6.9826736,-16.0,-19.0,7.0,-9.0,15.0,2.0
6.9922814,-18.0,-19.0,8.0,-11.0,15.0,2.0
7.0026937,-18.0,-20.0,10.0,-11.0,14.0,2.0
7.0120697,-19.0,-19.0,10.0,-13.0,15.0,3.0
7.0237346,-18.0,-18.0,9.0,-12.0,16.0,2.0
7.033632,-19.0,-18.0,9.0,-13.0,17.0,2.0
7.044241,-18.0,-19.0,10.0,-12.0,15.0,3.0
7.0529804,-18.0,-19.0,10.0,-12.0,15.0,2.0
7.0636764,-19.0,-18.0,11.0,-13.0,16.0,3.0
7.073463,-17.0,-15.0,12.0,-11.0,19.0,4.0
7.0844164,-19.0,-17.0,10.0,-13.0,17.0,2.0
7.0934052,-18.0,-17.0,9.0,-12.0,16.0,2.0
7.1034055,-18.0,-17.0,10.0,-12.0,16.0,1.0
7.113405,-18.0,-17.0,10.0,-12.0,16.0,1.0
7.123616,-18.0,-17.0,10.0,-12.0,16.0,1.0
7.1353292,-17.0,-19.0,8.0,-11.0,13.0,1.0
7.1413164,-18.0,-21.0,9.0,-12.0,11.0,1.0
7.1552424,-17.0,-18.0,9.0,-11.0,15.0,1.0
7.161301,-18.0,-18.0,10.0,-12.0,15.0,2.0
7.1751933,-19.0,-18.0,9.0,-13.0,16.0,2.0
7.181207,-17.0,-18.0,9.0,-11.0,16.0,2.0
7.194661,-18.0,-17.0,7.0,-12.0,17.0,2.0
7.2010126,-19.0,-18.0,9.0,-13.0,16.0,2.0
7.2144346,-21.0,-17.0,11.0,-15.0,17.0,4.0
7.2206264,-17.0,-19.0,9.0,-11.0,14.0,2.0
7.2342525,-18.0,-19.0,10.0,-11.0,14.0,3.0
7.240408,-20.0,-18.0,8.0,-13.0,15.0,1.0
7.254384,-19.0,-18.0,9.0,-12.0,15.0,1.0
7.2607245,-21.0,-19.0,9.0,-14.0,15.0,1.0
7.2738056,-20.0,-19.0,10.0,-13.0,15.0,3.0
7.2799416,-18.0,-19.0,8.0,-10.0,15.0,1.0
7.293633,-18.0,-17.0,12.0,-10.0,17.0,5.0
7.2997766,-19.0,-18.0,9.0,-11.0,16.0,1.0
7.313398,-18.0,-18.0,10.0,-11.0,16.0,2.0
7.3195696,-19.0,-19.0,7.0,-12.0,15.0,2.0
7.334653,-18.0,-19.0,10.0,-11.0,15.0,2.0
7.3383584,-17.0,-18.0,9.0,-10.0,16.0,1.0
7.3482776,-19.0,-18.0,10.0,-12.0,16.0,2.0
7.358391,-18.0,-18.0,8.0,-12.0,16.0,1.0
7.36806,-18.0,-18.0,10.0,-12.0,16.0,3.0
7.3782897,-19.0,-18.0,10.0,-13.0,16.0,3.0
7.387842,-19.0,-19.0,9.0,-13.0,15.0,1.0
7.398154,-17.0,-20.0,10.0,-11.0,14.0,2.0
7.407595,-19.0,-19.0,10.0,-13.0,15.0,2.0
7.4183216,-18.0,-18.0,9.0,-12.0,16.0,1.0
7.4273787,-18.0,-18.0,7.0,-12.0,16.0,1.0
7.437633,-18.0,-19.0,8.0,-12.0,15.0,1.0
7.4471436,-18.0,-19.0,10.0,-12.0,15.0,3.0
7.457314,-19.0,-17.0,8.0,-13.0,17.0,1.0
7.466923,-17.0,-19.0,9.0,-11.0,15.0,2.0
7.4770894,-18.0,-19.0,7.0,-12.0,15.0,2.0
7.4867263,-19.0,-18.0,10.0,-13.0,16.0,3.0
7.4972034,-17.0,-17.0,9.0,-11.0,17.0,2.0
7.506491,-19.0,-19.0,7.0,-13.0,15.0,2.0
7.5166907,-19.0,-19.0,9.0,-13.0,15.0,2.0
7.5262537,-18.0,-18.0,10.0,-12.0,16.0,3.0
7.536422,-19.0,-19.0,8.0,-13.0,15.0,1.0
7.546034,-17.0,-18.0,9.0,-10.0,16.0,2.0
7.556263,-19.0,-21.0,7.0,-12.0,13.0,2.0
7.5658255,-20.0,-17.0,10.0,-14.0,17.0,3.0
7.576614,-18.0,-17.0,8.0,-11.0,17.0,1.0
7.5856,-18.0,-19.0,8.0,-11.0,15.0,1.0
7.5980062,-19.0,-18.0,8.0,-12.0,16.0,1.0
7.6079993,-18.0,-17.0,10.0,-11.0,17.0,3.0
7.625926,-19.0,-18.0,11.0,-12.0,16.0,4.0
7.638456,-18.0,-19.0,10.0,-11.0,14.0,3.0
7.645709,-18.0,-20.0,9.0,-11.0,13.0,2.0
7.659691,-20.0,-18.0,8.0,-13.0,15.0,2.0
7.6668253,-18.0,-19.0,9.0,-11.0,15.0,1.0
7.6779537,-18.0,-18.0,9.0,-11.0,16.0,1.0
7.6852717,-19.0,-18.0,9.0,-12.0,16.0,1.0
7.6977763,-18.0,-18.0,9.0,-11.0,16.0,2.0
7.705989,-16.0,-18.0,9.0,-9.0,16.0,2.0
7.7175407,-18.0,-18.0,7.0,-12.0,16.0,2.0
7.725087,-18.0,-18.0,10.0,-12.0,16.0,3.0
7.7377024,-18.0,-17.0,7.0,-12.0,16.0,3.0
7.744807,-19.0,-20.0,9.0,-13.0,13.0,2.0
7.7571054,-18.0,-17.0,9.0,-12.0,16.0,2.0
7.764374,-19.0,-16.0,8.0,-13.0,17.0,1.0
7.7769003,-19.0,-19.0,8.0,-13.0,14.0,1.0
7.7843075,-17.0,-20.0,10.0,-11.0,13.0,3.0
7.796664,-19.0,-18.0,8.0,-12.0,15.0,1.0
7.8039327,-18.0,-18.0,8.0,-11.0,16.0,1.0
7.8167996,-18.0,-19.0,9.0,-11.0,15.0,2.0
7.823869,-18.0,-18.0,9.0,-12.0,16.0,2.0
7.8362246,-19.0,-18.0,9.0,-13.0,16.0,2.0
7.8434906,-18.0,-19.0,9.0,-12.0,15.0,2.0
7.8560047,-19.0,-19.0,10.0,-13.0,15.0,3.0
7.8632717,-18.0,-18.0,7.0,-12.0,16.0,3.0
7.875778,-16.0,-17.0,7.0,-9.0,17.0,3.0
7.8830557,-17.0,-19.0,8.0,-11.0,15.0,1.0
7.895924,-18.0,-19.0,10.0,-12.0,15.0,3.0
7.9031515,-17.0,-19.0,8.0,-11.0,15.0,2.0
7.9153614,-17.0,-20.0,10.0,-11.0,14.0,3.0
7.92262,-19.0,-19.0,12.0,-14.0,15.0,5.0
7.9351287,-18.0,-21.0,9.0,-13.0,13.0,2.0
7.9424014,-17.0,-20.0,9.0,-11.0,15.0,1.0
7.955028,-18.0,-18.0,7.0,-12.0,17.0,1.0
7.962304,-19.0,-19.0,8.0,-13.0,16.0,1.0
7.9761515,-18.0,-20.0,9.0,-12.0,15.0,1.0
7.9834146,-17.0,-19.0,9.0,-11.0,16.0,2.0
7.9944105,-19.0,-20.0,10.0,-13.0,15.0,3.0
8.001713,-19.0,-20.0,8.0,-13.0,15.0,1.0
8.0142145,-17.0,-20.0,9.0,-11.0,15.0,2.0
8.021778,-18.0,-18.0,7.0,-12.0,17.0,2.0
8.034017,-18.0,-17.0,9.0,-12.0,18.0,2.0
8.041314,-17.0,-19.0,10.0,-11.0,16.0,3.0
8.054132,-17.0,-19.0,9.0,-11.0,15.0,2.0
8.062397,-18.0,-19.0,8.0,-12.0,15.0,1.0
8.073531,-17.0,-18.0,10.0,-11.0,16.0,3.0
8.0812025,-17.0,-19.0,9.0,-11.0,15.0,2.0
8.093352,-17.0,-22.0,7.0,-11.0,12.0,2.0
8.100711,-17.0,-21.0,9.0,-12.0,13.0,2.0
8.113115,-18.0,-18.0,10.0,-13.0,17.0,3.0
8.120372,-19.0,-18.0,9.0,-14.0,17.0,2.0
8.133243,-19.0,-19.0,8.0,-14.0,16.0,1.0
8.140281,-17.0,-18.0,9.0,-11.0,17.0,2.0
8.152647,-17.0,-19.0,10.0,-11.0,16.0,3.0
8.159926,-18.0,-19.0,9.0,-12.0,15.0,2.0
8.172456,-18.0,-19.0,9.0,-12.0,15.0,2.0
8.1797,-16.0,-19.0,10.0,-10.0,15.0,3.0
8.192215,-17.0,-17.0,9.0,-11.0,17.0,1.0
8.199479,-17.0,-19.0,8.0,-11.0,15.0,1.0
8.212338,-17.0,-19.0,9.0,-12.0,15.0,1.0
8.219678,-18.0,-18.0,9.0,-13.0,16.0,2.0
8.2320385,-18.0,-20.0,10.0,-13.0,14.0,3.0
8.240538,-17.0,-18.0,7.0,-12.0,16.0,3.0
8.251561,-17.0,-21.0,9.0,-12.0,13.0,2.0
8.259109,-19.0,-18.0,10.0,-13.0,16.0,3.0
8.271329,-16.0,-19.0,9.0,-10.0,15.0,2.0
8.279501,-19.0,-17.0,10.0,-13.0,18.0,3.0
8.293946,-18.0,-17.0,11.0,-12.0,17.0,4.0
8.297676,-18.0,-14.0,14.0,-12.0,20.0,6.0
8.311817,-18.0,-20.0,10.0,-12.0,13.0,2.0
8.321816,-19.0,-19.0,10.0,-13.0,14.0,1.0
8.330011,-19.0,-19.0,10.0,-13.0,14.0,1.0
8.341533,-18.0,-17.0,13.0,-12.0,16.0,4.0
8.351848,-19.0,-15.0,14.0,-13.0,18.0,4.0
8.363021,-20.0,-16.0,12.0,-14.0,17.0,2.0
8.373021,-17.0,-14.0,13.0,-10.0,19.0,3.0
8.383021,-17.0,-14.0,13.0,-10.0,19.0,3.0
8.394097,-17.0,-14.0,13.0,-10.0,19.0,3.0
8.398052,-17.0,-19.0,8.0,-10.0,13.0,-2.0
8.407536,-18.0,-18.0,8.0,-11.0,14.0,-2.0
8.416252,-18.0,-19.0,8.0,-12.0,13.0,-1.0
8.426541,-20.0,-18.0,7.0,-14.0,14.0,-1.0
8.436054,-19.0,-18.0,9.0,-13.0,15.0,1.0
8.446282,-19.0,-19.0,10.0,-13.0,14.0,3.0
8.455812,-18.0,-18.0,9.0,-11.0,15.0,2.0
8.466016,-17.0,-18.0,8.0,-10.0,16.0,1.0
8.475594,-17.0,-17.0,10.0,-10.0,17.0,3.0
8.486143,-18.0,-18.0,8.0,-11.0,16.0,1.0
8.495349,-18.0,-18.0,10.0,-12.0,16.0,3.0
8.505598,-19.0,-17.0,6.0,-13.0,16.0,3.0
8.515128,-16.0,-18.0,10.0,-10.0,15.0,3.0
8.525336,-18.0,-19.0,9.0,-12.0,14.0,2.0
8.5350065,-18.0,-18.0,7.0,-12.0,15.0,2.0
8.545253,-18.0,-21.0,8.0,-12.0,12.0,1.0
8.554731,-17.0,-17.0,8.0,-11.0,17.0,1.0
8.565399,-18.0,-18.0,9.0,-12.0,16.0,2.0
8.574505,-18.0,-19.0,9.0,-12.0,15.0,3.0
8.584809,-18.0,-19.0,9.0,-12.0,15.0,2.0
8.594283,-17.0,-19.0,10.0,-11.0,15.0,3.0
8.60571,-18.0,-19.0,9.0,-12.0,15.0,2.0
8.614063,-18.0,-18.0,10.0,-12.0,16.0,3.0
8.62436,-19.0,-16.0,9.0,-13.0,18.0,1.0
8.633847,-16.0,-18.0,10.0,-10.0,16.0,2.0
8.64474,-18.0,-19.0,9.0,-12.0,15.0,1.0
8.6535845,-18.0,-18.0,10.0,-12.0,15.0,2.0
8.663724,-19.0,-18.0,9.0,-13.0,15.0,1.0
8.67337,-17.0,-17.0,9.0,-11.0,16.0,1.0
8.68364,-17.0,-18.0,9.0,-11.0,15.0,1.0
8.693149,-19.0,-19.0,10.0,-13.0,14.0,2.0
8.703394,-16.0,-18.0,7.0,-10.0,15.0,2.0
8.712919,-16.0,-17.0,8.0,-10.0,16.0,1.0
8.724039,-19.0,-19.0,10.0,-13.0,14.0,3.0
8.732696,-19.0,-18.0,10.0,-14.0,15.0,3.0
8.74295,-18.0,-19.0,9.0,-13.0,14.0,2.0
8.7524605,-19.0,-17.0,7.0,-13.0,17.0,2.0
8.762651,-19.0,-18.0,9.0,-13.0,16.0,2.0
8.772246,-18.0,-20.0,10.0,-12.0,14.0,3.0
8.782342,-18.0,-17.0,9.0,-11.0,17.0,2.0
8.792037,-18.0,-19.0,9.0,-11.0,15.0,2.0
8.803727,-17.0,-18.0,8.0,-10.0,16.0,1.0
8.8118,-17.0,-18.0,8.0,-11.0,16.0,1.0
8.82197,-18.0,-18.0,9.0,-12.0,16.0,2.0
8.831579,-17.0,-18.0,8.0,-11.0,16.0,1.0
8.84299,-16.0,-17.0,8.0,-10.0,17.0,1.0
8.851358,-17.0,-18.0,8.0,-12.0,15.0,1.0
8.861874,-14.0,-19.0,6.0,-9.0,14.0,1.0
8.871124,-16.0,-17.0,8.0,-11.0,16.0,2.0
8.883583,-19.0,-19.0,9.0,-15.0,14.0,3.0
8.891138,-19.0,-19.0,9.0,-15.0,14.0,3.0
8.901171,-18.0,-17.0,9.0,-13.0,16.0,3.0
8.910688,-18.0,-19.0,10.0,-13.0,15.0,4.0
8.920689,-17.0,-18.0,10.0,-11.0,16.0,3.0
8.933719,-17.0,-18.0,10.0,-11.0,16.0,3.0
8.943718,-18.0,-17.0,8.0,-12.0,17.0,3.0
8.953719,-18.0,-17.0,8.0,-12.0,17.0,3.0
8.963719,-18.0,-17.0,8.0,-12.0,17.0,3.0
8.973014,-18.0,-17.0,8.0,-12.0,17.0,3.0
8.980598,-18.0,-17.0,8.0,-13.0,17.0,3.0
8.990035,-19.0,-20.0,9.0,-14.0,13.0,1.0
8.999132,-19.0,-17.0,9.0,-14.0,16.0,2.0
9.011725,-19.0,-20.0,8.0,-13.0,13.0,1.0
9.01927,-19.0,-20.0,8.0,-13.0,13.0,1.0
9.02978,-18.0,-18.0,8.0,-11.0,16.0,1.0
9.038676,-18.0,-19.0,8.0,-11.0,15.0,1.0
9.05175,-18.0,-18.0,9.0,-11.0,16.0,2.0
9.059358,-18.0,-18.0,9.0,-11.0,16.0,3.0
9.069124,-16.0,-19.0,9.0,-9.0,15.0,2.0
9.078278,-17.0,-18.0,8.0,-11.0,16.0,1.0
9.0910015,-18.0,-19.0,7.0,-12.0,15.0,1.0
9.098764,-17.0,-19.0,9.0,-11.0,15.0,2.0
9.109078,-17.0,-18.0,9.0,-12.0,16.0,2.0
9.117843,-18.0,-18.0,9.0,-13.0,16.0,2.0
9.130889,-16.0,-18.0,7.0,-11.0,16.0,2.0
9.138643,-19.0,-20.0,8.0,-14.0,14.0,1.0
9.148483,-18.0,-20.0,9.0,-13.0,14.0,2.0
9.157357,-18.0,-18.0,10.0,-13.0,16.0,3.0
9.169925,-18.0,-18.0,9.0,-12.0,16.0,2.0
9.177515,-18.0,-18.0,9.0,-12.0,16.0,2.0
9.187831,-18.0,-19.0,9.0,-12.0,15.0,2.0
9.196906,-18.0,-18.0,7.0,-12.0,16.0,2.0
9.209722,-18.0,-20.0,9.0,-12.0,14.0,2.0
9.217141,-18.0,-20.0,9.0,-12.0,14.0,2.0
9.227301,-16.0,-19.0,8.0,-10.0,15.0,1.0
9.236471,-17.0,-17.0,9.0,-11.0,17.0,2.0
9.25009,-17.0,-19.0,9.0,-11.0,16.0,2.0
9.257998,-17.0,-18.0,9.0,-12.0,16.0,2.0
9.266892,-17.0,-19.0,7.0,-12.0,15.0,2.0
9.276015,-17.0,-18.0,7.0,-12.0,16.0,2.0
9.288876,-16.0,-17.0,6.0,-11.0,17.0,2.0
9.296387,-16.0,-17.0,6.0,-11.0,17.0,2.0
9.306378,-17.0,-20.0,9.0,-12.0,13.0,3.0
9.315563,-19.0,-19.0,9.0,-14.0,14.0,4.0
9.328,-18.0,-19.0,9.0,-13.0,14.0,4.0
9.335344,-18.0,-19.0,9.0,-13.0,15.0,3.0
9.347724,-18.0,-18.0,7.0,-12.0,16.0,1.0
9.355158,-18.0,-18.0,7.0,-12.0,16.0,1.0
9.368208,-17.0,-20.0,9.0,-11.0,14.0,2.0
9.375783,-17.0,-20.0,9.0,-11.0,14.0,3.0
9.385549,-17.0,-18.0,7.0,-11.0,16.0,1.0
9.394673,-18.0,-19.0,8.0,-12.0,15.0,1.0
9.407426,-17.0,-18.0,7.0,-11.0,16.0,1.0
9.415424,-19.0,-17.0,7.0,-13.0,17.0,1.0
9.425152,-17.0,-18.0,8.0,-11.0,16.0,2.0
9.434236,-19.0,-18.0,9.0,-13.0,16.0,3.0
9.447276,-18.0,-18.0,7.0,-12.0,16.0,1.0
9.455254,-18.0,-19.0,9.0,-12.0,14.0,3.0
9.464962,-20.0,-18.0,6.0,-14.0,15.0,3.0
9.473936,-17.0,-20.0,9.0,-11.0,13.0,3.0
9.483936,-19.0,-19.0,9.0,-12.0,15.0,3.0
9.493937,-19.0,-19.0,9.0,-12.0,15.0,3.0
9.503937,-19.0,-19.0,9.0,-12.0,15.0,3.0
9.516794,-19.0,-19.0,9.0,-12.0,15.0,3.0
9.526196,-18.0,-19.0,9.0,-13.0,15.0,2.0
9.533791,-18.0,-19.0,9.0,-13.0,15.0,2.0
9.543818,-19.0,-19.0,9.0,-14.0,15.0,2.0
9.552918,-17.0,-18.0,9.0,-11.0,16.0,2.0
9.566607,-18.0,-19.0,7.0,-12.0,15.0,2.0
9.574151,-18.0,-19.0,7.0,-12.0,15.0,2.0
9.583301,-18.0,-19.0,8.0,-12.0,15.0,1.0
9.59247,-19.0,-18.0,6.0,-13.0,16.0,1.0
9.605362,-18.0,-18.0,8.0,-12.0,16.0,2.0
9.6131,-19.0,-18.0,6.0,-13.0,16.0,2.0
9.623079,-19.0,-19.0,7.0,-13.0,15.0,1.0
9.632047,-17.0,-19.0,9.0,-10.0,15.0,4.0
9.645041,-17.0,-18.0,9.0,-10.0,16.0,4.0
9.653004,-17.0,-19.0,7.0,-11.0,15.0,1.0
9.662577,-17.0,-21.0,9.0,-11.0,13.0,3.0
9.671622,-18.0,-19.0,9.0,-12.0,15.0,3.0
9.684795,-18.0,-19.0,7.0,-12.0,15.0,1.0
9.692685,-19.0,-18.0,8.0,-14.0,17.0,1.0
9.702144,-19.0,-20.0,8.0,-13.0,15.0,1.0
9.711163,-17.0,-18.0,8.0,-11.0,17.0,2.0
9.723875,-17.0,-20.0,8.0,-11.0,15.0,2.0
9.730946,-17.0,-20.0,8.0,-11.0,14.0,2.0
9.742409,-18.0,-21.0,8.0,-12.0,14.0,2.0
9.750696,-18.0,-18.0,8.0,-12.0,17.0,2.0
9.763574,-17.0,-18.0,7.0,-11.0,17.0,1.0
9.770479,-17.0,-18.0,7.0,-11.0,17.0,1.0
9.781778,-17.0,-19.0,9.0,-11.0,16.0,3.0
9.790245,-17.0,-18.0,8.0,-12.0,16.0,2.0
9.801568,-19.0,-20.0,9.0,-14.0,14.0,3.0
9.81001,-18.0,-20.0,8.0,-13.0,14.0,2.0
9.821324,-17.0,-20.0,8.0,-11.0,14.0,2.0
9.829805,-18.0,-19.0,7.0,-12.0,15.0,2.0
9.84288,-17.0,-19.0,7.0,-11.0,16.0,2.0
9.849561,-17.0,-19.0,7.0,-11.0,16.0,1.0
9.860785,-19.0,-18.0,8.0,-13.0,17.0,2.0
9.869351,-18.0,-19.0,9.0,-12.0,16.0,3.0
9.8817425,-18.0,-18.0,7.0,-12.0,16.0,1.0
9.889129,-18.0,-18.0,7.0,-12.0,16.0,1.0
9.900265,-17.0,-16.0,9.0,-11.0,18.0,3.0
9.908892,-18.0,-19.0,8.0,-12.0,15.0,2.0
9.921839,-18.0,-18.0,7.0,-12.0,15.0,1.0
9.928684,-18.0,-18.0,7.0,-12.0,15.0,1.0
9.939923,-19.0,-17.0,8.0,-13.0,16.0,2.0
9.948445,-18.0,-18.0,8.0,-12.0,15.0,2.0
9.95981,-16.0,-20.0,7.0,-10.0,13.0,1.0
9.968239,-17.0,-20.0,8.0,-11.0,13.0,2.0
9.979674,-18.0,-20.0,8.0,-12.0,14.0,2.0
9.988026,-18.0,-20.0,9.0,-12.0,14.0,3.0
10.001894,-19.0,-18.0,9.0,-13.0,17.0,3.0
10.011895,-18.0,-20.0,9.0,-12.0,15.0,3.0
10.021895,-18.0,-20.0,9.0,-12.0,15.0,3.0
10.031895,-18.0,-20.0,9.0,-12.0,15.0,3.0
10.041895,-18.0,-20.0,9.0,-12.0,15.0,3.0
10.051221,-18.0,-20.0,9.0,-12.0,15.0,3.0
10.06162,-18.0,-15.0,10.0,-13.0,19.0,2.0
10.072428,-18.0,-15.0,10.0,-13.0,19.0,2.0
10.080262,-18.0,-16.0,11.0,-12.0,17.0,3.0
10.090262,-18.0,-19.0,8.0,-12.0,14.0,3.0
10.09945,-18.0,-19.0,8.0,-12.0,14.0,3.0
10.110395,-17.0,-19.0,7.0,-11.0,13.0,3.0
10.119763,-17.0,-19.0,9.0,-11.0,13.0,1.0
10.126456,-17.0,-19.0,9.0,-11.0,14.0,1.0
10.137551,-17.0,-18.0,9.0,-11.0,15.0,2.0
10.146223,-18.0,-19.0,8.0,-13.0,15.0,1.0
10.156676,-18.0,-17.0,8.0,-13.0,17.0,1.0
10.16601,-18.0,-19.0,10.0,-13.0,15.0,3.0
10.176426,-19.0,-20.0,9.0,-13.0,14.0,2.0
10.185788,-18.0,-20.0,8.0,-12.0,14.0,1.0
10.19724,-18.0,-19.0,9.0,-12.0,15.0,2.0
10.205564,-17.0,-19.0,7.0,-11.0,15.0,2.0
10.216015,-16.0,-20.0,7.0,-10.0,15.0,2.0
10.225349,-18.0,-19.0,8.0,-12.0,16.0,1.0
10.2358,-18.0,-21.0,8.0,-12.0,14.0,2.0
10.24514,-17.0,-19.0,7.0,-11.0,16.0,1.0
10.255817,-19.0,-19.0,9.0,-13.0,16.0,3.0
10.264975,-18.0,-20.0,9.0,-12.0,15.0,3.0
10.275347,-18.0,-19.0,8.0,-12.0,16.0,2.0
10.284711,-16.0,-19.0,9.0,-10.0,16.0,3.0
10.295157,-18.0,-19.0,8.0,-12.0,16.0,1.0
10.304474,-17.0,-17.0,7.0,-11.0,18.0,1.0
10.314985,-17.0,-18.0,9.0,-11.0,17.0,2.0
10.324237,-17.0,-19.0,9.0,-11.0,15.0,2.0
10.334719,-18.0,-18.0,9.0,-13.0,16.0,2.0
10.344003,-19.0,-20.0,7.0,-14.0,14.0,2.0
10.354461,-18.0,-17.0,9.0,-13.0,17.0,2.0
10.363796,-18.0,-18.0,7.0,-12.0,16.0,2.0
10.374231,-18.0,-18.0,9.0,-12.0,16.0,2.0
10.384232,-18.0,-19.0,6.0,-12.0,15.0,2.0
10.396095,-18.0,-19.0,6.0,-12.0,15.0,2.0
10.40335,-18.0,-18.0,9.0,-12.0,16.0,3.0
10.413837,-18.0,-17.0,9.0,-12.0,17.0,3.0
10.423126,-19.0,-18.0,8.0,-13.0,16.0,2.0
10.433559,-17.0,-19.0,9.0,-11.0,15.0,3.0
10.442885,-18.0,-18.0,8.0,-12.0,15.0,2.0
10.453342,-16.0,-19.0,7.0,-10.0,15.0,2.0
10.462661,-18.0,-19.0,9.0,-12.0,15.0,2.0
10.473115,-17.0,-18.0,9.0,-11.0,16.0,2.0
10.482442,-18.0,-20.0,7.0,-12.0,14.0,2.0
10.493005,-18.0,-18.0,6.0,-13.0,16.0,2.0
10.5022335,-17.0,-20.0,7.0,-11.0,14.0,1.0
10.513503,-18.0,-20.0,9.0,-12.0,14.0,3.0
10.522001,-17.0,-19.0,8.0,-11.0,15.0,2.0
10.532442,-17.0,-17.0,8.0,-11.0,18.0,2.0
10.541798,-19.0,-20.0,7.0,-13.0,15.0,1.0
10.552213,-17.0,-20.0,10.0,-11.0,14.0,4.0
10.561559,-18.0,-21.0,9.0,-12.0,13.0,3.0
10.572029,-18.0,-18.0,9.0,-12.0,17.0,3.0
10.581322,-17.0,-18.0,9.0,-11.0,17.0,2.0
10.591765,-16.0,-20.0,8.0,-10.0,15.0,1.0
10.601127,-18.0,-19.0,9.0,-12.0,16.0,2.0
10.611695,-18.0,-19.0,9.0,-12.0,16.0,2.0
10.621945,-17.0,-18.0,11.0,-12.0,17.0,4.0
10.633296,-19.0,-18.0,10.0,-14.0,16.0,3.0
10.641938,-18.0,-17.0,9.0,-12.0,17.0,1.0
10.652914,-18.0,-18.0,10.0,-12.0,16.0,2.0
10.662913,-18.0,-17.0,8.0,-12.0,17.0,2.0
10.672914,-18.0,-17.0,8.0,-12.0,17.0,2.0
10.683955,-18.0,-17.0,8.0,-12.0,17.0,2.0
10.69202,-16.0,-19.0,9.0,-10.0,14.0,1.0
10.703227,-17.0,-18.0,7.0,-11.0,15.0,1.0
10.711787,-18.0,-18.0,9.0,-12.0,15.0,2.0
10.721966,-18.0,-18.0,8.0,-12.0,15.0,1.0
10.731566,-17.0,-20.0,8.0,-11.0,13.0,1.0
10.742139,-17.0,-19.0,9.0,-11.0,15.0,2.0
10.751354,-19.0,-19.0,8.0,-13.0,15.0,1.0
10.761973,-16.0,-17.0,7.0,-10.0,17.0,1.0
10.771135,-17.0,-20.0,8.0,-11.0,14.0,2.0
10.781362,-18.0,-18.0,9.0,-12.0,16.0,3.0
10.790943,-17.0,-20.0,8.0,-12.0,14.0,2.0
10.801126,-19.0,-18.0,7.0,-14.0,16.0,1.0
10.810715,-19.0,-19.0,9.0,-13.0,15.0,3.0
10.823717,-17.0,-19.0,8.0,-11.0,15.0,2.0
10.83162,-17.0,-21.0,6.0,-11.0,13.0,2.0
10.841184,-18.0,-19.0,9.0,-12.0,15.0,3.0
10.851183,-18.0,-18.0,9.0,-12.0,17.0,3.0
10.862022,-18.0,-18.0,9.0,-12.0,17.0,3.0
10.8703375,-19.0,-18.0,8.0,-13.0,17.0,2.0
10.880543,-16.0,-20.0,8.0,-10.0,15.0,2.0
10.890026,-17.0,-19.0,9.0,-11.0,15.0,3.0
10.900316,-18.0,-19.0,9.0,-12.0,15.0,2.0
10.910222,-17.0,-19.0,8.0,-11.0,15.0,1.0
10.920057,-17.0,-19.0,9.0,-11.0,15.0,2.0
10.929594,-19.0,-19.0,7.0,-14.0,15.0,2.0
10.939827,-17.0,-18.0,8.0,-12.0,16.0,1.0
10.949515,-19.0,-18.0,9.0,-13.0,16.0,2.0
10.959615,-18.0,-19.0,6.0,-12.0,15.0,2.0
10.969147,-17.0,-17.0,9.0,-11.0,17.0,3.0
10.979394,-16.0,-21.0,7.0,-10.0,13.0,1.0
10.989295,-16.0,-18.0,8.0,-10.0,16.0,2.0
10.999158,-17.0,-18.0,8.0,-11.0,16.0,2.0
11.008682,-16.0,-18.0,9.0,-11.0,16.0,3.0
11.018949,-17.0,-19.0,8.0,-12.0,15.0,2.0
11.028482,-16.0,-21.0,7.0,-11.0,13.0,1.0
11.038717,-17.0,-18.0,9.0,-12.0,16.0,3.0
11.048251,-17.0,-17.0,9.0,-12.0,17.0,3.0
11.058479,-18.0,-18.0,8.0,-13.0,16.0,2.0
11.068412,-18.0,-17.0,8.0,-13.0,17.0,1.0
11.078251,-17.0,-17.0,8.0,-12.0,17.0,1.0
11.087795,-18.0,-19.0,7.0,-13.0,14.0,1.0
11.098055,-19.0,-17.0,9.0,-13.0,16.0,3.0
11.107582,-17.0,-18.0,8.0,-11.0,15.0,2.0
11.117817,-16.0,-20.0,9.0,-10.0,13.0,3.0
11.127349,-17.0,-20.0,7.0,-11.0,13.0,1.0
11.138691,-20.0,-18.0,7.0,-14.0,16.0,1.0
11.14763,-16.0,-19.0,8.0,-10.0,15.0,2.0
11.157343,-19.0,-20.0,8.0,-13.0,14.0,2.0
11.166902,-17.0,-19.0,9.0,-11.0,15.0,3.0
11.177196,-17.0,-19.0,8.0,-11.0,16.0,2.0
11.18668,-17.0,-19.0,8.0,-11.0,16.0,2.0
11.198427,-18.0,-17.0,7.0,-12.0,18.0,1.0
11.208727,-18.0,-16.0,12.0,-12.0,19.0,6.0
11.219232,-17.0,-17.0,10.0,-11.0,17.0,4.0
11.229824,-16.0,-19.0,8.0,-10.0,14.0,1.0
11.240343,-17.0,-13.0,10.0,-11.0,20.0,3.0
11.243825,-17.0,-13.0,10.0,-12.0,20.0,2.0
11.251196,-17.0,-13.0,10.0,-12.0,19.0,2.0
11.254665,-17.0,-13.0,10.0,-12.0,18.0,2.0
11.266351,-17.0,-19.0,9.0,-12.0,11.0,1.0
11.276352,-17.0,-18.0,8.0,-12.0,11.0,1.0
11.286351,-17.0,-18.0,8.0,-12.0,11.0,1.0
11.296351,-17.0,-18.0,8.0,-12.0,11.0,1.0
11.305927,-17.0,-18.0,8.0,-12.0,11.0,1.0
11.31497,-17.0,-18.0,8.0,-12.0,13.0,1.0
11.326082,-19.0,-18.0,9.0,-14.0,14.0,2.0
11.334798,-18.0,-19.0,8.0,-13.0,14.0,1.0
11.345492,-18.0,-19.0,6.0,-12.0,14.0,1.0
11.354576,-20.0,-19.0,9.0,-14.0,15.0,3.0
11.365274,-18.0,-19.0,7.0,-12.0,15.0,1.0
11.374358,-18.0,-18.0,8.0,-12.0,16.0,2.0
11.385045,-18.0,-19.0,8.0,-11.0,15.0,2.0
11.396577,-17.0,-20.0,8.0,-10.0,14.0,2.0
11.40536,-17.0,-20.0,8.0,-11.0,14.0,2.0
11.417079,-17.0,-19.0,8.0,-11.0,15.0,2.0
11.425861,-17.0,-20.0,8.0,-11.0,15.0,2.0
11.433716,-19.0,-18.0,9.0,-13.0,17.0,3.0
11.444461,-18.0,-20.0,8.0,-13.0,15.0,2.0
11.45359,-19.0,-19.0,8.0,-13.0,16.0,2.0
11.4642105,-17.0,-18.0,9.0,-11.0,17.0,2.0
11.473233,-20.0,-18.0,8.0,-14.0,17.0,1.0
11.484358,-18.0,-21.0,7.0,-12.0,13.0,1.0
11.493051,-18.0,-18.0,9.0,-12.0,16.0,2.0
11.503781,-16.0,-19.0,8.0,-9.0,15.0,2.0
11.512842,-18.0,-20.0,8.0,-12.0,14.0,2.0
11.52355,-19.0,-18.0,9.0,-13.0,16.0,3.0
11.532617,-18.0,-18.0,8.0,-12.0,16.0,2.0
11.543319,-18.0,-19.0,7.0,-12.0,15.0,2.0
11.552343,-18.0,-19.0,7.0,-12.0,15.0,2.0
11.563427,-18.0,-17.0,10.0,-12.0,17.0,4.0
11.572128,-17.0,-18.0,8.0,-11.0,16.0,2.0
11.58299,-18.0,-17.0,8.0,-12.0,17.0,2.0
11.591898,-19.0,-18.0,10.0,-13.0,16.0,4.0
11.602629,-20.0,-19.0,7.0,-14.0,14.0,4.0
11.61169,-18.0,-16.0,9.0,-12.0,17.0,2.0
11.622406,-19.0,-17.0,8.0,-12.0,16.0,1.0
11.631462,-18.0,-19.0,8.0,-11.0,14.0,1.0
11.642541,-19.0,-19.0,8.0,-12.0,14.0,1.0
11.651229,-20.0,-19.0,10.0,-13.0,14.0,3.0
11.661954,-18.0,-18.0,9.0,-11.0,15.0,2.0
11.671004,-19.0,-18.0,10.0,-12.0,16.0,3.0
11.681751,-19.0,-19.0,7.0,-12.0,15.0,3.0
11.690774,-17.0,-18.0,8.0,-10.0,16.0,1.0
11.701496,-19.0,-17.0,8.0,-12.0,17.0,1.0
11.710579,-19.0,-17.0,8.0,-12.0,17.0,1.0
11.721643,-18.0,-19.0,6.0,-11.0,15.0,1.0
11.730332,-18.0,-18.0,9.0,-11.0,15.0,3.0
11.741099,-16.0,-19.0,8.0,-9.0,14.0,2.0
11.750113,-17.0,-20.0,7.0,-11.0,13.0,1.0
11.760842,-17.0,-19.0,8.0,-11.0,15.0,2.0
11.7699995,-19.0,-18.0,8.0,-13.0,16.0,2.0
11.780609,-19.0,-18.0,8.0,-14.0,16.0,2.0
11.789672,-19.0,-19.0,8.0,-13.0,15.0,2.0
11.803054,-16.0,-18.0,5.0,-10.0,16.0,2.0
11.808801,-18.0,-18.0,7.0,-12.0,16.0,1.0
