0.007451146,-0.26319,0.071771,0.849175,0.452194
0.015288854,-0.263941,0.070345,0.852214,0.446225
0.027346145,-0.26467,0.06987,0.853361,0.443668
0.03502104,-0.266488,0.066227,0.859307,0.431496
0.04738948,-0.267812,0.065124,0.86063,0.428194
0.063015416,-0.271571,0.060087,0.867594,0.412212
0.072625786,-0.273695,0.058142,0.870343,0.405231
0.08181432,-0.276032,0.056729,0.872084,0.40007
0.092456095,-0.279007,0.054521,0.874434,0.393124
0.10085984,-0.282761,0.052133,0.876332,0.386483
0.11473776,-0.287595,0.04864,0.879145,0.376863
0.12488224,-0.293286,0.045527,0.880969,0.368514
0.13430427,-0.300134,0.041527,0.883199,0.357985
0.14606312,-0.308066,0.037189,0.884753,0.347739
0.15699942,-0.317148,0.031803,0.886316,0.335928
0.16558094,-0.326704,0.027431,0.887397,0.324095
0.17922266,-0.335804,0.029701,0.883568,0.325052
0.18879104,-0.34522,0.028816,0.884433,0.312682
0.20297167,-0.364168,0.034065,0.882806,0.294743
0.21389025,-0.374575,0.035573,0.882865,0.281028
0.22914046,-0.384991,0.044221,0.877448,0.282684
0.23865396,-0.39687,0.04586,0.876776,0.267682
0.25206614,-0.421451,0.053775,0.869644,0.251405
0.26334542,-0.435229,0.051624,0.867907,0.233765
0.27744132,-0.448109,0.058536,0.860064,0.236768
0.2885437,-0.462546,0.052225,0.857915,0.217493
0.30150265,-0.491524,0.038802,0.849428,0.188066
0.31233138,-0.506886,0.023548,0.845927,0.164066
0.32683808,-0.522032,0.015794,0.838476,0.155533
0.33777547,-0.537309,-0.005009,0.833626,0.127826
0.35090864,-0.564917,-0.044821,0.820033,0.080022
0.3619347,-0.576288,-0.070971,0.81269,0.048868
0.37686715,-0.58876,-0.07775,0.803415,0.042887
0.39299852,-0.606835,-0.104755,0.787889,0.002694
0.403882,0.612771,0.120411,-0.780704,0.022634
0.4115419,0.619897,0.124095,-0.774107,0.032936
0.4225767,0.624284,0.137664,-0.766972,0.055411
0.43093336,0.629735,0.143445,-0.760433,0.067804
0.44235742,0.632914,0.155565,-0.753422,0.087021
0.450717,0.637883,0.156575,-0.74843,0.091871
0.46213657,0.639256,0.168475,-0.742473,0.108165
0.47049895,0.641541,0.17399,-0.738097,0.115599
0.48160973,0.641328,0.18639,-0.732905,0.129637
0.4919998,0.641704,0.194744,-0.728836,0.138152
0.50283056,0.640578,0.206648,-0.724115,0.150376
0.5118462,0.639987,0.215158,-0.72029,0.159074
0.52256113,0.638274,0.225363,-0.716148,0.17014
0.5335836,0.634599,0.239526,-0.710838,0.18606
0.5451534,0.632649,0.247871,-0.707053,0.19593
0.5551931,0.62904,0.259243,-0.702186,0.209844
0.5657105,0.626969,0.265815,-0.698763,0.219044
0.5768627,0.623877,0.273885,-0.694738,0.230439
0.59,0.618631,0.284004,-0.689294,0.248012
0.6006056,0.61159,0.29664,-0.683716,0.265503
0.61196756,0.608422,0.300229,-0.682096,0.272816
0.6222366,0.603214,0.307961,-0.678548,0.284368
0.6339348,0.601355,0.309759,-0.67761,0.288556
0.6445813,0.598229,0.314868,-0.674911,0.295761
0.65869504,0.599124,0.313432,-0.674852,0.295609
0.6690446,0.599106,0.314404,-0.674112,0.2963
0.68122494,0.600755,0.312892,-0.67484,0.292884
0.69059455,0.60193,0.312783,-0.674996,0.290217
0.70249045,0.604308,0.310997,-0.675803,0.285276
0.7126136,0.607804,0.307614,-0.677061,0.278449
0.7245511,0.610893,0.305353,-0.6776,0.272811
0.73507565,0.617044,0.296792,-0.680849,0.260027
0.7479732,0.621439,0.295181,-0.681048,0.250708
0.75868756,0.629673,0.280858,-0.686534,0.230866
0.769621,0.630705,0.281829,-0.686149,0.227993
0.7790756,0.635607,0.273526,-0.689007,0.215532
0.79041106,0.636104,0.275099,-0.688391,0.214031
0.8007375,0.638683,0.271706,-0.689466,0.20711
0.8120527,0.638543,0.274743,-0.688507,0.206723
0.822599,0.639882,0.27449,-0.688649,0.202404
0.83663493,0.639307,0.282096,-0.68637,0.201503
0.8469995,0.642451,0.278152,-0.687637,0.19246
0.8592597,0.642336,0.28124,-0.686804,0.19133
0.868606,0.646019,0.274977,-0.688818,0.180489
0.8802208,0.645913,0.277357,-0.688367,0.178937
0.8901164,0.64584,0.279728,-0.687915,0.177239
0.9016981,0.645991,0.281747,-0.687535,0.17495
0.9130944,0.645038,0.286325,-0.686425,0.175397
0.9254431,0.645492,0.289606,-0.685823,0.170624
0.93606615,0.643784,0.295106,-0.684548,0.172764
0.9478023,0.643679,0.296954,-0.684216,0.171298
0.95708346,0.641924,0.302278,-0.682914,0.173749
0.9686239,0.641773,0.304286,-0.682402,0.172811
0.9780205,0.640288,0.309116,-0.681058,0.175036
0.989083,0.640134,0.311108,-0.680462,0.174384
0.9992977,0.639053,0.31491,-0.679369,0.175782
1.0107069,0.63877,0.316871,-0.678828,0.175378
1.0220239,0.637915,0.319767,-0.678079,0.176126
1.0329223,0.637575,0.32145,-0.677706,0.175729
1.0443999,0.637245,0.323673,-0.677403,0.174006
1.0548064,0.637045,0.324753,-0.67728,0.173205
1.0644212,0.637103,0.325272,-0.677313,0.171881
1.0763495,0.637077,0.325829,-0.677368,0.170699
1.0856199,0.637311,0.325733,-0.677638,0.16893
1.097221,0.637406,0.325859,-0.677852,0.167462
1.1066773,0.637547,0.325862,-0.678103,0.165896
1.1182715,0.637681,0.32578,-0.678413,0.16427
1.1281636,0.637861,0.325524,-0.6788,0.16247
1.139703,0.637988,0.325293,-0.679207,0.160723
1.1503937,0.638609,0.324055,-0.679864,0.157956
1.1618298,0.638796,0.323663,-0.680294,0.156143
1.173233,0.640573,0.319914,-0.681828,0.149768
1.1861154,0.642637,0.315438,-0.683194,0.144087
1.1964413,0.642863,0.31453,-0.683757,0.142379
1.2077308,0.644496,0.310631,-0.684973,0.137635
1.2182211,0.644702,0.309611,-0.685554,0.136067
1.2309197,0.645813,0.306658,-0.686524,0.132554
1.2413684,0.64595,0.305704,-0.687066,0.131273
1.2545476,0.6475,0.301061,-0.688628,0.126077
1.2633939,0.647564,0.300172,-0.68913,0.125122
1.275335,0.648311,0.297735,-0.689933,0.122627
1.284596,0.648366,0.29674,-0.690465,0.121751
1.2966053,0.648557,0.295416,-0.69106,0.120573
1.3065172,0.64865,0.294297,-0.691609,0.119654
1.3184109,0.649228,0.292068,-0.692367,0.117581
1.3278518,0.649319,0.290869,-0.692952,0.116598
1.3402811,0.649697,0.28902,-0.693656,0.114896
1.3498187,0.649778,0.287836,-0.694246,0.113837
1.3630638,0.650617,0.284074,-0.695611,0.110106
1.3720688,0.650726,0.282933,-0.696145,0.109018
1.3834118,0.650893,0.281742,-0.696653,0.107862
1.39368,0.651051,0.280666,-0.697097,0.106835
1.4050617,0.651159,0.279864,-0.697426,0.106132
1.4140657,0.651389,0.278852,-0.69775,0.105246
1.4256204,0.652304,0.27635,-0.698255,0.102803
1.4372003,0.652581,0.275394,-0.698484,0.102055
1.4489156,0.653807,0.272209,-0.699027,0.098981
1.4590522,0.654112,0.271256,-0.699209,0.098297
1.4723926,0.655666,0.267275,-0.69979,0.094654
1.4804224,0.656033,0.266369,-0.699886,0.093946
1.4923421,0.657199,0.263476,-0.700267,0.09107
1.5017256,0.657537,0.262643,-0.700361,0.09031
1.513431,0.658328,0.260743,-0.700579,0.088348
1.5227492,0.658711,0.25992,-0.700634,0.087474
1.5343329,0.659398,0.25836,-0.700773,0.085786
1.5453818,0.659839,0.257459,-0.700812,0.084789
1.5574386,0.661067,0.254552,-0.701094,0.081605
1.5670199,0.661587,0.253583,-0.701087,0.080457
1.5798675,0.663081,0.25062,-0.701118,0.077109
1.5889096,0.663687,0.249446,-0.701102,0.075827
1.6003208,0.664414,0.247935,-0.701124,0.074204
1.6097379,0.665044,0.246696,-0.701101,0.072897
1.6211053,0.665491,0.245919,-0.701029,0.072129
1.6304866,0.666113,0.244609,-0.701029,0.070833
1.641848,0.666743,0.243207,-0.701052,0.069479
1.6511854,0.667323,0.241907,-0.70107,0.068258
1.6624653,0.66792,0.240608,-0.701063,0.067077
1.6711097,0.668558,0.239328,-0.701004,0.065909
1.6825505,0.669512,0.23723,-0.700991,0.063918
1.6910834,0.670188,0.235963,-0.700874,0.062798
1.7025312,0.670861,0.234732,-0.700739,0.061718
1.7142394,0.671668,0.233103,-0.700644,0.06018
1.7254591,0.672274,0.232061,-0.700493,0.059196
1.7355876,0.673423,0.229423,-0.700484,0.056458
1.7464663,0.67394,0.228597,-0.700332,0.055525
1.7579522,0.675756,0.224513,-0.70026,0.05082
1.7697251,0.676097,0.224128,-0.700111,0.050035
1.7791847,0.677162,0.221595,-0.700103,0.046925
1.790819,0.677433,0.221528,-0.699906,0.046252
1.8008045,0.677813,0.221121,-0.699742,0.04511
1.812308,0.678019,0.2212,-0.699561,0.044418
1.8228284,0.678207,0.221261,-0.699404,0.043713
1.8342853,0.678407,0.22129,-0.699244,0.043028
1.8443583,0.678996,0.220105,-0.699159,0.041156
1.8554531,0.679239,0.219976,-0.699002,0.04048
1.8668479,0.680266,0.217786,-0.698849,0.037636
1.8771765,0.680598,0.217149,-0.69876,0.036957
1.8866491,0.681229,0.215542,-0.698722,0.035429
1.8982325,0.681607,0.214709,-0.698639,0.034853
1.9074937,0.682144,0.21328,-0.698602,0.033832
1.9191477,0.68249,0.212358,-0.698565,0.033411
1.9292829,0.682877,0.211232,-0.698556,0.032839
1.940606,0.683184,0.210386,-0.698523,0.03256
1.9515785,0.683511,0.209495,-0.698487,0.032217
1.9628688,0.683796,0.208775,-0.698431,0.032073
1.9730328,0.684705,0.205986,-0.69847,0.029791
1.9825613,0.68495,0.20536,-0.698419,0.029685
1.9915301,0.685576,0.203454,-0.698422,0.028239
2.0019538,0.685808,0.202838,-0.698378,0.028116
2.0118704,0.686514,0.200612,-0.698398,0.026309
2.0222483,0.686732,0.200009,-0.698362,0.026162
2.0319228,0.687287,0.198302,-0.69835,0.024875
2.042252,0.68751,0.197661,-0.698319,0.024691
2.051858,0.687874,0.196463,-0.698323,0.023977
2.0621529,0.68808,0.195729,-0.698334,0.023755
2.0717762,0.688504,0.19421,-0.698373,0.022757
2.080957,0.68872,0.19341,-0.69839,0.022515
2.0888066,0.688758,0.193261,-0.69838,0.022925
2.0992117,0.688949,0.192485,-0.698414,0.022701
2.1084025,0.688507,0.193938,-0.69838,0.02471
2.1199586,0.688679,0.193238,-0.69841,0.024538
2.129119,0.688587,0.193445,-0.698417,0.02528
2.1391304,0.688716,0.192875,-0.698451,0.025188
2.149058,0.688721,0.192777,-0.698461,0.025518
2.1596944,0.688815,0.192329,-0.698495,0.02543
2.169324,0.688671,0.192669,-0.698519,0.026099
2.1784399,0.688716,0.19227,-0.698589,0.025965
2.1889703,0.688512,0.1928,-0.698616,0.026736
2.2004123,0.688563,0.192429,-0.698674,0.026543
2.2106173,0.688774,0.19148,-0.698757,0.025726
2.2214534,0.688819,0.191103,-0.698826,0.025484
2.230912,0.689169,0.189683,-0.698913,0.024189
2.2444968,0.689328,0.189063,-0.698935,0.023854
2.2534773,0.689453,0.188672,-0.698928,0.023568
2.2637198,0.689503,0.188499,-0.698929,0.023477
2.273049,0.68942,0.18885,-0.698901,0.023901
2.2846262,0.6895,0.188703,-0.698865,0.023814
2.2945933,0.68951,0.188895,-0.698794,0.024062
2.3048618,0.689651,0.188672,-0.698722,0.023883
2.3148284,0.689538,0.189363,-0.698621,0.02463
2.324852,0.689696,0.189011,-0.698571,0.024325
2.3348475,0.689733,0.188999,-0.698536,0.024378
2.3448904,0.689897,0.188603,-0.698494,0.024006
2.3549633,0.690329,0.187225,-0.698483,0.022644
2.3650165,0.690504,0.186839,-0.698425,0.022282
2.3765984,0.690842,0.185714,-0.698426,0.02117
2.3885937,0.690947,0.185413,-0.698411,0.020867
2.397246,0.691415,0.183716,-0.698445,0.019171
2.4072459,0.691501,0.183157,-0.698521,0.018657
2.4174287,0.691501,0.183157,-0.698521,0.018657
2.4281752,0.691662,0.18236,-0.698589,0.017886
2.4381788,0.691682,0.182113,-0.69864,0.017669
2.44842,0.691621,0.182163,-0.698684,0.017746
2.459272,0.691628,0.181969,-0.698732,0.017577
2.4687383,0.691726,0.181395,-0.698799,0.017017
2.48187,0.691633,0.181086,-0.698978,0.016744
2.4911604,0.691471,0.181254,-0.699089,0.016954
2.502758,0.691381,0.181145,-0.699209,0.016839
2.5126631,0.690946,0.182349,-0.699297,0.018023
2.5242057,0.690822,0.182325,-0.699428,0.017926
2.534811,0.690482,0.183046,-0.699559,0.018572
2.5462546,0.690311,0.183064,-0.699724,0.018505
2.5562274,0.690259,0.182632,-0.699903,0.017967
2.5672383,0.690076,0.18267,-0.700074,0.01792
2.5772657,0.690254,0.181285,-0.700295,0.016442
2.588393,0.690053,0.181258,-0.700502,0.016397
2.5978417,0.690323,0.179441,-0.700744,0.014569
2.6106796,0.689982,0.179368,-0.701098,0.014569
2.619887,0.689866,0.179268,-0.701238,0.014548
2.6314225,0.689745,0.179266,-0.701356,0.014635
2.642153,0.689564,0.179463,-0.701477,0.014956
2.6543634,0.689428,0.179452,-0.701611,0.01507
2.6650035,0.689282,0.179462,-0.701749,0.015213
2.6758897,0.689172,0.179429,-0.701863,0.015324
2.686044,0.689233,0.17877,-0.701982,0.014806
2.696853,0.689127,0.178753,-0.702087,0.014936
2.7064574,0.689207,0.177967,-0.702222,0.014248
2.71944,0.68893,0.17827,-0.70241,0.014608
2.7287843,0.688823,0.178467,-0.702462,0.014752
2.7403808,0.688716,0.178673,-0.702512,0.014903
2.7503226,0.688486,0.179252,-0.702578,0.015423
2.7618887,0.688371,0.179409,-0.70265,0.015487
2.7721531,0.688269,0.179537,-0.702716,0.015524
2.7835581,0.68819,0.179607,-0.702776,0.015519
2.7936537,0.68833,0.178901,-0.702835,0.014761
2.8047338,0.688307,0.178869,-0.702866,0.014753
2.8147182,0.688688,0.177323,-0.702914,0.013277
2.8257923,0.688682,0.177228,-0.702942,0.013357
2.8352466,0.68895,0.176097,-0.702981,0.012403
2.8464706,0.68898,0.175982,-0.702979,0.012516
2.8580794,0.689197,0.175311,-0.702936,0.012366
2.8696716,0.689244,0.17518,-0.70292,0.012504
2.8811235,0.689474,0.174346,-0.702913,0.011877
2.892089,0.689494,0.174319,-0.702897,0.012008
2.9022746,0.68975,0.173365,-0.702897,0.011111
2.9131072,0.689763,0.173429,-0.702867,0.011188
2.9232845,0.690208,0.171751,-0.702869,0.009442
2.9340968,0.690204,0.171907,-0.702834,0.00948
2.9436178,0.690539,0.170713,-0.702813,0.008089
2.955173,0.69051,0.170948,-0.702784,0.008093
2.9645035,0.690513,0.171004,-0.70277,0.007865
2.974835,0.690482,0.171268,-0.702737,0.007826
2.984158,0.690304,0.17211,-0.702699,0.008382
2.9970155,0.690272,0.172422,-0.702656,0.008253
3.007068,0.690002,0.173526,-0.702637,0.009312
3.0186641,0.69001,0.17357,-0.702617,0.00936
3.0292609,0.689557,0.175454,-0.702563,0.011393
3.0407977,0.689586,0.175408,-0.702543,0.01159
3.0507722,0.689508,0.175785,-0.702513,0.012308
3.0617805,0.689551,0.175661,-0.702497,0.012602
3.072032,0.689826,0.174641,-0.702491,0.012075
3.0837817,0.689915,0.174444,-0.702447,0.01241
3.0931246,0.690016,0.17415,-0.702414,0.012729
3.1059783,0.690178,0.173584,-0.702383,0.013414
3.1160698,0.690084,0.173988,-0.702356,0.014387
3.1271825,0.690144,0.173754,-0.70235,0.014646
3.1382186,0.689922,0.174616,-0.702325,0.015976
3.149399,0.689958,0.17442,-0.702333,0.016191
3.15952,0.69001,0.174202,-0.702333,0.016331
3.1703236,0.690042,0.174042,-0.702337,0.016486
3.1805298,0.690391,0.172711,-0.702348,0.015387
3.191381,0.690425,0.172624,-0.702334,0.015509
3.2008162,0.690409,0.172722,-0.702319,0.015774
3.2121615,0.690434,0.172669,-0.702305,0.015879
3.221565,0.690259,0.173433,-0.702268,0.016804
3.234366,0.690303,0.173398,-0.702226,0.017088
3.2443156,0.690169,0.173953,-0.702202,0.017835
3.255689,0.690187,0.173938,-0.702183,0.018031
3.2665668,0.690052,0.174604,-0.702127,0.018919
3.2764509,0.690068,0.174636,-0.702097,0.019152
3.286092,0.689958,0.175189,-0.702047,0.019872
3.2970805,0.68995,0.175319,-0.702015,0.020124
3.3065698,0.689679,0.176542,-0.701936,0.021462
3.317076,0.689718,0.176686,-0.701855,0.02168
3.3266828,0.689669,0.177237,-0.701744,0.022304
3.3372133,0.689735,0.177357,-0.701644,0.022466
3.3467124,0.689946,0.176899,-0.701565,0.022049
3.3574045,0.69003,0.176928,-0.701472,0.022155
3.366879,0.690396,0.175776,-0.701435,0.021065
3.3775017,0.690472,0.175774,-0.701357,0.021169
3.386926,0.690862,0.174562,-0.701309,0.020053
3.3974686,0.69093,0.17459,-0.70123,0.020212
3.4069386,0.691247,0.173727,-0.701153,0.019477
3.4175043,0.691326,0.173783,-0.701055,0.019703
3.426897,0.691462,0.17361,-0.700965,0.019638
3.4375856,0.69153,0.173734,-0.700861,0.019856
3.4470026,0.691672,0.173612,-0.700753,0.019799
3.4575777,0.691737,0.17374,-0.700652,0.019981
3.4666471,0.691916,0.173375,-0.700575,0.019665
3.4772668,0.691957,0.173478,-0.700504,0.01982
3.4869852,0.692194,0.172756,-0.700468,0.019105
3.4991298,0.692228,0.172834,-0.700414,0.019201
3.5084872,0.692212,0.173067,-0.700366,0.019395
3.5201285,0.692222,0.173206,-0.70032,0.019459
3.5295625,0.692213,0.173483,-0.700256,0.019593
3.5423503,0.692194,0.17399,-0.700147,0.019685
3.5535588,0.692027,0.174881,-0.700073,0.020285
3.5645685,0.691985,0.175195,-0.700037,0.020245
3.5748386,0.692008,0.175266,-0.700006,0.019908
3.5858562,0.691976,0.175542,-0.699972,0.019771
3.5960236,0.692288,0.174487,-0.699968,0.018277
3.6077812,0.692247,0.174789,-0.699936,0.018174
3.6171262,0.692341,0.174666,-0.699888,0.017616
3.6287615,0.692316,0.175026,-0.699825,0.017533
3.6380827,0.692191,0.175694,-0.699776,0.017766
3.650931,0.691989,0.176432,-0.699795,0.017559
3.6621523,0.691809,0.177052,-0.699813,0.017684
3.6734753,0.691679,0.177529,-0.699823,0.017593
3.683583,0.691949,0.176491,-0.699858,0.015972
3.694632,0.691828,0.176969,-0.699858,0.015913
3.7046642,0.692023,0.17613,-0.699907,0.014555
3.7157648,0.691909,0.176465,-0.699937,0.01445
3.72521,0.692008,0.175888,-0.700003,0.013507
3.7364652,0.691952,0.175962,-0.700043,0.013351
3.7457523,0.691725,0.176676,-0.700074,0.013994
3.7573864,0.691733,0.176494,-0.700116,0.013853
3.7667274,0.69169,0.176565,-0.700135,0.014105
3.7795877,0.691802,0.176103,-0.700139,0.014208
3.7908819,0.691635,0.17685,-0.700093,0.015235
3.8018987,0.691699,0.176758,-0.700051,0.015371
3.8120637,0.691871,0.176122,-0.700051,0.014918
3.8229182,0.691901,0.176034,-0.700042,0.014985
3.8330839,0.692226,0.174761,-0.700064,0.013806
3.8439653,0.692235,0.174641,-0.700086,0.013784
3.8534832,0.692218,0.174662,-0.700095,0.013853
3.86506,0.692197,0.174586,-0.700137,0.01379
3.8744576,0.691812,0.175986,-0.700138,0.015166
3.8846326,0.691762,0.176045,-0.700173,0.015161
3.8940125,0.691471,0.17711,-0.700169,0.016167
3.9055977,0.691435,0.177252,-0.700167,0.016243
3.9149258,0.691174,0.178257,-0.700147,0.017188
3.9265635,0.691153,0.178398,-0.700129,0.01731
3.9379559,0.69075,0.180018,-0.700066,0.01906
3.9499984,0.690785,0.179942,-0.70005,0.019124
3.9603655,0.690776,0.180043,-0.700024,0.019432
3.9714077,0.690831,0.179844,-0.70002,0.019475
3.9813797,0.690901,0.179648,-0.7,0.019535
3.9925265,0.69099,0.17943,-0.699966,0.01959
4.002075,0.691229,0.178693,-0.699932,0.019107
4.013793,0.691329,0.178485,-0.699884,0.019173
4.0230875,0.691253,0.178972,-0.699814,0.019931
4.0347276,0.691337,0.178808,-0.699772,0.01998
4.0447235,0.691088,0.179933,-0.69969,0.02132
4.0549865,0.691158,0.179762,-0.699663,0.021358
4.065053,0.690957,0.180626,-0.699605,0.02245
4.075102,0.691038,0.180434,-0.699574,0.022484
4.0865593,0.691012,0.180821,-0.699473,0.023294
4.098136,0.691075,0.180685,-0.699444,0.023343
4.108158,0.691136,0.180598,-0.699404,0.023414
4.1192236,0.691205,0.180511,-0.699355,0.023478
4.1296496,0.691466,0.179659,-0.699341,0.022748
4.1405296,0.691522,0.179641,-0.699288,0.022829
4.1499877,0.691795,0.178776,-0.699265,0.022024
4.161498,0.691846,0.178741,-0.699224,0.022042
4.170768,0.691821,0.178977,-0.699178,0.022339
4.1823716,0.691866,0.178901,-0.699154,0.022311
4.1918063,0.691666,0.179798,-0.69909,0.023287
4.203158,0.691735,0.17976,-0.699033,0.023253
4.213275,0.691537,0.180833,-0.698917,0.024296
4.226084,0.691748,0.180721,-0.698745,0.024052
4.2359147,0.691601,0.181572,-0.698643,0.024816
4.247453,0.691704,0.181535,-0.698558,0.024615
4.258135,0.691795,0.18154,-0.698474,0.024401
4.269189,0.691842,0.181619,-0.698413,0.02423
4.278647,0.692118,0.180711,-0.698415,0.023053
4.2902217,0.692083,0.180896,-0.698405,0.022958
4.2996707,0.69213,0.180667,-0.698433,0.022466
4.311368,0.692008,0.180923,-0.698486,0.022512
4.320635,0.691737,0.181688,-0.698538,0.023078
4.3321815,0.691588,0.181971,-0.698609,0.023186
4.3422093,0.691297,0.182806,-0.698654,0.02391
4.355156,0.691047,0.183164,-0.698798,0.024182
4.3652163,0.690856,0.183633,-0.698848,0.024622
4.3764796,0.690762,0.183781,-0.698898,0.024738
4.3867164,0.69088,0.183157,-0.698969,0.024084
4.396716,0.690708,0.183297,-0.699095,0.024291
4.404973,0.690708,0.183297,-0.699095,0.024291
4.412706,0.690622,0.183391,-0.699149,0.024457
4.4232826,0.690579,0.183341,-0.699202,0.024542
4.4334455,0.69028,0.184197,-0.699235,0.025597
4.4445233,0.690232,0.18406,-0.699315,0.025669
4.4546223,0.690165,0.183991,-0.699394,0.025826
4.4657187,0.690123,0.183845,-0.699468,0.025944
4.475687,0.69012,0.183656,-0.699518,0.026042
4.486701,0.690106,0.183516,-0.699562,0.026198
4.49619,0.690225,0.18293,-0.69961,0.025894
4.507856,0.690223,0.182812,-0.699636,0.026077
4.5171866,0.690187,0.182747,-0.69968,0.026308
4.5289073,0.690153,0.182658,-0.69973,0.026487
4.538199,0.689964,0.183078,-0.69978,0.027161
4.549781,0.6899,0.183007,-0.699856,0.027321
4.559727,0.6897,0.183397,-0.699926,0.027954
4.572676,0.689537,0.183394,-0.700071,0.028355
4.58267,0.689135,0.184618,-0.700088,0.029739
4.5943403,0.689048,0.184685,-0.700147,0.029938
4.6046863,0.688767,0.185517,-0.700163,0.030871
4.6152,0.688678,0.185616,-0.700219,0.030988
4.624529,0.688395,0.186346,-0.700274,0.031659
4.6338615,0.688302,0.186428,-0.700348,0.03155
4.6441183,0.687948,0.187456,-0.700392,0.032215
4.6562047,0.6878,0.187558,-0.700531,0.031746
4.665489,0.68759,0.18769,-0.700729,0.031148
4.676052,0.687358,0.187864,-0.70094,0.030468
4.6853247,0.687139,0.188169,-0.701098,0.029851
4.69593,0.686999,0.188192,-0.701268,0.02893
4.705191,0.686828,0.188114,-0.701497,0.027946
4.714718,0.686644,0.187749,-0.701829,0.026561
4.724028,0.686282,0.187733,-0.702236,0.025208
4.7345815,0.685945,0.187006,-0.702845,0.022727
4.7439322,0.685454,0.186062,-0.703666,0.019643
4.7545476,0.68496,0.18476,-0.704588,0.015718
4.7639685,0.684556,0.182747,-0.705601,0.010615
4.774593,0.684021,0.18057,-0.706742,0.004919
4.78396,-0.683485,-0.177641,0.708016,0.002067
4.7944884,-0.682682,-0.174982,0.709391,0.009416
4.803824,-0.681314,-0.174001,0.710834,0.015746
4.814506,-0.680148,-0.172009,0.712204,0.023984
4.823919,-0.679396,-0.168181,0.713369,0.035217
4.8344827,-0.67774,-0.167638,0.714565,0.044285
4.843837,-0.675992,-0.166618,0.715698,0.055202
4.8544207,-0.673564,-0.167028,0.716983,0.065928
4.8638577,-0.672222,-0.16152,0.717583,0.08427
4.8745084,-0.668921,-0.162772,0.718815,0.096714
4.883927,-0.666496,-0.159371,0.719059,0.115482
4.8944783,-0.662463,-0.161685,0.719906,0.129364
4.9038157,-0.658802,-0.161351,0.719887,0.147332
4.914424,-0.653966,-0.16447,0.720278,0.162715
4.9237533,-0.649345,-0.165383,0.719695,0.181759
4.934413,-0.643556,-0.169407,0.719523,0.198549
4.943842,-0.637795,-0.171624,0.718373,0.218406
4.9545527,-0.630971,-0.175414,0.717536,0.237162
4.9647107,-0.623775,-0.177337,0.716028,0.258378
4.9754205,-0.615543,-0.179508,0.714715,0.2794
4.9855747,-0.606859,-0.17985,0.71255,0.302732
4.998952,-0.586486,-0.179598,0.707967,0.350085
5.009384,-0.575411,-0.175676,0.703843,0.377682
5.0197973,-0.562489,-0.172585,0.700423,0.404013
5.029809,-0.548262,-0.168153,0.696144,0.431874
5.0402465,-0.532422,-0.162894,0.691486,0.460259
5.0498495,-0.513144,-0.161721,0.691765,0.481653
5.061142,-0.494094,-0.152228,0.68609,0.511837
5.070434,-0.468529,-0.155648,0.696447,0.520783
5.081325,-0.445783,-0.142094,0.690552,0.551564
5.090596,-0.41418,-0.147134,0.710975,0.548926
5.1014256,-0.387553,-0.129954,0.705344,0.57914
5.1107454,-0.352159,-0.131802,0.731911,0.568258
5.1220365,-0.323482,-0.111943,0.726206,0.596197
5.1313863,-0.286643,-0.110736,0.757994,0.575341
5.1426888,-0.255559,-0.089192,0.75216,0.600822
5.152278,-0.21742,-0.082784,0.786179,0.572535
5.1632996,-0.186422,-0.06017,0.778709,0.596017
5.1735783,-0.154456,-0.04859,0.806892,0.568072
5.189837,-0.103727,-0.006607,0.786764,0.608439
5.1999826,-0.081475,0.007311,0.805941,0.586316
5.2176943,-0.045228,0.037911,0.810395,0.582903
5.227375,-0.029296,0.053749,0.799561,0.597455
5.238436,-0.0163,0.068677,0.807478,0.585659
5.252651,-0.002119,0.083899,0.797132,0.597943
5.2665176,0.020899,0.111757,0.792901,0.598648
5.2803555,0.031756,0.124045,0.783596,0.607932
5.291199,0.039413,0.136016,0.783604,0.604905
5.3081236,0.053354,0.156145,0.773863,0.611479
5.3261,0.063588,0.17209,0.764571,0.617877
5.3397,0.068203,0.179076,0.759226,0.621976
5.3502984,0.071573,0.185995,0.757564,0.621593
5.367128,0.078312,0.197986,0.752962,0.622669
5.377601,0.081733,0.202949,0.750075,0.624113
5.3868604,0.084755,0.20746,0.748462,0.624163
5.4019427,0.087891,0.211206,0.746434,0.624902
5.412465,0.090732,0.214281,0.74462,0.625612
5.428331,0.094754,0.218122,0.742411,0.626313
5.438026,0.095827,0.218596,0.741792,0.626719
5.4557934,0.097012,0.218183,0.741163,0.627424
5.4697056,0.097784,0.217964,0.74111,0.627443
5.481026,0.098844,0.218052,0.741394,0.626911
5.4975343,0.102587,0.219297,0.741654,0.625566
5.5069427,0.104797,0.220265,0.742074,0.62436
5.5237226,0.108537,0.221409,0.742789,0.622463
5.53413,0.10949,0.221035,0.743534,0.621539
5.5441303,0.11052,0.219738,0.742452,0.623108
5.558714,0.110446,0.21844,0.743391,0.622458
5.5686927,0.110966,0.216725,0.742408,0.624136
5.5863113,0.111824,0.214434,0.742264,0.624944
5.603204,0.113941,0.21334,0.741808,0.625479
5.614289,0.114894,0.213105,0.742459,0.624611
5.6237903,0.116715,0.212081,0.739897,0.627654
5.634813,0.117133,0.21133,0.740452,0.627176
5.644179,0.117935,0.21009,0.739021,0.629127
5.6543703,0.118074,0.209177,0.73948,0.628865
5.6638355,0.118814,0.207977,0.738113,0.630727
5.6748133,0.119065,0.20723,0.738466,0.630513
5.6841335,0.120246,0.206196,0.736384,0.633057
5.6952114,0.120779,0.205782,0.736597,0.632843
5.7045307,0.122055,0.205044,0.734597,0.635157
5.7140856,0.122575,0.20472,0.734656,0.635094
5.7234135,0.123476,0.204087,0.733079,0.636943
5.7346854,0.123612,0.203742,0.733051,0.637058
5.7440825,0.123755,0.20307,0.732105,0.638333
5.75521,0.123405,0.202463,0.732064,0.638639
5.7645926,0.123492,0.201651,0.730651,0.640495
5.7743483,0.123297,0.201216,0.730471,0.640874
5.7837462,0.123613,0.200692,0.729197,0.642427
5.795366,0.12367,0.200479,0.728969,0.642741
5.805277,0.123986,0.200192,0.728083,0.643773
5.817011,0.124111,0.200093,0.727909,0.643976
5.8277826,0.124313,0.199894,0.727284,0.644705
5.838792,0.124271,0.199726,0.727159,0.644906
5.85021,0.124161,0.199045,0.72617,0.646251
5.8610168,0.123929,0.198711,0.72611,0.646466
5.870447,0.124035,0.198218,0.725041,0.647795
5.882232,0.123891,0.197993,0.724969,0.647972
5.8916044,0.124175,0.197578,0.723646,0.649521
5.903234,0.12414,0.197493,0.723572,0.649636
5.9125023,0.124282,0.197312,0.722894,0.650419
5.9241805,0.124168,0.197184,0.722743,0.650647
5.934425,0.124115,0.196816,0.722004,0.651588
5.9443116,0.12371,0.196365,0.721742,0.652092
5.9545016,0.123587,0.195503,0.720196,0.65408
5.964309,0.123149,0.194798,0.719856,0.654747
5.9729586,0.122876,0.194229,0.719504,0.655354
5.9844627,0.122969,0.19376,0.718457,0.656622
5.995514,0.123061,0.193567,0.718078,0.657078
6.009222,0.123845,0.193411,0.716813,0.658356
6.01927,0.124187,0.193405,0.716486,0.658649
6.0308223,0.124546,0.193179,0.715754,0.659443
6.0401454,0.12462,0.192897,0.715524,0.65976
6.051857,0.124625,0.192529,0.715255,0.660159
6.061239,0.124637,0.192189,0.71517,0.660347
6.073033,0.124746,0.191902,0.714989,0.660607
6.082971,0.124908,0.191749,0.714991,0.660619
6.094523,0.125406,0.191491,0.714198,0.661456
6.1040945,0.125708,0.19141,0.714198,0.661422
6.1161504,0.126166,0.19121,0.713628,0.662008
6.125681,0.12639,0.191007,0.713618,0.662034
6.1385574,0.126768,0.190227,0.713058,0.662789
6.1476264,0.126861,0.189897,0.713084,0.662838
6.1592774,0.127021,0.189598,0.713101,0.662875
6.1685557,0.127229,0.189374,0.713141,0.662856
6.180132,0.127383,0.189198,0.713385,0.662615
6.1889696,0.127561,0.188989,0.713455,0.662564
6.2004504,0.127561,0.188771,0.713874,0.662175
6.2098002,0.127565,0.188453,0.71397,0.662161
6.2211366,0.127584,0.188051,0.713775,0.662482
6.2288036,0.127474,0.187713,0.713891,0.662475
6.240634,0.127503,0.18717,0.713346,0.663209
6.250842,0.12729,0.186727,0.713503,0.663205
6.2621326,0.127045,0.186218,0.713438,0.663465
6.2724237,0.126566,0.185687,0.713612,0.663519
6.2842026,0.126124,0.184941,0.713096,0.664366
6.2939663,0.125362,0.184348,0.71328,0.664477
6.3068967,0.123958,0.183329,0.713264,0.665039
6.3150287,0.123442,0.183084,0.71335,0.665111
6.3276567,0.122948,0.183092,0.713962,0.664543
6.336903,0.122757,0.183041,0.713933,0.664623
6.3485236,0.122548,0.183075,0.714153,0.664417
6.3577642,0.122382,0.18309,0.714122,0.664476
6.369336,0.121953,0.183236,0.714871,0.663709
6.377747,0.121731,0.183234,0.714868,0.663754
6.3895197,0.121533,0.183213,0.71487,0.663794
6.3994904,0.121348,0.183179,0.714895,0.66381
6.4098396,0.121147,0.183151,0.714942,0.663804
6.421103,0.121024,0.183136,0.714745,0.664043
6.4324713,0.120853,0.183144,0.714824,0.663986
6.442494,0.120865,0.183005,0.714269,0.66462
6.454778,0.12049,0.182886,0.714507,0.664464
6.4644957,0.120605,0.182649,0.713723,0.665351
6.4761233,0.120498,0.18261,0.71389,0.665201
6.485372,0.120377,0.182511,0.71393,0.665208
6.497177,0.120182,0.182411,0.714149,0.665035
6.5073195,0.120062,0.182247,0.714086,0.665169
6.518844,0.119831,0.182091,0.714336,0.664985
6.5300684,0.119669,0.181869,0.71439,0.665017
6.5410113,0.119475,0.181685,0.714652,0.664821
6.5511994,0.119434,0.181387,0.714202,0.665393
6.563535,0.118915,0.181097,0.71474,0.664987
6.573046,0.118875,0.180907,0.714317,0.6655
6.5855203,0.118683,0.180855,0.71455,0.665299
6.594768,0.11871,0.180739,0.714094,0.665814
6.605288,0.118536,0.180777,0.714317,0.665596
6.6145415,0.118451,0.180739,0.714342,0.665595
6.6265545,0.118344,0.180756,0.714668,0.665259
6.636481,0.118275,0.180796,0.714806,0.665113
6.6469088,0.118162,0.180875,0.715148,0.664743
6.658425,0.118169,0.180927,0.715085,0.664796
6.670611,0.118048,0.181121,0.715323,0.664509
6.680649,0.117975,0.181375,0.715336,0.664437
6.6933136,0.117611,0.182043,0.715627,0.664006
6.7038727,0.117473,0.182279,0.715384,0.664228
6.7154818,0.11723,0.182596,0.715451,0.664112
6.7259965,0.117081,0.182792,0.714999,0.664571
6.7384825,0.116794,0.183077,0.715047,0.664491
6.749447,0.116597,0.183292,0.714724,0.664814
6.762592,0.116179,0.183785,0.714877,0.664586
6.7721777,0.116149,0.183942,0.714605,0.66484
6.7843475,0.116042,0.184126,0.714725,0.664679
6.794359,0.115992,0.184255,0.71479,0.664583
6.8048363,0.115978,0.184337,0.714986,0.664351
6.8148704,0.115872,0.184435,0.715502,0.663787
6.8280625,0.115861,0.184438,0.715716,0.663558
6.8386636,0.115897,0.184439,0.716006,0.663237
6.8518276,0.116063,0.184346,0.716417,0.662791
6.8624716,0.116202,0.184169,0.716202,0.663047
6.8740854,0.116198,0.184047,0.71635,0.662922
6.8846803,0.116246,0.183857,0.716151,0.663182
6.8966775,0.116143,0.183688,0.71624,0.66315
6.907213,0.11626,0.183399,0.715355,0.664164
6.9183917,0.116081,0.183348,0.715416,0.664143
6.9285693,0.116136,0.183154,0.71456,0.665109
6.942088,0.115913,0.183301,0.714592,0.665073
6.9520516,0.116028,0.183363,0.714071,0.665595
6.963871,0.115959,0.183547,0.714088,0.665538
6.9748507,0.115897,0.183704,0.714083,0.66551
6.9861207,0.115816,0.183898,0.714144,0.665405
6.996089,0.11579,0.184083,0.714072,0.665436
7.007158,0.115736,0.18429,0.714106,0.665352
7.0172377,0.115796,0.18443,0.713707,0.665731
7.029994,0.115559,0.184805,0.713703,0.665672
7.039561,0.115388,0.184989,0.71381,0.665536
7.0509753,0.115254,0.185145,0.713804,0.665522
7.061132,0.115035,0.185391,0.714363,0.664892
7.0725675,0.11505,0.185591,0.71434,0.664858
7.083834,0.114957,0.185883,0.714802,0.664296
7.0947976,0.115013,0.186072,0.714815,0.664219
7.104992,0.115093,0.18624,0.714727,0.664252
7.1163526,0.115121,0.186409,0.714752,0.664174
7.128766,0.115234,0.186771,0.714582,0.664235
7.140357,0.115347,0.186889,0.714515,0.664255
7.150317,0.115413,0.186975,0.714524,0.664209
7.1618857,0.115093,0.187261,0.715784,0.662827
7.172091,0.11512,0.187313,0.715802,0.662788
7.1842093,0.114995,0.187491,0.716398,0.662115
7.1938705,0.115019,0.18756,0.716394,0.662095
7.2059636,0.114875,0.187695,0.716944,0.661486
7.2157717,0.114844,0.187715,0.716912,0.66152
7.230594,0.114584,0.187655,0.716897,0.661598
7.241863,0.114346,0.187514,0.716868,0.661712
7.2534537,0.114025,0.187268,0.716782,0.66193
7.2634144,0.113571,0.186905,0.716794,0.662097
7.274957,0.112822,0.186493,0.717349,0.66174
7.285503,0.112066,0.185853,0.717444,0.661946
7.2987647,0.109674,0.184444,0.719031,0.661018
7.308734,0.108473,0.183595,0.719272,0.66119
7.320695,0.107074,0.183074,0.720505,0.66022
7.3303113,0.106215,0.182686,0.720688,0.660267
7.34284,0.105546,0.182737,0.72144,0.659537
7.3523426,0.105384,0.183016,0.721457,0.659467
7.364327,0.105515,0.183482,0.721273,0.659518
7.3735847,0.105758,0.184046,0.7211,0.659511
7.38746,0.10611,0.184808,0.720484,0.659915
7.397807,0.105988,0.184945,0.720394,0.659994
7.4091463,0.105833,0.184904,0.720209,0.660233
7.4201756,0.105606,0.184758,0.720187,0.660334
7.431898,0.105505,0.184526,0.71983,0.660805
7.4420137,0.105374,0.18431,0.719821,0.660895
7.453446,0.105306,0.184063,0.71983,0.660965
7.4635124,0.105236,0.183772,0.719844,0.661042
7.4771314,0.104953,0.183061,0.720072,0.661036
7.4871864,0.104769,0.182637,0.720114,0.661136
7.4976163,0.104535,0.182155,0.720176,0.661239
7.50885,0.104375,0.181579,0.719802,0.66183
7.520697,0.104058,0.181096,0.719904,0.661901
7.5307856,0.10389,0.18058,0.719475,0.662534
7.54181,0.103608,0.180288,0.719613,0.662508
7.5521536,0.103671,0.180076,0.719022,0.663197
7.565423,0.103902,0.1804,0.719227,0.66285
7.5755086,0.104266,0.180646,0.718791,0.6632
7.5868874,0.104485,0.180998,0.718813,0.663046
7.598066,0.104756,0.181232,0.718369,0.663419
7.6093087,0.104801,0.181477,0.718428,0.663281
7.619507,0.104936,0.181554,0.717965,0.66374
7.630345,0.104868,0.181648,0.71807,0.663612
7.6405325,0.104825,0.181674,0.717942,0.66375
7.654065,0.104723,0.181807,0.718161,0.663493
7.664252,0.104788,0.181904,0.718039,0.663588
7.6760144,0.104825,0.182062,0.718102,0.66347
7.686845,0.10484,0.182227,0.718189,0.663329
7.697989,0.104853,0.182388,0.718228,0.66324
7.708016,0.10489,0.182534,0.718179,0.663247
7.719109,0.104904,0.18268,0.718194,0.663188
7.7291136,0.105038,0.182719,0.717767,0.663618
7.740509,0.10502,0.182845,0.717813,0.663537
7.7499924,0.105215,0.18286,0.717049,0.664328
7.762796,0.10515,0.183235,0.717197,0.664074
7.7729044,0.105247,0.183388,0.716743,0.664507
7.7844,0.105184,0.183619,0.716768,0.664427
7.795818,0.10522,0.183783,0.71635,0.664826
7.8069715,0.105145,0.184002,0.716316,0.664814
7.8172235,0.105198,0.184125,0.715844,0.66528
7.828466,0.105118,0.184289,0.715815,0.665278
7.8379736,0.105196,0.184403,0.715288,0.665801
7.852981,0.105217,0.184833,0.715303,0.665663
7.8630533,0.105077,0.185068,0.715822,0.665061
7.8762326,0.10505,0.185139,0.715864,0.665
7.8865695,0.105043,0.185189,0.715707,0.665156
7.898015,0.104947,0.185277,0.715734,0.665118
7.907654,0.104978,0.185261,0.715304,0.66558
7.9214854,0.104904,0.185392,0.715231,0.665633
7.93207,0.104889,0.18551,0.715304,0.665524
7.9419684,0.104918,0.185593,0.715266,0.665537
7.952498,0.104921,0.185671,0.715346,0.665429
7.9646916,0.104953,0.185684,0.715338,0.66543
7.9758615,0.104922,0.185736,0.715517,0.665227
7.9867983,0.104948,0.185732,0.715509,0.665233
7.997392,0.104926,0.185786,0.715703,0.665013
8.011024,0.105027,0.185778,0.715682,0.665022
8.0209465,0.105091,0.185719,0.715529,0.665192
8.031425,0.105127,0.185709,0.715493,0.665229
8.0428505,0.105207,0.185713,0.715395,0.665319
8.0547695,0.105293,0.185671,0.715335,0.665382
8.064897,0.105492,0.185536,0.714843,0.665918
8.077045,0.105591,0.185476,0.714773,0.665993
8.0865755,0.105646,0.185468,0.71491,0.665839
8.100203,0.105834,0.185419,0.714759,0.665985
8.110754,0.105908,0.185393,0.714831,0.665904
8.123031,0.106023,0.185313,0.714771,0.665972
8.134031,0.106094,0.18519,0.714732,0.666037
8.144964,0.106141,0.185042,0.714671,0.666136
8.155386,0.106168,0.184893,0.714596,0.666253
8.16694,0.106194,0.184797,0.714533,0.666344
8.178449,0.106464,0.18481,0.714183,0.666672
8.1904,0.106661,0.184912,0.714078,0.666725
8.201082,0.106973,0.184968,0.713523,0.667253
8.212193,0.107105,0.185052,0.71341,0.667329
8.222185,0.107195,0.18501,0.713223,0.667527
8.233262,0.107196,0.184877,0.713146,0.667645
8.243188,0.10713,0.184665,0.713156,0.667704
8.254285,0.107103,0.18442,0.713081,0.667857
8.263696,0.107113,0.184177,0.713077,0.667926
8.275825,0.107204,0.183946,0.712998,0.66806
8.283919,0.107245,0.183817,0.71327,0.667798
8.294969,0.107414,0.18369,0.713202,0.667879
8.3042,0.107194,0.183855,0.714524,0.666454
8.315428,0.107345,0.183845,0.714467,0.666493
8.324339,0.107149,0.184003,0.715562,0.665305
8.33675,0.107309,0.183932,0.715525,0.665339
8.3462925,0.107258,0.183999,0.715977,0.664842
8.357602,0.107316,0.183986,0.716002,0.66481
8.369115,0.107333,0.183948,0.715981,0.664841
8.379776,0.107305,0.183916,0.716022,0.66481
8.389395,0.107462,0.183784,0.715447,0.665439
8.399756,0.107444,0.183748,0.715485,0.665411
8.409357,0.107717,0.183519,0.714452,0.666539
8.419707,0.107698,0.183509,0.714488,0.666506
8.429321,0.107916,0.18341,0.713672,0.667372
8.440241,0.107914,0.183462,0.713692,0.667336
8.449919,0.108243,0.183353,0.71252,0.668565
8.460259,0.108232,0.183417,0.712533,0.668535
8.469889,0.108484,0.183316,0.711554,0.669563
8.479269,0.108464,0.183442,0.711577,0.669508
8.489997,0.108496,0.183592,0.711439,0.669608
8.500858,0.108532,0.183863,0.711473,0.669492
8.51188,0.108702,0.184178,0.711248,0.669617
8.523678,0.108872,0.184599,0.711274,0.669446
8.535514,0.109209,0.185385,0.711441,0.668997
8.548694,0.1093,0.185689,0.711556,0.668775
8.558889,0.109375,0.185954,0.711746,0.668487
8.570364,0.109459,0.186157,0.711946,0.668203
8.579979,0.109738,0.186179,0.711502,0.668624
8.592303,0.109925,0.186315,0.711724,0.668319
8.601641,0.11025,0.186439,0.711586,0.668378
8.615283,0.110958,0.186836,0.711812,0.667909
8.626901,0.111381,0.187029,0.7118,0.667798
8.638126,0.111788,0.187187,0.711914,0.667563
8.648651,0.112027,0.187395,0.712535,0.666802
8.659529,0.112401,0.187519,0.712664,0.666566
8.670012,0.112565,0.187719,0.713362,0.665736
8.681451,0.112789,0.187822,0.713524,0.665495
8.691698,0.112784,0.187953,0.714375,0.664545
8.705357,0.113248,0.187895,0.714792,0.664034
8.715254,0.113449,0.188061,0.715377,0.663322
8.726874,0.113854,0.188163,0.715566,0.66302
8.737074,0.114344,0.18815,0.715632,0.662868
8.7485485,0.11479,0.18803,0.715877,0.662561
8.758023,0.115414,0.18768,0.715381,0.663088
8.770277,0.115706,0.18736,0.71571,0.662772
8.779709,0.115752,0.187023,0.716372,0.662143
8.7933,0.115672,0.186285,0.717084,0.661594
8.804483,0.11542,0.186071,0.717886,0.660828
8.8155775,0.115269,0.18583,0.718161,0.660623
8.825735,0.115109,0.185676,0.718504,0.660322
8.836563,0.114993,0.185601,0.718685,0.660166
8.846756,0.114898,0.185532,0.718706,0.660179
8.8586645,0.114776,0.185434,0.718847,0.660074
8.867924,0.114759,0.185229,0.718743,0.660248
8.879723,0.114758,0.185054,0.718844,0.660188
8.88905,0.114968,0.184842,0.71869,0.660378
8.901859,0.11534,0.184536,0.718864,0.660209
8.913061,0.115751,0.184294,0.718363,0.66075
8.924212,0.116,0.184171,0.718485,0.660608
8.934212,0.116237,0.184008,0.718488,0.660608
8.945299,0.116416,0.183838,0.71866,0.660437
8.955313,0.116633,0.183723,0.718739,0.660345
8.96672,0.116896,0.183688,0.718851,0.660186
8.976382,0.117308,0.183654,0.718546,0.660454
8.987946,0.117608,0.183736,0.718626,0.660292
8.997256,0.118146,0.183703,0.71791,0.660982
9.008894,0.118486,0.183815,0.717923,0.660877
9.018798,0.119023,0.1838,0.717169,0.661602
9.0316305,0.119735,0.184036,0.717033,0.661555
9.041813,0.120106,0.184147,0.716748,0.661766
9.053161,0.120361,0.184288,0.716655,0.661782
9.063347,0.1205,0.184406,0.716688,0.661688
9.074289,0.120655,0.184524,0.716595,0.661727
9.084454,0.120916,0.184577,0.71605,0.662254
9.095989,0.12102,0.184702,0.715922,0.662339
9.105314,0.121035,0.184815,0.71593,0.662297
9.116901,0.121051,0.184897,0.715824,0.662385
9.128722,0.12088,0.185068,0.716145,0.662022
9.140719,0.120638,0.185192,0.715965,0.662226
9.150477,0.120448,0.185273,0.716162,0.662024
9.162169,0.120307,0.185262,0.716121,0.662098
9.172242,0.119988,0.185288,0.716505,0.661733
9.183749,0.119768,0.185247,0.716564,0.661721
9.193185,0.119669,0.18524,0.716474,0.661838
9.20537,0.119586,0.185344,0.71658,0.661709
9.214704,0.119563,0.185405,0.716448,0.661839
9.225585,0.119491,0.185511,0.716555,0.661706
9.234973,0.119359,0.185684,0.716945,0.661259
9.245477,0.119343,0.185854,0.717039,0.661112
9.255521,0.119271,0.186109,0.717524,0.660527
9.268689,0.119411,0.186477,0.717631,0.660281
9.279576,0.119455,0.186706,0.71792,0.659894
9.290579,0.119571,0.18688,0.718002,0.659735
9.3007965,0.119615,0.187073,0.718192,0.659465
9.3121,0.119675,0.187243,0.718263,0.659329
9.322599,0.119833,0.187351,0.717979,0.659579
9.334062,0.119896,0.187534,0.718032,0.659457
9.344545,0.120077,0.187625,0.717563,0.659909
9.354741,0.12012,0.187819,0.717611,0.659794
9.365059,0.120213,0.187995,0.717523,0.659823
9.375214,0.12027,0.188167,0.717572,0.65971
9.385749,0.120203,0.1884,0.718006,0.659183
9.399502,0.120246,0.188702,0.718146,0.658937
9.409381,0.120259,0.188861,0.718343,0.658674
9.421216,0.120328,0.189006,0.718429,0.658526
9.430744,0.120482,0.189125,0.718427,0.658465
9.4424515,0.120582,0.189252,0.71852,0.658309
9.45185,0.120643,0.189307,0.718584,0.658212
9.463438,0.120647,0.189343,0.718701,0.658073
9.472719,0.120526,0.189436,0.71922,0.657501
9.484679,0.120515,0.18946,0.719333,0.657373
9.496172,0.120458,0.189557,0.719936,0.656695
9.507337,0.120449,0.189517,0.72006,0.656572
9.517735,0.120358,0.189477,0.720329,0.656306
9.528656,0.120287,0.189375,0.720449,0.656216
9.538852,0.120337,0.189137,0.720035,0.65673
9.549733,0.120251,0.188998,0.720122,0.65669
9.55928,0.120305,0.188821,0.719832,0.65705
9.571128,0.120252,0.188733,0.719898,0.657012
9.580445,0.120272,0.188592,0.719706,0.65726
9.591834,0.120198,0.188496,0.719732,0.657271
9.601133,0.12016,0.188365,0.719516,0.657552
9.612698,0.120055,0.188285,0.719528,0.657581
9.622834,0.119959,0.188229,0.719676,0.657454
9.632723,0.119912,0.188147,0.719688,0.657472
9.642896,0.119862,0.188064,0.719638,0.65756
9.656148,0.119591,0.187887,0.71968,0.657614
9.665911,0.119338,0.187827,0.720027,0.657297
9.677668,0.119184,0.187702,0.72005,0.657335
9.687367,0.119094,0.187578,0.72,0.657441
9.699427,0.119014,0.187481,0.720013,0.657469
9.708689,0.118852,0.187477,0.720426,0.657047
9.720336,0.118851,0.187432,0.720407,0.657081
9.729648,0.11873,0.187488,0.720861,0.65659
9.741574,0.11875,0.187435,0.720838,0.656625
9.751481,0.118528,0.187504,0.721702,0.655697
9.7630625,0.118589,0.187404,0.721721,0.655692
9.775213,0.118583,0.187251,0.722199,0.655211
9.786592,0.118739,0.187167,0.722162,0.655247
9.796965,0.118858,0.187129,0.722362,0.655017
9.808702,0.119075,0.187068,0.722279,0.655086
9.818932,0.119176,0.187125,0.722757,0.654525
9.8306675,0.119468,0.18728,0.722723,0.654465
9.841195,0.118815,0.187952,0.722775,0.654333
9.855235,0.118703,0.187702,0.722709,0.654499
9.865234,0.118882,0.187664,0.72176,0.655522
9.877371,0.118882,0.187664,0.72176,0.655522
9.886179,0.11901,0.187836,0.721803,0.655402
9.903867,0.119594,0.188339,0.721568,0.655411
9.916641,0.119595,0.188676,0.72161,0.655268
