0.0,-1.4628572,2.396596,9.818622
0.005333802,-1.4628572,2.396596,9.818622
0.009393542,-1.4915876,2.4229321,9.801862
0.015992343,-1.436521,2.456451,9.7563715
0.019590676,-1.3599066,2.4875755,9.710882
0.02526073,-1.2593501,2.4995465,9.674969
0.030099012,-1.2066777,2.5234885,9.574412
0.036041822,-1.2042835,2.528277,9.478644
0.04289703,-1.2856863,2.56419,9.255983
0.047897033,-1.352724,2.6024973,9.02614
0.05201375,-1.352724,2.6024973,9.02614
0.055531617,-1.30484,2.6839,8.7771435
0.063565105,-1.2306197,2.7605145,8.700529
0.06643281,-1.3144168,2.6144683,8.300697
0.070973754,-1.3144168,2.6144683,8.300697
0.074029274,-1.364695,2.6120741,8.058883
0.07902927,-1.3455414,2.669535,7.795521
0.084322445,-1.3455414,2.669535,7.795521
0.088095315,-1.3862427,2.6240451,7.750031
0.092977814,-1.3934253,2.5450363,7.6829934
0.096260935,-1.436521,2.4372973,7.599196
0.10342631,-1.4987702,2.3080103,7.5321584
0.10990604,-1.541866,2.1883004,7.395689
0.11454995,-1.5945383,2.1308396,7.3047094
0.11826396,-1.5849615,2.1404164,7.2089415
0.12326396,-1.5394717,2.2720973,6.799533
0.12826397,-1.5394717,2.2720973,6.799533
0.1345417,-1.5394717,2.2720973,6.799533
0.14053817,-1.5729905,2.3798366,6.50744
0.14553818,-1.5921441,2.4301147,6.327875
0.14986074,-1.5921441,2.4301147,6.327875
0.15219823,-1.6328455,2.5091233,6.143522
0.15719822,-1.697489,2.56419,6.0357823
0.16211303,-1.697489,2.56419,6.0357823
0.16485088,-1.6998832,2.6623523,5.6910176
0.16939515,-1.6998832,2.6623523,5.6910176
0.17256354,-1.7357962,2.7389667,5.554548
0.17756353,-1.6950948,2.9257145,5.185841
0.18363047,-1.6950948,2.9257145,5.185841
0.189791,-1.8195933,3.13401,4.7764325
0.19835772,-1.9608512,3.2824504,4.594473
0.20212157,-2.1284454,3.3518825,4.426879
0.20823568,-2.2888567,3.4332852,4.146757
0.21221828,-2.4660277,3.4835634,3.9576154
0.21648172,-2.5067291,3.4045548,3.9121256
0.22162369,-2.4779987,3.3255463,3.8187518
0.2266237,-2.72939,3.086126,3.6367924
0.23223656,-2.72939,3.086126,3.6367924
0.2360635,-2.8874073,2.8634653,3.7229836
0.24106349,-3.311181,2.147599,3.9384618
0.24574767,-3.311181,2.147599,3.9384618
0.24932332,-3.4955344,1.5346833,4.1539397
0.25432333,-3.4931402,0.9600749,4.295198
0.25952077,-3.4931402,0.9600749,4.295198
0.26220495,-3.502717,0.4405331,4.3143516
0.26847428,-3.5673606,0.04309563,4.3406878
0.2742863,-3.643975,-0.18674773,4.283227
0.28215474,-3.7900212,-0.19393034,3.9935284
0.28895393,-3.928885,0.48841715,3.41892
0.29434052,-3.9695864,0.90740246,3.0621839
0.29787168,-3.9695864,0.90740246,3.0621839
0.30393517,-4.027047,1.2880806,2.6719291
0.31097394,-4.3239284,1.769315,2.0350714
0.31653234,-4.4125137,1.7645266,1.8291701
0.320265,-4.5082817,1.6089035,1.6448165
0.325265,-4.6806645,1.2904748,1.520318
0.32963336,-4.6806645,1.2904748,1.520318
0.3320327,-4.948815,0.80205756,1.5155296
0.34091628,-5.746084,-0.94092125,1.769315
0.3433984,-6.1985884,-2.0614076,2.0518308
0.34947205,-6.1985884,-2.0614076,2.0518308
0.35326448,-6.9048777,-4.223372,3.0765493
0.36190465,-7.050924,-5.2863975,3.5673606
0.36429253,-6.9240313,-6.351817,4.000711
0.36929256,-6.8569937,-8.12592,4.072537
0.37429255,-6.8569937,-8.12592,4.072537
0.3786864,-6.8569937,-8.12592,4.072537
0.38102058,-7.2472486,-8.53054,3.8067808
0.38921338,-7.345411,-7.836222,3.6870706
0.3919249,-7.345411,-7.836222,3.6870706
0.3989051,-7.1826053,-7.101202,3.3375173
0.40162712,-6.993463,-6.4404025,2.8898015
0.40723512,-6.7971387,-5.853823,2.1978772
0.40991992,-6.7851677,-5.2840033,1.448492
0.4149199,-7.6590514,-4.10845,0.4213795
0.4210072,-7.6590514,-4.10845,0.4213795
0.42346895,-8.032547,-3.809175,0.079008654
0.42906514,-8.271967,-3.751714,-0.23223756
0.43176356,-8.271967,-3.751714,-0.23223756
0.43676355,-8.846576,-4.8745947,-0.7326257
0.44107127,-8.846576,-4.8745947,-0.7326257
0.44381604,-9.545682,-5.770026,-1.4676456
0.4493178,-10.187328,-6.933608,-2.384625
0.45199224,-13.591883,-7.73806,-3.7493198
0.45699227,-11.575965,-8.875306,-3.5529952
0.4610799,-11.575965,-8.875306,-3.5529952
0.46567917,-10.824186,-9.770737,-3.7014358
0.47038874,-10.769119,-10.601525,-3.0382419
0.4781137,-10.0748005,-11.496957,-3.4356794
0.48530772,-10.0748005,-11.496957,-3.4356794
0.48956463,-9.524135,-11.317391,-3.4237084
0.4940414,-9.696517,-11.092337,-3.2920272
0.50076234,-10.055647,-10.900801,-3.3686419
0.508535,-10.563218,-10.907983,-3.490746
0.5109869,-11.925519,-11.494562,-4.0078936
0.5159869,-12.768278,-12.179304,-4.0078936
0.52073646,-12.768278,-12.179304,-4.0078936
0.5256456,-13.431472,-12.864046,-4.1683054
0.5319528,-13.596671,-13.457808,-4.8003745
0.5388016,-13.869611,-15.452178,-6.945579
0.5455956,-14.310143,-16.53675,-7.9511437
0.54796815,-14.654908,-17.662025,-8.7053175
0.55296814,-14.93503,-18.461689,-9.062054
0.5588906,-14.93503,-18.461689,-9.062054
0.5614282,-13.96059,-18.710686,-8.748413
0.5664282,-12.890382,-18.737022,-8.346188
0.57057345,-12.890382,-18.737022,-8.346188
0.5751925,-11.499351,-18.907011,-7.417237
0.5821391,-10.043676,-16.565481,-6.909666
0.58891255,-8.810662,-14.247894,-7.103596
0.5957102,-8.710106,-14.202404,-6.730101
0.5981037,-8.9279785,-14.350845,-6.6965823
0.6031037,-9.19134,-14.231135,-6.081272
0.6073838,-9.19134,-14.231135,-6.081272
0.6098287,-9.49301,-13.850457,-5.4683566
0.61482877,-9.921572,-13.441049,-5.269638
0.6203908,-9.921572,-13.441049,-5.269638
0.62500626,-9.564836,-13.761871,-4.879383
0.6314042,-9.519346,-12.890382,-4.0414124
0.6397186,-8.856153,-11.001357,-3.787627
0.64797115,-8.377312,-10.623073,-3.9911342
0.6504603,-8.176199,-9.662998,-4.1946416
0.6554603,-8.26239,-9.19134,-4.4675803
0.6628295,-8.26239,-9.19134,-4.4675803
0.6674937,-8.3390045,-8.384495,-4.8745947
0.67434305,-8.310274,-8.032547,-4.915296
0.67672604,-8.219295,-7.728483,-4.8362875
0.68172604,-8.070854,-7.5944076,-4.3981485
0.68864024,-8.070854,-7.5944076,-4.3981485
0.69271904,-7.9966335,-7.752425,-4.0414124
0.69886076,-7.93199,-7.9008656,-3.5745432
0.70747375,-7.819463,-8.101978,-2.5737667
0.71601665,-7.740454,-8.11395,-2.2888567
0.7184811,-7.5848308,-8.030152,-2.1260512
0.7258647,-7.5584946,-7.759608,-1.6927006
0.7284343,-7.4962454,-7.4363904,-1.6041151
0.7334343,-7.3071036,-6.646304,-2.0135236
0.7384343,-7.3071036,-6.646304,-2.0135236
0.7413044,-7.3071036,-6.646304,-2.0135236
0.7463424,-7.3549876,-5.7005944,-2.5234885
0.75096047,-7.467515,-5.353435,-2.7269957
0.7596034,-7.66384,-5.1571107,-2.9592333
0.7646034,-7.9343843,-5.068525,-3.2249897
0.76965815,-7.9343843,-5.068525,-3.2249897
0.7784056,-8.595184,-5.1786585,-3.5075054
0.7859616,-8.78672,-5.3127337,-3.809175
0.7909616,-8.916007,-6.1004257,-3.5338416
0.7976515,-8.916007,-6.1004257,-3.5338416
0.8026515,-8.966286,-6.1746464,-3.8283286
0.8076515,-8.966286,-6.1746464,-3.8283286
0.8106381,-8.966286,-6.1746464,-3.8283286
0.81584716,-8.513782,-5.3103395,-3.3782187
0.82167035,-8.437167,-4.711789,-3.9360676
0.8303658,-8.288726,-4.2521024,-3.6415808
0.8353658,-8.214506,-4.06296,-3.6750996
0.8403319,-8.214506,-4.06296,-3.6750996
0.84902275,-8.279149,-3.6631286,-3.430891
0.85762656,-8.3629465,-3.892972,-3.2010477
0.86638474,-8.568848,-4.6351743,-2.7389667
0.87138474,-8.801085,-4.88896,-2.6623523
0.87643176,-8.801085,-4.88896,-2.6623523
0.88519317,-8.66701,-5.2840033,-1.9033904
0.8904343,-8.619126,-5.4324436,-1.8722657
0.8951614,-8.616732,-5.4683566,-1.9967642
0.9036943,-8.65025,-5.410896,-2.0231004
0.9063183,-8.686164,-5.4300494,-2.0685902
0.91131836,-8.750807,-5.281609,-2.231396
0.9175296,-8.750807,-5.281609,-2.231396
0.9223226,-8.7532015,-5.243302,-2.2601264
0.9288555,-8.738836,-5.1762643,-2.4301147
0.93751186,-8.568848,-4.9224787,-2.3942018
0.94612664,-8.508993,-4.7788267,-2.3247697
0.9548615,-8.307879,-4.6112323,-1.757344
0.9634323,-8.322245,-4.711789,-1.6567876
0.9660789,-8.317456,-4.747702,-1.5610195
0.9739548,-8.358158,-4.819528,-1.3694834
0.97654283,-8.4587145,-4.8578353,-1.3838485
0.9815428,-8.597578,-4.8698063,-1.127669
0.98887473,-8.597578,-4.8698063,-1.127669
0.9930575,-8.774749,-4.7070007,-1.0773908
0.9980897,-8.774749,-4.7070007,-1.0773908
1.0067666,-8.89446,-4.534618,-1.0342951
1.0117666,-8.961497,-4.4340615,-1.0319009
1.0163035,-8.961497,-4.4340615,-1.0319009
1.0250367,-9.16261,-4.2544966,-1.1204864
1.0332236,-9.210494,-4.2784386,-1.0582372
1.0358063,-9.306262,-4.2760444,-1.1659763
1.0408063,-9.356541,-4.2664676,-1.0654198
1.0471863,-9.356541,-4.2664676,-1.0654198
1.0519732,-9.224859,-4.3263226,-1.0175357
1.0567781,-9.224859,-4.3263226,-1.0175357
1.0654655,-9.105149,-4.268862,-0.91937345
1.0704654,-9.088389,-4.175488,-0.92655605
1.075,-9.088389,-4.175488,-0.92655605
1.0837314,-9.370906,-3.9743748,-1.0247183
1.090531,-9.414001,-3.9336734,-0.9911995
1.0930098,-9.464279,-3.9264908,-0.94570965
1.1019758,-9.528923,-3.9193082,-0.8451532
1.1045743,-9.572019,-3.916914,-0.7278373
1.1095744,-9.552865,-3.8881836,-0.48362875
1.115676,-9.552865,-3.8881836,-0.48362875
1.1204611,-9.507375,-3.8474822,-0.4165911
1.1275669,-9.454702,-3.8426938,-0.45968673
1.1363183,-9.323022,-3.8019924,-0.50038815
1.1444792,-9.315839,-3.7708676,-0.5602432
1.1531934,-9.358934,-3.799598,-0.6607997
1.1581933,-9.437943,-3.8283286,-0.6871359
1.1627457,-9.437943,-3.8283286,-0.6871359
1.1653464,-9.579201,-3.9552212,-0.7038953
1.1703464,-9.574412,-3.9193082,-0.7422025
1.1767161,-9.574412,-3.9193082,-0.7422025
1.1814957,-9.598354,-3.7349546,-0.7158663
1.189595,-9.598354,-3.7349546,-0.7158663
1.1920927,-9.569624,-3.6367924,-0.8523358
1.1970928,-9.524135,-3.4356794,-0.8762778
1.2028036,-9.524135,-3.4356794,-0.8762778
1.2081734,-9.478644,-3.3207579,-0.8619126
1.2150793,-9.406818,-3.2225955,-0.8283938
1.2221922,-9.3733,-3.1028855,-0.7350199
1.2289107,-9.378088,-3.1004913,-0.6943185
1.2314098,-9.390059,-3.098097,-0.6392518
1.2364099,-9.385271,-3.1435869,-0.58418524
1.2404281,-9.385271,-3.1435869,-0.58418524
1.2430104,-9.392453,-3.1914709,-0.50996494
1.2480105,-9.44752,-3.2465374,-0.39025488
1.2529624,-9.44752,-3.2465374,-0.39025488
1.2577469,-9.49301,-3.2465374,-0.4165911
1.2643661,-9.497798,-3.2369606,-0.46208093
1.2715921,-9.536105,-3.1387985,-0.61052144
1.277131,-9.595961,-3.0909145,-0.7038953
1.2795938,-9.619903,-3.0597897,-0.8475474
1.2845938,-9.677363,-3.0142999,-0.94570965
1.291314,-9.677363,-3.0142999,-0.94570965
1.2939724,-9.691729,-2.8993783,-0.9983821
1.2989724,-9.682152,-2.822764,-1.0175357
1.3035779,-9.682152,-2.822764,-1.0175357
1.30843,-9.648633,-2.779668,-1.067814
1.3157768,-9.598354,-2.731784,-1.0965444
1.3229738,-9.540894,-2.6408045,-1.0223241
1.3315561,-9.49301,-2.597709,-0.92416185
1.338895,-9.488221,-2.552219,-0.7182605
1.3456005,-9.449914,-2.5258827,-0.6727707
1.3503222,-9.299079,-2.4708161,-0.7541735
1.3561758,-9.299079,-2.4708161,-0.7541735
1.3586422,-9.220071,-2.3870192,-0.90500826
1.3636421,-9.208099,-2.315193,-0.9720459
1.3686422,-9.208099,-2.315193,-0.9720459
1.3726784,-9.208099,-2.315193,-0.9720459
1.3779955,-9.272743,-2.1691468,-1.1875241
1.3825965,-9.32781,-2.0949266,-1.2354081
1.3898256,-9.442732,-1.982399,-1.3623008
1.3983858,-9.442732,-1.982399,-1.3623008
1.4008585,-9.423578,-1.9177556,-1.4317327
1.4087379,-9.399636,-1.9033904,-1.4149733
1.4113133,-9.332599,-1.910573,-1.4197617
1.4163133,-9.200917,-1.9536686,-1.364695
1.4221706,-9.200917,-1.9536686,-1.364695
1.4269527,-9.167398,-1.9919758,-1.3718776
1.4316571,-9.13388,-2.0039468,-1.2952632
1.4388587,-9.16261,-2.0566192,-1.1563994
1.4474032,-9.16261,-2.0566192,-1.1563994
1.4498773,-9.126697,-2.0901382,-1.1492168
1.4572114,-9.11712,-2.1308396,-1.115698
1.459763,-9.097966,-2.1739352,-1.1540052
1.464763,-9.076419,-2.219425,-1.1587936
1.4712703,-9.076419,-2.219425,-1.1587936
1.4753374,-9.078813,-2.2601264,-1.2401965
1.4803374,-9.076419,-2.2409728,-1.3910311
1.4853374,-9.076419,-2.2409728,-1.3910311
1.4903374,-9.076419,-2.2409728,-1.3910311
1.4929461,-9.076419,-2.2409728,-1.3910311
1.4968822,-9.121908,-2.2601264,-1.4269443
1.5025527,-9.121908,-2.2601264,-1.4269443
1.509737,-9.138668,-2.348712,-1.3742718
1.5182952,-9.153033,-2.3822308,-1.3096284
1.5208795,-9.169792,-2.4396915,-1.2282255
1.5258795,-9.165004,-2.480393,-1.1827357
1.5323933,-9.165004,-2.480393,-1.1827357
1.5379564,-9.186552,-2.4492683,-1.1994951
1.5425699,-9.217676,-2.4013844,-1.0965444
1.5497636,-9.179369,-2.255338,-1.0079589
1.5547637,-9.076419,-2.2936451,-0.90021986
1.5597229,-9.076419,-2.2936451,-0.90021986
1.5672194,-8.944737,-2.597709,-0.91937345
1.5727898,-8.9998045,-2.6623523,-0.92176765
1.5774761,-9.205706,-2.6024973,-1.0702082
1.5841335,-9.205706,-2.6024973,-1.0702082
1.5866064,-9.289502,-2.492364,-1.2090719
1.5916063,-9.272743,-2.4540567,-1.2210429
1.5987847,-9.272743,-2.4540567,-1.2210429
1.603978,-9.289502,-2.4109612,-1.2617443
1.6112158,-9.330204,-2.372654,-1.2689269
1.618427,-9.325416,-2.3535004,-1.2665327
1.6266547,-9.277532,-2.4061728,-1.2330139
1.6292402,-9.260772,-2.4636335,-1.1611878
1.6342403,-9.248801,-2.5258827,-1.0941502
1.6399794,-9.248801,-2.5258827,-1.0941502
1.6447922,-9.248801,-2.6048915,-1.0654198
1.6495081,-9.260772,-2.669535,-1.0606314
1.6574715,-9.241618,-2.743755,-0.94810385
1.6624715,-9.184157,-2.755726,-0.9983821
1.6670376,-9.184157,-2.755726,-0.9983821
1.669654,-9.196129,-2.741361,-0.9528923
1.6746541,-9.270349,-2.7700913,-0.9576807
1.6805978,-9.270349,-2.7700913,-0.9576807
1.685516,-9.28232,-2.80361,-0.9792285
1.6925404,-9.270349,-2.7820623,-1.043872
1.6950166,-9.320627,-2.7246015,-1.055843
1.7000166,-9.334992,-2.6791117,-1.0893618
1.7050166,-9.334992,-2.6791117,-1.0893618
1.7085583,-9.334992,-2.6791117,-1.0893618
1.7137362,-9.394848,-2.7006595,-1.067814
1.7204207,-9.370906,-2.767697,-1.0342951
1.729122,-9.351752,-2.89459,-0.8571242
1.7372861,-9.31105,-3.016694,-0.7565677
1.7460159,-9.337387,-2.7222073,-1.1611878
1.7541658,-9.337387,-2.7222073,-1.1611878
1.7566527,-9.696517,-2.4181437,-1.0749966
1.7641693,-9.689334,-2.4492683,-1.1085154
1.7667336,-9.586384,-2.5737667,-1.0510546
1.7717338,-9.339781,-2.7820623,-0.92176765
1.7790829,-9.339781,-2.7820623,-0.92176765
1.7839004,-9.3182335,-2.9257145,-0.89543146
1.7886459,-9.334992,-2.9712043,-0.8403648
1.7973208,-9.370906,-3.0190883,-0.7086837
1.8023208,-9.3733,-2.9975405,-0.8499416
1.8068682,-9.3733,-2.9975405,-0.8499416
1.8156115,-9.488221,-2.6503813,-0.9696517
1.8208843,-9.488221,-2.6503813,-0.9696517
1.8233591,-9.483433,-2.5617957,-1.0534488
1.828359,-9.464279,-2.492364,-1.091756
1.8351943,-9.464279,-2.492364,-1.091756
1.8377905,-9.414001,-2.5067291,-1.1013328
1.8427905,-9.289502,-2.5761611,-1.0199299
1.8490126,-9.289502,-2.5761611,-1.0199299
1.853786,-9.248801,-2.5953147,-1.0247183
1.8604583,-9.26556,-2.6024973,-1.0749966
1.8629373,-9.291897,-2.6048915,-1.0199299
1.8714973,-9.323022,-2.6072857,-1.0151415
1.8740478,-9.3661175,-2.597709,-1.0654198
1.8790478,-9.411607,-2.5785553,-1.0486604
1.8847845,-9.411607,-2.5785553,-1.0486604
1.8882898,-9.476251,-2.5617957,-0.9959879
1.8951603,-9.476251,-2.5617957,-0.9959879
1.8986182,-9.457097,-2.5498247,-1.0510546
1.9066188,-9.457097,-2.5498247,-1.0510546
1.9113017,-9.411607,-2.566584,-1.055843
1.9159707,-9.370906,-2.5737667,-1.0342951
1.9206473,-9.32781,-2.6072857,-1.0366893
1.9275792,-9.291897,-2.597709,-1.0007763
1.9322772,-9.279925,-2.6072857,-0.9935937
1.9368937,-9.270349,-2.6024973,-0.9816227
1.9415947,-9.26556,-2.5929205,-0.9624691
1.9489228,-9.255983,-2.5905263,-0.9864111
1.9535984,-9.260772,-2.6001031,-0.94570965
1.9589456,-9.260772,-2.6001031,-0.94570965
1.963616,-9.306262,-2.6120741,-1.0007763
1.9726082,-9.3421755,-2.621651,-1.0199299
1.9751863,-9.380483,-2.5737667,-1.079785
1.9830323,-9.399636,-2.5713725,-1.0869676
1.9856266,-9.368511,-2.540248,-1.1420342
1.9942199,-9.390059,-2.5258827,-1.1611878
1.9990677,-9.409213,-2.4660277,-1.1971009
2.004634,-9.409213,-2.4660277,-1.1971009
2.0093102,-9.397242,-2.44448,-1.1731589
2.0159402,-9.397242,-2.44448,-1.1731589
2.0206275,-9.344569,-2.432509,-1.1252748
2.026205,-9.339781,-2.4396915,-1.1013328
2.0308821,-9.308656,-2.4157495,-1.103727
2.0376265,-9.303867,-2.4229321,-1.043872
2.0422795,-9.294291,-2.4372973,-1.0390835
2.047015,-9.25359,-2.4229321,-1.0175357
2.051682,-9.263166,-2.4133554,-1.0366893
2.0585237,-9.289502,-2.4372973,-0.9935937
2.06103,-9.272743,-2.4708161,-1.0247183
2.06603,-9.28232,-2.3774424,-1.0462662
2.070268,-9.28232,-2.3774424,-1.0462662
2.0728054,-9.356541,-2.3415294,-1.0773908
2.0778053,-9.375694,-2.291251,-1.115698
2.0829282,-9.375694,-2.291251,-1.115698
2.0879521,-9.414001,-2.219425,-1.2018893
2.0925667,-9.414001,-2.219425,-1.2018893
2.0972517,-9.416395,-2.195483,-1.1875241
2.1048007,-9.41879,-2.2122424,-1.1899183
2.1094775,-9.40203,-2.2290018,-1.1994951
2.114105,-9.397242,-2.2242134,-1.1994951
2.1187813,-9.380483,-2.2457612,-1.2066777
2.1260452,-9.382876,-2.267309,-1.2042835
2.1307182,-9.351752,-2.2840683,-1.151611
2.1359634,-9.354146,-2.3056161,-1.1372458
2.1406398,-9.3421755,-2.3080103,-1.1468226
2.1478784,-9.334992,-2.327164,-1.1133038
2.150378,-9.354146,-2.3175871,-1.0989386
2.158791,-9.351752,-2.3439236,-1.0295067
2.1613579,-9.354146,-2.348712,-1.0151415
2.1663578,-9.354146,-2.348712,-1.0151415
2.1715863,-9.354146,-2.348712,-1.0151415
2.1765947,-9.349358,-2.4181437,-0.89064306
2.1821465,-9.349358,-2.4181437,-0.89064306
2.186837,-9.330204,-2.4660277,-0.9552865
2.1934814,-9.330204,-2.4660277,-0.9552865
2.1982849,-9.368511,-2.4636335,-1.0390835
2.2038283,-9.414001,-2.4133554,-1.0773908
2.2085764,-9.404425,-2.3870192,-1.1252748
2.2152166,-9.442732,-2.327164,-1.163582
2.219901,-9.442732,-2.336741,-1.1731589
2.2257328,-9.44752,-2.3223755,-1.1372458
2.2304068,-9.435549,-2.3654714,-1.1468226
2.2370763,-9.406818,-2.4037786,-1.1085154
2.2395546,-9.368511,-2.4396915,-1.0749966
2.248262,-9.361329,-2.4612393,-1.0893618
2.250832,-9.320627,-2.504335,-1.0414777
2.2558324,-9.334992,-2.504335,-1.0366893
2.260916,-9.334992,-2.504335,-1.0366893
2.2660208,-9.28232,-2.468422,-1.0271125
2.2706032,-9.28232,-2.468422,-1.0271125
2.275292,-9.3182335,-2.4492683,-1.0486604
2.2823796,-9.349358,-2.4349031,-1.0582372
2.2870836,-9.349358,-2.4636335,-1.0582372
2.2917073,-9.361329,-2.4732103,-1.0726024
2.2964575,-9.394848,-2.504335,-1.0989386
2.3033464,-9.394848,-2.504335,-1.0989386
2.3081012,-9.416395,-2.5450363,-1.115698
2.3126867,-9.416395,-2.5594015,-1.0654198
2.3173816,-9.416395,-2.5330653,-1.0941502
2.324279,-9.414001,-2.528277,-1.0510546
2.3289495,-9.390059,-2.5474305,-1.0462662
2.334199,-9.378088,-2.5833437,-1.0295067
2.3388624,-9.390059,-2.6072857,-1.067814
2.3457417,-9.399636,-2.6144683,-1.0510546
2.3482275,-9.404425,-2.621651,-1.0390835
2.3564181,-9.404425,-2.6144683,-1.079785
2.358975,-9.397242,-2.597709,-1.127669
2.3639748,-9.397242,-2.597709,-1.127669
2.3693895,-9.397242,-2.597709,-1.127669
2.3743608,-9.394848,-2.5210943,-1.1587936
2.3789794,-9.358934,-2.4995465,-1.1324574
2.3836613,-9.344569,-2.4756045,-1.151611
2.3909502,-9.308656,-2.4732103,-1.1180922
2.3953216,-9.315839,-2.480393,-1.1228806
2.3998778,-9.315839,-2.480393,-1.1228806
2.403251,-9.32781,-2.492364,-1.1228806
2.4107497,-9.356541,-2.5091233,-1.1372458
2.4155097,-9.397242,-2.542642,-1.1994951
2.4201055,-9.397242,-2.542642,-1.1994951
2.4247892,-9.414001,-2.5306711,-1.1803415
2.4316826,-9.414001,-2.5306711,-1.1803415
2.4365144,-9.411607,-2.5617957,-1.1707647
2.4411182,-9.416395,-2.552219,-1.2330139
2.4458613,-9.399636,-2.5737667,-1.2018893
2.4527647,-9.399636,-2.5809495,-1.2282255
2.4574382,-9.385271,-2.554613,-1.2114661
2.4628668,-9.363723,-2.56419,-1.1803415
2.4675746,-9.351752,-2.5713725,-1.1731589
2.47439,-9.3421755,-2.5617957,-1.1779473
2.476887,-9.325416,-2.5450363,-1.1372458
2.4851665,-9.303867,-2.5139117,-1.0845734
2.4877338,-9.291897,-2.4612393,-1.0366893
2.492734,-9.291897,-2.4612393,-1.0366893
2.497824,-9.291897,-2.4612393,-1.0366893
2.5004478,-9.279925,-2.4157495,-1.0366893
2.5078785,-9.289502,-2.408567,-1.0295067
2.5127256,-9.308656,-2.4181437,-1.0821792
2.519714,-9.315839,-2.4133554,-1.0606314
2.5244036,-9.3733,-2.3630772,-1.1252748
2.5290234,-9.3733,-2.3630772,-1.1252748
2.5336857,-9.414001,-2.3056161,-1.163582
2.5407383,-9.414001,-2.3056161,-1.163582
2.5455046,-9.44752,-2.267309,-1.2090719
2.5500982,-9.433155,-2.255338,-1.1851299
2.5547717,-9.423578,-2.2577322,-1.2234371
2.5616808,-9.435549,-2.2481554,-1.2186487
2.5664098,-9.387665,-2.2529438,-1.1875241
2.5716436,-9.385271,-2.2457612,-1.1779473
2.574983,-9.385271,-2.255338,-1.1587936
2.582164,-9.3733,-2.2337902,-1.1540052
2.584661,-9.356541,-2.2409728,-1.1468226
2.589661,-9.3182335,-2.2481554,-1.0941502
2.5937562,-9.3182335,-2.2481554,-1.0941502
2.5964482,-9.337387,-2.2529438,-1.1013328
2.6014485,-9.334992,-2.2625206,-1.0749966
2.6069727,-9.334992,-2.2625206,-1.0749966
2.6119175,-9.332599,-2.2290018,-1.0606314
2.6174784,-9.32781,-2.2361844,-1.0821792
2.6221771,-9.337387,-2.2385786,-1.1324574
2.6290793,-9.337387,-2.2577322,-1.1540052
2.633757,-9.315839,-2.2601264,-1.1204864
2.6393757,-9.330204,-2.2409728,-1.13964
2.6440673,-9.344569,-2.231396,-1.1468226
2.650976,-9.378088,-2.2361844,-1.1563994
2.6557946,-9.387665,-2.2290018,-1.1611878
2.6616652,-9.382876,-2.1978772,-1.1683705
2.6641457,-9.385271,-2.2242134,-1.1324574
2.6691458,-9.380483,-2.207454,-1.1851299
2.673752,-9.380483,-2.207454,-1.1851299
2.676386,-9.397242,-2.2361844,-1.2473791
2.681386,-9.375694,-2.255338,-1.2258313
2.6859994,-9.375694,-2.255338,-1.2258313
2.689455,-9.370906,-2.2577322,-1.2354081
2.6981878,-9.346964,-2.2577322,-1.1803415
2.702858,-9.356541,-2.2816741,-1.1707647
2.7074742,-9.356541,-2.2816741,-1.1707647
2.7121332,-9.351752,-2.2936451,-1.1420342
2.7194214,-9.351752,-2.2936451,-1.1420342
2.7241135,-9.368511,-2.3127987,-1.103727
2.7293653,-9.368511,-2.3319526,-1.0606314
2.7340477,-9.375694,-2.3535004,-1.0702082
2.7413464,-9.399636,-2.3535004,-1.0630256
2.743828,-9.409213,-2.3535004,-1.1420342
2.7519588,-9.423578,-2.3750482,-1.1492168
2.7545295,-9.435549,-2.3702598,-1.1587936
2.7634206,-9.457097,-2.3774424,-1.1444284
2.7660728,-9.471462,-2.3942018,-1.1683705
2.7710729,-9.461885,-2.3894134,-1.1372458
2.7752893,-9.461885,-2.3894134,-1.1372458
2.7787435,-9.43076,-2.3942018,-1.1300632
2.7867012,-9.423578,-2.408567,-1.0773908
2.7913754,-9.397242,-2.4588451,-1.0055647
2.7961,-9.397242,-2.4588451,-1.0055647
2.8007622,-9.392453,-2.4827871,-1.0630256
2.8074415,-9.41879,-2.4660277,-1.067814
2.8121161,-9.435549,-2.4660277,-1.0486604
2.8176754,-9.435549,-2.4660277,-1.0486604
2.8223474,-9.466674,-2.4612393,-1.0295067
2.8292465,-9.445126,-2.4468741,-1.091756
2.831755,-9.43076,-2.44448,-1.0773908
2.8381693,-9.399636,-2.4612393,-1.0965444
2.8428686,-9.397242,-2.492364,-1.0821792
2.8495252,-9.442732,-2.4995465,-1.1228806
2.852003,-9.416395,-2.4875755,-1.1444284
2.8607655,-9.41879,-2.4779987,-1.1372458
2.8633137,-9.399636,-2.4827871,-1.1707647
2.8683136,-9.385271,-2.5091233,-1.127669
2.8744326,-9.385271,-2.5091233,-1.127669
2.8779056,-9.339781,-2.5474305,-1.151611
2.8839283,-9.332599,-2.5737667,-1.1204864
2.8886251,-9.346964,-2.5594015,-1.1061212
2.8955657,-9.349358,-2.5617957,-1.1061212
2.900254,-9.363723,-2.5474305,-1.103727
2.90488,-9.363723,-2.5474305,-1.103727
2.9095485,-9.358934,-2.540248,-1.1348516
2.916478,-9.3421755,-2.5019407,-1.1300632
2.9211545,-9.346964,-2.468422,-1.163582
2.9258952,-9.351752,-2.4588451,-1.1947067
2.930581,-9.370906,-2.468422,-1.1659763
2.9375231,-9.370906,-2.468422,-1.1659763
2.9422045,-9.392453,-2.504335,-1.1420342
2.9474683,-9.409213,-2.5139117,-1.163582
2.9521458,-9.40203,-2.5019407,-1.1779473
2.9590082,-9.387665,-2.4947581,-1.13964
2.9615066,-9.385271,-2.4995465,-1.163582
2.9689672,-9.358934,-2.4875755,-1.1540052
2.9715288,-9.334992,-2.4756045,-1.1444284
2.9765286,-9.3421755,-2.4732103,-1.1683705
2.98105,-9.3421755,-2.4732103,-1.1683705
2.9836378,-9.344569,-2.4660277,-1.1563994
2.9907172,-9.344569,-2.4660277,-1.1563994
2.99332,-9.296685,-2.4540567,-1.1875241
2.9983199,-9.296685,-2.4540567,-1.1875241
3.0036278,-9.296685,-2.4540567,-1.1875241
3.0071456,-9.277532,-2.4253263,-1.2090719
3.0116618,-9.301474,-2.4253263,-1.1947067
3.017362,-9.3182335,-2.4277205,-1.2282255
3.0242724,-9.315839,-2.4349031,-1.2066777
3.028956,-9.361329,-2.4229321,-1.2090719
3.0335422,-9.356541,-2.4229321,-1.1755531
3.038358,-9.3733,-2.4181437,-1.1563994
3.0452597,-9.378088,-2.4277205,-1.1611878
3.0499282,-9.370906,-2.3918076,-1.1994951
3.0545437,-9.370906,-2.3918076,-1.1994951
3.0592325,-9.392453,-2.4013844,-1.2306197
3.0661356,-9.392453,-2.4013844,-1.2306197
3.0707653,-9.349358,-2.3774424,-1.2785037
3.0758204,-9.337387,-2.3678656,-1.2665327
3.0805302,-9.358934,-2.3654714,-1.292869
3.0872266,-9.361329,-2.3654714,-1.3072342
3.0897212,-9.349358,-2.3558946,-1.271321
3.0977094,-9.346964,-2.3247697,-1.2354081
3.1002438,-9.361329,-2.336741,-1.2258313
3.105244,-9.296685,-2.3127987,-1.2018893
3.1096628,-9.296685,-2.3127987,-1.2018893
3.1122646,-9.188946,-2.267309,-1.2258313
3.1195602,-9.188946,-2.267309,-1.2258313
3.1221626,-9.210494,-2.2864625,-1.2641385
3.1271627,-9.210494,-2.2864625,-1.2641385
3.1323886,-9.210494,-2.2864625,-1.2641385
3.135842,-9.279925,-2.3175871,-1.2425907
3.1404037,-9.287108,-2.3343468,-1.2545617
3.1450937,-9.303867,-2.3295584,-1.2378023
3.1526167,-9.3182335,-2.3080103,-1.2425907
3.157334,-9.344569,-2.3175871,-1.2665327
3.1619074,-9.351752,-2.3175871,-1.2689269
3.1665754,-9.349358,-2.3175871,-1.2617443
3.1734674,-9.323022,-2.315193,-1.2473791
3.17829,-9.299079,-2.3415294,-1.2449849
3.182892,-9.299079,-2.3415294,-1.2449849
3.1875782,-9.301474,-2.3535004,-1.2593501
3.194498,-9.301474,-2.3535004,-1.2593501
3.199153,-9.291897,-2.3247697,-1.2473791
3.2044191,-9.272743,-2.3104045,-1.2737153
3.2090845,-9.234436,-2.27928,-1.3024458
3.2164156,-9.239224,-2.2457612,-1.3239936
3.2188962,-9.229648,-2.183512,-1.2952632
3.2260647,-9.19134,-2.135628,-1.3479356
3.2286203,-9.188946,-2.0733786,-1.4221559
3.2336204,-9.208099,-2.0087352,-1.4508862
3.2385275,-9.208099,-2.0087352,-1.4508862
3.2411115,-9.31105,-1.8674773,-1.5634137
3.2480283,-9.31105,-1.8674773,-1.5634137
3.2506223,-9.3421755,-1.7860745,-1.5610195
3.2556221,-9.394848,-1.6950948,-1.6065093
3.2612598,-9.394848,-1.6950948,-1.6065093
3.2646904,-9.449914,-1.6232687,-1.6519991
3.270334,-9.437943,-1.6496049,-1.6112977
3.27502,-9.428367,-1.7022774,-1.5634137
3.2816465,-9.406818,-1.7621324,-1.5442601
3.2863762,-9.409213,-1.8507179,-1.508347
3.2919686,-9.416395,-1.9129672,-1.4772224
3.2966607,-9.270349,-2.0566192,-1.2880806
3.303287,-9.270349,-2.0566192,-1.2880806
3.3066247,-9.188946,-2.2816741,-1.1971009
3.3123279,-9.188946,-2.2816741,-1.1971009
3.317014,-9.275137,-2.4708161,-1.1204864
3.3237529,-9.275137,-2.4708161,-1.1204864
3.3263805,-9.425972,-2.480393,-1.1971009
3.3313804,-9.457097,-2.4875755,-1.2210429
3.3354187,-9.457097,-2.4875755,-1.2210429
3.3379564,-9.459491,-2.528277,-1.2473791
3.3429563,-9.454702,-2.5713725,-1.2569559
3.34707,-9.454702,-2.5713725,-1.2569559
3.3496459,-9.488221,-2.60968,-1.316811
3.3571482,-9.485827,-2.6240451,-1.316811
3.3597524,-9.378088,-2.6264393,-1.3551182
3.3647523,-9.378088,-2.6264393,-1.3551182
3.3703842,-9.378088,-2.6264393,-1.3551182
3.3739347,-9.313444,-2.5905263,-1.412579
3.3785017,-9.301474,-2.585738,-1.352724
3.3831747,-9.351752,-2.6048915,-1.3215994
3.3905072,-9.449914,-2.585738,-1.271321
3.3952491,-9.478644,-2.6001031,-1.3096284
3.3998168,-9.507375,-2.6144683,-1.2976574
3.4037886,-9.507375,-2.6623523,-1.3144168
3.411093,-9.512163,-2.765303,-1.2952632
3.4153173,-9.514558,-3.122039,-1.2306197
3.4199274,-9.514558,-3.122039,-1.2306197
3.424597,-9.548077,-3.2800562,-1.1755531
3.4318597,-9.524135,-3.3734303,-1.067814
3.4351804,-9.483433,-3.4596214,-1.0319009
3.4402747,-9.483433,-3.4596214,-1.0319009
3.444979,-9.41879,-3.5003228,-1.0366893
3.4526284,-9.41879,-3.5003228,-1.0366893
3.4551528,-9.382876,-3.6391866,-0.9600749
3.4633908,-9.346964,-3.8426938,-0.9672575
3.4660985,-9.356541,-4.146757,-0.8355764
3.4710987,-9.421184,-4.606444,-0.59136784
3.4758704,-9.421184,-4.606444,-0.59136784
3.4784517,-9.502586,-5.221754,-0.260968
3.4854288,-9.572019,-5.896919,0.059855044
3.488024,-9.610326,-6.612785,0.30166942
3.493024,-9.61272,-7.3549876,0.545878
3.4986925,-9.61272,-7.3549876,0.545878
3.5021374,-9.55047,-8.78672,0.7589619
3.50762,-9.526528,-9.277532,0.6512229
3.5122693,-9.459491,-9.528923,0.39983168
3.519193,-9.392453,-9.478644,0.08379706
3.5238936,-9.500193,-9.232041,-0.2825158
3.5284884,-9.667787,-8.872911,-0.7517793
3.5331526,-9.885659,-8.396465,-1.0606314
3.5397909,-10.067618,-7.85777,-1.3479356
3.5444627,-10.108319,-7.074866,-1.7166426
3.5490527,-10.108319,-7.074866,-1.7166426
3.5537198,-10.000581,-7.21373,-1.532289
3.5604756,-10.000581,-7.21373,-1.532289
3.5638306,-9.962274,-8.391677,-0.8834604
3.5692232,-9.962274,-8.391677,-0.8834604
3.573897,-10.206482,-10.160992,-0.10055647
3.580664,-10.206482,-10.160992,-0.10055647
3.5840032,-10.2735195,-12.227188,0.6751649
3.58931,-10.2735195,-12.227188,0.6751649
3.5939753,-10.225636,-14.013263,0.37828386
3.6006896,-10.225636,-14.013263,0.37828386
3.6031945,-10.596737,-14.824897,-0.22984336
3.611923,-10.718841,-14.970943,-0.12449849
3.614462,-10.79785,-14.98052,-0.11252748
3.6194618,-10.778696,-15.040375,0.035913024
3.6237273,-10.778696,-15.040375,0.035913024
3.6263676,-10.6637745,-14.870387,-0.39743748
3.6335032,-10.702082,-14.53041,-0.842759
3.6361437,-10.927136,-14.1425495,-1.1971009
3.6450086,-11.425131,-13.797785,-1.7238252
3.64849,-12.452243,-13.656527,-2.4061728
3.6568515,-12.981361,-13.8480625,-2.7365725
3.6615329,-13.457808,-14.104242,-2.621651
3.6685479,-13.785813,-14.539987,-2.3678656
3.6732063,-13.443442,-15.231912,-1.8579005
3.6778197,-13.443442,-15.231912,-1.8579005
3.6825485,-13.017275,-15.255854,-1.4508862
3.6894617,-13.017275,-15.255854,-1.4508862
3.694147,-13.098678,-14.817715,-0.8810662
3.6994405,-13.132196,-14.472949,-0.6967127
3.7019658,-13.091495,-14.070724,-0.6703765
3.7094111,-13.091495,-14.070724,-0.6703765
3.7119005,-13.31655,-13.611036,-0.81642276
3.7169003,-13.424289,-13.608643,-0.78050977
3.7211483,-13.424289,-13.608643,-0.78050977
3.7236853,-13.498509,-13.515268,-0.8523358
3.7286856,-13.505692,-13.268666,-0.8858546
3.7327604,-13.505692,-13.268666,-0.8858546
3.7353597,-13.460202,-12.952631,-0.79966336
3.742951,-13.352463,-12.562376,-0.7398083
3.7455611,-13.057976,-12.100295,-0.7038953
3.7540324,-12.751518,-11.511322,-0.8379706
3.7588882,-12.310986,-10.462662,-0.6823475
3.7657902,-12.133814,-10.120291,-0.4285621
3.7744727,-11.669339,-9.65821,0.51954174
3.7826245,-11.420342,-9.49301,1.0127473
3.785192,-11.066,-9.476251,1.5227122
3.790192,-10.644621,-10.254366,2.4301147
3.797473,-10.644621,-10.254366,2.4301147
3.8022418,-10.376471,-10.94629,2.779668
3.809139,-10.376471,-10.94629,2.779668
3.81164,-9.9790325,-10.204087,2.7150247
3.81664,-9.576807,-9.239224,2.2720973
3.823333,-9.576807,-9.239224,2.2720973
3.8287556,-9.119514,-8.504205,1.8986019
3.8369198,-8.793902,-7.687782,1.5993267
3.8456345,-8.494628,-6.4547677,1.7070658
3.8530116,-8.453926,-6.26802,1.7884687
3.8617864,-7.589619,-5.257667,1.9057846
3.8702981,-7.589619,-5.257667,1.9057846
3.8727827,-6.5457473,-4.9176903,2.9831753
3.8802598,-6.05733,-4.9296613,2.954445
3.8828144,-5.6766524,-4.9895163,2.8658595
3.8878143,-5.121197,-4.5322237,2.956839
3.8928144,-5.121197,-4.5322237,2.956839
3.8971734,-5.121197,-4.5322237,2.956839
3.9020562,-4.8722005,-3.6870706,2.9712043
3.907909,-4.8722005,-3.6870706,2.9712043
3.9103825,-4.924873,-2.8443117,2.8658595
3.9153826,-4.9895163,-2.3223755,2.8514943
3.9203825,-4.9895163,-2.3223755,2.8514943
3.9255745,-4.9895163,-2.3223755,2.8514943
3.9295628,-4.1491513,-1.1947067,3.181894
3.9347622,-4.1491513,-1.1947067,3.181894
3.9434419,-4.4316673,-0.89064306,2.566584
3.9523575,-4.4795513,-0.6536171,2.7820623
3.961093,-3.7181952,-0.320823,2.8562827
3.9682763,-3.7181952,-0.320823,2.8562827
3.9707613,-2.9281087,0.272939,3.241749
3.9796314,-2.693477,0.30406362,3.667917
3.9822059,-2.5689783,0.24660277,3.9695864
3.987206,-2.4061728,0.090979666,4.3885717
3.9922059,-2.4061728,0.090979666,4.3885717
3.9950526,-2.4061728,0.090979666,4.3885717
3.9999595,-2.7724855,-0.21068975,4.4101195
4.007183,-2.7724855,-0.21068975,4.4101195
4.0096602,-2.5881321,0.22984336,4.6471453
4.01466,-2.5354595,0.35194764,4.6662993
4.021113,-2.5354595,0.35194764,4.6662993
4.025144,-2.4540567,0.51235914,4.7884035
4.030144,-2.4540567,0.51235914,4.7884035
4.0344434,-2.4540567,0.51235914,4.7884035
4.043127,-2.6408045,0.6631939,4.8123455
4.0504236,-2.5617957,0.80205756,4.855441
4.0592685,-2.15957,1.2689269,4.9224787
4.067888,-1.9512744,1.5011644,5.023035
4.0703664,-1.3742718,1.8770541,5.21936
4.077707,-1.1731589,2.1452048,5.2720323
4.080274,-1.0366893,2.2960393,5.439626
4.085274,-1.3215994,2.4061728,5.5377884
4.0902743,-1.3215994,2.4061728,5.5377884
4.0944433,-1.3215994,2.4061728,5.5377884
4.099347,-1.4867992,2.1787236,5.765238
4.105217,-1.4867992,2.1787236,5.765238
4.10769,-1.5131354,2.1260512,6.009446
4.11269,-1.8602947,1.8052281,6.279991
4.11769,-1.8602947,1.8052281,6.279991
4.123304,-1.8602947,1.8052281,6.279991
4.127348,-2.4468741,1.6496049,6.3566055
4.1328173,-2.5498247,1.8004397,6.373365
4.1414657,-2.2457612,2.1691468,6.6510925
4.1502833,-2.0159178,2.4875755,6.727707
4.1552835,-1.0941502,3.2034419,6.706159
4.1592855,-1.0941502,3.2034419,6.706159
4.1665215,-1.0941502,3.2034419,6.706159
4.1690183,-0.80445176,3.4572272,6.9048777
4.177805,-0.7613561,3.5913026,6.9958572
4.180368,-0.7302315,3.7062242,7.0365586
4.1853676,-0.8858546,3.6942532,7.264008
4.1903677,-0.8858546,3.6942532,7.264008
4.1931415,-0.8858546,3.6942532,7.264008
4.198038,-0.9959879,3.2872388,7.445967
4.2053065,-0.9959879,3.2872388,7.445967
4.207781,-1.0342951,2.8538885,7.752425
4.212781,-0.9983821,2.6264393,7.896077
4.2188816,-0.9983821,2.6264393,7.896077
4.2242546,-0.94092125,2.3319526,8.185776
4.2328362,-0.8762778,2.2457612,8.288726
4.2415247,-0.62967503,2.2361844,8.494628
4.248801,-0.45250413,2.2984335,8.604761
4.2575607,-0.21308395,2.4636335,8.815451
4.2664895,-0.17956513,2.504335,8.880095
4.2690673,-0.30885202,2.5234885,8.961497
4.2780113,-0.4309563,2.4995465,8.990228
4.2856703,-0.5506664,2.504335,8.971074
4.2940497,-0.5434838,2.540248,8.992621
4.29654,-0.51714754,2.6982653,8.935161
4.3047404,-0.45729253,2.8514943,8.913613
4.3072906,-0.4237737,2.9975405,8.920795
4.3122907,-0.38307226,3.0765493,8.949526
4.3172903,-0.38307226,3.0765493,8.949526
4.321118,-0.38307226,3.0765493,8.949526
4.3262076,-0.2657564,3.071761,9.157822
4.331457,-0.2657564,2.956839,9.303867
4.3401704,-0.39983168,2.566584,9.593566
4.348588,-0.46926352,2.4349031,9.785102
4.357333,-0.61291564,2.111686,10.323798
4.365923,-0.58897364,2.066196,10.407595
4.368505,-0.5722142,2.0638018,10.445902
4.3767395,-0.5793968,2.0638018,10.500969
4.381593,-0.58897364,2.1691468,10.426748
4.3883486,-0.58897364,2.1691468,10.426748
4.393044,-0.61770403,2.3798366,10.18254
4.4015484,-0.5626374,2.4756045,10.127473
4.404043,-0.47884035,2.6072857,10.09156
4.4091096,-0.4213795,2.7102363,10.065224
4.4126616,-0.37828386,2.7724855,9.945514
4.419789,-0.39983168,2.8299465,9.92636
4.4237394,-0.39743748,2.8898015,9.909601
4.4283004,-0.38307226,2.9712043,10.0341
4.4321475,-0.4141969,2.932897,10.139444
4.439022,-0.4141969,2.932897,10.139444
4.4436097,-0.50996494,2.719813,10.151415
4.4480734,-0.60333884,2.6479871,10.21127
4.452557,-0.6440403,2.5905263,10.237606
4.4594054,-0.6631939,2.5330653,10.244789
4.463899,-0.6560113,2.5139117,10.218452
4.468324,-0.63206923,2.4588451,10.223241
4.472824,-0.5722142,2.4851813,10.141838
4.479772,-0.5530606,2.5187001,10.086772
4.4842596,-0.59855044,2.5594015,10.014946
4.4891033,-0.5674258,2.6192567,9.991004
4.493602,-0.581791,2.6599581,9.981427
4.500548,-0.581791,2.6551697,9.89763
4.5029626,-0.60573304,2.5953147,9.864111
4.5084147,-0.6584055,2.5330653,9.832987
4.512959,-0.6967127,2.456451,9.864111
4.5199094,-0.7254431,2.372654,9.9550905
4.5244117,-0.7062895,2.2337902,10.007763
4.529274,-0.6679823,2.1164744,10.024523
4.5337524,-0.6584055,2.0015526,10.055647
4.540606,-0.62728083,1.9416976,10.070012
4.5429897,-0.59855044,1.922544,10.038888
4.550876,-0.545878,1.970428,9.995792
4.55333,-0.48123455,2.030283,9.92636
4.5583305,-0.39504328,2.2457612,9.706094
4.563307,-0.39504328,2.2457612,9.706094
4.5657926,-0.39504328,2.3630772,9.629479
4.5723214,-0.39264908,2.4851813,9.581595
4.5747747,-0.4309563,2.5210943,9.536105
4.5837297,-0.45010993,2.5210943,9.473856
4.5862846,-0.44771573,2.5258827,9.428367
4.5926538,-0.45250413,2.542642,9.394848
4.595112,-0.4429273,2.540248,9.416395
4.600112,-0.45010993,2.5139117,9.490616
4.604242,-0.45010993,2.5139117,9.490616
4.6067433,-0.46926352,2.456451,9.516952
4.613209,-0.47165772,2.3894134,9.557653
4.615686,-0.4429273,2.3247697,9.552865
4.624285,-0.4285621,2.2840683,9.598354
4.628549,-0.37828386,2.2816741,9.524135
4.63439,-0.37828386,2.2816741,9.524135
4.639171,-0.36631286,2.3798366,9.49301
4.64643,-0.36631286,2.3798366,9.49301
4.651095,-0.36152446,2.554613,9.378088
4.658214,-0.36391866,2.6120741,9.325416
4.6628666,-0.36870706,2.6551697,9.284714
4.669826,-0.36152446,2.6910827,9.255983
4.6723676,-0.3854665,2.7102363,9.246407
4.6803455,-0.4237737,2.719813,9.258378
4.682897,-0.47884035,2.6647465,9.344569
4.687897,-0.46686932,2.6024973,9.370906
4.6922264,-0.46686932,2.6024973,9.370906
4.6948295,-0.4357447,2.597709,9.416395
4.70234,-0.36152446,2.5761611,9.49301
4.704942,-0.28491,2.5234885,9.55047
4.713635,-0.22984336,2.4301147,9.665392
4.7185383,-0.20350714,2.3127987,9.7084875
4.7241087,-0.20350714,2.2098482,9.751583
4.7287784,-0.30885202,2.078167,9.809045
4.7372413,-0.30885202,2.078167,9.809045
4.741921,-0.32321724,2.0757728,9.770737
4.7471867,-0.2825158,2.1404164,9.701305
4.7518406,-0.30645782,2.1763294,9.667787
4.759049,-0.2777274,2.2337902,9.651027
4.7615256,-0.272939,2.3295584,9.586384
4.7665257,-0.24181437,2.516306,9.461885
4.772657,-0.24181437,2.516306,9.461885
4.7780523,-0.15322891,2.6527755,9.361329
4.7867646,-0.15322891,2.6527755,9.361329
4.795492,-0.074220255,2.6288335,9.476251
4.8023815,-0.090979666,2.5713725,9.552865
4.8111444,-0.110133275,2.2984335,9.753978
4.819287,-0.12928689,2.1428106,9.844957
4.821782,-0.24420857,1.9201498,9.933543
4.829074,-0.2801216,1.8626889,9.940725
4.8316193,-0.320823,1.8483237,9.923966
4.836619,-0.37588966,1.8914193,9.878476
4.841619,-0.37588966,1.8914193,9.878476
4.8441544,-0.37588966,1.8914193,9.878476
4.849034,-0.45729253,2.0590134,9.751583
4.855799,-0.48602295,2.1428106,9.727641
4.864489,-0.48362875,2.3175871,9.593566
4.8725085,-0.50278234,2.3918076,9.548077
4.8759794,-0.45010993,2.480393,9.560047
4.8805842,-0.45010993,2.480393,9.560047
4.8862286,-0.41180268,2.5067291,9.610326
4.893123,-0.35434186,2.480393,9.648633
4.8977823,-0.33758244,2.3678656,9.787497
4.9023843,-0.33758244,2.3678656,9.787497
4.9070616,-0.38307226,2.1906946,9.964667
4.915169,-0.38307226,2.1906946,9.964667
4.9198375,-0.5291186,2.018312,10.067618
4.9251084,-0.59615624,1.934515,10.103531
4.9297743,-0.62728083,1.8794483,10.072407
4.936573,-0.6799533,1.9057846,10.06283
4.9390492,-0.7015011,1.922544,10.096349
4.9467163,-0.7541735,1.9752164,10.04607
4.949262,-0.78050977,2.078167,9.995792
4.9542627,-0.7733272,2.2122424,9.909601
4.958727,-0.7733272,2.2122424,9.909601
4.961328,-0.78769237,2.3918076,9.880871
4.968301,-0.7374141,2.4756045,9.940725
4.9708457,-0.7206547,2.4899697,9.967062
4.975846,-0.7086837,2.4516625,9.976639
4.9800186,-0.7086837,2.4516625,9.976639
4.9834986,-0.6919243,2.4109612,10.01734
4.9904885,-0.6488287,2.3463178,10.077195
4.9951773,-0.59855044,2.2529438,10.129868
5.0020647,-0.5602432,2.207454,10.160992
5.00673,-0.6440403,2.1619642,10.196905
5.011321,-0.6440403,2.1619642,10.196905
5.016062,-0.7398083,2.1428106,10.206482
5.0241523,-0.7398083,2.1428106,10.206482
5.0288095,-0.8690952,2.1763294,10.168175
5.0342674,-0.94570965,2.2050598,10.129868
5.0389385,-1.0247183,2.243367,10.115502
5.045579,-1.1133038,2.2505496,10.103531
5.0480733,-1.2210429,2.27928,10.072407
5.0556784,-1.2761095,2.3008277,10.031705
5.0582557,-1.2952632,2.3463178,9.991004
5.0632563,-1.2761095,2.4037786,9.998186
5.0676756,-1.2761095,2.4037786,9.998186
5.070253,-1.2042835,2.4372973,10.036493
5.077358,-1.1779473,2.4229321,9.995792
5.0799327,-1.1923125,2.4396915,9.969456
5.0887227,-1.1971009,2.4277205,9.988609
5.093564,-1.2066777,2.4516625,9.969456
5.1006055,-1.163582,2.4540567,9.940725
5.1052766,-1.1252748,2.4468741,9.868899
5.1139293,-1.1252748,2.4468741,9.868899
5.116405,-1.1228806,2.468422,9.811439
5.125275,-1.1300632,2.4756045,9.830592
5.1278424,-1.151611,2.4660277,9.78989
5.1367745,-1.1755531,2.4612393,9.746795
5.13936,-1.1923125,2.384625,9.746795
5.1458964,-1.1755531,2.3295584,9.753978
5.148492,-1.1563994,2.2744915,9.739613
5.153492,-1.1563994,2.2744915,9.739613
5.1576247,-1.1563994,2.2744915,9.739613
5.1602483,-1.0079589,2.1978772,9.809045
5.167719,-0.94810385,2.1523874,9.797073
5.170322,-0.89543146,2.1092918,9.768343
5.179092,-0.8834604,2.0901382,9.742006
5.1839366,-0.8690952,2.2122424,9.768343
5.188905,-0.8690952,2.2122424,9.768343
5.1935616,-0.90261406,2.3056161,9.794679
5.2009573,-0.9624691,2.3463178,9.77792
5.205682,-1.0510546,2.3774424,9.634268
5.212788,-1.079785,2.4013844,9.574412
5.2152643,-1.079785,2.4540567,9.55047
5.2202644,-1.0199299,2.528277,9.5385
5.2250357,-1.0199299,2.528277,9.5385
5.227573,-0.8451532,2.554613,9.516952
5.2358656,-0.7565677,2.5474305,9.507375
5.2384434,-0.7062895,2.5594015,9.428367
5.2470694,-0.6799533,2.5809495,9.452309
5.251906,-0.6727707,2.6072857,9.473856
5.25756,-0.6775591,2.5881321,9.509769
5.262245,-0.6512229,2.504335,9.555259
5.2688704,-0.61770403,2.4013844,9.574412
5.273536,-0.641646,2.2122424,9.622296
5.2792206,-0.641646,2.2122424,9.622296
5.283916,-0.60812724,2.1212628,9.586384
5.292436,-0.60812724,2.1212628,9.586384
5.2949114,-0.61052144,2.2218192,9.5385
5.303307,-0.58897364,2.3008277,9.509769
5.3058586,-0.557849,2.3654714,9.399636
5.3108587,-0.50517654,2.420538,9.3733
5.31489,-0.50517654,2.420538,9.3733
5.3174553,-0.39504328,2.4468741,9.3182335
5.3250117,-0.36152446,2.4660277,9.255983
5.327576,-0.37349546,2.480393,9.251195
5.3325763,-0.36391866,2.5306711,9.260772
5.336781,-0.36391866,2.5306711,9.260772
5.341709,-0.36870706,2.552219,9.224859
5.346426,-0.31124622,2.5737667,9.323022
5.351095,-0.23223756,2.554613,9.272743
5.3583975,-0.2896984,2.552219,9.255983
5.363086,-0.61770403,2.492364,9.495404
5.367688,-0.61770403,2.492364,9.495404
5.3723545,-0.6655881,2.396596,9.631873
5.379609,-0.62249243,2.2744915,9.730036
5.3842754,-0.41180268,2.1787236,9.80665
5.3913727,-0.34237084,2.2242134,9.77792
5.3939476,-0.29688102,2.3175871,9.758766
5.3989477,-0.2873042,2.384625,9.77792
5.4029846,-0.2873042,2.384625,9.77792
5.405533,-0.2825158,2.4229321,9.765948
5.41268,-0.2657564,2.44448,9.753978
5.416217,-0.25857377,2.4396915,9.775525
5.4241385,-0.30166942,2.3989902,9.785102
5.4267197,-0.36391866,2.2816741,9.85214
5.4342995,-0.39983168,2.2601264,9.919178
5.436925,-0.47884035,2.255338,9.94312
5.4451256,-0.5674258,2.2720973,9.991004
5.4499674,-0.62967503,2.2697031,10.038888
5.454579,-0.6655881,2.267309,10.067618
5.459249,-0.7182605,2.2816741,10.065224
5.4664145,-0.7278373,2.3127987,10.06283
5.4710717,-0.7302315,2.44448,10.105926
5.475814,-0.7302315,2.44448,10.105926
5.480513,-0.7206547,2.4756045,10.058042
5.4871407,-0.6847417,2.5019407,10.04607
5.4918256,-0.60573304,2.468422,9.967062
5.4960055,-0.60573304,2.468422,9.967062
5.49946,-0.58657944,2.4420857,10.012551
5.505745,-0.58897364,2.4181437,9.974244
5.509708,-0.62488663,2.408567,9.976639
5.513749,-0.641646,2.4013844,9.976639
5.5184584,-0.6607997,2.4061728,9.945514
5.5254283,-0.6344634,2.3870192,9.923966
5.529908,-0.63206923,2.3750482,9.880871
5.5343413,-0.61770403,2.3798366,9.813833
5.5388374,-0.61052144,2.3942018,9.76116
5.545236,-0.60812724,2.408567,9.7803135
5.5497103,-0.56982,2.396596,9.785102
5.5541368,-0.5363012,2.432509,9.742006
5.55862,-0.50038815,2.4277205,9.703699
5.564973,-0.48602295,2.4133554,9.739613
5.569512,-0.5386954,2.372654,9.720459
5.573933,-0.5434838,2.3582888,9.770737
5.5784206,-0.5746084,2.3295584,9.7803135
5.585113,-0.62728083,2.336741,9.828198
5.5895996,-0.6560113,2.3295584,9.811439
5.59403,-0.6584055,2.3008277,9.871294
5.5985136,-0.6847417,2.2601264,9.909601
5.604797,-0.7158663,2.2409728,9.950302
5.6092935,-0.7613561,2.2218192,9.945514
5.613698,-0.81642276,2.231396,9.935937
5.6183267,-0.8403648,2.2290018,9.957485
5.6246204,-0.8499416,2.2744915,9.945514
5.6291046,-0.8283938,2.3199813,9.935937
5.6335125,-0.81163436,2.3918076,9.835381
5.6380672,-0.78529817,2.4851813,9.785102
5.644353,-0.7350199,2.5737667,9.765948
5.6488557,-0.7015011,2.6599581,9.689334
5.6533217,-0.6584055,2.7246015,9.679757
5.6578155,-0.641646,2.755726,9.634268
5.6645184,-0.6560113,2.753332,9.648633
5.669009,-0.6943185,2.741361,9.593566
5.673416,-0.7254431,2.717419,9.593566
5.678046,-0.7637503,2.7006595,9.562442
5.68411,-0.79726917,2.6479871,9.572019
5.6891675,-0.81402856,2.5905263,9.55047
5.6935906,-0.842759,2.480393,9.569624
5.6981025,-0.8690952,2.408567,9.581595
5.704213,-0.8834604,2.372654,9.605537
5.7091913,-0.8571242,2.3104045,9.598354
5.7140245,-0.8571242,2.3104045,9.598354
5.7187095,-0.82360536,2.291251,9.586384
5.7253385,-0.81881696,2.2625206,9.600749
5.730004,-0.7541735,2.2768857,9.624691
5.735437,-0.7541735,2.2768857,9.624691
5.740173,-0.7589619,2.2888567,9.619903
5.7491517,-0.7589619,2.2888567,9.619903
5.751645,-0.7613561,2.3798366,9.56723
5.758964,-0.7613561,2.4349031,9.560047
5.7615366,-0.7565677,2.468422,9.56723
5.7665367,-0.7661445,2.4899697,9.540894
5.7707977,-0.7661445,2.4899697,9.540894
5.7734604,-0.8619126,2.5306711,9.516952
5.78118,-0.8858546,2.5067291,9.560047
5.7846355,-0.90979666,2.5450363,9.56723
5.7933226,-0.92176765,2.5210943,9.600749
5.7980847,-0.9552865,2.4588451,9.586384
5.80267,-0.9552865,2.4588451,9.586384
5.807355,-0.92895025,2.420538,9.603143
5.8146477,-0.8714894,2.4037786,9.643845
5.819314,-0.8523358,2.3511062,9.68694
5.8245773,-0.8523358,2.3511062,9.68694
5.8293037,-0.8690952,2.2840683,9.598354
5.8382196,-0.8690952,2.2840683,9.598354
5.840717,-0.94570965,2.3295584,9.545682
5.8486176,-0.94810385,2.3654714,9.536105
5.8511963,-0.9600749,2.3415294,9.55047
5.859526,-0.9576807,2.2816741,9.509769
5.86215,-0.9864111,2.2816741,9.533711
5.8700666,-0.9744401,2.3463178,9.524135
5.8749123,-0.9744401,2.348712,9.526528
5.881815,-0.94092125,2.3678656,9.56723
5.886637,-0.92895025,2.3870192,9.55047
5.8921895,-0.91219085,2.3870192,9.5385
5.896889,-0.92895025,2.4037786,9.502586
5.903776,-0.91937345,2.4516625,9.574412
5.908522,-0.8714894,2.432509,9.564836
5.9143767,-0.8714894,2.432509,9.564836
5.91903,-0.8690952,2.3894134,9.449914
5.927934,-0.8834604,2.3798366,9.411607
5.930458,-0.8738836,2.360683,9.421184
5.9377418,-0.878672,2.4037786,9.406818
5.9403195,-0.8619126,2.4061728,9.368511
5.9453197,-0.8643068,2.4253263,9.43076
5.949542,-0.8643068,2.4253263,9.43076
5.9545207,-0.8643068,2.4157495,9.576807
5.9591026,-0.8355764,2.3942018,9.627085
5.963776,-0.8331822,2.3774424,9.67018
5.971302,-0.8331822,2.3511062,9.68694
5.9760537,-0.842759,2.3582888,9.730036
5.9806385,-0.8643068,2.4013844,9.775525
5.984022,-0.8858546,2.4301147,9.813833
5.991106,-0.89543146,2.4516625,9.840169
5.995838,-0.92895025,2.4277205,9.842564
6.000421,-0.94092125,2.4229321,9.811439
6.0051455,-0.9624691,2.4277205,9.794679
6.0127587,-0.9840169,2.4420857,9.768343
6.017442,-0.9624691,2.4708161,9.7324295
6.0226984,-0.9624691,2.4708161,9.7324295
6.027381,-0.90500826,2.4660277,9.67018
6.0359025,-0.90500826,2.4660277,9.67018
6.038378,-0.8571242,2.384625,9.734824
6.0462823,-0.8571242,2.348712,9.7563715
6.048877,-0.8619126,2.303222,9.82341
6.0574713,-0.842759,2.2481554,9.832987
6.060075,-0.8690952,2.111686,9.945514
6.067618,-0.8690952,2.111686,9.945514
6.070213,-0.93134445,2.0135236,10.014946
6.078408,-0.93134445,2.0135236,10.014946
6.0832515,-0.9600749,2.0207062,9.988609
6.087849,-0.9816227,2.0494366,10.010158
6.092524,-0.9935937,2.1092918,9.964667
6.0997367,-1.0031705,2.1906946,9.909601
6.1044397,-0.9983821,2.291251,9.818622
6.1090374,-0.9840169,2.420538,9.811439
6.113697,-0.9935937,2.4732103,9.746795
6.1207895,-1.0055647,2.5019407,9.696517
6.1255317,-1.0055647,2.4971523,9.660604
6.130149,-1.0055647,2.4971523,9.660604
6.134849,-0.9840169,2.4612393,9.603143
6.141738,-0.9648633,2.3942018,9.653421
6.1464667,-0.9528923,2.2122424,9.67018
6.151909,-0.9552865,2.0685902,9.595961
6.154421,-0.9552865,1.9967642,9.5385
6.1594205,-0.92416185,1.9680338,9.478644
6.1658854,-0.92416185,1.9680338,9.478644
6.1684866,-0.90740246,1.9632454,9.411607
6.176221,-0.89303726,1.9632454,9.382876
6.178811,-0.8475474,2.066196,9.296685
6.1874657,-0.8475474,2.066196,9.296685
6.1923676,-0.8738836,2.1068976,9.31105
6.196966,-0.90740246,2.135628,9.368511
6.2016478,-0.93134445,2.1619642,9.3661175
6.2086024,-0.9720459,2.2242134,9.378088
6.213285,-0.9864111,2.2529438,9.380483
6.217918,-0.9864111,2.3080103,9.399636
6.2225795,-0.9768343,2.3511062,9.397242
6.2298203,-0.92655605,2.3918076,9.41879
6.2345176,-0.92655605,2.3511062,9.476251
6.2397676,-0.92655605,2.3511062,9.476251
6.244454,-0.9720459,2.3175871,9.509769
6.2514706,-0.9720459,2.3175871,9.509769
6.253971,-0.9672575,2.2744915,9.562442
6.258971,-0.9768343,2.2649148,9.615114
6.26393,-0.9768343,2.2649148,9.615114
6.266497,-1.0007763,2.2242134,9.591172
6.2753043,-1.0151415,2.2050598,9.588778
6.2779293,-0.9864111,2.2170308,9.7324295
6.28544,-0.9864111,2.2170308,9.7324295
6.290277,-0.94570965,2.2218192,9.821015
6.297182,-0.90021986,2.2337902,9.849746
6.3018656,-0.90740246,2.2720973,9.911995
6.306473,-0.89064306,2.291251,9.950302
6.3111305,-0.92176765,2.2888567,10.012551
6.3178806,-0.9792285,2.2505496,10.072407
6.3225646,-1.0319009,2.2098482,10.077195
6.3271646,-1.079785,2.1883004,10.077195
6.3318324,-1.1252748,2.1667526,10.0987425
6.3384933,-1.1468226,2.1859062,10.06283
6.343207,-1.1180922,2.2577322,10.043676
6.348652,-1.1180922,2.2577322,10.043676
6.3533335,-1.1061212,2.2864625,10.024523
6.361893,-1.0965444,2.327164,10.055647
6.364388,-1.067814,2.3511062,10.101137
6.3717594,-1.0414777,2.3511062,10.132261
6.3742976,-1.0414777,2.360683,10.132261
6.3792977,-1.0390835,2.3774424,10.1226845
6.384497,-1.0390835,2.3774424,10.1226845
6.3895054,-1.0247183,2.4540567,10.144233
6.394119,-1.0366893,2.4947581,10.141838
6.3987327,-1.043872,2.5067291,10.180145
6.4057374,-1.0821792,2.5115175,10.170568
6.41041,-1.091756,2.5210943,10.146626
6.415339,-1.1300632,2.4947581,10.177752
6.4200125,-1.1252748,2.456451,10.15381
6.427264,-1.1109096,2.4301147,10.151415
6.4319916,-1.1204864,2.4013844,10.134656
6.4365835,-1.1013328,2.3774424,10.170568
6.441241,-1.0510546,2.3511062,10.139444
6.4488554,-1.0223241,2.2960393,10.18254
6.451345,-1.0175357,2.1787236,10.230424
6.4563446,-1.0223241,2.1284454,10.218452
6.4621124,-1.0223241,2.1284454,10.218452
6.4647107,-1.0079589,2.1212628,10.206482
6.4731293,-0.9768343,2.1404164,10.18254
6.4757357,-0.94570965,2.147599,10.156203
6.483692,-0.92895025,2.15957,10.1226845
6.488576,-0.94570965,2.1811178,10.01734
6.4952283,-0.9864111,2.2290018,9.983821
6.4999003,-1.0390835,2.27928,9.947908
6.5054407,-1.0390835,2.3199813,9.880871
6.5101,-1.067814,2.3439236,9.840169
6.516792,-1.0821792,2.3535004,9.854534
6.5214972,-1.0319009,2.3223755,9.809045
6.5273504,-1.0319009,2.3223755,9.809045
6.5320034,-0.9672575,2.2529438,9.758766
6.5408654,-0.9672575,2.2529438,9.758766
6.5433607,-0.90500826,2.171541,9.792285
6.5508537,-0.89782566,2.1188686,9.7324295
6.55344,-0.90021986,2.0566192,9.749189
6.5584397,-0.90979666,2.018312,9.722853
6.5626717,-0.90979666,2.018312,9.722853
6.567658,-0.9672575,1.9393034,9.713276
6.572242,-1.0007763,1.9632454,9.679757
6.5769453,-1.0247183,2.0087352,9.64145
6.584413,-1.0247183,2.0087352,9.64145
6.5890746,-1.043872,2.0135236,9.607931
6.593688,-1.0606314,2.0494366,9.545682
6.598482,-1.0726024,2.0805612,9.545682
6.605704,-1.0893618,2.0925324,9.569624
6.6103606,-1.0630256,2.1260512,9.61272
6.615632,-1.0366893,2.1021092,9.672575
6.620338,-1.0127473,2.0638018,9.682152
6.627939,-0.9624691,2.0638018,9.7084875
6.630419,-0.8834604,2.0518308,9.713276
6.6354184,-0.8595184,2.0757728,9.7084875
6.640115,-0.8595184,2.0757728,9.7084875
6.6427045,-0.8499416,2.0733786,9.706094
6.6513195,-0.89064306,2.0853498,9.682152
6.656218,-0.91937345,2.1523874,9.634268
6.661756,-0.91937345,2.1523874,9.634268
6.6651373,-0.9840169,2.2266076,9.624691
6.672791,-0.9840169,2.2266076,9.624691
6.6774654,-1.0582372,2.2266076,9.631873
6.6830125,-1.1180922,2.2337902,9.674969
6.6876736,-1.1348516,2.183512,9.653421
6.6942925,-1.1348516,2.1811178,9.653421
6.6989527,-1.1133038,2.1643584,9.694122
6.7035437,-1.0821792,2.1643584,9.737218
6.708411,-1.0630256,2.1739352,9.7563715
6.7154326,-1.0414777,2.1428106,9.677363
6.7201295,-1.0007763,2.2050598,9.722853
6.725603,-1.0007763,2.2050598,9.722853
6.7280993,-0.9528923,2.2098482,9.725247
6.7330995,-0.92655605,2.1667526,9.710882
6.7395573,-0.92655605,2.1667526,9.710882
6.7421517,-0.94331545,2.1643584,9.655815
6.7498503,-0.9792285,2.1452048,9.624691
6.752479,-0.9864111,2.15957,9.581595
6.7608905,-0.9935937,2.15957,9.56723
6.7657866,-1.0127473,2.1787236,9.636662
6.7703633,-1.0127473,2.1619642,9.653421
6.775095,-1.0199299,2.147599,9.610326
6.781991,-1.0199299,2.147599,9.610326
6.7866745,-0.9864111,2.171541,9.607931
6.7912617,-0.9744401,2.1499932,9.643845
6.794643,-0.9888053,2.1284454,9.662998
6.8019013,-0.9888053,2.1284454,9.662998
6.806634,-1.0414777,2.1188686,9.739613
6.811227,-1.0606314,2.1404164,9.749189
6.814592,-1.067814,2.1523874,9.821015
6.821332,-1.067814,2.1523874,9.821015
6.8260508,-1.0773908,2.183512,9.967062
6.8302073,-1.1013328,2.2050598,9.988609
6.8350506,-1.0989386,2.1930888,10.000581
6.8419585,-1.0989386,2.1930888,10.000581
6.8466997,-1.0893618,2.2098482,10.041282
6.851286,-1.079785,2.1978772,10.024523
6.856007,-1.0749966,2.1691468,9.967062
6.863163,-1.0702082,2.15957,9.921572
6.867838,-1.0534488,2.1332338,9.962274
6.873071,-1.0295067,2.1380222,9.931149
6.8777437,-1.0319009,2.123657,9.911995
6.884927,-1.0199299,2.1332338,9.916783
6.8873906,-1.0007763,2.1499932,9.837775
6.8923903,-0.9648633,2.1739352,9.7563715
6.8968124,-0.9648633,2.1739352,9.7563715
6.8993917,-0.9648633,2.2170308,9.739613
6.9081707,-0.9816227,2.2481554,9.7084875
6.9108,-0.9888053,2.2697031,9.648633
6.918286,-1.0103531,2.303222,9.648633
6.923091,-1.0127473,2.2816741,9.68694
6.929985,-1.0199299,2.267309,9.6845455
6.934667,-1.0366893,2.2385786,9.730036
6.9392414,-1.0271125,2.1906946,9.7803135
6.9439697,-1.0151415,2.1332338,9.825804
6.950593,-1.0151415,2.1332338,9.825804
6.9552813,-1.0175357,1.9680338,9.923966
6.959856,-0.9959879,1.9393034,9.92636
6.9645348,-0.9816227,1.9393034,9.962274
6.971531,-0.9768343,1.9416976,9.945514
6.9763746,-0.9816227,2.0015526,9.952697
6.981807,-0.9959879,2.054225,9.928755
6.9851213,-1.0079589,2.1140802,9.885659
6.991595,-1.0534488,2.15957,9.809045
6.996356,-1.0702082,2.1906946,9.773131
7.0017962,-1.079785,2.2601264,9.725247
7.0051293,-1.0989386,2.2744915,9.753978
7.011633,-1.0893618,2.3008277,9.715671
7.016365,-1.0726024,2.303222,9.696517
7.0222616,-1.0271125,2.2888567,9.674969
7.024736,-1.0534488,2.2768857,9.643845
7.029736,-1.0079589,2.2816741,9.65821
7.0364547,-1.0079589,2.2816741,9.65821
7.039079,-0.9935937,2.219425,9.67018
7.0473623,-1.0031705,2.1930888,9.67018
7.0520525,-1.0247183,2.1906946,9.68694
7.0596623,-1.0247183,2.1906946,9.68694
7.064339,-1.0462662,2.195483,9.715671
7.068989,-1.043872,2.1763294,9.701305
7.073648,-1.067814,2.15957,9.691729
7.08105,-1.0534488,2.1523874,9.698911
7.085824,-1.0654198,2.1499932,9.682152
7.0910964,-1.0702082,2.1547816,9.6845455
7.094419,-1.055843,2.1404164,9.68694
7.101486,-1.0414777,2.1260512,9.691729
7.1039557,-1.0175357,2.1260512,9.648633
7.1128926,-0.89782566,2.1164744,9.598354
7.115463,-0.8619126,2.1188686,9.576807
7.120463,-0.8619126,2.1188686,9.576807
7.125899,-0.8619126,2.1188686,9.576807
7.1308727,-0.82599956,2.1188686,9.536105
7.135604,-0.82599956,2.1188686,9.536105
7.140258,-0.830788,2.1045034,9.543288
7.1478047,-0.8714894,2.1332338,9.536105
7.1524816,-1.0223241,2.1523874,9.555259
7.1580873,-1.0749966,2.1404164,9.598354
7.1627655,-1.1252748,2.1332338,9.624691
7.1693993,-1.1611878,2.135628,9.634268
7.174146,-1.1563994,2.1571758,9.651027
7.17996,-1.1611878,2.1643584,9.662998
7.1847014,-1.1611878,2.1428106,9.679757
7.1913652,-1.127669,2.1260512,9.68694
7.193851,-1.127669,2.1571758,9.651027
7.20251,-1.0821792,2.15957,9.691729
7.205058,-0.9864111,2.1523874,9.7084875
7.210058,-0.92895025,2.1428106,9.737218
7.2148523,-0.92895025,2.1428106,9.737218
7.21998,-0.8810662,2.1212628,9.720459
7.224638,-0.8619126,2.0709844,9.751583
7.229289,-0.8714894,2.0350714,9.742006
7.237422,-0.90500826,2.0278888,9.742006
7.2420826,-0.9744401,2.0039468,9.691729
7.24674,-0.9959879,2.0350714,9.65821
7.2514143,-1.0079589,2.0685902,9.64145
7.258674,-1.043872,2.0949266,9.639056
7.263644,-1.0726024,2.1260512,9.622296
7.268948,-1.0989386,2.1523874,9.634268
7.2725153,-1.0893618,2.195483,9.593566
7.279578,-1.0630256,2.243367,9.595961
7.282053,-1.0295067,2.267309,9.562442
7.29091,-0.9959879,2.2984335,9.583989
7.293478,-0.9552865,2.2720973,9.634268
7.298478,-0.9552865,2.2720973,9.634268
7.303982,-0.9552865,2.2720973,9.634268
7.308994,-0.94092125,2.2218192,9.744401
7.3146033,-0.92416185,2.1763294,9.813833
7.3192697,-0.93613285,2.147599,9.878476
7.326297,-0.9648633,2.0949266,9.933543
7.3309565,-1.0103531,2.0566192,9.957485
7.3357177,-1.0223241,2.066196,9.923966
7.340373,-1.0606314,2.0973208,9.950302
7.347,-1.0606314,2.0973208,9.950302
7.3516474,-1.1180922,2.1452048,9.928755
7.356281,-1.127669,2.1619642,9.864111
7.3609953,-1.1133038,2.2098482,9.832987
7.368009,-1.1300632,2.2218192,9.801862
7.3727374,-1.1228806,2.2529438,9.797073
7.3781786,-1.1061212,2.2457612,9.77792
7.380686,-1.0654198,2.207454,9.768343
7.385686,-1.0342951,2.1404164,9.770737
7.392088,-1.0342951,2.1404164,9.770737
7.394668,-0.9935937,2.0518308,9.773131
7.4023814,-0.9552865,2.042254,9.799467
7.406091,-0.93613285,2.0494366,9.785102
7.4147205,-0.94092125,2.0829554,9.763555
7.419553,-0.9744401,2.1499932,9.749189
7.4242167,-0.9744401,2.1499932,9.749189
7.4275827,-1.103727,2.219425,9.773131
7.4325833,-1.1971009,2.2768857,9.818622
7.437583,-1.1971009,2.2768857,9.818622
7.4420357,-1.1971009,2.2768857,9.818622
7.444623,-1.2497733,2.2960393,9.835381
7.449434,-1.2617443,2.2744915,9.876082
7.451947,-1.2641385,2.2409728,9.900024
7.460427,-1.2641385,2.2409728,9.900024
7.4630203,-1.2186487,2.1547816,9.923966
7.468752,-1.1779473,2.1404164,9.933543
7.4713044,-1.1779473,2.1404164,9.933543
7.4763045,-1.1133038,2.087744,9.957485
7.481653,-1.1133038,2.087744,9.957485
7.484276,-1.0199299,2.0374656,10.005369
7.4914064,-0.9840169,2.0015526,10.0508585
7.494025,-0.92895025,1.9632454,10.01734
7.4990253,-0.90740246,1.9656396,10.031705
7.5031633,-0.90740246,1.9656396,10.031705
7.506619,-0.91219085,1.9680338,10.005369
7.5111966,-0.91219085,1.9680338,10.005369
7.5160193,-0.9504981,1.9560628,9.92636
7.5232086,-0.9935937,1.9776106,9.892841
7.5278873,-1.0893618,2.0709844,9.844957
7.532492,-1.0893618,2.0709844,9.844957
7.5371733,-1.1204864,2.135628,9.77792
7.544073,-1.1204864,2.135628,9.77792
7.5487514,-1.1204864,2.1978772,9.76116
7.5533476,-1.115698,2.2026656,9.792285
7.5580816,-1.0869676,2.1811178,9.782708
7.564732,-1.0869676,2.1811178,9.782708
7.569406,-0.9935937,2.1212628,9.797073
7.5740705,-0.9648633,2.087744,9.842564
7.5787473,-0.9600749,2.0829554,9.837775
7.585753,-0.9648633,2.0829554,9.818622
7.5882573,-0.9696517,2.0685902,9.794679
7.5942936,-1.0127473,2.0805612,9.782708
7.598966,-1.0534488,2.0949266,9.7563715
7.6058307,-1.0821792,2.1164744,9.725247
7.6083045,-1.0989386,2.1308396,9.720459
7.6133046,-1.1228806,2.1404164,9.701305
7.6174235,-1.1228806,2.1404164,9.701305
7.6199703,-1.1180922,2.123657,9.6845455
7.624971,-1.1109096,2.1068976,9.629479
7.6299095,-1.1109096,2.1068976,9.629479
7.632536,-1.0773908,2.1045034,9.639056
7.6401186,-1.0582372,2.0805612,9.655815
7.6449795,-1.0295067,2.0398598,9.68694
7.6535044,-1.0247183,2.0015526,9.7084875
7.6582637,-1.0127473,1.9632454,9.753978
7.663492,-1.0079589,1.9752164,9.770737
7.6682315,-1.0199299,1.9991584,9.76116
7.675784,-1.0366893,2.018312,9.782708
7.6782794,-1.0702082,2.0374656,9.809045
7.6865807,-1.0965444,2.0853498,9.758766
7.6891446,-1.1420342,2.1332338,9.7084875
7.6981063,-1.1659763,2.2002714,9.643845
7.700691,-1.1923125,2.3008277,9.579201
7.705692,-1.2018893,2.2936451,9.536105
7.7099285,-1.2018893,2.2936451,9.536105
7.713393,-1.1731589,2.2649148,9.507375
7.721012,-1.1563994,2.231396,9.536105
7.725745,-1.0606314,2.1212628,9.536105
7.731306,-1.0606314,2.1212628,9.536105
7.7360673,-0.9792285,1.9967642,9.572019
7.742708,-0.9792285,1.9967642,9.572019
7.7474003,-0.89782566,1.8794483,9.622296
7.7532125,-0.90261406,1.8411411,9.672575
7.757933,-0.91219085,1.8100165,9.734824
7.764916,-0.9696517,1.8124107,9.749189
7.7674074,-1.0295067,1.8076223,9.773131
7.776066,-1.0773908,1.8411411,9.811439
7.7786117,-1.1468226,1.8914193,9.880871
7.783612,-1.1994951,1.9440918,9.880871
7.789097,-1.1994951,1.9440918,9.880871
7.794076,-1.2497733,2.0566192,9.864111
7.798657,-1.2449849,2.1188686,9.861717
7.803338,-1.2330139,2.195483,9.840169
7.8107615,-1.2114661,2.2266076,9.830592
7.8155303,-1.1492168,2.2290018,9.895236
7.820142,-1.1492168,2.2290018,9.895236
7.8248277,-1.1061212,2.2002714,9.849746
7.832092,-1.1061212,2.2002714,9.849746
7.836789,-1.0606314,2.087744,9.92636
7.8420157,-1.0486604,2.0350714,9.97185
7.8467035,-1.0486604,1.9895816,9.967062
7.854277,-1.055843,1.9440918,9.945514
7.856776,-1.0845734,1.9297266,9.94312
7.864453,-1.0773908,1.9560628,9.895236
7.867003,-1.1013328,1.982399,9.880871
7.8720026,-1.1420342,2.0254946,9.821015
7.8760314,-1.1420342,2.0254946,9.821015
7.8786063,-1.1971009,2.1547816,9.727641
7.883606,-1.1803415,2.231396,9.703699
7.8879766,-1.1803415,2.231396,9.703699
7.891448,-1.1827357,2.3008277,9.610326
7.899012,-1.1659763,2.3223755,9.598354
7.9036875,-1.151611,2.3558946,9.610326
7.9093,-1.151611,2.3558946,9.610326
7.913993,-1.1109096,2.3247697,9.710882
7.9206343,-1.1109096,2.3247697,9.710882
7.925372,-1.043872,2.171541,9.801862
7.9312153,-1.0342951,2.1140802,9.840169
7.9345665,-1.0390835,2.0709844,9.876082
7.9414005,-1.0390835,2.0709844,9.876082
7.946223,-1.4221559,1.7764976,8.810662
7.9521346,-2.0254946,2.5187001,10.036493
7.9546137,-0.92895025,2.7629087,9.631873
7.959614,-0.6703765,2.4492683,9.224859
7.9645324,-0.6703765,2.4492683,9.224859
7.96713,-1.2521675,2.0925324,9.485827
7.9753227,-1.1587936,1.9632454,9.591172
7.977894,-1.0654198,1.8076223,9.725247
7.9828935,-1.0654198,1.8076223,9.725247
7.9875965,-1.0654198,1.8076223,9.725247
7.992544,-1.1779473,1.6208745,9.921572
7.997168,-1.1755531,1.661576,9.983821
8.001858,-1.1563994,1.7166426,10.093954
8.007341,-1.1971009,1.8243817,10.187328
8.014828,-1.3694834,2.087744,10.374076
8.019423,-1.3359646,2.0278888,10.275913
8.022666,-0.78769237,1.1444284,10.2495775
8.027666,-1.2354081,1.2306197,10.2735195
8.032666,-1.2354081,1.2306197,10.2735195
8.036254,-1.2354081,1.2306197,10.2735195
