0.0,-0.12250541,-0.087618,0.27457193
0.002471302,-0.16618125,-0.025832662,0.26072347
0.00842302,-0.22903186,0.0055926386,0.26312032
0.011414843,-0.31052458,0.011185277,0.28043085
0.020151718,-0.40586576,-0.002396845,0.3086604
0.022902813,-0.5123922,-0.030626353,0.34408042
0.028229218,-0.6261092,-0.061519023,0.38908786
0.034376305,-0.8956211,-0.107858025,0.46472162
0.039376304,-1.0615361,-0.16298546,0.4812332
0.043380935,-1.0615361,-0.16298546,0.4812332
0.047280416,-1.2492889,-0.20905815,0.520648
0.051789064,-1.444765,-0.2412824,0.5864281
0.056266304,-1.6346483,-0.24660872,0.6711166
0.06340156,-1.7979001,-0.18455707,0.78936094
0.070740364,-1.768339,0.13528858,0.7850999
0.07955313,-1.6817863,0.27457193,0.6641924
0.08466901,-1.6338494,0.39361522,0.59787965
0.09187734,-1.5965651,0.50360376,0.6199839
0.09434734,-1.5512913,0.5001417,0.63383234
0.102937184,-1.4924355,0.4745753,0.64741445
0.10651417,-1.4263891,0.43063316,0.6713829
0.112226665,-1.4306501,0.37337518,0.7121293
0.116451666,-1.526524,0.2873551,0.78776306
0.123127505,-1.65622,0.21252026,0.89162636
0.12633911,-1.8298581,0.13821806,1.0218549
0.13133912,-2.0532973,0.08149273,1.1653993
0.13610318,-2.0532973,0.08149273,1.1653993
0.14020328,-2.4495757,0.056991648,1.4679344
0.14391427,-2.6330674,0.087085366,1.6085494
0.14843349,-2.8234835,0.1323591,1.73212
0.1572188,-3.0019152,0.20080236,1.8362496
0.15955229,-3.1646345,0.2759035,1.9286613
0.16673458,-3.3119073,0.35446674,2.017877
0.16959432,-3.431483,0.42743737,2.1057615
0.17800526,-3.53002,0.4926848,2.191249
0.18362124,-3.609116,0.53742594,2.2668827
0.18987402,-3.7071204,0.5685849,2.3837955
0.19228959,-3.7510624,0.5526059,2.4319987
0.19728959,-3.8109837,0.52650696,2.4881914
0.20131432,-3.8109837,0.52650696,2.4881914
0.20552233,-3.8959384,0.5049353,2.5555694
0.20966947,-4.0003343,0.49667954,2.6399915
0.21416776,-4.110589,0.5118596,2.739594
0.22236463,-4.1891522,0.5454154,2.8421257
0.22617447,-4.2245727,0.6660566,3.0154974
0.23117448,-4.190484,0.7254451,3.072489
0.23617448,-4.190484,0.7254451,3.072489
0.23871917,-4.190484,0.7254451,3.072489
0.24113636,-4.098871,0.7965515,3.1361384
0.24613635,-4.093279,0.7976168,3.1638355
0.25060531,-4.093279,0.7976168,3.1638355
0.2542685,-4.1308293,0.7816378,3.195527
0.25973678,-4.1998053,0.7518104,3.2269523
0.26552734,-4.2868905,0.70866716,3.2586439
0.27164465,-4.387824,0.6508766,3.2802155
0.27493104,-4.5036716,0.58083546,3.2828786
0.280954,-4.640292,0.5001417,3.2682314
0.2864089,-4.977182,0.31664985,3.2072449
0.2933928,-4.977182,0.31664985,3.2072449
0.3007299,-5.616074,0.03888215,3.1987228
0.30535403,-5.616074,0.03888215,3.1987228
0.30775297,-5.8219366,-0.025566347,3.2581112
0.31275296,-6.0078254,-0.049002163,3.349724
0.3173576,-6.0078254,-0.049002163,3.349724
0.32011053,-6.1572285,-0.02130529,3.460778
0.3246776,-6.2171497,0.064182185,3.5707664
0.32812613,-6.188654,0.21544974,3.661314
0.33312616,-5.7782607,0.5454154,3.7561226
0.33903515,-5.7782607,0.5454154,3.7561226
0.34403518,-5.0243196,0.65913236,3.730556
0.3492693,-5.0243196,0.65913236,3.730556
0.3564366,-4.633634,0.57124805,3.7132456
0.3614366,-3.5598476,-0.14168017,3.722034
0.3664366,-3.5598476,-0.14168017,3.722034
0.37039745,-3.5598476,-0.14168017,3.722034
0.3791948,-3.5598476,-0.14168017,3.722034
0.3863016,-3.3955305,-0.28575718,3.603257
0.39066556,-3.3955305,-0.28575718,3.603257
0.39480355,-3.5486622,-0.2775014,3.5079157
0.40088865,-3.5486622,-0.2775014,3.5079157
0.40827537,-3.7803571,-0.29854035,3.445598
0.41415113,-3.9033952,-0.32410672,3.4266894
0.4167613,-4.023504,-0.35553202,3.4131074
0.4254401,-4.138552,-0.39441416,3.4021883
0.428142,-4.258128,-0.43249738,3.397661
0.433142,-4.5590653,-0.47217846,3.4477284
0.43792173,-4.5590653,-0.47217846,3.4477284
0.4406653,-4.6980824,-0.47004795,3.5049863
0.4472785,-4.76839,-0.46392268,3.5603802
0.4522785,-4.6442866,-0.46685216,3.597398
0.4590877,-4.6442866,-0.46685216,3.597398
0.46720937,-4.487693,-0.48309743,3.569435
0.46981826,-4.143879,-0.52597433,3.4898064
0.47481826,-3.991546,-0.5363607,3.45918
0.47981828,-3.991546,-0.5363607,3.45918
0.4842079,-3.991546,-0.5363607,3.45918
0.48771286,-3.7561226,-0.50360376,3.4056504
0.49507767,-3.6642435,-0.4596616,3.3659694
0.49762338,-3.5862129,-0.40506682,3.3063145
0.5026234,-3.4373422,-0.26072347,3.1481228
0.5076234,-3.4373422,-0.26072347,3.1481228
0.5128371,-3.4373422,-0.26072347,3.1481228
0.515335,-3.2794166,-0.055926383,2.9744847
0.52405936,-3.1899345,0.059388492,2.8836708
0.5266053,-3.093528,0.16964336,2.786998
0.5316053,-2.866094,0.37017938,2.5901904
0.5366053,-2.866094,0.37017938,2.5901904
0.53967637,-2.866094,0.37017938,2.5901904
0.5446019,-2.6184201,0.54435015,2.4029703
0.5494663,-2.6184201,0.54435015,2.4029703
0.55814373,-2.386725,0.68842715,2.2130868
0.56314373,-2.288987,0.74089146,2.1132183
0.5681543,-2.288987,0.74089146,2.1132183
0.5769365,-2.0583572,0.8263789,1.8114822
0.585575,-1.9968382,0.83996105,1.7180053
0.5881534,-1.8769959,0.85700524,1.5403724
0.5931534,-1.8106833,0.8671253,1.4575481
0.5981534,-1.8106833,0.8671253,1.4575481
0.6021545,-1.8106833,0.8671253,1.4575481
0.60465133,-1.6479641,0.8966864,1.3046826
0.6096513,-1.555286,0.9166601,1.2378373
0.6136808,-1.555286,0.9166601,1.2378373
0.61622703,-1.4610102,0.93849796,1.1851068
0.621227,-1.2591426,0.99229383,1.117995
0.626227,-1.2591426,0.99229383,1.117995
0.62905294,-1.2591426,0.99229383,1.117995
0.6339804,-1.0524813,1.0407634,1.0844392
0.6387022,-1.0524813,1.0407634,1.0844392
0.6473849,-0.84076,1.0439591,1.052215
0.6523849,-0.7289072,1.0290455,1.0319749
0.65740126,-0.7289072,1.0290455,1.0319749
0.666163,-0.41172472,0.9076053,0.9579391
0.6747779,-0.31185618,0.8471516,0.9254485
0.6775159,-0.12996227,0.7107977,0.8556737
0.6825159,-0.050600063,0.65007764,0.8205199
0.6875159,-0.050600063,0.65007764,0.8205199
0.69144297,-0.050600063,0.65007764,0.8205199
0.6939409,0.111852765,0.5656554,0.7595336
0.7021102,0.18908444,0.5432849,0.742223
0.7046613,0.2660498,0.53955644,0.7307714
0.7096613,0.39547944,0.5640575,0.7259777
0.7146613,0.39547944,0.5640575,0.7259777
0.7176595,0.39547944,0.5640575,0.7259777
0.7225753,0.5153217,0.61385864,0.73157036
0.7274376,0.5153217,0.61385864,0.73157036
0.73613304,0.6261092,0.63409865,0.7238472
0.74113303,0.67724186,0.629305,0.711863
0.7461322,0.67724186,0.629305,0.711863
0.7548703,0.77870834,0.56645435,0.6564692
0.76344484,0.788562,0.5344964,0.6346313
0.76604694,0.77897465,0.474309,0.5858955
0.77104694,0.7688546,0.4498079,0.5563344
0.77604693,0.7688546,0.4498079,0.5563344
0.7800151,0.7688546,0.4498079,0.5563344
0.78249127,0.7406251,0.4034689,0.47271112
0.78749126,0.71825457,0.37710363,0.41971418
0.7917024,0.71825457,0.37710363,0.41971418
0.7942722,0.6892261,0.3536678,0.3640541
0.7992722,0.6066681,0.32011196,0.25992453
0.8042722,0.6066681,0.32011196,0.25992453
0.8069416,0.6066681,0.32011196,0.25992453
0.81183904,0.4990764,0.30280143,0.16085494
0.8166552,0.4990764,0.30280143,0.16085494
0.8253348,0.39574575,0.29294774,0.052996907
0.8303348,0.34088463,0.27856666,-0.01304949
0.8353065,0.34088463,0.27856666,-0.01304949
0.84402376,0.17789917,0.18136127,-0.24501082
0.8525523,0.11984225,0.133957,-0.3254383
0.85515475,-0.0034621095,0.03089267,-0.48682585
0.86015475,-0.061519023,-0.01784318,-0.56272596
0.86515474,-0.061519023,-0.01784318,-0.56272596
0.8691939,-0.061519023,-0.01784318,-0.56272596
0.87169105,-0.16538231,-0.09667275,-0.7121293
0.8800701,-0.21571605,-0.12703279,-0.7800399
0.8826195,-0.2625877,-0.15686019,-0.8444884
0.8876195,-0.34487936,-0.19947077,-0.9584717
0.8926195,-0.34487936,-0.19947077,-0.9584717
0.8956837,-0.34487936,-0.19947077,-0.9584717
0.9006393,-0.40559945,-0.2314287,-1.052215
0.9053813,-0.40559945,-0.2314287,-1.052215
0.9124961,-0.44900897,-0.26072347,-1.1294466
0.9211396,-0.46658584,-0.2711098,-1.164334
0.92366374,-0.4822985,-0.28043085,-1.197091
0.9317215,-0.49481535,-0.28895298,-1.2285162
0.93432504,-0.5057343,-0.29880667,-1.2815131
0.93932503,-0.5070659,-0.3006709,-1.3038837
0.945293,-0.5070659,-0.3006709,-1.3038837
0.95008373,-0.49215218,-0.29960564,-1.3451627
0.954893,-0.49215218,-0.29960564,-1.3451627
0.9621156,-0.46951532,-0.29933932,-1.3733922
0.9706586,-0.4527374,-0.29667616,-1.3813816
0.9731662,-0.4316984,-0.2892193,-1.3848438
0.9804947,-0.40879524,-0.28469193,-1.3869743
0.9830844,-0.37950045,-0.27696875,-1.3864417
0.9880844,-0.30812773,-0.26019084,-1.3789848
0.9945515,-0.30812773,-0.26019084,-1.3789848
0.9994174,-0.2231729,-0.2580603,-1.3550164
1.004128,-0.2231729,-0.2580603,-1.3550164
1.0113473,-0.046072688,-0.3392867,-1.2442288
1.019935,0.14327806,-0.4245079,-1.0873687
1.0224525,0.4359595,-0.51452273,-0.87032104
1.0303527,0.8069378,-0.597347,-0.6356966
1.0329313,1.2199941,-0.67005134,-0.43089947
1.0379313,2.0423782,-0.7866978,-0.08868326
1.0434972,2.0423782,-0.7866978,-0.08868326
1.0483164,2.4051008,-0.8423579,0.051132694
1.0538486,2.718555,-0.9041432,0.15739283
1.0610535,3.1678302,-1.0327739,0.27989823
1.0696164,3.3148367,-1.0855045,0.33768883
1.072132,3.4266894,-1.1030813,0.42077947
1.0781078,3.5100465,-1.0788466,0.5222459
1.0815377,3.5707664,-1.0146644,0.6263755
1.0865376,3.609116,-0.92464954,0.7206514
1.0919659,3.609116,-0.92464954,0.7206514
1.096881,3.6466665,-0.68656296,0.87618
1.1012948,3.6679718,-0.5478122,0.9331717
1.1082324,3.6695697,-0.3997405,0.9752496
1.1151637,3.623497,-0.26045716,0.99522334
1.1196707,3.3904705,-0.0314253,0.9683254
1.1264341,3.3904705,-0.0314253,0.9683254
1.1288162,3.0131006,0.10945592,0.85753787
1.1338162,2.7755466,0.15419704,0.784301
1.140186,2.7755466,0.15419704,0.784301
1.1426932,2.2242723,0.21678132,0.6279734
1.150591,1.9244002,0.24554345,0.5456817
1.1576002,1.6162724,0.27190876,0.45833004
1.1639528,1.3036174,0.29241508,0.36139098
1.1685052,0.6535397,0.31505197,0.14807177
1.1739967,0.6535397,0.31505197,0.14807177
1.180843,0.011451593,0.31451932,-0.0743022
1.1858431,-0.29134983,0.30599722,-0.18429075
1.1904707,-0.29134983,0.30599722,-0.18429075
1.1974686,-0.8514126,0.27457193,-0.3933489
1.2018731,-1.1044129,0.2591256,-0.4860269
1.2064915,-1.3424995,0.24554345,-0.5752428
1.2134318,-1.557683,0.23489082,-0.65247446
1.2202677,-1.9137475,0.22397186,-0.77631146
1.2285904,-2.0634172,0.22077605,-0.82211787
1.2310803,-2.1973743,0.21704763,-0.85966843
1.2360803,-2.4210799,0.20373182,-0.9147959
1.2412975,-2.4210799,0.20373182,-0.9147959
1.245924,-2.513225,0.1882855,-0.933438
1.2511954,-2.5896578,0.17070863,-0.94781905
1.2580547,-2.6991138,0.11930962,-0.9648633
1.2662281,-2.6991138,0.11930962,-0.9648633
1.2686038,-2.769155,0.054594804,-0.9733854
1.2752364,-2.7872643,0.017044231,-0.9717875
1.2785956,-2.7928572,-0.026897928,-0.97072226
1.2835956,-2.783536,-0.073236935,-0.9691243
1.2893659,-2.783536,-0.073236935,-0.9691243
1.2944118,-2.7257454,-0.17310548,-0.96140116
1.2990865,-2.6823359,-0.22530343,-0.9504822
1.3063915,-2.6296053,-0.2806972,-0.9350359
1.3149251,-2.5587652,-0.33262882,-0.9169264
1.3174025,-2.3726103,-0.41731736,-0.8671253
1.3257177,-2.2559638,-0.45007423,-0.83543366
1.3282888,-2.130529,-0.47377637,-0.79921466
1.3332887,-1.9928435,-0.4892227,-0.76512617
1.3391585,-1.9928435,-0.4892227,-0.76512617
1.3441354,-1.6993631,-0.4892227,-0.69535136
1.3497038,-1.5563514,-0.48336375,-0.6623282
1.3576919,-1.2697952,-0.45220476,-0.5925534
1.3662874,-1.1329087,-0.4346279,-0.55766594
1.3688056,-1.0032128,-0.41785,-0.5222459
1.376125,-0.8791095,-0.40107206,-0.48869008
1.3787037,-0.75394094,-0.38029942,-0.45699844
1.3837037,-0.5113269,-0.330232,-0.3888215
1.3887037,-0.5113269,-0.330232,-0.3888215
1.3916851,-0.5113269,-0.330232,-0.3888215
1.3967166,-0.283893,-0.27164245,-0.31984565
1.4019493,-0.283893,-0.27164245,-0.31984565
1.4106683,-0.06364955,-0.19361182,-0.24208134
1.4156682,0.11318435,-0.09986854,-0.16591494
1.4206523,0.11318435,-0.09986854,-0.16591494
1.4294106,0.22290659,-2.663161E-4,-0.10519487
1.4379578,0.24421188,0.04660532,-0.07989483
1.4466944,0.20692763,0.16990969,-0.02876214
1.4552758,0.16724652,0.20133498,-0.018908445
1.457779,0.11744541,0.2247708,-0.010652645
1.4656701,0.05672533,0.24501082,-0.0037284256
1.4682714,-0.00958738,0.26205507,2.663161E-4
1.4732713,-0.14514229,0.29534456,-0.0063915867
1.4806802,-0.14514229,0.29534456,-0.0063915867
1.4854797,-0.27031085,0.32410672,-0.017576864
1.4913049,-0.27031085,0.32410672,-0.017576864
1.4938233,-0.41065946,0.30972564,-0.03568636
1.4988233,-0.56672066,0.24261399,-0.06524745
1.5038233,-0.56672066,0.24261399,-0.06524745
1.5096834,-0.56672066,0.24261399,-0.06524745
1.5136691,-0.7203851,0.13102753,-0.095074855
1.519022,-0.7203851,0.13102753,-0.095074855
1.5276722,-0.84821683,0.008522116,-0.1272991
1.5326723,-0.88896316,-0.043942157,-0.13795175
1.5376757,-0.88896316,-0.043942157,-0.13795175
1.5464137,-0.97738016,-0.13502227,-0.15419704
1.5550727,-0.9824402,-0.14434333,-0.15100123
1.5576746,-0.9824402,-0.14061491,-0.14647387
1.5626746,-0.9667275,-0.12330436,-0.12516858
1.5676746,-0.9667275,-0.12330436,-0.12516858
1.5703664,-0.9667275,-0.12330436,-0.12516858
1.5752755,-0.9267801,-0.09081379,-0.101200126
1.5823817,-0.9267801,-0.09081379,-0.101200126
1.5849358,-0.86366314,-0.058056913,-0.083889574
1.5899358,-0.76272935,-0.033822145,-0.060453758
1.5970033,-0.76272935,-0.033822145,-0.060453758
1.6018051,-0.7025419,-0.026631612,-0.048203215
1.6069568,-0.6399576,-0.021038974,-0.03781689
1.6156116,-0.49987534,-0.005060006,-0.017044231
1.6206114,-0.42264366,0.0053263223,-0.006657903
1.6255804,-0.42264366,0.0053263223,-0.006657903
1.6343206,-0.2050634,0.04314321,0.010120012
1.6397719,-0.2050634,0.04314321,0.010120012
1.6422708,-0.09773801,0.0628506,0.021837922
1.6472709,-0.054328486,0.066046394,0.025566347
1.6546173,-0.054328486,0.066046394,0.025566347
1.6634262,0.045540057,0.0479369,0.03009372
1.6692433,0.045540057,0.0479369,0.03009372
1.6739175,0.09267801,0.03169162,0.026365295
1.682523,0.09267801,0.03169162,0.026365295
1.685026,0.12756541,0.01438107,0.018908445
1.6900259,0.15313177,-0.002130529,0.011451593
1.6957312,0.15313177,-0.002130529,0.011451593
1.7005227,0.1603223,-0.011451593,0.007190535
1.7079188,0.16405073,-0.01784318,0.004527374
1.7166618,0.17150758,-0.03222425,0.002130529
1.7251995,0.17576863,-0.03701794,0.002130529
1.7339586,0.18136127,-0.029294772,0.0031957934
1.7389586,0.18082865,-0.02609898,0.0053263223
1.743869,0.18082865,-0.02609898,0.0053263223
1.7473186,0.175236,-0.016777916,0.014913702
1.7535595,0.175236,-0.016777916,0.014913702
1.7582419,0.15259913,-0.011717909,0.021571605
1.7656236,0.15259913,-0.011717909,0.021571605
1.7702874,0.1304949,-0.0053263223,0.022903185
1.7748802,0.12410331,-0.0031957934,0.023702133
1.7796164,0.11504856,-0.0026631611,0.023702133
1.7868768,0.11105382,-0.002396845,0.024234766
1.7915629,0.10839066,-0.004261058,0.024234766
1.7961751,0.104928546,-0.0037284256,0.023702133
1.8008429,0.10226539,-0.0053263223,0.023169503
1.8080915,0.099069595,-0.0034621095,0.023702133
1.810564,0.091080114,0.0013315806,0.025832662
1.8155642,0.084155895,0.0029294773,0.025832662
1.8207793,0.084155895,0.0029294773,0.025832662
1.8233209,0.08069378,0.0061252704,0.026631612
1.8283207,0.07350325,0.0077231675,0.025566347
1.8324902,0.07350325,0.0077231675,0.025566347
1.8359792,0.05539375,0.006924219,0.023169503
1.843312,0.05539375,0.006924219,0.023169503
1.8479955,0.0314253,0.0031957934,0.017044231
1.8549057,0.018375812,0.0,0.014114754
1.8595952,0.007989483,-0.005060006,0.00958738
1.86521,-0.0018642128,-0.006657903,0.0077231675
1.8698874,-0.011984225,-0.011451593,0.0063915867
1.8765262,-0.019973708,-0.013315806,0.0063915867
1.8812076,-0.02609898,-0.014913702,0.007190535
1.8870176,-0.030360037,-0.016245283,0.010918961
1.8894981,-0.031158986,-0.018642128,0.0127831735
1.8944982,-0.03542004,-0.025832662,0.013315806
1.9018948,-0.03542004,-0.025832662,0.013315806
1.9053377,-0.039414786,-0.033289514,0.014647386
1.9119378,-0.039414786,-0.033289514,0.014647386
1.9166665,-0.041279,-0.029294772,0.007989483
1.9239217,-0.041279,-0.029294772,0.007989483
1.9286608,-0.042876896,-0.021571605,-0.002396845
1.9332498,-0.043675844,-0.01784318,-0.0053263223
1.937949,-0.046871636,-0.017576864,-0.008522116
1.9455339,-0.049801115,-0.016511599,-0.011717909
1.9502146,-0.052996907,-0.015446335,-0.01304949
1.9554677,-0.055127434,-0.01571265,-0.01304949
1.9601426,-0.06258429,-0.015180019,-0.016777916
1.96869,-0.06258429,-0.015180019,-0.016777916
1.9711916,-0.06844324,-0.01571265,-0.021038974
1.9785343,-0.068176925,-0.017044231,-0.02263687
1.9810838,-0.06870956,-0.016777916,-0.022903185
1.9888765,-0.06578008,-0.016511599,-0.021837922
1.9968339,-0.066046394,-0.015180019,-0.022104237
2.0014105,-0.06657903,-0.014647386,-0.022104237
2.0052202,-0.06791061,-0.016511599,-0.020240024
2.012234,-0.06791061,-0.016511599,-0.020240024
2.016355,-0.06498113,-0.017576864,-0.017576864
2.0225399,-0.06338324,-0.018908445,-0.01571265
2.027483,-0.059388492,-0.017310547,-0.015978966
2.0333319,-0.05672533,-0.014913702,-0.01571265
2.0372956,-0.056459017,-0.015446335,-0.014114754
2.0417392,-0.05486112,-0.015446335,-0.01438107
2.0464027,-0.05539375,-0.013315806,-0.015180019
2.0537958,-0.052464273,-0.014913702,-0.016245283
2.057867,-0.05539375,-0.014114754,-0.018642128
2.062867,-0.052464273,-0.010918961,-0.02130529
2.0684052,-0.052464273,-0.010918961,-0.02130529
2.0713692,-0.051132694,-0.0061252704,-0.022903185
2.076369,-0.046871636,0.0026631611,-0.024234766
2.0833497,-0.046871636,0.0026631611,-0.024234766
2.0873318,-0.047137953,0.0031957934,-0.024767399
2.0927026,-0.047670584,0.0029294773,-0.026365295
2.0994523,-0.04234426,0.0031957934,-0.023702133
2.1044524,-0.040480047,0.0015978967,-0.023702133
2.1106305,-0.040480047,0.0015978967,-0.023702133
2.1146343,-0.03888215,-0.002130529,-0.024234766
2.120115,-0.03888215,-0.002130529,-0.024234766
2.1235533,-0.03169162,-0.002130529,-0.020506341
2.1308742,-0.03169162,-0.002130529,-0.020506341
2.1349182,-0.020506341,-0.007989483,-0.015446335
2.1403115,-0.020506341,-0.007989483,-0.015446335
2.143832,-0.013315806,-0.008255799,-0.011185277
2.1506624,-0.013315806,-0.008255799,-0.011185277
2.1546059,-0.0015978967,-0.006924219,-0.0061252704
2.1594856,0.004527374,-0.0029294773,-0.004261058
2.1629965,0.0058589545,-0.002130529,-0.0034621095
2.1704297,0.0058589545,-0.002130529,-0.0034621095
2.1743846,0.00958738,0.002130529,-0.0031957934
2.1812258,0.00958738,0.002130529,-0.0031957934
2.1859052,0.008788432,0.0053263223,7.9894834E-4
2.191169,0.007989483,0.0061252704,2.663161E-4
2.1973627,0.006657903,0.007989483,-0.0013315806
2.2055523,0.005060006,0.006924219,-5.326322E-4
2.2080646,0.002396845,0.0061252704,-0.002130529
2.2152228,0.002396845,0.0061252704,-0.002130529
2.2177951,-0.0018642128,0.0058589545,-0.0039947415
2.2238355,-0.0034621095,0.0058589545,-0.00479369
2.2279027,-0.0034621095,0.0058589545,-0.00479369
2.2357197,-0.0061252704,0.0037284256,-0.00479369
2.2382982,-0.0063915867,0.00479369,-0.0031957934
2.2457888,-0.0058589545,0.0053263223,-7.9894834E-4
2.2484183,-0.0061252704,0.00479369,5.326322E-4
2.2570841,-0.00479369,0.005060006,0.0010652645
2.259693,-0.0034621095,0.0055926386,0.0015978967
2.2670553,0.0,0.0053263223,0.0029294773
2.269684,5.326322E-4,0.0058589545,0.0039947415
2.2785058,0.0031957934,0.004261058,0.0055926386
2.2833529,0.007190535,0.006924219,0.007456851
2.2879772,0.007190535,0.006924219,0.007456851
2.2926347,0.011984225,0.010120012,0.005060006
2.2999403,0.011984225,0.010120012,0.005060006
2.3046124,0.014647386,0.012516857,0.0039947415
2.3092756,0.01304949,0.011717909,0.0029294773
2.3139513,0.017576864,0.0127831735,0.0034621095
2.3212392,0.018375812,0.014114754,0.0034621095
2.325935,0.019707393,0.013582122,0.004527374
2.331192,0.021571605,0.011451593,0.0031957934
2.335891,0.019441076,0.007989483,0.0039947415
2.343138,0.019707393,0.008522116,0.00479369
2.3456116,0.020240024,0.004261058,0.0034621095
2.3506114,0.021571605,0.007190535,0.0018642128
2.3553333,0.021571605,0.007190535,0.0018642128
2.357912,0.019973708,0.010652645,0.004261058
2.3666358,0.01917476,0.009054748,0.0058589545
2.371474,0.014647386,0.008522116,0.008255799
2.3770378,0.014647386,0.008522116,0.008255799
2.3817172,0.011451593,0.0039947415,0.009054748
2.3884873,0.011451593,0.0039947415,0.009054748
2.393172,0.009853696,0.0034621095,0.008255799
2.3987482,0.0055926386,0.0018642128,0.007190535
2.4034286,0.0029294773,5.326322E-4,0.008522116
2.4103327,-0.002396845,-0.0026631611,0.010120012
2.4150343,0.0,-0.002130529,0.011717909
2.420858,-0.0010652645,-0.00479369,0.010120012
2.4233732,-7.9894834E-4,-0.007456851,0.0061252704
2.4306278,0.002396845,-0.010652645,0.004261058
2.4353206,0.004527374,-0.013582122,0.00479369
2.4411774,0.008255799,-0.01304949,0.0037284256
2.4436555,0.0077231675,-0.013582122,0.0053263223
2.4486554,0.011451593,-0.0034621095,0.007989483
2.4554095,0.011451593,-0.0034621095,0.007989483
2.461352,0.018908445,0.009321064,0.016511599
2.4651978,0.018908445,0.009321064,0.016511599
2.4696882,0.018642128,0.014913702,0.01784318
2.4765377,0.018642128,0.014913702,0.01784318
2.480083,0.01784318,0.015180019,0.015978966
2.4849095,0.01784318,0.015180019,0.015978966
2.489407,0.011984225,0.008255799,0.011984225
2.4974546,0.011984225,0.008255799,0.011984225
2.5011697,-0.002396845,2.663161E-4,0.0039947415
2.5052197,-0.002396845,2.663161E-4,0.0039947415
2.5097322,-0.014913702,-0.0026631611,-0.002396845
2.5166292,-0.014913702,-0.0026631611,-0.002396845
2.52127,-0.026897928,-0.0034621095,-0.0077231675
2.5263445,-0.029294772,-0.0010652645,-0.00958738
2.530988,-0.03222425,0.0018642128,-0.0063915867
2.5383735,-0.03222425,0.0018642128,-0.0063915867
2.5430317,-0.03488741,0.0061252704,-0.0055926386
2.5484033,-0.037550572,0.0037284256,-0.0026631611
2.5530562,-0.037284255,0.0010652645,-0.0013315806
2.5591915,-0.034621093,0.0010652645,-2.663161E-4
2.562649,-0.030360037,0.0013315806,-0.0013315806
2.567454,-0.030626353,-5.326322E-4,-0.002396845
2.5721195,-0.0314253,-0.005060006,-0.002396845
2.579395,-0.029294772,-0.007456851,-0.004261058
2.581893,-0.026897928,-0.008255799,-0.0053263223
2.5902376,-0.02396845,-0.008788432,-0.007989483
2.5927866,-0.023169503,-0.007456851,-0.008255799
2.5977867,-0.023702133,-0.011717909,-0.010120012
2.6039653,-0.023702133,-0.011717909,-0.010120012
2.6074293,-0.023169503,-0.011717909,-0.011717909
2.6146488,-0.020506341,-0.009853696,-0.014114754
2.6194751,-0.018375812,-0.012516857,-0.017044231
2.6263895,-0.018375812,-0.012516857,-0.017044231
2.6310616,-0.019973708,-0.011185277,-0.018109497
2.6366076,-0.017310547,-0.010386328,-0.01784318
2.6412873,-0.016511599,-0.010386328,-0.015446335
2.6481998,-0.015446335,-0.010386328,-0.014114754
2.6528864,-0.011717909,-0.008522116,-0.008255799
2.6587427,-0.009321064,-0.011984225,-0.004261058
2.6612358,-0.0018642128,-0.013315806,-0.0010652645
2.6662357,0.0063915867,-0.01571265,-2.663161E-4
2.6731994,0.0063915867,-0.01571265,-2.663161E-4
2.6766498,0.016245283,-0.018375812,-0.0015978967
2.6833923,0.025033714,-0.017044231,-0.0013315806
2.6880617,0.029294772,-0.012250541,0.002130529
2.6953723,0.029294772,-0.012250541,0.002130529
2.7000422,0.03089267,-0.0026631611,0.0058589545
2.704628,0.03009372,0.0053263223,0.008522116
2.7094607,0.027696876,0.010120012,0.008522116
2.7167664,0.021571605,0.012516857,0.0058589545
2.7214434,0.016511599,0.013315806,0.0031957934
2.7267015,0.0053263223,0.012250541,5.326322E-4
2.7313824,0.0010652645,0.010918961,-0.0034621095
2.7386484,-0.005060006,0.008788432,-0.0063915867
2.7411385,-0.012250541,0.004527374,-0.009853696
2.7484615,-0.014647386,0.002130529,-0.010918961
2.7510343,-0.018109497,-0.002130529,-0.011984225
2.7560344,-0.020506341,-0.0058589545,-0.011984225
2.7621925,-0.020506341,-0.0058589545,-0.011984225
2.765645,-0.016511599,-0.0034621095,-0.007989483
2.7728565,-0.017576864,-0.0013315806,-0.0077231675
2.7775319,-0.010652645,-0.0013315806,-0.004261058
2.784439,-0.010652645,-0.0013315806,-0.004261058
2.7892005,-0.0034621095,-0.0029294773,-2.663161E-4
2.7947502,2.663161E-4,-0.004527374,0.0
2.799504,7.9894834E-4,-0.0037284256,0.0031957934
2.8064368,0.0015978967,-0.0037284256,0.0015978967
2.8111234,0.002130529,-0.0037284256,-7.9894834E-4
2.8181021,0.0029294773,-7.9894834E-4,-7.9894834E-4
2.82059,-0.0010652645,-2.663161E-4,-0.0018642128
2.8255901,-0.0013315806,-0.0010652645,-0.004527374
2.8313618,-0.0013315806,-0.0010652645,-0.004527374
2.8348062,-0.0055926386,7.9894834E-4,-0.002130529
2.841612,-0.0058589545,0.00479369,-0.002396845
2.8463354,-0.006657903,0.007190535,-0.002130529
2.853768,-0.010652645,0.0039947415,-0.0039947415
2.857156,-0.0127831735,-0.0010652645,-0.0018642128
2.8616343,-0.0127831735,-0.0010652645,-0.0018642128
2.8664892,-0.01438107,-0.0018642128,-0.0053263223
2.8737721,-0.01438107,-0.0018642128,-0.0053263223
2.8790946,-0.013848438,-0.00479369,-0.009054748
2.883826,-0.0127831735,-0.0061252704,-0.008255799
2.889035,-0.006657903,-0.0029294773,-0.007190535
2.8952181,-0.0063915867,-0.0039947415,-0.007190535
2.8998792,-0.005060006,-0.0015978967,-0.0058589545
2.9041,-0.00479369,0.0,-0.004527374
2.9089792,-0.006924219,0.0,-0.0053263223
2.914993,-0.006657903,5.326322E-4,-0.004261058
2.9183905,-0.009321064,-5.326322E-4,-0.0037284256
2.9228213,-0.0077231675,-0.0010652645,-0.0053263223
2.9279652,-0.009054748,-0.0031957934,-0.005060006
2.932965,-0.008522116,-0.0037284256,-0.0039947415
2.9379654,-0.008522116,-0.0037284256,-0.0039947415
2.9452367,-0.008522116,-0.0037284256,-0.0039947415
2.9486108,-0.006657903,-0.008255799,-0.006924219
2.9536107,-0.0063915867,-0.010386328,-0.0055926386
2.9588788,-0.0063915867,-0.010386328,-0.0055926386
2.9614596,-0.0063915867,-0.011717909,-0.004261058
2.9664598,-0.0061252704,-0.012516857,-0.004527374
2.9711885,-0.0061252704,-0.012516857,-0.004527374
2.9746323,-0.0055926386,-0.008788432,-0.006924219
2.979272,-0.0055926386,-0.008788432,-0.006924219
2.9838898,-0.0061252704,-0.006657903,-0.0077231675
2.9907227,-0.0039947415,-0.0034621095,-0.006924219
2.9942343,-0.0039947415,-0.0034621095,-0.008788432
2.999725,2.663161E-4,-0.0015978967,-0.007989483
3.004424,-2.663161E-4,7.9894834E-4,-0.009321064
3.0117953,-0.0039947415,7.9894834E-4,-0.007456851
3.0165617,-0.007989483,0.0018642128,-0.009321064
3.0211656,-0.008255799,0.004261058,-0.00958738
3.025855,-0.010918961,0.0031957934,-0.010386328
3.033139,-0.010918961,0.0031957934,-0.010386328
3.036454,-0.014913702,-5.326322E-4,-0.012250541
3.0415525,-0.016511599,7.9894834E-4,-0.011717909
3.046261,-0.015978966,0.0,-0.01304949
3.0538373,-0.017310547,-0.0015978967,-0.012250541
3.0572941,-0.015180019,-0.0015978967,-0.0127831735
3.06493,-0.016511599,-0.0031957934,-0.012516857
3.0675104,-0.015446335,-0.0037284256,-0.011984225
3.0725102,-0.016511599,-0.0039947415,-0.011984225
3.0773396,-0.016511599,-0.0039947415,-0.011984225
3.0799856,-0.02263687,-0.002130529,-0.011185277
3.0875149,-0.020772656,0.0,-0.010386328
3.090102,-0.020772656,2.663161E-4,-0.010120012
3.098901,-0.023702133,7.9894834E-4,-0.008522116
3.10375,-0.026365295,2.663161E-4,-0.009321064
3.1093338,-0.025033714,0.0,-0.00958738
3.1140118,-0.02956109,-0.007190535,-0.0127831735
3.120809,-0.02956109,-0.007190535,-0.0127831735
3.1256838,-0.026631612,-0.010120012,-0.013848438
3.1326892,-0.025300032,-0.009054748,-0.014114754
3.1375172,-0.023702133,-0.007989483,-0.013582122
3.1441925,-0.023169503,-0.0063915867,-0.01438107
3.146673,-0.021038974,-0.005060006,-0.013848438
3.1544447,-0.018375812,-0.00479369,-0.012516857
3.1570582,-0.013848438,-7.9894834E-4,-0.010386328
3.1620584,-0.0127831735,0.002396845,-0.010386328
3.1681402,-0.0127831735,0.002396845,-0.010386328
3.1716027,-0.0061252704,0.0015978967,-0.00958738
3.1775632,-0.0034621095,0.0010652645,-0.008522116
3.1822429,-2.663161E-4,0.002396845,-0.006657903
3.189649,0.0053263223,0.002396845,-0.007190535
3.1943588,0.002396845,0.002396845,-0.008788432
3.1990085,0.002396845,0.002396845,-0.008788432
3.2036998,0.0026631611,0.0037284256,-0.009853696
3.2109938,0.0026631611,0.0037284256,-0.009853696
3.2156808,-0.0039947415,0.0058589545,-0.010120012
3.220275,-0.00958738,0.006657903,-0.011185277
3.2249732,-0.01438107,0.0039947415,-0.010120012
3.2322483,-0.018642128,0.0037284256,-0.009853696
3.2347558,-0.021038974,0.0034621095,-0.008522116
3.2428856,-0.024767399,0.0013315806,-0.0077231675
3.2454362,-0.02743056,5.326322E-4,-0.007456851
3.2504363,-0.0314253,-0.0029294773,-0.008522116
3.256624,-0.0314253,-0.0029294773,-0.008522116
3.2600782,-0.029028457,-0.0055926386,-0.00958738
3.2673173,-0.026631612,-0.009321064,-0.009321064
3.2719884,-0.022903185,-0.010386328,-0.00958738
3.278684,-0.019707393,-0.009321064,-0.00958738
3.2833507,-0.0127831735,-0.0029294773,-0.006924219
3.2889063,-0.0127831735,-0.0029294773,-0.006924219
3.2935874,-0.009321064,5.326322E-4,-0.004261058
3.3005266,-0.009321064,5.326322E-4,-0.004261058
3.3052504,-0.006924219,-7.9894834E-4,-0.0026631611
3.311084,-0.006924219,5.326322E-4,-0.0010652645
3.3135567,-0.009321064,0.0,2.663161E-4
3.3185568,-0.009321064,0.0013315806,0.004261058
3.3258362,-0.009321064,0.0013315806,0.004261058
3.329278,-0.013582122,-5.326322E-4,0.0063915867
3.3360868,-0.013582122,-0.002130529,0.0055926386
3.3407562,-0.018908445,-0.007989483,0.0031957934
3.348047,-0.023702133,-0.01304949,0.0010652645
3.3527036,-0.019973708,-0.015180019,-0.0018642128
3.3573642,-0.019973708,-0.015180019,-0.0018642128
3.3620412,-0.008788432,-0.014114754,0.0013315806
3.3693302,-0.008788432,-0.014114754,0.0013315806
3.374011,0.0058589545,-7.9894834E-4,0.0039947415
3.3785396,0.012516857,0.0058589545,0.0055926386
3.3832185,0.017310547,0.013848438,0.008788432
3.3905191,0.020240024,0.018642128,0.010652645
3.3930042,0.021571605,0.02130529,0.011717909
3.4011166,0.023169503,0.020772656,0.009853696
3.4036858,0.020240024,0.01917476,0.007989483
3.4086862,0.015180019,0.015978966,0.0058589545
3.414922,0.015180019,0.015978966,0.0058589545
3.4184332,0.009054748,0.011451593,0.0013315806
3.4252985,0.0055926386,0.008255799,-2.663161E-4
3.4299927,0.0010652645,0.008788432,2.663161E-4
3.4366486,0.0010652645,0.010652645,5.326322E-4
3.4413493,-0.0026631611,0.00958738,0.002396845
3.4483526,-0.0026631611,0.00958738,0.002396845
3.4530332,-0.002396845,0.015446335,0.0061252704
3.4597065,-0.0029294773,0.017044231,0.007989483
3.4622052,-7.9894834E-4,0.015978966,0.00958738
3.4709072,7.9894834E-4,0.01571265,0.011984225
3.4734855,0.0026631611,0.011984225,0.012250541
3.4784856,0.004261058,0.00479369,0.011185277
3.484658,0.004261058,0.00479369,0.011185277
3.4881802,0.014913702,-0.0013315806,0.010120012
3.4939826,0.018375812,-0.004261058,0.009054748
3.498684,0.024767399,-0.008522116,0.008522116
3.5060875,0.027963191,-0.011451593,0.008522116
3.5108376,0.041012682,-0.0127831735,0.00958738
3.5154326,0.041012682,-0.0127831735,0.00958738
3.520097,0.051665325,-0.012516857,0.0063915867
3.5277753,0.051665325,-0.012516857,0.0063915867
3.5324686,0.057790596,-0.011185277,0.0031957934
3.5377202,0.06018744,-0.007190535,0.0013315806
3.5423772,0.061519023,-0.0058589545,-7.9894834E-4
3.5496027,0.061519023,-0.0034621095,-0.0010652645
3.5520778,0.062051654,-0.002396845,-0.0010652645
3.5593345,0.05672533,-0.0029294773,-2.663161E-4
3.5618968,0.05352954,5.326322E-4,5.326322E-4
3.5668967,0.050600063,0.0037284256,0.002130529
3.5734894,0.050600063,0.0037284256,0.002130529
3.5769832,0.03222425,0.0061252704,0.002130529
3.5838006,0.020772656,-2.663161E-4,-0.0018642128
3.5885072,0.008788432,-0.0034621095,-0.0055926386
3.5954278,-0.002396845,-0.0063915867,-0.009853696
3.6001408,-0.021837922,-0.0037284256,-0.015180019
3.6057305,-0.021837922,-0.0037284256,-0.015180019
3.6103995,-0.05006743,-0.0026631611,-0.01571265
3.6173081,-0.05006743,-0.0026631611,-0.01571265
3.6219697,-0.06791061,0.0031957934,-0.014114754
3.6278455,-0.07749799,0.00479369,-0.011984225
3.630341,-0.087884314,0.0053263223,-0.010652645
3.6353412,-0.09667275,0.0031957934,-0.009321064
3.6404588,-0.09667275,0.0031957934,-0.009321064
3.643038,-0.105727494,-0.004527374,-0.0061252704
3.6507988,-0.105727494,-0.004527374,-0.0061252704
3.6533976,-0.10892329,-0.009321064,-0.0063915867
3.6583974,-0.11025487,-0.012250541,-0.0061252704
3.6640499,-0.11025487,-0.012250541,-0.0061252704
3.6675065,-0.10865697,-0.01304949,-0.0077231675
3.67202,-0.103863284,-0.011717909,-0.006924219
3.6767607,-0.1041296,-0.013315806,-0.006924219
3.684059,-0.10279802,-0.011451593,-0.007456851
3.6888096,-0.09880328,-0.008522116,-0.0061252704
3.693413,-0.0974717,-0.0055926386,-0.0037284256
3.6980984,-0.09054748,-0.0039947415,-0.0031957934
3.7054074,-0.082025364,-0.0034621095,-0.0010652645
3.7101014,-0.07536746,0.0,-0.002130529
3.7146735,-0.06977482,0.0026631611,-5.326322E-4
3.7195182,-0.06657903,0.0015978967,-5.326322E-4
3.7268245,-0.06657903,0.0015978967,-5.326322E-4
3.7293057,-0.057790596,0.002396845,-0.0015978967
3.7373326,-0.05486112,0.0039947415,-0.0029294773
3.7398732,-0.047404267,0.005060006,-0.002396845
3.7448733,-0.040480047,0.00479369,-0.002396845
3.7498097,-0.040480047,0.00479369,-0.002396845
3.752403,-0.02876214,0.00479369,-0.0026631611
3.7593505,-0.02876214,0.00479369,-0.0026631611
3.7619276,-0.01438107,0.010652645,7.9894834E-4
3.7669277,-0.01438107,0.010652645,7.9894834E-4
3.7726836,-0.01438107,0.010652645,7.9894834E-4
3.7761571,-0.0061252704,0.009054748,0.0053263223
3.7818089,-0.00479369,0.007190535,0.0058589545
3.7865644,-0.0026631611,0.0055926386,0.004261058
3.7934792,-0.0029294773,0.0034621095,0.0037284256
3.7981672,-0.005060006,0.0,0.002396845
3.804017,-0.005060006,0.0,0.002396845
3.8087263,-0.01438107,-0.002396845,-0.0010652645
3.8154085,-0.01438107,-0.002396845,-0.0010652645
3.8179038,-0.01784318,-0.0061252704,-0.0058589545
3.8268971,-0.019707393,-0.0039947415,-0.007190535
3.8294516,-0.021837922,-0.005060006,-0.008522116
3.8344517,-0.02609898,-0.004527374,-0.011185277
3.8385515,-0.02609898,-0.004527374,-0.011185277
3.8411279,-0.03222425,-2.663161E-4,-0.011717909
3.848666,-0.03222425,-2.663161E-4,-0.011717909
3.851251,-0.032490566,5.326322E-4,-0.013315806
3.8562512,-0.032490566,5.326322E-4,-0.013315806
3.8618634,-0.032490566,5.326322E-4,-0.013315806
3.865335,-0.036751624,-0.0029294773,-0.019973708
3.8700738,-0.041545313,-0.006924219,-0.022104237
3.874731,-0.03834952,-0.0061252704,-0.023169503
3.8820524,-0.036485307,-0.008255799,-0.021038974
3.8867977,-0.03701794,-0.010918961,-0.019707393
3.8913813,-0.035952676,-0.008522116,-0.018375812
3.8960695,-0.03542004,-0.008522116,-0.018375812
3.9033723,-0.035153728,-0.010120012,-0.01784318
3.9080663,-0.03355583,-0.008788432,-0.014913702
3.9133034,-0.03009372,-0.006657903,-0.013848438
3.9179714,-0.029028457,-0.005060006,-0.014647386
3.9252238,-0.029028457,-0.0018642128,-0.01438107
3.927693,-0.02876214,-0.002396845,-0.013582122
3.9351065,-0.029028457,-0.002130529,-0.014913702
3.9376664,-0.029827405,0.0,-0.015180019
3.9426663,-0.028495824,0.0034621095,-0.01438107
3.9475849,-0.028495824,0.0034621095,-0.01438107
3.9501865,-0.024234766,0.0013315806,-0.012516857
3.9571674,-0.024234766,0.0013315806,-0.012516857
3.959747,-0.020772656,0.0029294773,-0.011984225
3.9647472,-0.01917476,0.004527374,-0.009853696
3.9703999,-0.01917476,0.004527374,-0.009853696
3.9738545,-0.012250541,0.0055926386,-0.007456851
3.9793258,-0.006924219,0.0058589545,-0.005060006
3.984023,0.0013315806,0.0077231675,-0.002130529
3.9909213,0.005060006,0.007989483,-0.0010652645
3.9956055,0.00958738,0.006924219,7.9894834E-4
4.001147,0.01571265,0.0058589545,0.0031957934
4.005872,0.019441076,0.0039947415,0.0077231675
4.0127707,0.019441076,0.0039947415,0.0077231675
4.016083,0.022104237,0.004527374,0.009853696
4.0218663,0.022104237,0.004527374,0.009853696
4.0265903,0.020506341,0.0061252704,0.01304949
4.0332546,0.020506341,0.0061252704,0.01304949
4.0357513,0.01304949,0.006924219,0.012516857
4.0444646,0.011451593,0.0063915867,0.0127831735
4.0470815,0.010652645,0.0077231675,0.014114754
4.0557165,0.009054748,0.008255799,0.01571265
4.0583596,0.008255799,0.008522116,0.015978966
4.0656824,0.004527374,0.0055926386,0.015180019
4.0682797,0.0037284256,0.0063915867,0.015978966
4.07328,0.0053263223,0.007989483,0.017310547
4.0800743,0.0053263223,0.007989483,0.017310547
4.083559,0.0063915867,0.005060006,0.015446335
4.0880585,0.0053263223,0.0039947415,0.013315806
4.0927477,5.326322E-4,0.002396845,0.010918961
4.1000247,-0.0015978967,0.0010652645,0.010120012
4.1047225,-0.004527374,0.0,0.008788432
4.109328,-0.0058589545,-0.0010652645,0.008788432
4.1136146,-0.0055926386,0.0015978967,0.009054748
4.1209097,-0.0055926386,0.00479369,0.010386328
4.124221,-0.0053263223,0.008255799,0.013315806
4.1293325,-0.0053263223,0.008255799,0.013315806
4.134034,-7.9894834E-4,0.013315806,0.013848438
4.1413155,-7.9894834E-4,0.013315806,0.013848438
4.14601,-0.00958738,0.0077231675,0.00958738
4.151279,-0.011717909,0.00479369,0.007989483
4.155982,-0.0127831735,0.0034621095,0.00479369
4.1622915,-0.015180019,0.0029294773,0.002396845
4.165006,-0.016245283,-5.326322E-4,-2.663161E-4
4.172427,-0.019707393,-0.002130529,-0.0018642128
4.1749773,-0.023169503,-0.002396845,-0.0026631611
4.1799774,-0.026631612,-0.002130529,-0.0039947415
4.184934,-0.026631612,-0.002130529,-0.0039947415
4.18754,-0.026631612,-0.0026631611,-0.0037284256
4.1944604,-0.027164243,-0.002130529,-0.0026631611
4.1971097,-0.02876214,-0.0055926386,-0.0029294773
4.20211,-0.02956109,-0.011717909,-0.002130529
4.2077513,-0.02956109,-0.011717909,-0.002130529
4.2112207,-0.03355583,-0.014114754,-5.326322E-4
4.216778,-0.033023197,-0.013848438,2.663161E-4
4.2214346,-0.03435478,-0.009321064,0.0015978967
4.2283587,-0.03435478,-0.008255799,0.0015978967
4.233049,-0.035952676,-0.006924219,0.0029294773
4.2386312,-0.038615838,-0.010652645,0.002130529
4.2432933,-0.038083203,-0.0127831735,-0.002130529
4.2502117,-0.038083203,-0.0127831735,-0.002130529
4.2548885,-0.0314253,-0.011185277,-0.0029294773
4.260739,-0.026897928,-0.007989483,-0.0026631611
4.2632165,-0.021837922,-0.004527374,-2.663161E-4
4.2682166,-0.01304949,0.0034621095,0.0029294773
4.273316,-0.01304949,0.0034621095,0.0029294773
4.2759204,-0.009853696,0.007456851,0.002130529
4.283685,-0.010386328,0.01438107,0.0034621095
4.2862873,-0.007456851,0.02130529,0.005060006
4.2912874,-0.00479369,0.02609898,0.007190535
4.2969246,-0.00479369,0.02609898,0.007190535
4.300392,-0.002396845,0.03009372,0.0053263223
4.304958,-0.0034621095,0.031158986,0.0026631611
4.309632,-0.0055926386,0.02609898,7.9894834E-4
4.316955,-0.0053263223,0.017044231,-2.663161E-4
4.32162,-0.0063915867,0.010918961,-5.326322E-4
4.3262424,-0.00958738,0.005060006,-0.0029294773
4.3309298,-0.011717909,0.0,-0.0029294773
4.3382196,-0.010386328,-0.0029294773,-0.0039947415
4.342876,-0.007190535,-0.0029294773,-0.002396845
4.347482,-0.007190535,-0.0029294773,-0.002396845
4.352158,-0.010918961,-7.9894834E-4,7.9894834E-4
4.359451,-0.010918961,-7.9894834E-4,7.9894834E-4
4.361924,-0.015978966,0.0026631611,0.0037284256
4.3702097,-0.018109497,0.004261058,0.0053263223
4.372779,-0.023702133,0.0039947415,0.002130529
4.3777785,-0.026631612,0.0031957934,5.326322E-4
4.3826704,-0.026631612,0.0031957934,5.326322E-4
4.3852706,-0.03222425,0.0015978967,-0.0026631611
4.39233,-0.041545313,2.663161E-4,-0.004261058
4.3949184,-0.043675844,-0.0010652645,-0.008788432
4.399918,-0.051665325,-0.002130529,-0.012516857
4.4067574,-0.051665325,-0.002130529,-0.012516857
4.410222,-0.061519023,-0.0077231675,-0.014647386
4.414721,-0.06178534,-0.008788432,-0.015978966
4.420882,-0.06711166,-0.018109497,-0.01784318
4.4264426,-0.06711166,-0.018109497,-0.01784318
4.429875,-0.06737798,-0.018109497,-0.019441076
4.434486,-0.06870956,-0.01784318,-0.022104237
4.438429,-0.070041135,-0.01571265,-0.023435818
4.443718,-0.071106404,-0.014647386,-0.024234766
4.448295,-0.06844324,-0.014114754,-0.024501082
4.4536524,-0.06551377,-0.01438107,-0.021038974
4.4581532,-0.06338324,-0.012250541,-0.018109497
4.4644775,-0.062051654,-0.009054748,-0.016511599
4.469119,-0.05885586,-0.008255799,-0.015978966
4.4743767,-0.056459017,-0.0053263223,-0.014647386
4.4789224,-0.054594804,-0.0058589545,-0.013848438
4.4852867,-0.05273059,-0.0077231675,-0.014114754
4.4897695,-0.054062173,-0.006924219,-0.015978966
4.4951167,-0.05752428,-0.008788432,-0.01784318
4.499607,-0.06018744,-0.006924219,-0.020240024
4.505961,-0.06231797,-0.0063915867,-0.020506341
4.510443,-0.06391586,-0.0058589545,-0.019707393
4.5157948,-0.06844324,-0.0055926386,-0.020772656
4.520293,-0.072171666,-0.0031957934,-0.024767399
4.5266466,-0.072171666,-0.0031957934,-0.024767399
4.5311494,-0.073236935,-0.005060006,-0.023435818
4.5365877,-0.073236935,-0.005060006,-0.023435818
4.5410676,-0.06711166,-0.0055926386,-0.019707393
4.54736,-0.06711166,-0.0055926386,-0.019707393
4.5497437,-0.061519023,-0.009853696,-0.01784318
4.558404,-0.057790596,-0.012250541,-0.016777916
4.560859,-0.05672533,-0.015180019,-0.016511599
4.569745,-0.057257965,-0.01304949,-0.016777916
4.5722046,-0.056991648,-0.009054748,-0.01571265
4.5791965,-0.053795855,-0.0055926386,-0.014647386
4.5816436,-0.05672533,-0.0037284256,-0.013582122
4.5900474,-0.05752428,-0.0053263223,-0.013315806
4.59253,-0.053795855,-0.0026631611,-0.012250541
4.5995145,-0.0479369,0.0,-0.008522116
4.6019716,-0.045540057,0.0,-0.007456851
4.610369,-0.047137953,-0.002130529,-0.008255799
4.6128483,-0.046339005,-0.0053263223,-0.006924219
4.619815,-0.05006743,-0.010652645,-0.008788432
4.6223,-0.05006743,-0.010386328,-0.00958738
4.6306896,-0.05219796,-0.008255799,-0.010918961
4.633202,-0.052464273,-0.006924219,-0.0127831735
4.6392417,-0.053795855,-0.0055926386,-0.01571265
4.6418843,-0.052464273,-0.0031957934,-0.016245283
4.6468844,-0.05219796,-0.0013315806,-0.017044231
4.652715,-0.05219796,-0.0013315806,-0.017044231
4.6561637,-0.046871636,0.0034621095,-0.01571265
4.6607594,-0.04234426,0.0026631611,-0.013848438
4.665456,-0.038615838,0.0034621095,-0.011717909
4.672939,-0.038083203,0.0013315806,-0.011451593
4.677607,-0.033822145,-2.663161E-4,-0.010652645
4.6822114,-0.03169162,-7.9894834E-4,-0.011185277
4.6870294,-0.030360037,-0.0018642128,-0.009054748
4.6943407,-0.02956109,-0.0018642128,-0.009853696
4.6990695,-0.031158986,-0.005060006,-0.010652645
4.703648,-0.031158986,-0.005060006,-0.010652645
4.7083473,-0.032490566,-0.0031957934,-0.010386328
4.716745,-0.03195793,-7.9894834E-4,-0.011984225
4.7192397,-0.037284255,0.0015978967,-0.014114754
4.7262096,-0.040213734,0.0037284256,-0.012516857
4.7287636,-0.042876896,0.0015978967,-0.011984225
4.7337637,-0.046072688,-7.9894834E-4,-0.011717909
4.73864,-0.046072688,-7.9894834E-4,-0.011717909
4.741227,-0.046072688,-0.0010652645,-0.010386328
4.748168,-0.050333746,-0.002396845,-0.010652645
4.75076,-0.052464273,-0.0029294773,-0.009853696
4.7557597,-0.05752428,-0.0034621095,-0.010120012
4.7602754,-0.05752428,-0.0034621095,-0.010120012
4.7637167,-0.06870956,-0.007989483,-0.012516857
4.7716494,-0.06870956,-0.007989483,-0.012516857
4.776459,-0.07483483,-0.009054748,-0.017044231
4.783357,-0.082558,-0.010918961,-0.024234766
4.7880244,-0.087085366,-0.012250541,-0.02956109
4.7935658,-0.087884314,-0.013582122,-0.03089267
4.798281,-0.09347696,-0.0127831735,-0.030360037
4.804988,-0.09347696,-0.0127831735,-0.030360037
4.8074875,-0.092145376,-0.013848438,-0.021837922
4.8157916,-0.092145376,-0.015446335,-0.020240024
4.818348,-0.09134643,-0.01917476,-0.020772656
4.823348,-0.08894958,-0.021837922,-0.026365295
4.8274684,-0.08894958,-0.021837922,-0.026365295
4.830053,-0.08974853,-0.027164243,-0.03222425
4.8375998,-0.09374327,-0.034088463,-0.040480047
4.8401847,-0.0974717,-0.033822145,-0.04527374
4.845185,-0.103863284,-0.033023197,-0.04873585
4.85087,-0.103863284,-0.033023197,-0.04873585
4.854344,-0.11132014,-0.025566347,-0.05752428
4.859513,-0.118776985,-0.022370555,-0.059921127
4.8641763,-0.12436963,-0.016245283,-0.06231797
4.8714876,-0.1323591,-0.0127831735,-0.06338324
4.876163,-0.13954964,-0.008788432,-0.06498113
4.8807707,-0.1504686,-0.008255799,-0.066312715
4.885449,-0.16245283,-0.0055926386,-0.06711166
4.8927255,-0.1717739,-0.0010652645,-0.06551377
4.896052,-0.18216023,0.0058589545,-0.05885586
4.9011855,-0.18216023,0.0058589545,-0.05885586
4.9058514,-0.1818939,0.0015978967,-0.05539375
4.913144,-0.1768339,-0.0055926386,-0.05273059
4.915631,-0.1587244,-0.008788432,-0.04474111
4.923972,-0.14727281,-0.0063915867,-0.037550572
4.9265084,-0.1323591,0.0018642128,-0.029294772
4.9315085,-0.11611383,0.011185277,-0.019973708
4.936433,-0.11611383,0.011185277,-0.019973708
4.939005,-0.09853696,0.02130529,-0.012250541
4.945932,-0.080960095,0.032756884,-0.005060006
4.948505,-0.0628506,0.052996907,7.9894834E-4
4.9535046,-0.058589544,0.076166406,0.0026631611
4.9578924,-0.058589544,0.076166406,0.0026631611
4.961357,-0.048203215,0.105993815,-0.013848438
4.967634,-0.048203215,0.105993815,-0.013848438
4.9722853,0.026631612,0.11744541,-0.087085366
4.9808507,0.026631612,0.11744541,-0.087085366
4.985587,0.1882855,0.08069378,-0.20959078
4.99114,0.2862898,0.06737798,-0.26312032
4.995826,0.48842376,0.11797804,-0.31851408
5.002501,0.48842376,0.11797804,-0.31851408
5.0049767,0.7547399,0.21118867,-0.2727077
5.013615,0.9550096,0.20932446,-0.21198763
5.0161695,1.231712,0.15020229,-0.12330436
5.0211697,1.5976304,0.03222425,-0.021571605
5.0252576,1.5976304,0.03222425,-0.021571605
5.0278335,2.0301278,-0.133957,0.06897587
5.035531,2.4900556,-0.31664985,0.13022858
5.038107,2.9414616,-0.49028796,0.16085494
5.046958,3.3662357,-0.62531024,0.16990969
5.0517554,4.1563954,-0.73103774,0.16431704
5.058907,4.1563954,-0.73103774,0.16431704
5.063579,4.8605356,-0.69029135,0.13635385
5.070883,5.1774516,-0.6609966,0.111852765
5.0741906,5.7601514,-0.6181197,0.015446335
5.0793047,5.7601514,-0.6181197,0.015446335
5.083982,5.9614863,-0.6040049,-0.06178534
5.091304,6.032326,-0.5856291,-0.15180019
5.0937767,5.964948,-0.57098174,-0.24021713
5.101968,5.556686,-0.5789712,-0.41971418
5.104544,5.268532,-0.6135923,-0.5238438
5.1095443,4.9524145,-0.66206187,-0.6490124
5.1144953,4.9524145,-0.66206187,-0.6490124
5.117159,4.6429553,-0.7193198,-0.79042625
5.124096,4.3838296,-0.7803062,-0.9395633
5.126683,4.200604,-0.85061365,-1.0863035
5.131683,4.1031322,-0.94302535,-1.2301141
5.1361275,4.1031322,-0.94302535,-1.2301141
5.1395984,4.099138,-1.1835088,-1.5086808
5.1454287,4.099138,-1.1835088,-1.5086808
5.1500697,4.2919507,-1.3899038,-1.6977652
5.158187,4.2919507,-1.3899038,-1.6977652
5.1629014,4.6658583,-1.4620755,-1.7880464
5.1684465,4.9185925,-1.4570155,-1.8128138
5.1731024,5.2000885,-1.4378407,-1.8200043
5.180004,5.4882426,-1.4101439,-1.8085527
5.1824827,5.77107,-1.3776532,-1.779258
5.1874833,6.3372583,-1.2916331,-1.690841
5.191645,6.3372583,-1.2916331,-1.690841
5.194194,6.6019764,-1.2263857,-1.6586168
5.2031274,6.8270135,-1.1510183,-1.6519588
5.2058983,7.0046463,-1.0743192,-1.6767262
5.213399,7.133011,-1.010936,-1.726261
5.216001,7.209976,-0.9709886,-1.7864485
5.2247906,7.2304826,-0.9606022,-1.8570223
5.229764,7.049654,-1.0516824,-2.0162792
5.2353153,7.049654,-1.0516824,-2.0162792
5.2399807,6.689861,-1.2474247,-2.1789985
5.248874,6.689861,-1.2474247,-2.1789985
5.2575645,6.134858,-1.588043,-2.4474452
5.2642555,5.925534,-1.6623452,-2.5446506
5.2728496,5.5092816,-1.7379789,-2.7087011
5.2814054,5.3284526,-1.7648768,-2.7779434
5.283879,4.95055,-1.8628812,-2.9321404
5.291938,4.7247143,-1.9355855,-3.0112362
5.2945104,4.500476,-2.0237362,-3.0834079
5.2995105,4.13296,-2.226669,-3.1965923
5.3045106,4.13296,-2.226669,-3.1965923
5.309039,4.13296,-2.226669,-3.1965923
5.3115263,3.9851544,-2.3318639,-3.2362735
5.3201547,3.7409425,-2.4735441,-3.2921999
5.3227143,3.6685045,-2.5124261,-3.306847
5.3277144,3.646134,-2.546781,-3.3111084
5.332714,3.646134,-2.546781,-3.3111084
5.336905,3.646134,-2.546781,-3.3111084
5.341795,3.6448023,-2.5672874,-3.282346
5.347695,3.6112466,-2.5435853,-3.2439966
5.356434,3.5337486,-2.4351945,-3.1430628
5.361434,3.4980621,-2.3550334,-3.0937943
5.366398,3.4980621,-2.3550334,-3.0937943
5.3751154,3.426423,-2.1118867,-2.9515815
5.381847,3.4088464,-2.0647488,-2.9212215
5.3844295,3.3742251,-2.011752,-2.8935246
5.3894296,3.3409357,-1.8735338,-2.8434572
5.394429,3.3409357,-1.8735338,-2.8434572
5.3991823,3.3409357,-1.8735338,-2.8434572
5.401676,3.3776872,-1.8114822,-2.835734
5.409863,3.340403,-1.8287928,-2.8280108
5.412403,3.2296154,-1.8714033,-2.7989824
5.417403,3.0831416,-1.9262644,-2.7369306
5.422403,3.0831416,-1.9262644,-2.7369306
5.42669,3.0831416,-1.9262644,-2.7369306
5.4315815,2.8304076,-2.0634172,-2.565423
5.436855,2.7292075,-2.141714,-2.4868598
5.4456086,2.5398567,-2.2929816,-2.368083
5.4506083,2.4423852,-2.3646207,-2.3172164
5.455556,2.4423852,-2.3646207,-2.3172164
5.4642563,2.133991,-2.466087,-2.087652
5.4716296,2.0056267,-2.3821976,-1.9702066
5.480375,1.8343854,-2.0040288,-1.7350495
5.488966,1.8266622,-1.7518274,-1.6575515
5.491469,1.9025623,-1.3009542,-1.602424
5.4988775,1.9560919,-1.1488878,-1.6061525
5.5014215,2.0082898,-1.0498182,-1.6112125
5.5064216,2.0351877,-1.0125339,-1.6098809
5.511422,2.0351877,-1.0125339,-1.6098809
5.515597,2.0351877,-1.0125339,-1.6098809
5.520469,1.9963056,-1.0865698,-1.5744609
5.52636,1.9275961,-1.1824435,-1.5377092
5.5288415,1.8261296,-1.2961606,-1.4897723
5.533842,1.5709988,-1.485245,-1.351288
5.538842,1.5709988,-1.485245,-1.351288
5.5443506,1.5709988,-1.485245,-1.351288
5.5484548,1.2918994,-1.4775218,-1.1709919
5.553784,1.1387677,-1.3691311,-1.0764498
5.562453,0.85993475,-0.9920275,-0.9126653
5.5711994,0.7616641,-0.768322,-0.85594
5.579864,0.6490124,-0.3965447,-0.8024104
5.58704,0.6261092,-0.2860235,-0.8042747
5.5895085,0.62744075,-0.23222765,-0.8495484
5.598429,0.6354303,-0.27057716,-0.8833706
5.6010256,0.6354303,-0.330232,-0.91639376
5.6060257,0.624245,-0.4530037,-0.9582054
5.611026,0.624245,-0.4530037,-0.9582054
5.613885,0.624245,-0.4530037,-0.9582054
5.618808,0.60906494,-0.50626695,-0.97045594
5.62609,0.58935755,-0.5438175,-0.9715212
5.6285634,0.5478122,-0.56645435,-0.9598033
5.6335635,0.40187103,-0.55793226,-0.88709897
5.639913,0.40187103,-0.55793226,-0.88709897
5.6452827,0.21518342,-0.46232477,-0.7462177
5.6537805,0.21518342,-0.46232477,-0.7462177
5.662495,-0.037284255,-0.21278657,-0.4708469
5.669852,-0.066046394,-0.12463594,-0.4032026
5.6786222,-0.07856325,0.012516857,-0.34088463
5.687094,-0.08681905,0.054594804,-0.3438141
5.6895723,-0.08948222,0.07643273,-0.35739622
5.6969223,-0.07483483,0.071106404,-0.35473305
5.6994705,-0.06098639,0.060453758,-0.3435478
5.7044706,-0.054328486,0.043942157,-0.3304983
5.7094703,-0.054328486,0.043942157,-0.3304983
5.713687,-0.054328486,0.043942157,-0.3304983
5.718591,-0.059921127,0.0031957934,-0.3110572
5.724448,-0.07669904,-0.019441076,-0.30519825
5.7270694,-0.09720538,-0.046072688,-0.294013
5.7320695,-0.16431704,-0.08149273,-0.23196134
5.737069,-0.16431704,-0.08149273,-0.23196134
5.740153,-0.16431704,-0.08149273,-0.23196134
5.7441783,-0.25539714,-0.06711166,-0.112119086
5.7496,-0.25539714,-0.06711166,-0.112119086
5.758306,-0.272974,-0.019441076,5.326322E-4
5.763306,-0.2580603,0.0058589545,0.035153728
5.768297,-0.2580603,0.0058589545,0.035153728
5.777082,-0.22423817,0.06764429,0.075101145
5.784173,-0.21278657,0.07962852,0.077231675
5.786646,-0.20719394,0.079095885,0.07536746
5.791646,-0.20399815,0.06737798,0.07243799
5.7961497,-0.20399815,0.06737798,0.07243799
5.7987285,-0.21678132,0.01917476,0.077231675
5.8037286,-0.22903186,-0.011984225,0.08735169
5.8103075,-0.22903186,-0.011984225,0.08735169
5.8150997,-0.25220135,-0.06391586,0.12436963
5.8235826,-0.26365295,-0.07483483,0.14807177
5.8260584,-0.27510455,-0.0743022,0.1768339
5.8337345,-0.28708878,-0.05752428,0.20879184
5.836289,-0.29854035,-0.025033714,0.23995082
5.841289,-0.30945933,0.010120012,0.2644519
5.84621,-0.30945933,0.010120012,0.2644519
5.8487954,-0.2862898,0.081226416,0.2825614
5.853796,-0.22716765,0.1107875,0.26418558
5.858796,-0.22716765,0.1107875,0.26418558
5.861332,-0.22716765,0.1107875,0.26418558
5.8662143,-0.18855181,0.11158645,0.24714136
5.8728356,-0.15526229,0.104928546,0.22690132
5.8753066,-0.13662016,0.09081379,0.20559604
5.8803062,-0.13528858,0.03701794,0.1736381
5.887724,-0.13528858,0.03701794,0.1736381
5.8930516,-0.1488707,-0.0396811,0.15739283
5.9015493,-0.1488707,-0.0396811,0.15739283
5.9102616,-0.23089607,-0.11424961,0.16165388
5.9169064,-0.27004454,-0.1107875,0.17390442
5.9255686,-0.29694247,-0.07856325,0.2016013
5.9340324,-0.28229508,-0.05486112,0.20959078
5.9365106,-0.20106867,-0.011185277,0.21385184
5.944468,-0.14594123,0.013315806,0.20932446
5.947118,-0.09640643,0.025566347,0.2016013
5.9521174,-0.053263225,0.030626353,0.19201392
5.9571176,-0.053263225,0.030626353,0.19201392
5.9615645,-0.053263225,0.030626353,0.19201392
5.964049,-0.010120012,0.014647386,0.17869811
5.9727354,-0.008522116,0.0026631611,0.1818939
5.975306,-0.025566347,-0.01571265,0.18935075
5.980306,-0.0479369,-0.033822145,0.20080236
5.984561,-0.0479369,-0.033822145,0.20080236
5.987221,-0.13129385,-0.060453758,0.22876555
5.994689,-0.18322548,-0.0727043,0.2428803
5.997324,-0.22903186,-0.0777643,0.25300032
6.0061283,-0.26871297,-0.08335695,0.2561961
6.010954,-0.29321405,-0.08522116,0.25752768
6.0155725,-0.30626354,-0.08495484,0.2548645
6.024293,-0.283893,-0.077231675,0.24367924
6.032918,-0.25246766,-0.06471482,0.23702134
6.0354037,-0.1984055,-0.025300032,0.221575
6.0433345,-0.17283916,-0.0058589545,0.21411815
6.0459123,-0.14833808,0.0034621095,0.20692763
6.0509124,-0.1307612,0.0053263223,0.19760656
6.055912,-0.1307612,0.0053263223,0.19760656
6.060068,-0.1307612,0.0053263223,0.19760656
6.062546,-0.11345066,7.9894834E-4,0.17896444
6.067546,-0.11318435,-0.0058589545,0.17150758
6.071633,-0.11318435,-0.0058589545,0.17150758
6.0741844,-0.108124346,-0.015978966,0.16112125
6.0791845,-0.09454222,-0.02743056,0.12969595
6.0841846,-0.09454222,-0.02743056,0.12969595
6.0873613,-0.09454222,-0.02743056,0.12969595
6.0922637,-0.09081379,-0.02743056,0.0958738
6.0994425,-0.09267801,-0.026897928,0.08681905
6.108178,-0.08042747,-0.018375812,0.09427591
6.1161447,-0.07829694,-0.004261058,0.10333065
6.124858,-0.10040118,0.041279,0.11824436
6.133424,-0.111852765,0.06098639,0.12117383
6.1359963,-0.123038046,0.08016115,0.1123854
6.1409965,-0.12623383,0.08069378,0.10679276
6.1451406,-0.12623383,0.08069378,0.10679276
6.1500807,-0.12330436,0.06258429,0.092944324
6.154677,-0.12330436,0.06258429,0.092944324
6.1594877,-0.10945592,0.051931642,0.08362326
6.1667547,-0.08974853,0.041012682,0.07350325
6.1714253,-0.052996907,0.035153728,0.059921127
6.178554,-0.03888215,0.037550572,0.05539375
6.183211,-0.020240024,0.036485307,0.047137953
6.1898413,0.0015978967,0.0314253,0.038615838
6.1923313,0.020240024,0.02130529,0.027963191
6.200791,0.029294772,0.01304949,0.018642128
6.203339,0.018642128,-0.0034621095,0.01784318
6.2119393,0.018642128,-0.0034621095,0.01784318
6.2145376,-2.663161E-4,-0.012250541,0.029827405
6.222578,-0.015446335,-0.014114754,0.03435478
6.225178,-0.027963191,-0.011451593,0.03834952
6.2333755,-0.041545313,-0.0053263223,0.042876896
6.2382455,-0.0561927,0.0034621095,0.049534798
6.24295,-0.068176925,0.013315806,0.05832323
6.2478027,-0.07749799,0.019707393,0.06578008
6.2544065,-0.07483483,0.02743056,0.07590009
6.2592587,-0.066312715,0.041279,0.087618
6.2647953,-0.066312715,0.041279,0.087618
6.269515,-0.04181163,0.050866377,0.09720538
6.277968,-0.04181163,0.050866377,0.09720538
6.280449,0.0077231675,0.037550572,0.084155895
6.2891774,0.030626353,0.023435818,0.06498113
6.291751,0.0396811,0.0026631611,0.04181163
6.296751,0.036218993,-0.022104237,0.018908445
6.300763,0.036218993,-0.022104237,0.018908445
6.303346,0.028229509,-0.07563378,-0.0010652645
6.3108864,0.01917476,-0.09640643,-0.0015978967
6.3134675,0.0034621095,-0.11052119,-0.002396845
6.3221936,-0.029294772,-0.119043306,-0.0010652645
6.3271484,-0.0628506,-0.1123854,0.006657903
6.3317256,-0.094009586,-0.0974717,0.019441076
6.3364577,-0.11984225,-0.08149273,0.03488741
6.3441043,-0.12916331,-0.063116916,0.05219796
6.3487663,-0.12783173,-0.020240024,0.084155895
6.353353,-0.12783173,-0.020240024,0.084155895
6.3580303,-0.11611383,0.002396845,0.09427591
6.3665347,-0.094808534,0.018375812,0.10066749
6.369055,-0.027164243,0.036218993,0.09880328
6.3740544,0.0055926386,0.03355583,0.091080114
6.3788023,0.0055926386,0.03355583,0.091080114
6.381352,0.033822145,0.03009372,0.07962852
6.38981,0.051132694,0.020772656,0.066046394
6.3923874,0.0727043,0.0034621095,0.035952676
6.4004307,0.06338324,-0.010120012,0.023702133
6.403057,0.042077947,-0.022370555,0.014647386
6.4113345,0.0127831735,-0.03009372,0.011451593
6.4161654,-0.02130529,-0.035153728,0.017310547
6.421719,-0.049002163,-0.03701794,0.026365295
6.4251,-0.07456851,-0.043409526,0.03488741
6.432474,-0.08735169,-0.04474111,0.039414786
6.4372015,-0.10173275,-0.040746365,0.03435478
6.442751,-0.10173275,-0.040746365,0.03435478
6.447465,-0.11318435,-0.019973708,0.032490566
6.455951,-0.11318435,-0.019973708,0.032490566
6.458415,-0.09374327,0.010120012,0.036218993
6.4671803,-0.07882957,0.025566347,0.038615838
6.469732,-0.06791061,0.03888215,0.045007423
6.478673,-0.05752428,0.05352954,0.046339005
6.481273,-0.027164243,0.06471482,0.042077947
6.4887094,-0.010120012,0.057257965,0.03089267
6.4913116,0.0013315806,0.04447479,0.015978966
6.5000963,0.0013315806,0.04447479,0.015978966
6.504941,0.011185277,0.010652645,-0.018375812
6.5095406,0.0037284256,-0.0061252704,-0.029827405
6.514215,-0.011984225,-0.017044231,-0.037550572
6.522088,-0.03169162,-0.026631612,-0.038615838
6.526935,-0.07643273,-0.03435478,-0.033023197
6.5315604,-0.07643273,-0.03435478,-0.033023197
6.5362306,-0.092944324,-0.03089267,-0.03195793
6.545016,-0.10173275,-0.022370555,-0.03169162
6.547531,-0.09614012,0.0055926386,-0.039414786
6.5525312,-0.080960095,0.023702133,-0.03914847
6.556798,-0.080960095,0.023702133,-0.03914847
6.559348,-0.062051654,0.0396811,-0.037284255
6.56782,-0.03435478,0.059388492,-0.03355583
6.570402,0.025300032,0.0743022,-0.03195793
6.578408,0.060453758,0.07190535,-0.03488741
6.5810122,0.087618,0.0644485,-0.040213734
6.5892057,0.10040118,0.055127434,-0.04660532
6.5940857,0.09933591,0.040480047,-0.05139901
6.599647,0.08548747,0.025033714,-0.05672533
6.6043344,0.06391586,0.007456851,-0.059921127
6.6111135,0.029028457,-0.011185277,-0.05965481
6.6158032,-0.0479369,-0.03914847,-0.05832323
6.6214457,-0.0479369,-0.03914847,-0.05832323
6.626124,-0.094808534,-0.058056913,-0.058589544
6.634577,-0.094808534,-0.058056913,-0.058589544
6.6371093,-0.09667275,-0.06657903,-0.061519023
6.645178,-0.08229168,-0.062051654,-0.06471482
6.647728,-0.07137272,-0.05672533,-0.06258429
6.656646,-0.05352954,-0.043409526,-0.05273059
6.659225,-0.02263687,-0.02396845,-0.025566347
6.666717,0.0018642128,-0.014647386,-0.015180019
6.669322,0.024767399,-0.012250541,-0.009054748
6.6780925,0.024767399,-0.012250541,-0.009054748
6.682918,0.04447479,-0.017044231,-0.007989483
6.6875362,0.03781689,-0.025300032,-0.0053263223
6.69221,0.022104237,-0.03488741,-0.0026631611
6.7000933,0.0010652645,-0.047670584,5.326322E-4
6.7047806,-0.04447479,-0.07590009,-0.0055926386
6.709451,-0.04447479,-0.07590009,-0.0055926386
6.7141256,-0.06977482,-0.086020105,-0.01304949
6.7213798,-0.094009586,-0.094009586,-0.020772656
6.7260575,-0.13475595,-0.09241169,-0.036751624
6.7331777,-0.14301175,-0.082558,-0.036751624
6.7356677,-0.13901702,-0.066312715,-0.028495824
6.7406673,-0.13102753,-0.0479369,-0.017310547
6.744919,-0.13102753,-0.0479369,-0.017310547
6.747502,-0.11771172,-0.025300032,2.663161E-4
6.755897,-0.10040118,-0.002130529,0.013315806
6.7584796,-0.041545313,0.027164243,0.019707393
6.766716,-0.041545313,0.027164243,0.019707393
6.7693424,0.014114754,0.040480047,5.326322E-4
6.777257,0.027164243,0.045540057,-0.011984225
6.7820854,0.0314253,0.048469532,-0.025300032
6.788834,0.028495824,0.047670584,-0.03834952
6.793546,0.0077231675,0.037284255,-0.066312715
6.799094,0.0077231675,0.037284255,-0.066312715
6.8037457,-0.01304949,0.02743056,-0.08016115
6.8122625,-0.036751624,0.017310547,-0.094808534
6.8147373,-0.09534117,0.008522116,-0.103064336
6.8231745,-0.11638014,0.007456851,-0.09560748
6.8257337,-0.12436963,0.012516857,-0.08229168
6.8346863,-0.11797804,0.021571605,-0.06924219
6.8374076,-0.07643273,0.05006743,-0.050866377
6.8448806,-0.07643273,0.05006743,-0.050866377
6.847452,-0.00479369,0.07137272,-0.046072688
6.856242,-0.00479369,0.07137272,-0.046072688
6.8610716,0.071106404,0.075101145,-0.045007423
6.8657217,0.0958738,0.070307456,-0.046339005
6.870388,0.11025487,0.06498113,-0.043942157
6.878138,0.11771172,0.056459017,-0.04181163
6.8828077,0.10333065,0.02876214,-0.043675844
6.8874497,0.10333065,0.02876214,-0.043675844
6.892106,0.08016115,0.019707393,-0.045007423
6.899387,0.05139901,0.014114754,-0.047404267
6.9040537,-0.005060006,0.009054748,-0.05139901
6.9111342,-0.027963191,0.004261058,-0.051132694
6.9136043,-0.04261058,0.0029294773,-0.046072688
6.918604,-0.05486112,0.0031957934,-0.04181163
6.9229364,-0.05486112,0.0031957934,-0.04181163
6.925485,-0.053795855,0.005060006,-0.038083203
6.934003,-0.042077947,0.007989483,-0.03488741
6.936588,0.008255799,0.0010652645,-0.038083203
6.944799,0.008255799,0.0010652645,-0.038083203
6.949778,0.05006743,-0.0127831735,-0.04261058
6.9556417,0.06551377,-0.021837922,-0.038083203
6.9603057,0.07563378,-0.024767399,-0.028229509
6.9672213,0.07403588,-0.032490566,-0.017310547
6.9718814,0.05539375,-0.04447479,0.0029294773
6.977513,0.05539375,-0.04447479,0.0029294773
6.9822054,0.023702133,-0.053795855,0.01304949
6.990749,0.023702133,-0.053795855,0.01304949
6.993226,-0.011984225,-0.06178534,0.013315806
7.0011654,-0.026897928,-0.060720075,0.012250541
7.0037346,-0.03701794,-0.06018744,0.011185277
7.0087347,-0.04261058,-0.056991648,0.012250541
7.0128155,-0.04261058,-0.056991648,0.012250541
7.015384,-0.0479369,-0.05352954,0.014647386
7.023009,-0.049801115,-0.053263225,0.015978966
7.025592,-0.040213734,-0.03888215,0.020240024
7.0343795,-0.040213734,-0.03888215,0.020240024
7.0392785,-0.010652645,-0.039414786,0.017044231
7.043865,0.0061252704,-0.04261058,0.011451593
7.048534,0.017310547,-0.04660532,0.0039947415
7.0552716,0.027164243,-0.048203215,-0.0034621095
7.0600214,0.026897928,-0.049801115,-0.008522116
7.0639977,0.023169503,-0.04926848,-0.012250541
7.0688686,0.016777916,-0.050600063,-0.013582122
7.0761433,0.009054748,-0.052996907,-0.016511599
7.0808377,-0.010918961,-0.059921127,-0.01438107
7.085449,-0.010918961,-0.059921127,-0.01438107
7.0901237,-0.019707393,-0.056459017,-0.012516857
7.0974007,-0.02956109,-0.05219796,-0.011984225
7.102089,-0.04261058,-0.03355583,-0.009321064
7.1092134,-0.04261058,-0.03355583,-0.009321064
7.111693,-0.040480047,-0.0063915867,-7.9894834E-4
7.1166925,-0.03568636,0.011717909,0.0063915867
7.1207075,-0.03568636,0.011717909,0.0063915867
7.123249,-0.027963191,0.03089267,0.014647386
7.1317444,-0.016245283,0.05006743,0.022104237
7.134314,0.013848438,0.06791061,0.025566347
7.1426067,0.013848438,0.06791061,0.025566347
7.1452093,0.06018744,0.07057377,0.018908445
7.1531954,0.07749799,0.06364955,0.01304949
7.1566577,0.083889574,0.05006743,0.0061252704
7.1642833,0.08149273,0.033023197,-0.0026631611
7.169013,0.077231675,0.014114754,-0.01304949
7.174559,0.066312715,-0.002396845,-0.021837922
7.179383,0.047670584,-0.015446335,-0.031158986
7.1862783,0.028495824,-0.025832662,-0.03781689
7.190925,-0.0039947415,-0.032756884,-0.04660532
7.1967535,-0.0039947415,-0.032756884,-0.04660532
7.2000723,-0.03701794,-0.024767399,-0.040480047
7.2084184,-0.03701794,-0.024767399,-0.040480047
7.2109113,-0.048469532,-0.004261058,-0.021571605
7.218728,-0.04234426,0.007989483,-0.009853696
7.2212753,-0.03488741,0.015180019,0.0039947415
7.226275,-0.027696876,0.024767399,0.01571265
7.2304745,-0.027696876,0.024767399,0.01571265
7.2330575,-0.015180019,0.031158986,0.026897928
7.2405252,-0.0063915867,0.032756884,0.03568636
7.2431116,0.007989483,0.0314253,0.041545313
7.2481117,0.022903185,0.02956109,0.04314321
7.2530627,0.022903185,0.02956109,0.04314321
7.2580166,0.0396811,0.014913702,0.03834952
7.2626724,0.035952676,0.0061252704,0.033023197
7.267394,0.019973708,-0.0053263223,0.027164243
7.274614,0.004261058,-0.011717909,0.022370555
7.279353,-0.03222425,-0.02263687,0.016777916
7.284127,-0.03222425,-0.02263687,0.016777916
7.2891107,-0.048203215,-0.026897928,0.014913702
7.297651,-0.057790596,-0.029294772,0.014114754
7.300134,-0.062051654,-0.028229509,0.011185277
7.3083453,-0.055926383,-0.024767399,0.009054748
7.3108997,-0.046871636,-0.01571265,0.00958738
7.319288,-0.036485307,-0.006657903,0.00958738
7.321871,-0.028495824,0.004261058,0.011185277
7.3298173,-0.021038974,0.013582122,0.01304949
7.3324265,-0.007190535,0.026365295,0.016511599
7.3406463,-0.007190535,0.026365295,0.016511599
7.34548,0.0015978967,0.025566347,0.01304949
7.351066,0.0026631611,0.022370555,0.008788432
7.355743,0.0029294773,0.018642128,0.0026631611
7.36236,-0.0039947415,0.017310547,-0.0039947415
7.367211,-0.012250541,0.01438107,-0.010386328
7.372799,-0.02130529,0.011185277,-0.017310547
7.3775334,-0.021571605,0.010652645,-0.022370555
7.3844275,-0.020240024,0.01304949,-0.024501082
7.389152,-0.029827405,0.022903185,-0.024767399
7.3962636,-0.029827405,0.022903185,-0.024767399
7.398757,-0.04261058,0.041279,-0.013582122
7.403757,-0.04527374,0.047137953,-0.009054748
7.408082,-0.04527374,0.047137953,-0.009054748
7.4106593,-0.038615838,0.05273059,-0.0029294773
7.4183993,-0.03355583,0.055926383,0.0034621095
7.4209905,-0.02396845,0.06524745,0.015180019
7.429793,-0.011717909,0.07376956,0.026631612
7.4346557,0.024234766,0.08282431,0.03888215
7.439381,0.045007423,0.08175905,0.035153728
7.4440346,0.05672533,0.077231675,0.025300032
7.4516716,0.05832323,0.06977482,0.011717909
7.45641,0.049801115,0.05965481,0.0018642128
7.4610844,0.033023197,0.05219796,-0.0034621095
7.465772,0.0077231675,0.042077947,-0.002130529
7.4730215,-0.017576864,0.032756884,0.0013315806
7.4776993,-0.06231797,0.021837922,0.008255799
7.482945,-0.06231797,0.021837922,0.008255799
7.4876246,-0.082558,0.022104237,0.016511599
7.496302,-0.082558,0.022104237,0.016511599
7.49879,-0.06258429,0.027696876,0.01784318
7.506697,-0.042876896,0.02743056,0.01304949
7.509266,-0.022104237,0.025300032,0.004261058
7.5176716,-0.00958738,0.02396845,-0.0013315806
7.5202775,7.9894834E-4,0.027963191,-0.0039947415
7.5282555,0.007456851,0.029028457,-2.663161E-4
7.5308647,0.015446335,0.025033714,0.0037284256
7.539129,0.015446335,0.025033714,0.0037284256
7.5439506,2.663161E-4,0.0053263223,-0.0053263223
7.5495086,-0.016777916,-0.0037284256,-0.011451593
7.554258,-0.034621093,-0.006924219,-0.014114754
7.560927,-0.05672533,-0.013315806,-0.017044231
7.565602,-0.076965354,-0.01917476,-0.024234766
7.571193,-0.092145376,-0.028229509,-0.03355583
7.5758533,-0.10066749,-0.040213734,-0.043942157
7.5843325,-0.101999074,-0.052464273,-0.052996907
7.5868764,-0.08282431,-0.07350325,-0.06657903
7.594493,-0.066312715,-0.07803062,-0.071106404
7.597122,-0.05219796,-0.08495484,-0.07563378
7.602122,-0.032490566,-0.08841695,-0.07590009
7.6061263,-0.032490566,-0.08841695,-0.07590009
7.608706,-0.00958738,-0.08894958,-0.07403588
7.616194,0.006657903,-0.092944324,-0.0727043
7.618772,0.024501082,-0.09560748,-0.07084008
7.627552,0.033023197,-0.0974717,-0.068176925
7.6323805,0.03009372,-0.101999074,-0.06924219
7.6370916,0.021038974,-0.10173275,-0.07350325
7.641815,0.008788432,-0.09933591,-0.075101145
7.6497397,-0.0031957934,-0.09427591,-0.0743022
7.654406,-0.015180019,-0.08442221,-0.070307456
7.659047,-0.023702133,-0.076965354,-0.06178534
7.6637764,-0.025300032,-0.070307456,-0.05219796
7.671033,-0.02130529,-0.064182185,-0.044208474
7.675697,0.00479369,-0.053263225,-0.033822145
7.680954,0.00479369,-0.053263225,-0.033822145
7.684288,0.03009372,-0.03888215,-0.033023197
7.691379,0.03009372,-0.03888215,-0.033023197
7.696042,0.055127434,-0.02876214,-0.043409526
7.7013288,0.055127434,-0.02876214,-0.043409526
7.70602,0.047404267,-0.023435818,-0.04926848
7.714539,0.047404267,-0.023435818,-0.04926848
7.7171097,0.018908445,-0.017044231,-0.03488741
7.7249913,7.9894834E-4,-0.015180019,-0.02743056
7.727573,-0.015446335,-0.012516857,-0.019441076
7.7364745,-0.03169162,-0.006924219,-0.011185277
7.7413034,-0.047670584,0.014647386,0.00479369
7.746918,-0.036218993,0.026897928,0.011185277
7.7515726,-0.017044231,0.03888215,0.013582122
7.758224,0.012250541,0.047670584,0.010120012
7.7628965,0.04527374,0.053263225,0.0018642128
7.7684617,0.07643273,0.054062173,-0.004261058
7.7731237,0.09534117,0.05139901,-0.009054748
7.779793,0.10466223,0.048469532,-0.014647386
7.784468,0.100933805,0.037284255,-0.02876214
7.7904563,0.100933805,0.037284255,-0.02876214
7.7929516,0.061252706,0.015180019,-0.03701794
7.800218,0.061252706,0.015180019,-0.03701794
7.8035645,0.0058589545,-0.0010652645,-0.027696876
7.8092594,0.0058589545,-0.0010652645,-0.027696876
7.8139734,-0.037284255,-0.004261058,-0.017310547
7.8226233,-0.037284255,-0.004261058,-0.017310547
7.825107,-0.050866377,0.0058589545,-0.01438107
7.8319497,-0.04926848,0.011451593,-0.0127831735
7.8345175,-0.03701794,0.023169503,-0.007456851
7.8395176,-0.018375812,0.03355583,-2.663161E-4
7.844642,-0.018375812,0.03355583,-2.663161E-4
7.84733,-0.0031957934,0.038083203,0.011984225
7.8542314,0.006657903,0.036751624,0.022104237
7.856838,0.01571265,0.03781689,0.035952676
7.8618383,0.02130529,0.036751624,0.046339005
7.8662634,0.02130529,0.036751624,0.046339005
7.869735,0.02609898,0.032490566,0.05539375
7.8742733,0.022903185,0.026897928,0.051665325
7.879021,0.019973708,0.019441076,0.041279
7.8868704,0.019973708,0.019441076,0.041279
7.891543,0.010120012,0.0039947415,0.023169503
7.8961496,0.0010652645,-0.0018642128,0.016245283
7.90088,-0.015180019,-0.0058589545,0.011984225
7.908127,-0.03169162,-0.008788432,0.01304949
7.912797,-0.04314321,-0.0077231675,0.016777916
7.9175105,-0.04660532,-0.005060006,0.025832662
7.922167,-0.046871636,-0.002130529,0.034088463
7.92942,-0.04261058,0.0029294773,0.040746365
7.931899,-0.018642128,0.018642128,0.047404267
7.936899,-0.007989483,0.026365295,0.046339005
7.941906,-0.007989483,0.026365295,0.046339005
7.944462,0.006924219,0.03701794,0.043409526
7.949462,0.025033714,0.045007423,0.043409526
7.953603,0.025033714,0.045007423,0.043409526
7.9570827,0.050600063,0.06098639,0.041012682
7.9644732,0.050600063,0.06098639,0.041012682
7.9692674,0.066312715,0.064182185,0.03834952
7.975909,0.07163903,0.06231797,0.035153728
7.980572,0.07137272,0.05486112,0.029827405
7.9861207,0.06870956,0.043942157,0.021038974
7.9908547,0.064182185,0.030626353,0.012250541
7.9975414,0.05672533,0.015446335,-2.663161E-4
8.002202,0.051132694,0.002396845,-0.014647386
8.008046,0.044208474,-0.008522116,-0.030626353
8.0105715,0.033822145,-0.018908445,-0.04261058
8.015572,0.013582122,-0.026365295,-0.05352954
8.022977,0.013582122,-0.026365295,-0.05352954
8.026447,0.010120012,-0.01917476,-0.043675844
8.03318,0.010120012,-0.01917476,-0.043675844
8.037847,0.03435478,-0.004527374,-0.024234766
8.04512,0.03435478,-0.004527374,-0.024234766
8.049733,0.07483483,0.012250541,-0.014647386
8.053916,0.10013486,0.017044231,-0.013315806
8.059188,0.11824436,0.015446335,-0.014647386
8.065213,0.13662016,0.014114754,-0.018908445
8.069926,0.14780544,0.010386328,-0.026365295
8.074571,0.14620754,0.0034621095,-0.031158986
8.079349,0.13448964,-0.0018642128,-0.034088463
8.086607,0.11158645,-0.007190535,-0.031158986
8.091281,0.08335695,-0.010386328,-0.024234766
8.096552,0.0561927,-0.014913702,-0.01784318
8.101214,0.015180019,-0.029294772,-0.019441076
8.109744,0.015180019,-0.029294772,-0.019441076
8.112221,0.008255799,-0.052464273,-0.034088463
8.119611,0.014114754,-0.06578008,-0.04181163
8.122149,0.022104237,-0.07856325,-0.04660532
8.127149,0.0314253,-0.088150635,-0.048469532
8.131504,0.0314253,-0.088150635,-0.048469532
8.134127,0.042077947,-0.095074855,-0.051132694
8.141786,0.048203215,-0.09986854,-0.056991648
8.146679,0.053263225,-0.099069595,-0.06711166
8.153304,0.053263225,-0.099069595,-0.06711166
8.158071,0.04234426,-0.09054748,-0.07084008
8.163608,0.036218993,-0.08522116,-0.06924219
8.168331,0.029028457,-0.0793622,-0.066312715
8.1749525,0.025300032,-0.076166406,-0.066312715
8.179607,0.01784318,-0.070041135,-0.06924219
8.185162,0.009054748,-0.06524745,-0.07989483
8.189908,-0.0034621095,-0.062051654,-0.09267801
8.19656,-0.01571265,-0.06231797,-0.101999074
8.199058,-0.043409526,-0.06098639,-0.10040118
8.204058,-0.051665325,-0.05006743,-0.100933805
8.209008,-0.051665325,-0.05006743,-0.100933805
8.2116,-0.042876896,-0.02956109,-0.10519487
8.2166,-0.012250541,-0.011984225,-0.10626013
8.221321,-0.012250541,-0.011984225,-0.10626013
8.224773,0.07989483,0.020240024,-0.0958738
8.2307005,0.07989483,0.020240024,-0.0958738
8.235372,0.11105382,0.05752428,-0.061252706
8.242775,0.11105382,0.05752428,-0.061252706
8.2475,0.06684534,0.084155895,-0.033023197
8.252131,0.05006743,0.08681905,-0.04181163
8.25692,0.03222425,0.08175905,-0.06844324
8.26418,0.01784318,0.07882957,-0.09454222
8.2688265,0.0010652645,0.07590009,-0.10972224
8.273431,-0.012516857,0.07483483,-0.11105382
8.278502,-0.018375812,0.073236935,-0.10439592
8.285778,-0.009853696,0.0644485,-0.09321064
8.288278,0.037550572,0.048203215,-0.09720538
8.293278,0.054594804,0.047137953,-0.10466223
8.297896,0.054594804,0.047137953,-0.10466223
8.300456,0.058056913,0.049801115,-0.109988555
8.305457,0.051132694,0.056991648,-0.11052119
8.309525,0.051132694,0.056991648,-0.11052119
8.313008,0.018375812,0.064182185,-0.1073254
8.320145,0.018375812,0.064182185,-0.1073254
8.325101,-0.016511599,0.05139901,-0.10546118
8.331914,-0.024767399,0.04447479,-0.1041296
8.336773,-0.023702133,0.039947417,-0.10466223
8.342417,-0.013315806,0.044208474,-0.1025317
8.347159,-0.0034621095,0.047670584,-0.10040118
8.35383,0.010918961,0.055127434,-0.098004326
8.358565,0.027963191,0.061252706,-0.092145376
8.36444,0.027963191,0.061252706,-0.092145376
8.367012,0.026897928,0.059921127,-0.08655274
8.372012,0.0127831735,0.043675844,-0.06924219
8.378425,0.0127831735,0.043675844,-0.06924219
8.381052,-0.0034621095,0.032756884,-0.06258429
8.388793,-0.023435818,0.016245283,-0.061252706
8.392263,-0.04873585,-0.006657903,-0.06578008
8.400983,-0.04873585,-0.006657903,-0.06578008
8.405703,-0.059921127,-0.02396845,-0.080960095
8.410285,-0.05486112,-0.027164243,-0.08362326
8.414947,-0.039414786,-0.021837922,-0.08175905
8.422211,-0.019707393,-0.015180019,-0.07962852
8.426973,-0.0026631611,-0.008522116,-0.07376956
8.432203,0.01304949,5.326322E-4,-0.072171666
8.435604,0.018908445,0.004261058,-0.070041135
8.4427185,0.020772656,0.002130529,-0.070307456
8.44754,0.014913702,7.9894834E-4,-0.06018744
8.452948,0.014913702,7.9894834E-4,-0.06018744
8.45762,0.012250541,7.9894834E-4,-0.04474111
8.466162,0.0077231675,-5.326322E-4,-0.02956109
8.468672,-0.0015978967,-0.011984225,-0.009054748
8.476554,-0.0061252704,-0.016245283,-0.0037284256
8.4791565,-0.012516857,-0.021038974,-0.0039947415
8.48775,-0.02130529,-0.024234766,-0.007989483
8.49261,-0.03568636,-0.025033714,-0.021837922
8.49734,-0.03568636,-0.025033714,-0.021837922
8.502043,-0.040746365,-0.026365295,-0.027963191
8.509134,-0.04527374,-0.025566347,-0.03169162
8.513785,-0.043942157,-0.01571265,-0.030626353
8.519418,-0.038083203,-0.009054748,-0.03009372
8.524093,-0.026897928,-0.0013315806,-0.030626353
8.530731,-0.01917476,0.004527374,-0.029294772
8.535496,-0.009321064,0.012516857,-0.02876214
8.541296,0.004527374,0.021038974,-0.02609898
8.545965,0.012250541,0.02609898,-0.023435818
8.552625,0.0127831735,0.027164243,-0.022370555
8.555118,0.007456851,0.027963191,-0.021837922
8.560118,-0.01438107,0.028229509,-0.016511599
8.565471,-0.01438107,0.028229509,-0.016511599
8.568069,-0.030360037,0.024234766,-0.015978966
8.573069,-0.046072688,0.017044231,-0.01784318
8.57736,-0.046072688,0.017044231,-0.01784318
8.582394,-0.06924219,0.008255799,-0.018908445
8.587136,-0.06924219,0.008255799,-0.018908445
8.591789,-0.0793622,0.0039947415,-0.020240024
8.599053,-0.0793622,0.0039947415,-0.020240024
8.603787,-0.0727043,0.004261058,-0.02130529
8.608438,-0.0644485,0.011717909,-0.021038974
8.613097,-0.050866377,0.01571265,-0.019973708
8.620371,-0.03488741,0.020240024,-0.018109497
8.625081,-0.021837922,0.023435818,-0.017310547
8.630341,-0.00958738,0.025832662,-0.015180019
8.635019,-0.0037284256,0.025566347,-0.014647386
8.642229,0.0031957934,0.024234766,-0.010652645
8.644709,0.022903185,0.02130529,-0.006924219
8.649709,0.03009372,0.01571265,-0.0077231675
8.654432,0.03009372,0.01571265,-0.0077231675
8.657083,0.03355583,0.0077231675,-0.009054748
8.665808,0.034621093,0.0015978967,-0.011717909
8.670692,0.00958738,-0.018642128,-0.019707393
8.676298,0.00958738,-0.018642128,-0.019707393
8.680971,-0.035153728,-0.032490566,-0.027963191
8.687889,-0.035153728,-0.032490566,-0.027963191
8.692543,-0.08681905,-0.03355583,-0.027963191
8.697317,-0.099069595,-0.033023197,-0.025300032
8.701994,-0.10146644,-0.033289514,-0.022104237
8.708678,-0.094808534,-0.030626353,-0.019707393
8.713351,-0.07803062,-0.024767399,-0.014913702
8.71889,-0.054594804,-0.01917476,-0.0063915867
8.723618,-0.02609898,-0.014114754,0.0015978967
8.730299,0.0026631611,-0.008255799,0.010120012
8.732805,0.024234766,-0.002396845,0.019973708
8.737804,0.046339005,0.007190535,0.03488741
8.743463,0.046339005,0.007190535,0.03488741
8.746062,0.051665325,0.012250541,0.03488741
8.751061,0.052464273,0.009853696,0.03169162
8.755389,0.052464273,0.009853696,0.03169162
8.760348,0.03834952,-0.0063915867,0.0039947415
8.764952,0.03834952,-0.0063915867,0.0039947415
8.769659,0.027164243,-0.014913702,-0.009853696
8.776321,0.006657903,-0.02396845,-0.020506341
8.781058,-0.03781689,-0.03089267,-0.027963191
8.78567,-0.051931642,-0.033023197,-0.02956109
8.790327,-0.0628506,-0.036218993,-0.032756884
8.797611,-0.0628506,-0.036218993,-0.032756884
8.802337,-0.0743022,-0.03542004,-0.040213734
8.807048,-0.07403588,-0.032756884,-0.03834952
8.811774,-0.07084008,-0.03195793,-0.03355583
8.819042,-0.0628506,-0.03089267,-0.0314253
8.821543,-0.052464273,-0.031158986,-0.025832662
8.826543,-0.036218993,-0.02876214,-0.004261058
8.831543,-0.036218993,-0.02876214,-0.004261058
8.836542,-0.036218993,-0.02876214,-0.004261058
8.839257,-0.036218993,-0.02876214,-0.004261058
8.841725,-0.028229509,-0.025033714,0.00479369
8.8467245,-0.018642128,-0.02130529,0.013848438
8.853591,-0.018642128,-0.02130529,0.013848438
8.857067,5.326322E-4,-0.010386328,0.023169503
8.863856,0.016511599,-0.00958738,0.02396845
8.8685465,0.037550572,-0.014647386,0.02263687
8.875834,0.037550572,-0.014647386,0.02263687
8.880498,0.047404267,-0.012516857,0.029294772
8.885109,0.05006743,-0.008788432,0.030360037
8.889783,0.0479369,-0.0063915867,0.030626353
8.897041,0.0479369,-0.0063915867,0.030626353
8.901707,0.03914847,0.0013315806,0.029294772
8.906436,0.03542004,0.0061252704,0.031158986
8.91112,0.028229509,0.011984225,0.033023197
8.918401,0.025566347,0.016511599,0.033023197
8.920899,0.027696876,0.021571605,0.03222425
8.928929,0.035952676,0.026897928,0.025300032
8.931498,0.042077947,0.02956109,0.015978966
8.936497,0.046072688,0.03195793,0.00479369
8.942641,0.046072688,0.03195793,0.00479369
8.946087,0.048469532,0.028495824,-0.016511599
8.953335,0.047137953,0.021038974,-0.025566347
8.958018,0.05566007,0.011451593,-0.03888215
8.964627,0.05566007,0.011451593,-0.03888215
8.969462,0.04527374,0.002396845,-0.03781689
8.9750395,0.037550572,-0.0013315806,-0.034621093
8.979712,0.028229509,-0.006657903,-0.029294772
8.986358,0.020240024,-0.008255799,-0.02396845
8.991039,0.014114754,-0.007456851,-0.021571605
8.996884,0.0127831735,-0.0031957934,-0.02263687
8.9994135,0.00958738,0.0031957934,-0.023702133
9.004414,0.006924219,0.011717909,-0.027696876
9.011872,0.006924219,0.011717909,-0.027696876
9.015323,0.013582122,0.027164243,-0.03222425
9.021999,0.018642128,0.033023197,-0.03089267
9.026766,0.018109497,0.033822145,-0.028229509
9.034015,0.017310547,0.03355583,-0.024234766
9.038732,0.018908445,0.036485307,-0.01917476
9.043331,0.022370555,0.034088463,-0.021038974
9.04799,0.025566347,0.02609898,-0.027963191
9.055229,0.025566347,0.02609898,-0.027963191
9.059953,0.018642128,0.011717909,-0.040746365
9.064123,0.005060006,0.007456851,-0.043409526
9.069367,-0.004261058,0.008522116,-0.043409526
9.076626,-0.007456851,0.010652645,-0.043942157
9.079121,-0.008255799,0.012516857,-0.042077947
9.08728,-0.008255799,0.016777916,-0.0396811
9.089853,-0.010386328,0.022370555,-0.033289514
9.094853,-0.011451593,0.03009372,-0.027696876
9.100862,-0.011451593,0.03009372,-0.027696876
9.104324,-0.013848438,0.045540057,-0.01438107
9.111554,-0.012516857,0.048469532,-0.013848438
9.1162405,-0.00479369,0.042077947,-0.018375812
9.122859,-0.00479369,0.042077947,-0.018375812
9.127541,-7.9894834E-4,0.039414786,-0.025033714
9.133106,-0.0037284256,0.035952676,-0.02876214
9.137804,-0.0061252704,0.03781689,-0.030626353
9.144438,-0.012516857,0.039947417,-0.029827405
9.14926,-0.022370555,0.04474111,-0.028229509
9.155188,-0.03355583,0.048469532,-0.025300032
9.157683,-0.045540057,0.051931642,-0.025300032
9.1626835,-0.054594804,0.051931642,-0.025832662
9.17004,-0.054594804,0.051931642,-0.025832662
9.173485,-0.07856325,0.058056913,-0.021837922
9.180317,-0.08282431,0.058589544,-0.019441076
9.185024,-0.07483483,0.0644485,-0.018375812
9.192291,-0.06524745,0.070307456,-0.017576864
9.195712,-0.048203215,0.0892159,-0.010120012
9.200177,-0.048203215,0.0892159,-0.010120012
9.204881,-0.03888215,0.094808534,-0.005060006
9.212125,-0.025033714,0.094808534,-0.0039947415
9.216871,-0.005060006,0.07989483,-0.018642128
9.22147,-0.0053263223,0.07057377,-0.024501082
9.226174,-0.011717909,0.06178534,-0.02956109
9.233444,-0.011717909,0.06178534,-0.02956109
9.238146,-0.02743056,0.040480047,-0.027164243
9.243412,-0.035153728,0.03169162,-0.025832662
9.248101,-0.039414786,0.02609898,-0.022104237
9.255356,-0.042876896,0.023702133,-0.019707393
9.257838,-0.044208474,0.020506341,-0.016245283
9.2651415,-0.043942157,0.019973708,-0.0127831735
9.267721,-0.037284255,0.020772656,-0.010386328
9.272721,-0.03009372,0.020240024,-0.008522116
9.27884,-0.03009372,0.020240024,-0.008522116
9.282286,-0.010652645,0.012516857,-0.007989483
9.289561,-0.007456851,0.0055926386,-0.008522116
9.294234,-0.011451593,-0.0077231675,-0.008788432
9.300911,-0.011451593,-0.0077231675,-0.008788432
9.305598,-0.019973708,-0.013848438,-0.007456851
9.311158,-0.019973708,-0.013848438,-0.007456851
9.315847,-0.033822145,-0.021571605,-0.0058589545
9.322708,-0.03781689,-0.025566347,-0.0058589545
9.326482,-0.03914847,-0.028229509,-0.0055926386
9.332337,-0.039414786,-0.028495824,-0.0015978967
9.33717,-0.040213734,-0.026365295,0.006924219
9.343798,-0.038615838,-0.023702133,0.017310547
9.346275,-0.026897928,-0.018375812,0.027696876
9.354735,-0.011717909,-0.010652645,0.033822145
9.357367,0.0013315806,-0.006924219,0.036751624
9.362367,0.015180019,-0.0053263223,0.03542004
9.367846,0.015180019,-0.0053263223,0.03542004
9.371383,0.030360037,-5.326322E-4,0.03089267
9.377953,0.03009372,-0.002130529,0.03089267
9.382628,0.033023197,0.0018642128,0.0314253
9.389907,0.030360037,0.0053263223,0.026631612
9.394595,0.013582122,-0.0026631611,0.013315806
9.399242,0.013582122,-0.0026631611,0.013315806
9.403892,-0.013582122,-0.015446335,0.008255799
9.411155,-0.013582122,-0.015446335,0.008255799
9.415881,-0.046072688,-0.02609898,0.012516857
9.420485,-0.053263225,-0.02609898,0.014647386
9.425168,-0.045540057,-0.020240024,0.012516857
9.432436,-0.028229509,-0.016511599,0.009853696
9.434937,-0.006657903,-0.0127831735,0.010386328
9.443126,0.016245283,-0.0061252704,0.009853696
9.445676,0.03568636,-0.004527374,0.009853696
9.450676,0.054594804,-0.006657903,0.012516857
9.456833,0.054594804,-0.006657903,0.012516857
9.460303,0.08282431,-0.0063915867,0.011185277
9.468673,0.08442221,-0.0061252704,0.0077231675
9.47334,0.05566007,-0.002130529,2.663161E-4
9.47997,0.05566007,-0.002130529,2.663161E-4
9.484649,0.021038974,7.9894834E-4,-0.0010652645
9.490354,0.0039947415,-0.002396845,0.0013315806
9.495045,-0.009054748,-0.008255799,0.0031957934
9.5017,-0.018642128,-0.012250541,0.0063915867
9.504184,-0.021571605,-0.015180019,0.008522116
9.512946,-0.018375812,-0.02130529,0.009321064
9.515515,-0.0055926386,-0.021837922,0.009853696
9.520515,0.00958738,-0.024234766,0.008788432
9.526417,0.00958738,-0.024234766,0.008788432
9.52989,0.03009372,-0.03488741,0.0055926386
9.536218,0.03222425,-0.038083203,0.007989483
9.54091,0.0314253,-0.03781689,0.010652645
9.548195,0.030360037,-0.036751624,0.014647386
9.55287,0.029294772,-0.03488741,0.0053263223
9.557487,0.029294772,-0.03488741,0.0053263223
9.562155,0.020240024,-0.026365295,-0.008788432
9.569429,0.020240024,-0.026365295,-0.008788432
9.574097,0.008788432,-0.018375812,-0.004261058
9.578698,0.006924219,-0.016511599,-0.0026631611
9.583379,0.0055926386,-0.01784318,-5.326322E-4
9.590615,0.007456851,-0.01917476,-0.0013315806
9.593094,0.0127831735,-0.021837922,-0.0055926386
9.601369,0.020506341,-0.023435818,-0.010386328
9.603921,0.03195793,-0.026897928,-0.0127831735
9.608921,0.03834952,-0.02743056,-0.013848438
9.615057,0.03834952,-0.02743056,-0.013848438
9.618534,0.033822145,-0.024501082,-0.0127831735
9.62577,0.026897928,-0.021038974,-0.015180019
9.630441,0.018908445,-0.015978966,-0.018642128
9.637359,0.007456851,-0.01304949,-0.023169503
9.64204,-0.015446335,-0.008255799,-0.02956109
9.646776,-0.015446335,-0.008255799,-0.02956109
9.651449,-0.025566347,0.0013315806,-0.036751624
9.658373,-0.025566347,0.0013315806,-0.036751624
9.663044,-0.020506341,0.016245283,-0.04314321
9.668614,-0.014913702,0.027963191,-0.04474111
9.673291,-0.0034621095,0.040213734,-0.0479369
9.679948,0.007190535,0.04527374,-0.05273059
9.682449,0.016777916,0.047670584,-0.058056913
9.69095,0.021837922,0.050333746,-0.059921127
9.693502,0.009321064,0.07829694,-0.06551377
9.698502,-0.10839066,0.1438107,-0.062051654
9.704622,-0.10839066,0.1438107,-0.062051654
9.70812,-0.120907515,-0.12463594,-0.031158986
9.714,-0.09640643,-0.1571265,-0.07563378
9.7186575,-0.1403486,-0.10066749,-0.088150635
9.726067,-0.12330436,0.011984225,-0.056459017
9.730745,-0.036751624,0.10945592,0.014913702
9.735342,-0.036751624,0.10945592,0.014913702
9.74001,-0.021837922,0.056991648,0.01438107
9.745847,-0.021837922,0.056991648,0.01438107
9.750846,-0.09241169,0.05752428,0.011717909
9.755846,-0.09241169,0.05752428,0.011717909
9.761495,-0.09241169,0.05752428,0.011717909
9.7699,-0.12756541,0.059388492,0.009054748
9.7748995,-0.23409186,0.033289514,0.006924219
9.78223,-0.23409186,0.033289514,0.006924219
9.7872305,-0.24154872,0.023169503,0.01304949
9.792726,-0.24154872,0.023169503,0.01304949
9.798394,-0.16271915,0.01784318,0.021571605
9.802657,-0.08575379,0.019441076,0.02396845
9.806864,0.007456851,0.022104237,0.028229509
9.813858,0.107858025,0.016777916,0.037284255
9.817985,0.20186761,0.008255799,0.051132694
9.822562,0.26871297,-0.008255799,0.072970614
9.826023,0.29294774,-0.022903185,0.08894958
9.832896,0.29028457,-0.020506341,0.07403588
9.836729,0.28202876,-0.024234766,0.054328486
9.841922,0.27510455,-0.029028457,0.048469532
9.848057,0.24900557,-0.043409526,0.048203215
9.853227,0.19520971,-0.06178534,0.052996907
9.85732,0.122771725,-0.080960095,0.05965481
