0.0,-12.0,-28.0,-33.0,-12.0,17.0,-5.0
0.011127604,-12.0,-26.0,-33.0,-12.0,20.0,-5.0
0.021127604,-12.0,-24.0,-30.0,-12.0,23.0,-2.0
0.035417553,-12.0,-24.0,-30.0,-12.0,23.0,-2.0
0.04865604,-9.0,-24.0,-33.0,-8.0,22.0,-5.0
0.06417625,-12.0,-25.0,-34.0,-12.0,21.0,-6.0
0.070510626,-10.0,-21.0,-29.0,-10.0,24.0,-1.0
0.080510624,-10.0,-27.0,-34.0,-10.0,18.0,-6.0
0.09054729,-10.0,-27.0,-34.0,-10.0,18.0,-6.0
0.09867458,-9.0,-23.0,-35.0,-9.0,21.0,-7.0
0.11201203,-10.0,-24.0,-33.0,-10.0,20.0,-5.0
0.122012034,-10.0,-21.0,-33.0,-11.0,23.0,-5.0
0.13040432,-10.0,-21.0,-33.0,-11.0,23.0,-5.0
0.14810614,-10.0,-26.0,-35.0,-11.0,18.0,-6.0
0.1619838,-10.0,-25.0,-36.0,-11.0,18.0,-7.0
0.17198381,-10.0,-24.0,-37.0,-11.0,19.0,-8.0
0.18198381,-10.0,-24.0,-37.0,-11.0,19.0,-8.0
0.1919838,-10.0,-24.0,-37.0,-11.0,19.0,-8.0
0.1976,-10.0,-24.0,-37.0,-11.0,19.0,-8.0
0.21210203,-11.0,-22.0,-38.0,-11.0,21.0,-8.0
0.21831734,-11.0,-19.0,-37.0,-11.0,24.0,-7.0
0.22831735,-12.0,-20.0,-39.0,-12.0,22.0,-8.0
0.23831734,-12.0,-20.0,-39.0,-12.0,22.0,-8.0
0.24645026,-12.0,-20.0,-39.0,-12.0,22.0,-8.0
0.26139823,-12.0,-19.0,-41.0,-12.0,22.0,-8.0
0.2675392,-12.0,-13.0,-37.0,-12.0,28.0,-4.0
0.27753922,-14.0,-13.0,-44.0,-13.0,27.0,-10.0
0.28753924,-14.0,-13.0,-44.0,-13.0,27.0,-10.0
0.29642412,-14.0,-13.0,-44.0,-13.0,27.0,-10.0
0.31024748,-11.0,-11.0,-46.0,-10.0,26.0,-11.0
0.32804176,-12.0,-6.0,-45.0,-11.0,30.0,-8.0
0.34587395,-12.0,-5.0,-49.0,-11.0,29.0,-11.0
0.3600401,-10.0,-1.0,-51.0,-9.0,31.0,-12.0
0.37746426,-10.0,2.0,-49.0,-9.0,31.0,-8.0
0.38746426,-2.0,17.0,-50.0,-1.0,43.0,-7.0
0.39746425,-2.0,17.0,-50.0,-1.0,43.0,-7.0
0.40746427,-2.0,17.0,-50.0,-1.0,43.0,-7.0
0.41746426,-2.0,17.0,-50.0,-1.0,43.0,-7.0
0.425274,-2.0,17.0,-50.0,-1.0,43.0,-7.0
0.44064376,-1.0,20.0,-50.0,-3.0,33.0,-5.0
0.44481057,-1.0,20.0,-50.0,-5.0,29.0,-4.0
0.45695645,3.0,26.0,-46.0,-3.0,32.0,-4.0
0.47222024,5.0,31.0,-46.0,-3.0,34.0,-1.0
0.48972818,6.0,36.0,-44.0,-4.0,36.0,-1.0
0.4997282,15.0,41.0,-40.0,-4.0,33.0,1.0
0.5097282,15.0,41.0,-40.0,-4.0,33.0,1.0
0.5170327,15.0,41.0,-40.0,-4.0,33.0,1.0
0.52703273,22.0,44.0,-33.0,4.0,29.0,6.0
0.5370327,22.0,44.0,-33.0,4.0,29.0,6.0
0.5470327,22.0,44.0,-33.0,4.0,29.0,6.0
0.56041354,22.0,44.0,-33.0,4.0,29.0,6.0
0.56584245,25.0,46.0,-25.0,-1.0,23.0,7.0
0.57584244,27.0,44.0,-29.0,-1.0,19.0,1.0
0.58920383,27.0,44.0,-29.0,-1.0,19.0,1.0
0.6066161,29.0,45.0,-23.0,-5.0,19.0,2.0
0.6166161,34.0,40.0,-21.0,-3.0,15.0,1.0
0.62661606,34.0,40.0,-21.0,-3.0,15.0,1.0
0.63661605,34.0,40.0,-21.0,-3.0,15.0,1.0
0.64883524,34.0,40.0,-21.0,-3.0,15.0,1.0
0.6541646,34.0,40.0,-21.0,-8.0,16.0,-3.0
0.6641646,36.0,39.0,-21.0,-7.0,16.0,-4.0
0.6784577,36.0,39.0,-21.0,-7.0,16.0,-4.0
0.6959361,34.0,42.0,-13.0,-11.0,21.0,2.0
0.7059361,37.0,40.0,-16.0,-9.0,20.0,-2.0
0.71593606,37.0,40.0,-16.0,-9.0,20.0,-2.0
0.72593606,37.0,40.0,-16.0,-9.0,20.0,-2.0
0.739646,37.0,40.0,-16.0,-9.0,20.0,-2.0
0.749646,38.0,43.0,-12.0,-8.0,22.0,-2.0
0.759646,38.0,43.0,-12.0,-8.0,22.0,-2.0
0.76753736,38.0,43.0,-12.0,-8.0,22.0,-2.0
0.7848648,36.0,47.0,-9.0,-11.0,25.0,-1.0
0.7948648,36.0,42.0,-10.0,-12.0,18.0,-3.0
0.80486476,36.0,42.0,-10.0,-12.0,18.0,-3.0
0.81486475,36.0,42.0,-10.0,-12.0,18.0,-3.0
0.8285848,36.0,42.0,-10.0,-12.0,18.0,-3.0
0.8385848,37.0,45.0,-9.0,-10.0,19.0,-5.0
0.8485848,37.0,45.0,-9.0,-10.0,19.0,-5.0
0.857463,37.0,45.0,-9.0,-10.0,19.0,-5.0
0.8747838,37.0,45.0,-7.0,-10.0,19.0,-4.0
0.8847838,35.0,44.0,-9.0,-12.0,19.0,-6.0
0.8947838,35.0,44.0,-9.0,-12.0,19.0,-6.0
0.90294063,35.0,44.0,-9.0,-12.0,19.0,-6.0
0.9129406,37.0,43.0,-6.0,-10.0,18.0,-3.0
0.9229406,37.0,43.0,-6.0,-10.0,18.0,-3.0
0.9329406,37.0,43.0,-6.0,-10.0,18.0,-3.0
0.9429406,37.0,43.0,-6.0,-10.0,18.0,-3.0
0.9529406,37.0,43.0,-6.0,-10.0,18.0,-3.0
0.9647409,37.0,43.0,-6.0,-10.0,18.0,-3.0
0.97474086,37.0,46.0,-5.0,-11.0,23.0,-2.0
0.98353976,37.0,46.0,-5.0,-11.0,23.0,-2.0
0.99353975,39.0,41.0,-6.0,-9.0,18.0,-4.0
1.0035398,39.0,41.0,-6.0,-9.0,18.0,-4.0
1.0135398,39.0,41.0,-6.0,-9.0,18.0,-4.0
1.0235398,39.0,41.0,-6.0,-9.0,18.0,-4.0
1.03623,39.0,41.0,-6.0,-9.0,18.0,-4.0
1.04623,38.0,44.0,-5.0,-10.0,20.0,-5.0
1.05623,38.0,44.0,-5.0,-10.0,20.0,-5.0
1.0633966,38.0,44.0,-5.0,-10.0,20.0,-5.0
1.0733966,35.0,40.0,-6.0,-13.0,16.0,-6.0
1.0833966,35.0,40.0,-6.0,-13.0,16.0,-6.0
1.0922129,35.0,40.0,-6.0,-13.0,16.0,-6.0
1.1022129,39.0,42.0,-8.0,-9.0,18.0,-8.0
1.1122129,39.0,42.0,-8.0,-9.0,18.0,-8.0
1.1222129,39.0,42.0,-8.0,-9.0,18.0,-8.0
1.1279362,39.0,42.0,-8.0,-9.0,18.0,-8.0
1.1415689,37.0,43.0,-5.0,-10.0,21.0,-4.0
1.1450145,37.0,43.0,-4.0,-10.0,21.0,-3.0
1.1570257,36.0,43.0,-7.0,-11.0,21.0,-5.0
1.1684102,37.0,40.0,-5.0,-11.0,18.0,-4.0
1.1786546,36.0,41.0,-4.0,-12.0,19.0,-3.0
1.1886545,38.0,42.0,-6.0,-9.0,20.0,-5.0
1.2026212,38.0,42.0,-6.0,-9.0,20.0,-5.0
1.2126212,39.0,43.0,-5.0,-8.0,21.0,-4.0
1.2213082,39.0,43.0,-5.0,-8.0,21.0,-4.0
1.2313083,38.0,40.0,-6.0,-10.0,18.0,-5.0
1.2413083,38.0,40.0,-6.0,-10.0,18.0,-5.0
1.2504272,38.0,40.0,-6.0,-10.0,18.0,-5.0
1.2604272,38.0,37.0,-7.0,-11.0,14.0,-6.0
1.2704272,38.0,37.0,-7.0,-11.0,14.0,-6.0
1.2804272,38.0,37.0,-7.0,-11.0,14.0,-6.0
1.2919338,38.0,37.0,-7.0,-11.0,14.0,-6.0
1.2973952,38.0,43.0,-4.0,-10.0,21.0,-3.0
1.3073952,37.0,39.0,-9.0,-11.0,18.0,-8.0
1.3213273,37.0,39.0,-9.0,-11.0,18.0,-8.0
1.3313273,37.0,44.0,-6.0,-11.0,24.0,-4.0
1.3400228,37.0,44.0,-6.0,-11.0,24.0,-4.0
1.3500228,37.0,39.0,-9.0,-11.0,18.0,-6.0
1.3600228,37.0,39.0,-9.0,-11.0,18.0,-6.0
1.367232,37.0,39.0,-9.0,-11.0,18.0,-6.0
1.377232,37.0,41.0,-9.0,-10.0,19.0,-7.0
1.387232,37.0,41.0,-9.0,-10.0,19.0,-7.0
1.397232,37.0,41.0,-9.0,-10.0,19.0,-7.0
1.4048102,37.0,41.0,-9.0,-10.0,19.0,-7.0
1.4172761,34.0,42.0,-6.0,-13.0,20.0,-4.0
1.4269845,39.0,42.0,-6.0,-8.0,20.0,-4.0
1.4407264,36.0,40.0,-7.0,-11.0,18.0,-5.0
1.4442468,37.0,44.0,-5.0,-10.0,22.0,-3.0
1.454331,37.0,43.0,-9.0,-10.0,21.0,-7.0
1.4657837,37.0,40.0,-8.0,-10.0,18.0,-6.0
1.4759965,36.0,41.0,-8.0,-11.0,19.0,-6.0
1.4859965,37.0,40.0,-8.0,-10.0,18.0,-5.0
1.4963188,37.0,40.0,-8.0,-10.0,18.0,-5.0
1.5063188,37.0,37.0,-9.0,-10.0,15.0,-6.0
1.514787,37.0,37.0,-9.0,-10.0,15.0,-6.0
1.5259745,34.0,41.0,-7.0,-13.0,20.0,-4.0
1.536521,37.0,42.0,-6.0,-10.0,22.0,-2.0
1.5491399,38.0,42.0,-7.0,-9.0,22.0,-3.0
1.5540785,37.0,45.0,-5.0,-10.0,25.0,-2.0
1.5634154,37.0,40.0,-8.0,-10.0,19.0,-5.0
1.5734154,36.0,40.0,-7.0,-11.0,18.0,-5.0
1.5853184,36.0,40.0,-7.0,-11.0,18.0,-5.0
1.6031474,36.0,39.0,-9.0,-12.0,17.0,-6.0
1.61453,37.0,41.0,-7.0,-11.0,20.0,-4.0
1.6245612,37.0,42.0,-5.0,-11.0,21.0,-2.0
1.6360447,34.0,41.0,-5.0,-14.0,20.0,-2.0
1.6408932,37.0,44.0,-6.0,-10.0,23.0,-3.0
1.6501676,36.0,39.0,-9.0,-11.0,18.0,-7.0
1.6601676,38.0,40.0,-10.0,-9.0,19.0,-8.0
1.6701676,38.0,40.0,-10.0,-9.0,19.0,-8.0
1.6801676,38.0,40.0,-10.0,-9.0,19.0,-8.0
1.6927694,38.0,40.0,-10.0,-9.0,19.0,-8.0
1.7039254,34.0,41.0,-7.0,-13.0,20.0,-4.0
1.714553,38.0,43.0,-5.0,-9.0,23.0,-1.0
1.7254051,35.0,42.0,-7.0,-12.0,22.0,-3.0
1.7302626,35.0,42.0,-7.0,-12.0,21.0,-4.0
1.740483,37.0,41.0,-9.0,-10.0,20.0,-6.0
1.750483,36.0,41.0,-9.0,-11.0,19.0,-6.0
1.7613692,36.0,41.0,-9.0,-11.0,19.0,-6.0
1.7728817,35.0,42.0,-6.0,-12.0,20.0,-3.0
1.7828567,37.0,43.0,-5.0,-10.0,21.0,-2.0
1.7942309,36.0,41.0,-8.0,-10.0,19.0,-5.0
1.799213,36.0,45.0,-4.0,-11.0,23.0,-1.0
1.8084654,38.0,40.0,-9.0,-9.0,18.0,-7.0
1.8184654,37.0,39.0,-9.0,-10.0,17.0,-7.0
1.8284655,37.0,39.0,-9.0,-10.0,17.0,-7.0
1.8384655,37.0,39.0,-9.0,-10.0,17.0,-7.0
1.8509868,37.0,39.0,-9.0,-10.0,17.0,-7.0
1.8621867,35.0,42.0,-6.0,-13.0,21.0,-3.0
1.8727405,37.0,43.0,-5.0,-11.0,22.0,-2.0
1.8835424,37.0,41.0,-7.0,-11.0,20.0,-4.0
1.8883903,37.0,41.0,-7.0,-11.0,20.0,-4.0
1.8986322,35.0,41.0,-9.0,-12.0,20.0,-7.0
1.9086322,37.0,40.0,-10.0,-10.0,19.0,-8.0
1.9186321,37.0,40.0,-10.0,-10.0,19.0,-8.0
1.9286321,37.0,40.0,-10.0,-10.0,19.0,-8.0
1.9393663,37.0,40.0,-10.0,-10.0,19.0,-8.0
1.9512904,35.0,43.0,-6.0,-12.0,23.0,-3.0
1.9613535,37.0,43.0,-7.0,-10.0,23.0,-4.0
1.9727817,36.0,41.0,-7.0,-11.0,20.0,-4.0
1.9776344,36.0,44.0,-7.0,-11.0,23.0,-4.0
1.9868891,38.0,40.0,-9.0,-9.0,18.0,-6.0
1.9990853,37.0,39.0,-9.0,-10.0,17.0,-6.0
2.0090854,36.0,40.0,-9.0,-11.0,18.0,-6.0
2.0190854,36.0,40.0,-9.0,-11.0,18.0,-6.0
2.028985,36.0,40.0,-9.0,-11.0,18.0,-6.0
2.0400875,35.0,43.0,-6.0,-12.0,22.0,-3.0
2.0493872,37.0,42.0,-6.0,-10.0,21.0,-2.0
2.0602872,36.0,39.0,-9.0,-11.0,18.0,-6.0
2.0720413,36.0,43.0,-5.0,-11.0,22.0,-2.0
2.0754921,35.0,44.0,-5.0,-12.0,23.0,-2.0
2.0874379,37.0,39.0,-7.0,-10.0,18.0,-5.0
2.0979853,36.0,38.0,-10.0,-11.0,16.0,-8.0
2.1079853,38.0,40.0,-9.0,-9.0,18.0,-7.0
2.1173718,38.0,40.0,-9.0,-9.0,18.0,-7.0
2.1289597,37.0,39.0,-6.0,-10.0,18.0,-4.0
2.1390722,36.0,42.0,-4.0,-11.0,22.0,-1.0
2.1504738,35.0,42.0,-6.0,-12.0,22.0,-3.0
2.1553116,36.0,42.0,-6.0,-11.0,22.0,-4.0
2.1647203,35.0,41.0,-7.0,-12.0,20.0,-5.0
2.1770015,37.0,42.0,-8.0,-10.0,21.0,-6.0
2.1863203,36.0,40.0,-8.0,-10.0,19.0,-6.0
2.1963205,39.0,40.0,-9.0,-7.0,18.0,-7.0
2.2063203,39.0,40.0,-9.0,-7.0,18.0,-7.0
2.2171285,39.0,40.0,-9.0,-7.0,18.0,-7.0
2.2282066,37.0,43.0,-7.0,-10.0,22.0,-4.0
2.2390459,35.0,42.0,-5.0,-12.0,21.0,-1.0
2.2438948,35.0,42.0,-5.0,-13.0,21.0,-1.0
2.255202,35.0,42.0,-5.0,-12.0,21.0,-2.0
2.266561,38.0,40.0,-9.0,-8.0,18.0,-7.0
2.2765608,38.0,39.0,-8.0,-8.0,17.0,-7.0
2.286561,38.0,39.0,-8.0,-8.0,17.0,-7.0
2.2949674,38.0,39.0,-8.0,-8.0,17.0,-7.0
2.3072395,34.0,42.0,-7.0,-13.0,21.0,-5.0
2.3168318,37.0,43.0,-6.0,-10.0,22.0,-3.0
2.3288848,36.0,41.0,-6.0,-11.0,20.0,-3.0
2.332337,37.0,44.0,-4.0,-10.0,23.0,-1.0
2.3429463,38.0,40.0,-8.0,-9.0,19.0,-6.0
2.3549964,37.0,38.0,-7.0,-10.0,16.0,-5.0
2.3644276,38.0,39.0,-8.0,-9.0,17.0,-6.0
2.3763833,37.0,39.0,-9.0,-11.0,18.0,-7.0
2.385623,38.0,39.0,-9.0,-10.0,19.0,-7.0
2.3956232,38.0,39.0,-9.0,-10.0,19.0,-6.0
2.4052944,38.0,39.0,-9.0,-10.0,19.0,-6.0
2.41699,35.0,40.0,-4.0,-13.0,21.0,-1.0
2.4206429,37.0,43.0,-5.0,-11.0,24.0,-1.0
2.4324675,37.0,39.0,-8.0,-11.0,20.0,-5.0
2.4440763,38.0,39.0,-8.0,-10.0,19.0,-5.0
2.4543364,37.0,38.0,-7.0,-11.0,18.0,-5.0
2.4643366,35.0,38.0,-10.0,-13.0,18.0,-8.0
2.4743366,35.0,38.0,-10.0,-13.0,18.0,-8.0
2.4865508,35.0,38.0,-10.0,-13.0,18.0,-8.0
2.4900007,38.0,41.0,-6.0,-10.0,22.0,-3.0
2.5015852,37.0,39.0,-7.0,-11.0,20.0,-4.0
2.5135584,37.0,39.0,-9.0,-11.0,20.0,-5.0
2.5228398,36.0,40.0,-9.0,-12.0,21.0,-6.0
2.5328398,40.0,40.0,-8.0,-8.0,21.0,-5.0
2.5428398,40.0,40.0,-8.0,-8.0,21.0,-5.0
2.5528398,40.0,40.0,-8.0,-8.0,21.0,-5.0
2.5635452,40.0,40.0,-8.0,-8.0,21.0,-5.0
2.5754082,35.0,43.0,-6.0,-13.0,24.0,-2.0
2.5788743,35.0,43.0,-6.0,-13.0,24.0,-2.0
2.5910866,37.0,39.0,-8.0,-11.0,19.0,-5.0
2.6026886,37.0,39.0,-7.0,-11.0,18.0,-4.0
2.6129086,38.0,39.0,-9.0,-9.0,18.0,-6.0
2.6229084,36.0,40.0,-8.0,-11.0,19.0,-5.0
2.6329086,36.0,40.0,-8.0,-11.0,19.0,-5.0
2.6447601,36.0,40.0,-8.0,-11.0,19.0,-5.0
2.648236,38.0,41.0,-5.0,-9.0,21.0,-2.0
2.659592,36.0,40.0,-9.0,-12.0,20.0,-5.0
2.6716106,37.0,38.0,-9.0,-11.0,18.0,-6.0
2.6809347,38.0,36.0,-9.0,-10.0,16.0,-6.0
2.6909344,39.0,39.0,-8.0,-9.0,19.0,-4.0
2.7009346,39.0,39.0,-8.0,-9.0,19.0,-4.0
2.7109346,39.0,39.0,-8.0,-9.0,19.0,-4.0
2.7223043,39.0,39.0,-8.0,-9.0,19.0,-4.0
2.7340949,36.0,42.0,-6.0,-12.0,24.0,-2.0
2.7375536,36.0,42.0,-6.0,-13.0,23.0,-2.0
2.7492962,38.0,39.0,-9.0,-10.0,20.0,-5.0
2.760895,37.0,39.0,-9.0,-11.0,19.0,-6.0
2.7712166,38.0,39.0,-8.0,-10.0,19.0,-5.0
2.7812169,37.0,40.0,-7.0,-11.0,20.0,-4.0
2.7898114,37.0,40.0,-7.0,-11.0,20.0,-4.0
2.8032756,35.0,41.0,-5.0,-13.0,21.0,-2.0
2.8067417,40.0,42.0,-3.0,-8.0,22.0,-2.0
2.8178892,38.0,39.0,-9.0,-10.0,19.0,-6.0
2.8285959,38.0,37.0,-9.0,-10.0,17.0,-7.0
2.8377256,36.0,40.0,-8.0,-12.0,20.0,-6.0
2.849771,39.0,39.0,-10.0,-9.0,19.0,-8.0
2.8591528,36.0,39.0,-9.0,-12.0,19.0,-6.0
2.869153,39.0,39.0,-8.0,-9.0,20.0,-5.0
2.879153,39.0,39.0,-8.0,-9.0,20.0,-5.0
2.889153,39.0,39.0,-8.0,-9.0,20.0,-5.0
2.8980236,39.0,39.0,-8.0,-9.0,20.0,-5.0
2.9118922,35.0,40.0,-8.0,-13.0,21.0,-3.0
2.9153357,36.0,41.0,-5.0,-12.0,22.0,-1.0
2.9271243,36.0,38.0,-8.0,-12.0,19.0,-4.0
2.938828,38.0,37.0,-8.0,-10.0,18.0,-5.0
2.949172,37.0,38.0,-8.0,-10.0,19.0,-5.0
2.959172,38.0,38.0,-8.0,-9.0,19.0,-5.0
2.9684362,38.0,38.0,-8.0,-9.0,19.0,-5.0
2.9784365,38.0,40.0,-10.0,-9.0,21.0,-7.0
2.9884362,38.0,40.0,-10.0,-9.0,21.0,-7.0
2.9984365,38.0,40.0,-10.0,-9.0,21.0,-7.0
3.007973,38.0,40.0,-10.0,-9.0,21.0,-7.0
3.022114,37.0,43.0,-6.0,-11.0,24.0,-2.0
3.027058,38.0,42.0,-5.0,-10.0,23.0,-1.0
3.0364902,39.0,39.0,-9.0,-9.0,19.0,-5.0
3.0464904,39.0,38.0,-9.0,-9.0,17.0,-6.0
3.058365,39.0,38.0,-9.0,-9.0,17.0,-6.0
3.0683653,37.0,40.0,-9.0,-12.0,19.0,-6.0
3.076564,37.0,40.0,-9.0,-12.0,19.0,-6.0
3.0882905,37.0,40.0,-6.0,-12.0,20.0,-2.0
3.1004393,36.0,42.0,-6.0,-13.0,22.0,-2.0
3.1038935,37.0,41.0,-3.0,-11.0,21.0,-2.0
3.1137753,37.0,38.0,-9.0,-11.0,18.0,-6.0
3.1229782,40.0,39.0,-7.0,-8.0,19.0,-5.0
3.133617,38.0,40.0,-8.0,-10.0,20.0,-6.0
3.143676,36.0,40.0,-8.0,-12.0,20.0,-6.0
3.1549342,37.0,39.0,-9.0,-11.0,19.0,-7.0
3.1647077,38.0,39.0,-8.0,-10.0,19.0,-5.0
3.1755369,39.0,38.0,-10.0,-9.0,18.0,-7.0
3.1853602,39.0,36.0,-9.0,-9.0,17.0,-5.0
3.1961913,37.0,39.0,-9.0,-11.0,20.0,-5.0
3.206085,37.0,38.0,-9.0,-12.0,20.0,-5.0
3.216085,37.0,38.0,-8.0,-12.0,20.0,-3.0
3.226085,37.0,38.0,-8.0,-12.0,20.0,-3.0
3.236085,37.0,38.0,-8.0,-12.0,20.0,-3.0
3.2450404,37.0,38.0,-8.0,-12.0,20.0,-3.0
3.255927,36.0,40.0,-7.0,-12.0,22.0,-3.0
3.2659473,36.0,42.0,-6.0,-12.0,24.0,-2.0
3.276244,37.0,40.0,-8.0,-11.0,21.0,-4.0
3.2862685,36.0,41.0,-7.0,-12.0,22.0,-4.0
3.2966225,36.0,40.0,-7.0,-11.0,20.0,-4.0
3.3066626,37.0,42.0,-6.0,-10.0,22.0,-3.0
3.318816,36.0,42.0,-7.0,-11.0,21.0,-4.0
3.323556,37.0,43.0,-4.0,-10.0,22.0,-2.0
3.3312588,36.0,39.0,-9.0,-11.0,18.0,-7.0
3.341259,37.0,37.0,-8.0,-10.0,15.0,-6.0
3.3551085,37.0,37.0,-8.0,-10.0,15.0,-6.0
3.3651085,38.0,39.0,-8.0,-9.0,18.0,-5.0
3.3732405,38.0,39.0,-8.0,-9.0,18.0,-5.0
3.3848262,37.0,40.0,-6.0,-10.0,20.0,-3.0
3.394977,37.0,41.0,-6.0,-11.0,22.0,-3.0
3.4064507,35.0,38.0,-7.0,-13.0,19.0,-4.0
3.4112778,38.0,41.0,-6.0,-10.0,22.0,-3.0
3.4225714,38.0,39.0,-8.0,-9.0,20.0,-5.0
3.4336214,38.0,39.0,-8.0,-9.0,20.0,-6.0
3.443838,38.0,37.0,-9.0,-10.0,17.0,-7.0
3.4538379,37.0,39.0,-9.0,-11.0,20.0,-6.0
3.462854,37.0,39.0,-9.0,-11.0,20.0,-6.0
3.4739833,36.0,40.0,-7.0,-12.0,21.0,-4.0
3.4846172,38.0,44.0,-7.0,-10.0,25.0,-4.0
3.4955053,37.0,40.0,-7.0,-11.0,21.0,-3.0
3.5003486,37.0,40.0,-7.0,-11.0,20.0,-4.0
3.5105808,38.0,39.0,-8.0,-10.0,19.0,-5.0
3.5205805,39.0,39.0,-9.0,-9.0,18.0,-6.0
3.5305808,39.0,39.0,-9.0,-9.0,18.0,-6.0
3.5405805,39.0,39.0,-9.0,-9.0,18.0,-6.0
3.5512269,39.0,39.0,-9.0,-9.0,18.0,-6.0
3.5630856,37.0,40.0,-7.0,-11.0,21.0,-4.0
3.5731814,38.0,41.0,-4.0,-11.0,22.0,-4.0
3.5846431,36.0,41.0,-8.0,-13.0,22.0,-5.0
3.5895326,39.0,42.0,-6.0,-9.0,23.0,-3.0
3.5988472,39.0,36.0,-9.0,-9.0,16.0,-7.0
3.6088474,38.0,39.0,-9.0,-10.0,19.0,-7.0
3.6188471,38.0,39.0,-9.0,-10.0,19.0,-7.0
3.6288474,38.0,39.0,-9.0,-10.0,19.0,-7.0
3.6408288,38.0,39.0,-9.0,-10.0,19.0,-7.0
3.6524866,35.0,41.0,-7.0,-14.0,22.0,-4.0
3.6642458,37.0,42.0,-5.0,-11.0,23.0,-2.0
3.667697,37.0,41.0,-4.0,-11.0,22.0,-1.0
3.6795802,39.0,38.0,-8.0,-9.0,18.0,-5.0
3.6898677,37.0,38.0,-8.0,-11.0,18.0,-6.0
3.6998677,37.0,38.0,-9.0,-11.0,18.0,-7.0
3.709451,37.0,38.0,-9.0,-11.0,18.0,-7.0
3.7210405,35.0,40.0,-8.0,-13.0,20.0,-6.0
3.7311769,36.0,41.0,-3.0,-12.0,22.0,-6.0
3.7426474,35.0,39.0,-7.0,-12.0,20.0,-4.0
3.7475045,38.0,42.0,-5.0,-9.0,23.0,-2.0
3.7567883,38.0,37.0,-9.0,-9.0,17.0,-7.0
3.7691963,36.0,37.0,-9.0,-11.0,17.0,-7.0
3.7784615,39.0,38.0,-9.0,-8.0,18.0,-7.0
3.7884612,38.0,37.0,-8.0,-9.0,18.0,-5.0
3.7990754,38.0,37.0,-8.0,-9.0,18.0,-5.0
3.8101153,36.0,41.0,-6.0,-12.0,22.0,-3.0
3.820721,37.0,42.0,-7.0,-11.0,24.0,-3.0
3.8315594,38.0,41.0,-7.0,-10.0,22.0,-4.0
3.8364198,38.0,41.0,-7.0,-10.0,22.0,-4.0
3.8466492,39.0,37.0,-9.0,-9.0,17.0,-6.0
3.8582368,38.0,38.0,-9.0,-10.0,18.0,-6.0
3.8674982,36.0,38.0,-9.0,-12.0,18.0,-6.0
3.8774984,39.0,39.0,-9.0,-10.0,19.0,-6.0
3.8874528,39.0,39.0,-9.0,-10.0,19.0,-6.0
3.8991482,36.0,39.0,-8.0,-12.0,20.0,-4.0
3.9093032,39.0,41.0,-5.0,-9.0,22.0,-1.0
3.9207332,36.0,41.0,-8.0,-12.0,22.0,-4.0
3.9255805,37.0,40.0,-6.0,-11.0,21.0,-2.0
3.9348526,37.0,39.0,-9.0,-11.0,19.0,-6.0
3.946717,37.0,39.0,-9.0,-11.0,19.0,-6.0
3.9567387,37.0,37.0,-11.0,-11.0,17.0,-8.0
3.9668498,39.0,39.0,-8.0,-9.0,19.0,-5.0
3.9754686,39.0,41.0,-9.0,-9.0,22.0,-5.0
3.9854684,38.0,41.0,-9.0,-10.0,22.0,-5.0
3.9954686,38.0,41.0,-9.0,-10.0,22.0,-5.0
4.0054684,38.0,41.0,-9.0,-10.0,22.0,-5.0
4.0146933,38.0,41.0,-9.0,-10.0,22.0,-5.0
4.024693,38.0,41.0,-11.0,-12.0,21.0,-5.0
4.0360584,38.0,41.0,-11.0,-12.0,21.0,-5.0
4.0460587,39.0,39.0,-11.0,-10.0,18.0,-5.0
4.0550585,39.0,39.0,-11.0,-10.0,18.0,-5.0
4.0652065,36.0,41.0,-10.0,-13.0,20.0,-4.0
4.076844,37.0,43.0,-10.0,-12.0,23.0,-4.0
4.0877767,37.0,42.0,-9.0,-11.0,21.0,-3.0
4.096737,37.0,42.0,-10.0,-11.0,21.0,-4.0
4.106075,37.0,41.0,-10.0,-11.0,20.0,-4.0
4.1168833,37.0,39.0,-11.0,-11.0,17.0,-6.0
4.1267223,37.0,42.0,-9.0,-11.0,20.0,-4.0
4.1354795,37.0,40.0,-11.0,-10.0,19.0,-6.0
4.146674,37.0,40.0,-10.0,-10.0,19.0,-5.0
4.1582255,35.0,45.0,-9.0,-13.0,24.0,-3.0
4.161975,35.0,45.0,-9.0,-12.0,24.0,-3.0
4.1723847,40.0,42.0,-9.0,-7.0,21.0,-4.0
4.182156,39.0,41.0,-7.0,-8.0,19.0,-2.0
4.192316,40.0,39.0,-11.0,-7.0,16.0,-6.0
4.2019715,38.0,38.0,-9.0,-10.0,15.0,-5.0
4.2115765,38.0,40.0,-9.0,-11.0,18.0,-5.0
4.221805,40.0,40.0,-9.0,-9.0,19.0,-4.0
4.231785,37.0,40.0,-10.0,-12.0,20.0,-5.0
4.242203,38.0,40.0,-12.0,-11.0,20.0,-7.0
4.252273,37.0,39.0,-10.0,-12.0,19.0,-5.0
4.2621064,39.0,39.0,-12.0,-10.0,19.0,-7.0
4.2722573,39.0,38.0,-13.0,-10.0,18.0,-7.0
4.2816076,42.0,40.0,-12.0,-7.0,21.0,-6.0
4.292489,37.0,40.0,-10.0,-12.0,21.0,-3.0
4.303797,38.0,41.0,-11.0,-11.0,22.0,-4.0
4.3134522,38.0,38.0,-9.0,-12.0,19.0,-2.0
4.3228626,41.0,43.0,-11.0,-8.0,23.0,-4.0
4.333853,41.0,42.0,-11.0,-8.0,22.0,-5.0
4.343603,38.0,40.0,-11.0,-12.0,20.0,-5.0
4.3536034,37.0,42.0,-12.0,-13.0,21.0,-6.0
4.362972,37.0,42.0,-12.0,-13.0,21.0,-6.0
4.3729715,40.0,40.0,-12.0,-10.0,19.0,-6.0
4.3845196,40.0,40.0,-12.0,-10.0,19.0,-6.0
4.401763,39.0,39.0,-11.0,-10.0,18.0,-4.0
4.4129534,38.0,41.0,-8.0,-11.0,20.0,-1.0
4.4232607,38.0,40.0,-8.0,-12.0,20.0,-1.0
4.432803,38.0,40.0,-8.0,-11.0,20.0,-2.0
4.440913,36.0,44.0,-8.0,-13.0,24.0,-3.0
4.4525194,38.0,40.0,-8.0,-11.0,20.0,-3.0
4.4629273,40.0,41.0,-8.0,-8.0,20.0,-4.0
4.4737077,40.0,41.0,-8.0,-8.0,20.0,-4.0
4.4837427,38.0,43.0,-6.0,-11.0,22.0,-3.0
4.4954233,37.0,42.0,-7.0,-12.0,21.0,-4.0
4.5006123,38.0,43.0,-8.0,-11.0,21.0,-5.0
4.5088434,38.0,39.0,-9.0,-11.0,17.0,-6.0
4.520324,39.0,39.0,-10.0,-10.0,17.0,-7.0
4.527711,39.0,39.0,-10.0,-10.0,17.0,-7.0
4.5392885,37.0,39.0,-12.0,-12.0,18.0,-8.0
4.547711,39.0,38.0,-11.0,-10.0,18.0,-7.0
4.560876,38.0,37.0,-11.0,-11.0,17.0,-6.0
4.5680833,35.0,43.0,-12.0,-14.0,24.0,-6.0
4.579153,41.0,41.0,-10.0,-8.0,22.0,-4.0
4.587151,37.0,39.0,-9.0,-11.0,20.0,-2.0
4.6002293,38.0,40.0,-10.0,-10.0,20.0,-3.0
4.6077237,39.0,41.0,-11.0,-10.0,21.0,-5.0
4.6213098,37.0,38.0,-11.0,-12.0,18.0,-5.0
4.63131,39.0,39.0,-11.0,-10.0,19.0,-5.0
4.6413097,39.0,39.0,-11.0,-10.0,19.0,-5.0
4.65131,39.0,39.0,-11.0,-10.0,19.0,-5.0
4.6613097,39.0,39.0,-11.0,-10.0,19.0,-5.0
4.6682916,39.0,39.0,-11.0,-10.0,19.0,-5.0
4.6816993,36.0,40.0,-9.0,-13.0,20.0,-4.0
4.686039,36.0,42.0,-9.0,-13.0,23.0,-4.0
4.695295,39.0,39.0,-9.0,-10.0,20.0,-4.0
4.7088575,39.0,39.0,-10.0,-9.0,19.0,-5.0
4.7188377,38.0,38.0,-10.0,-10.0,18.0,-5.0
4.7288375,40.0,41.0,-10.0,-8.0,21.0,-5.0
4.7375393,40.0,41.0,-10.0,-8.0,21.0,-5.0
4.7470255,38.0,38.0,-11.0,-11.0,19.0,-6.0
4.7557497,39.0,39.0,-8.0,-10.0,19.0,-2.0
4.7666135,39.0,40.0,-10.0,-10.0,20.0,-4.0
4.776039,41.0,43.0,-11.0,-8.0,24.0,-5.0
4.785629,41.0,39.0,-13.0,-8.0,19.0,-8.0
4.7960286,39.0,39.0,-12.0,-11.0,19.0,-6.0
4.8072314,39.0,39.0,-10.0,-11.0,19.0,-4.0
4.8164363,39.0,42.0,-12.0,-11.0,22.0,-5.0
4.826058,40.0,42.0,-9.0,-10.0,22.0,-2.0
4.836192,38.0,40.0,-10.0,-12.0,20.0,-3.0
4.846523,39.0,39.0,-9.0,-11.0,18.0,-2.0
4.8546205,41.0,42.0,-10.0,-9.0,21.0,-4.0
4.866289,38.0,39.0,-9.0,-12.0,18.0,-3.0
4.8755307,39.0,40.0,-9.0,-11.0,19.0,-4.0
4.8862267,40.0,39.0,-9.0,-10.0,19.0,-4.0
4.9034386,40.0,38.0,-10.0,-10.0,18.0,-5.0
4.914048,39.0,38.0,-10.0,-11.0,18.0,-5.0
4.9224463,38.0,38.0,-10.0,-12.0,19.0,-5.0
4.9336486,37.0,38.0,-11.0,-13.0,19.0,-6.0
4.9427495,38.0,37.0,-10.0,-12.0,18.0,-5.0
4.953242,38.0,38.0,-10.0,-11.0,20.0,-5.0
4.963199,40.0,40.0,-7.0,-9.0,22.0,-1.0
4.973545,37.0,38.0,-9.0,-12.0,20.0,-3.0
4.982849,36.0,37.0,-8.0,-13.0,19.0,-3.0
4.994169,36.0,38.0,-10.0,-13.0,20.0,-5.0
5.003602,39.0,39.0,-8.0,-9.0,21.0,-4.0
5.015765,37.0,39.0,-9.0,-11.0,21.0,-5.0
5.0250463,38.0,38.0,-9.0,-10.0,20.0,-5.0
5.0350466,40.0,36.0,-9.0,-8.0,18.0,-5.0
5.046325,40.0,36.0,-9.0,-8.0,18.0,-5.0
5.0642633,38.0,38.0,-9.0,-10.0,20.0,-5.0
5.075269,37.0,38.0,-8.0,-12.0,20.0,-4.0
5.0852895,37.0,42.0,-7.0,-12.0,24.0,-3.0
5.096299,36.0,39.0,-6.0,-13.0,21.0,-2.0
5.1063185,38.0,40.0,-7.0,-10.0,22.0,-3.0
5.1171594,37.0,40.0,-6.0,-11.0,21.0,-3.0
5.1221976,36.0,42.0,-4.0,-12.0,23.0,-1.0
5.134072,39.0,38.0,-10.0,-9.0,18.0,-8.0
5.1440716,37.0,41.0,-10.0,-11.0,21.0,-8.0
5.1540713,37.0,41.0,-10.0,-11.0,21.0,-8.0
5.1640716,37.0,41.0,-10.0,-11.0,21.0,-8.0
5.173639,37.0,41.0,-10.0,-11.0,21.0,-8.0
5.1845875,35.0,44.0,-9.0,-13.0,24.0,-5.0
5.195327,33.0,45.0,-9.0,-14.0,25.0,-4.0
5.205601,33.0,46.0,-10.0,-14.0,25.0,-5.0
5.216216,34.0,47.0,-12.0,-12.0,25.0,-7.0
5.219697,34.0,47.0,-12.0,-11.0,23.0,-7.0
5.2333436,31.0,45.0,-17.0,-14.0,20.0,-11.0
5.2426076,30.0,46.0,-18.0,-14.0,20.0,-11.0
5.2526073,27.0,48.0,-22.0,-17.0,22.0,-14.0
5.2626076,27.0,48.0,-22.0,-17.0,22.0,-14.0
5.2726073,27.0,48.0,-22.0,-17.0,22.0,-14.0
5.2818103,27.0,48.0,-22.0,-17.0,22.0,-14.0
5.293149,23.0,50.0,-25.0,-18.0,23.0,-12.0
5.3031383,22.0,49.0,-26.0,-17.0,22.0,-11.0
5.3131385,14.0,40.0,-40.0,-24.0,12.0,-23.0
5.3231387,14.0,40.0,-40.0,-24.0,12.0,-23.0
5.3331385,14.0,40.0,-40.0,-24.0,12.0,-23.0
5.3454604,14.0,40.0,-40.0,-24.0,12.0,-23.0
5.350893,14.0,40.0,-40.0,-17.0,12.0,-15.0
5.360893,9.0,30.0,-49.0,-19.0,4.0,-21.0
5.3756776,9.0,30.0,-49.0,-19.0,4.0,-21.0
5.393378,4.0,21.0,-49.0,-20.0,1.0,-14.0
5.4033775,-5.0,7.0,-47.0,-25.0,-4.0,-5.0
5.413378,-5.0,7.0,-47.0,-25.0,-4.0,-5.0
5.4193087,-5.0,7.0,-47.0,-25.0,-4.0,-5.0
5.43492,-8.0,-1.0,-49.0,-23.0,-2.0,-5.0
5.440062,-8.0,-1.0,-49.0,-20.0,2.0,-4.0
5.450062,-10.0,-7.0,-47.0,-18.0,2.0,-2.0
5.463508,-10.0,-7.0,-47.0,-18.0,2.0,-2.0
5.473508,-13.0,-12.0,-41.0,-16.0,7.0,2.0
5.483508,-13.0,-12.0,-41.0,-16.0,7.0,2.0
5.490905,-13.0,-12.0,-41.0,-16.0,7.0,2.0
5.5009046,-12.0,-13.0,-38.0,-13.0,13.0,4.0
5.5093236,-12.0,-13.0,-38.0,-13.0,13.0,4.0
5.519324,-13.0,-20.0,-39.0,-12.0,10.0,4.0
5.5329614,-13.0,-20.0,-39.0,-12.0,10.0,4.0
5.538127,-13.0,-20.0,-39.0,-11.0,12.0,-2.0
5.548127,-14.0,-23.0,-35.0,-12.0,11.0,-2.0
5.5614305,-14.0,-23.0,-35.0,-12.0,11.0,-2.0
5.5714307,-14.0,-24.0,-27.0,-11.0,15.0,5.0
5.581431,-14.0,-24.0,-27.0,-11.0,15.0,5.0
5.588968,-14.0,-24.0,-27.0,-11.0,15.0,5.0
5.598968,-13.0,-25.0,-28.0,-10.0,17.0,1.0
5.6081786,-13.0,-25.0,-28.0,-10.0,17.0,1.0
5.618179,-13.0,-30.0,-28.0,-10.0,14.0,-2.0
5.632005,-13.0,-30.0,-28.0,-10.0,14.0,-2.0
5.642005,-12.0,-29.0,-24.0,-9.0,17.0,-2.0
5.6520047,-12.0,-29.0,-24.0,-9.0,17.0,-2.0
5.6585765,-12.0,-29.0,-24.0,-9.0,17.0,-2.0
5.6685762,-12.0,-27.0,-22.0,-10.0,21.0,-2.0
5.677546,-12.0,-27.0,-22.0,-10.0,21.0,-2.0
5.687546,-11.0,-30.0,-25.0,-9.0,18.0,-5.0
5.700813,-11.0,-30.0,-25.0,-9.0,18.0,-5.0
5.710813,-12.0,-30.0,-22.0,-11.0,18.0,-3.0
5.7208133,-12.0,-30.0,-22.0,-11.0,18.0,-3.0
5.7280483,-12.0,-30.0,-22.0,-11.0,18.0,-3.0
5.738048,-11.0,-29.0,-21.0,-10.0,20.0,-3.0
5.747248,-11.0,-29.0,-21.0,-10.0,20.0,-3.0
5.7572484,-11.0,-33.0,-22.0,-10.0,16.0,-4.0
5.77152,-11.0,-33.0,-22.0,-10.0,16.0,-4.0
5.7882347,-12.0,-28.0,-18.0,-11.0,22.0,-1.0
5.7982345,-10.0,-29.0,-18.0,-9.0,21.0,-2.0
5.8063626,-10.0,-29.0,-18.0,-9.0,21.0,-2.0
5.8163624,-9.0,-30.0,-21.0,-8.0,19.0,-6.0
5.829989,-9.0,-30.0,-21.0,-8.0,19.0,-6.0
5.8473735,-10.0,-28.0,-19.0,-10.0,21.0,-5.0
5.8573737,-10.0,-29.0,-19.0,-11.0,20.0,-4.0
5.8660693,-10.0,-29.0,-19.0,-11.0,20.0,-4.0
5.8760695,-10.0,-30.0,-23.0,-11.0,18.0,-8.0
5.8890753,-10.0,-30.0,-23.0,-11.0,18.0,-8.0
5.899075,-8.0,-32.0,-22.0,-9.0,17.0,-6.0
5.909075,-8.0,-32.0,-22.0,-9.0,17.0,-6.0
5.9160476,-8.0,-32.0,-22.0,-9.0,17.0,-6.0
5.926048,-11.0,-28.0,-21.0,-12.0,21.0,-4.0
5.934984,-11.0,-28.0,-21.0,-12.0,21.0,-4.0
5.944984,-11.0,-30.0,-23.0,-12.0,19.0,-6.0
5.958007,-11.0,-30.0,-23.0,-12.0,19.0,-6.0
5.9680066,-8.0,-30.0,-22.0,-8.0,19.0,-5.0
5.9780064,-8.0,-30.0,-22.0,-8.0,19.0,-5.0
5.985412,-8.0,-30.0,-22.0,-8.0,19.0,-5.0
5.9959254,-10.0,-29.0,-21.0,-10.0,20.0,-3.0
6.006463,-10.0,-28.0,-22.0,-11.0,21.0,-4.0
6.0167212,-10.0,-31.0,-21.0,-11.0,18.0,-4.0
6.021606,-10.0,-31.0,-21.0,-11.0,18.0,-4.0
6.0320473,-10.0,-31.0,-23.0,-11.0,18.0,-6.0
6.042625,-7.0,-30.0,-24.0,-8.0,19.0,-7.0
6.0528536,-10.0,-31.0,-24.0,-11.0,19.0,-7.0
6.0637255,-8.0,-31.0,-22.0,-9.0,19.0,-4.0
6.07395,-8.0,-30.0,-24.0,-9.0,20.0,-6.0
6.0839496,-8.0,-31.0,-22.0,-10.0,19.0,-3.0
6.0939493,-8.0,-31.0,-22.0,-10.0,19.0,-3.0
6.10395,-8.0,-31.0,-22.0,-10.0,19.0,-3.0
6.1143036,-8.0,-31.0,-22.0,-10.0,19.0,-3.0
6.1257334,-8.0,-27.0,-22.0,-10.0,23.0,-4.0
6.130585,-8.0,-27.0,-22.0,-10.0,23.0,-4.0
6.1399183,-9.0,-30.0,-24.0,-11.0,19.0,-6.0
6.1519375,-11.0,-32.0,-25.0,-13.0,17.0,-7.0
6.1612134,-8.0,-30.0,-23.0,-10.0,18.0,-5.0
6.1725717,-9.0,-31.0,-23.0,-11.0,18.0,-5.0
6.1819897,-10.0,-33.0,-24.0,-12.0,16.0,-5.0
6.19199,-10.0,-31.0,-22.0,-11.0,19.0,-3.0
6.2019897,-10.0,-31.0,-22.0,-11.0,19.0,-3.0
6.2119894,-10.0,-31.0,-22.0,-11.0,19.0,-3.0
6.2231984,-10.0,-31.0,-22.0,-11.0,19.0,-3.0
6.2342887,-8.0,-29.0,-22.0,-9.0,22.0,-3.0
6.2392383,-8.0,-29.0,-22.0,-9.0,21.0,-3.0
6.249507,-10.0,-31.0,-24.0,-11.0,19.0,-5.0
6.260219,-10.0,-32.0,-22.0,-12.0,18.0,-4.0
6.2707567,-9.0,-32.0,-23.0,-11.0,18.0,-5.0
6.280757,-9.0,-31.0,-25.0,-10.0,19.0,-7.0
6.290757,-9.0,-31.0,-25.0,-10.0,19.0,-7.0
6.300757,-9.0,-31.0,-25.0,-10.0,19.0,-7.0
6.3107567,-9.0,-31.0,-25.0,-10.0,19.0,-7.0
6.320757,-9.0,-31.0,-25.0,-10.0,19.0,-7.0
6.3297215,-9.0,-31.0,-25.0,-10.0,19.0,-7.0
6.3453236,-9.0,-32.0,-23.0,-10.0,18.0,-4.0
6.3492427,-10.0,-32.0,-24.0,-11.0,18.0,-5.0
6.356306,-10.0,-32.0,-24.0,-11.0,18.0,-5.0
6.36751,-11.0,-32.0,-25.0,-12.0,19.0,-6.0
6.3760962,-10.0,-31.0,-25.0,-11.0,20.0,-6.0
6.3873186,-11.0,-31.0,-26.0,-12.0,20.0,-6.0
6.395901,-11.0,-33.0,-25.0,-11.0,18.0,-5.0
6.407224,-11.0,-32.0,-24.0,-11.0,19.0,-4.0
6.4174514,-10.0,-31.0,-24.0,-10.0,20.0,-3.0
6.430975,-8.0,-34.0,-25.0,-8.0,17.0,-4.0
6.4369264,-11.0,-31.0,-25.0,-11.0,20.0,-5.0
6.450483,-9.0,-31.0,-24.0,-9.0,21.0,-4.0
6.456523,-10.0,-30.0,-25.0,-11.0,22.0,-5.0
6.470257,-11.0,-31.0,-24.0,-12.0,20.0,-4.0
6.4761844,-10.0,-30.0,-25.0,-11.0,21.0,-5.0
6.488787,-11.0,-31.0,-26.0,-12.0,20.0,-6.0
6.4960957,-10.0,-32.0,-25.0,-10.0,18.0,-5.0
6.5100384,-10.0,-33.0,-24.0,-10.0,17.0,-4.0
6.515929,-10.0,-31.0,-25.0,-10.0,19.0,-4.0
6.5294356,-9.0,-30.0,-25.0,-9.0,21.0,-4.0
6.536415,-10.0,-30.0,-24.0,-10.0,21.0,-4.0
6.548071,-9.0,-31.0,-24.0,-10.0,20.0,-4.0
6.5554304,-11.0,-32.0,-25.0,-12.0,19.0,-5.0
6.567884,-12.0,-31.0,-26.0,-13.0,19.0,-6.0
6.575204,-9.0,-32.0,-25.0,-10.0,18.0,-5.0
6.5879526,-11.0,-30.0,-24.0,-11.0,21.0,-4.0
6.5949736,-10.0,-30.0,-24.0,-10.0,21.0,-4.0
6.6074305,-11.0,-30.0,-25.0,-11.0,21.0,-5.0
6.6147594,-11.0,-30.0,-24.0,-11.0,20.0,-4.0
6.6272063,-9.0,-30.0,-26.0,-9.0,20.0,-6.0
6.6345377,-9.0,-31.0,-26.0,-9.0,19.0,-6.0
6.646973,-10.0,-31.0,-26.0,-10.0,19.0,-6.0
6.6543145,-10.0,-30.0,-25.0,-10.0,20.0,-4.0
6.6670575,-10.0,-30.0,-26.0,-11.0,20.0,-5.0
6.6740603,-11.0,-28.0,-26.0,-12.0,22.0,-5.0
6.6865506,-11.0,-30.0,-24.0,-12.0,20.0,-3.0
6.6938725,-9.0,-29.0,-25.0,-9.0,20.0,-4.0
6.706336,-10.0,-33.0,-24.0,-10.0,16.0,-3.0
6.7136483,-10.0,-30.0,-25.0,-10.0,19.0,-4.0
6.726106,-11.0,-32.0,-27.0,-11.0,17.0,-6.0
6.7334247,-9.0,-30.0,-25.0,-9.0,20.0,-5.0
6.746368,-10.0,-31.0,-25.0,-10.0,19.0,-4.0
6.753313,-10.0,-29.0,-26.0,-10.0,21.0,-5.0
6.7656674,-9.0,-29.0,-26.0,-10.0,21.0,-5.0
6.772984,-9.0,-30.0,-26.0,-10.0,20.0,-5.0
6.7854624,-10.0,-31.0,-25.0,-11.0,19.0,-4.0
6.792759,-9.0,-31.0,-25.0,-10.0,18.0,-4.0
6.8052287,-9.0,-29.0,-26.0,-10.0,20.0,-5.0
6.8125424,-10.0,-29.0,-25.0,-11.0,21.0,-4.0
6.825353,-9.0,-31.0,-26.0,-10.0,19.0,-5.0
6.8323283,-9.0,-29.0,-27.0,-10.0,20.0,-6.0
6.846354,-10.0,-29.0,-26.0,-11.0,20.0,-5.0
6.8535647,-7.0,-31.0,-25.0,-8.0,18.0,-4.0
6.8645883,-9.0,-30.0,-25.0,-10.0,19.0,-3.0
6.871872,-10.0,-31.0,-27.0,-12.0,18.0,-6.0
6.884389,-10.0,-29.0,-25.0,-12.0,20.0,-4.0
6.891667,-9.0,-31.0,-28.0,-11.0,19.0,-7.0
6.9045415,-9.0,-32.0,-27.0,-10.0,18.0,-6.0
6.911557,-10.0,-30.0,-24.0,-11.0,20.0,-2.0
6.923951,-11.0,-30.0,-27.0,-12.0,20.0,-5.0
6.9328747,-9.0,-30.0,-26.0,-10.0,20.0,-4.0
6.9451094,-8.0,-31.0,-24.0,-9.0,19.0,-2.0
6.9551005,-10.0,-27.0,-20.0,-11.0,23.0,1.0
6.967636,-12.0,-28.0,-23.0,-13.0,22.0,-2.0
6.9711194,-10.0,-27.0,-21.0,-11.0,22.0,-1.0
6.9802904,-10.0,-30.0,-25.0,-11.0,19.0,-6.0
6.9902906,-10.0,-28.0,-24.0,-10.0,20.0,-6.0
7.0038395,-10.0,-28.0,-24.0,-10.0,20.0,-6.0
7.0138392,-9.0,-31.0,-24.0,-10.0,17.0,-5.0
7.02222,-9.0,-31.0,-24.0,-10.0,17.0,-5.0
7.0340447,-9.0,-27.0,-23.0,-10.0,21.0,-4.0
7.044301,-9.0,-28.0,-22.0,-10.0,20.0,-3.0
7.0558243,-11.0,-27.0,-23.0,-12.0,21.0,-4.0
7.0592914,-11.0,-27.0,-23.0,-12.0,21.0,-4.0
7.0707393,-9.0,-29.0,-24.0,-10.0,19.0,-5.0
7.0807395,-9.0,-29.0,-24.0,-10.0,18.0,-5.0
7.092803,-9.0,-29.0,-24.0,-10.0,18.0,-5.0
7.102803,-9.0,-29.0,-25.0,-10.0,18.0,-6.0
7.1111813,-9.0,-29.0,-25.0,-10.0,18.0,-6.0
7.122798,-12.0,-28.0,-24.0,-13.0,20.0,-5.0
7.1329026,-9.0,-26.0,-21.0,-10.0,22.0,-2.0
7.144374,-11.0,-28.0,-24.0,-12.0,20.0,-5.0
7.149366,-9.0,-25.0,-23.0,-10.0,23.0,-4.0
7.1586523,-10.0,-30.0,-25.0,-10.0,17.0,-6.0
7.168653,-11.0,-31.0,-26.0,-12.0,16.0,-7.0
7.1809855,-11.0,-31.0,-26.0,-12.0,16.0,-7.0
7.1921144,-11.0,-27.0,-23.0,-12.0,20.0,-4.0
7.202721,-7.0,-26.0,-23.0,-7.0,22.0,-3.0
7.213627,-9.0,-28.0,-24.0,-9.0,20.0,-4.0
7.218487,-9.0,-28.0,-24.0,-10.0,20.0,-4.0
7.2274637,-10.0,-30.0,-27.0,-11.0,17.0,-7.0
7.239548,-9.0,-30.0,-26.0,-10.0,17.0,-6.0
7.249857,-10.0,-29.0,-25.0,-11.0,19.0,-5.0
7.2598567,-9.0,-29.0,-25.0,-10.0,19.0,-4.0
7.26941,-9.0,-29.0,-25.0,-10.0,19.0,-4.0
7.2808166,-10.0,-29.0,-24.0,-11.0,20.0,-3.0
7.2908626,-9.0,-26.0,-21.0,-10.0,23.0,-3.0
7.302373,-10.0,-28.0,-22.0,-11.0,21.0,-1.0
7.3072357,-7.0,-25.0,-22.0,-8.0,23.0,-2.0
7.3169675,-9.0,-29.0,-25.0,-10.0,19.0,-6.0
7.3291483,-9.0,-30.0,-26.0,-10.0,17.0,-8.0
7.3384476,-8.0,-28.0,-25.0,-10.0,19.0,-6.0
7.348448,-9.0,-28.0,-25.0,-11.0,19.0,-6.0
7.359026,-9.0,-28.0,-25.0,-11.0,19.0,-6.0
7.3701663,-9.0,-27.0,-24.0,-11.0,21.0,-4.0
7.3808866,-11.0,-28.0,-24.0,-13.0,20.0,-4.0
7.391828,-10.0,-27.0,-23.0,-12.0,21.0,-3.0
7.396673,-9.0,-26.0,-23.0,-10.0,21.0,-3.0
7.4069405,-9.0,-28.0,-24.0,-10.0,19.0,-4.0
7.41893,-9.0,-27.0,-25.0,-10.0,20.0,-6.0
7.4287987,-9.0,-29.0,-25.0,-10.0,18.0,-6.0
7.4387984,-10.0,-29.0,-24.0,-11.0,18.0,-5.0
7.447526,-10.0,-29.0,-24.0,-11.0,18.0,-5.0
7.459108,-10.0,-29.0,-25.0,-11.0,18.0,-5.0
7.469196,-8.0,-27.0,-23.0,-9.0,20.0,-3.0
7.481792,-11.0,-26.0,-25.0,-12.0,22.0,-5.0
7.4867654,-9.0,-26.0,-22.0,-10.0,22.0,-2.0
7.4969177,-9.0,-29.0,-26.0,-10.0,18.0,-6.0
7.5069175,-7.0,-29.0,-24.0,-8.0,18.0,-4.0
7.516917,-7.0,-29.0,-24.0,-8.0,18.0,-4.0
7.5278096,-7.0,-29.0,-24.0,-8.0,18.0,-4.0
7.5387373,-8.0,-27.0,-23.0,-9.0,20.0,-3.0
7.549683,-12.0,-28.0,-24.0,-13.0,19.0,-4.0
7.554531,-12.0,-28.0,-24.0,-13.0,20.0,-4.0
7.5639563,-9.0,-29.0,-25.0,-10.0,19.0,-6.0
7.5757313,-9.0,-30.0,-25.0,-10.0,18.0,-6.0
7.585983,-10.0,-30.0,-26.0,-10.0,18.0,-6.0
7.5959835,-9.0,-30.0,-26.0,-10.0,18.0,-6.0
7.6059833,-9.0,-30.0,-26.0,-10.0,18.0,-6.0
7.615983,-9.0,-30.0,-26.0,-10.0,18.0,-6.0
7.6269474,-9.0,-30.0,-26.0,-10.0,18.0,-6.0
7.6389027,-10.0,-28.0,-25.0,-11.0,21.0,-4.0
7.643847,-9.0,-26.0,-24.0,-10.0,23.0,-3.0
7.6531506,-8.0,-30.0,-26.0,-9.0,19.0,-5.0
7.665328,-10.0,-29.0,-25.0,-11.0,19.0,-4.0
7.6746454,-9.0,-30.0,-25.0,-10.0,18.0,-4.0
7.6846457,-8.0,-30.0,-26.0,-9.0,18.0,-5.0
7.6966286,-8.0,-30.0,-26.0,-9.0,18.0,-5.0
7.706629,-9.0,-30.0,-25.0,-10.0,18.0,-4.0
7.7162476,-9.0,-30.0,-25.0,-10.0,18.0,-4.0
7.7274637,-10.0,-26.0,-25.0,-12.0,23.0,-4.0
7.7323146,-10.0,-26.0,-25.0,-12.0,23.0,-4.0
7.7425857,-11.0,-29.0,-27.0,-13.0,20.0,-6.0
7.754203,-9.0,-29.0,-27.0,-10.0,19.0,-6.0
7.7636094,-8.0,-29.0,-27.0,-9.0,19.0,-6.0
7.77361,-8.0,-30.0,-27.0,-9.0,18.0,-5.0
7.78361,-8.0,-30.0,-27.0,-9.0,18.0,-5.0
7.7936096,-8.0,-30.0,-27.0,-9.0,18.0,-5.0
7.8057528,-8.0,-30.0,-27.0,-9.0,18.0,-5.0
7.81764,-11.0,-26.0,-25.0,-13.0,22.0,-3.0
7.822586,-9.0,-26.0,-22.0,-11.0,23.0,-3.0
7.832029,-10.0,-29.0,-26.0,-12.0,19.0,-5.0
7.844086,-9.0,-29.0,-27.0,-11.0,19.0,-6.0
7.8533716,-9.0,-31.0,-27.0,-10.0,16.0,-6.0
7.863372,-9.0,-30.0,-26.0,-10.0,18.0,-5.0
7.8733716,-9.0,-30.0,-26.0,-10.0,18.0,-5.0
7.8833714,-9.0,-30.0,-26.0,-10.0,18.0,-5.0
7.8949056,-9.0,-30.0,-26.0,-10.0,18.0,-5.0
7.9062877,-9.0,-27.0,-24.0,-10.0,22.0,-3.0
7.9111495,-9.0,-27.0,-24.0,-10.0,22.0,-3.0
7.9213896,-7.0,-28.0,-27.0,-8.0,21.0,-6.0
7.9330306,-9.0,-30.0,-24.0,-11.0,18.0,-3.0
7.9433184,-9.0,-29.0,-26.0,-11.0,19.0,-5.0
7.9533186,-8.0,-28.0,-26.0,-10.0,20.0,-5.0
7.963488,-8.0,-28.0,-26.0,-10.0,20.0,-5.0
7.9756546,-8.0,-27.0,-22.0,-10.0,21.0,-1.0
7.9806213,-8.0,-26.0,-22.0,-10.0,22.0,-1.0
7.990016,-9.0,-29.0,-26.0,-11.0,19.0,-6.0
8.002086,-9.0,-29.0,-27.0,-11.0,18.0,-7.0
8.011347,-9.0,-29.0,-25.0,-11.0,18.0,-5.0
8.021347,-10.0,-30.0,-25.0,-12.0,17.0,-5.0
8.031347,-10.0,-30.0,-25.0,-12.0,17.0,-5.0
8.0413475,-10.0,-30.0,-25.0,-12.0,17.0,-5.0
8.050673,-10.0,-30.0,-25.0,-12.0,17.0,-5.0
8.064181,-9.0,-28.0,-24.0,-11.0,20.0,-4.0
8.069282,-8.0,-24.0,-24.0,-10.0,25.0,-4.0
8.079659,-10.0,-28.0,-26.0,-11.0,20.0,-6.0
8.09131,-7.0,-30.0,-26.0,-8.0,18.0,-6.0
8.101604,-7.0,-30.0,-25.0,-9.0,17.0,-5.0
8.111605,-10.0,-30.0,-28.0,-12.0,17.0,-7.0
8.1215725,-10.0,-30.0,-28.0,-12.0,17.0,-7.0
8.1345005,-7.0,-25.0,-23.0,-9.0,23.0,-2.0
8.138494,-10.0,-27.0,-23.0,-12.0,21.0,-2.0
8.146476,-10.0,-27.0,-23.0,-12.0,21.0,-2.0
8.159312,-7.0,-28.0,-25.0,-9.0,19.0,-4.0
8.168345,-7.0,-30.0,-28.0,-9.0,17.0,-8.0
8.179866,-9.0,-30.0,-27.0,-11.0,17.0,-7.0
8.188928,-10.0,-31.0,-26.0,-12.0,16.0,-6.0
8.198927,-7.0,-28.0,-26.0,-9.0,20.0,-5.0
8.20981,-7.0,-28.0,-26.0,-9.0,20.0,-5.0
8.21981,-8.0,-30.0,-27.0,-10.0,19.0,-5.0
8.22981,-8.0,-30.0,-27.0,-10.0,19.0,-5.0
8.23981,-8.0,-30.0,-27.0,-10.0,19.0,-5.0
8.248137,-8.0,-30.0,-27.0,-10.0,19.0,-5.0
8.259518,-10.0,-27.0,-25.0,-12.0,22.0,-3.0
8.268983,-9.0,-26.0,-23.0,-11.0,23.0,-1.0
8.279934,-10.0,-27.0,-23.0,-12.0,22.0,-2.0
8.291263,-7.0,-26.0,-23.0,-9.0,22.0,-2.0
8.295932,-7.0,-26.0,-23.0,-9.0,21.0,-3.0
8.306648,-7.0,-28.0,-25.0,-9.0,18.0,-6.0
8.31651,-7.0,-27.0,-27.0,-9.0,19.0,-8.0
8.327756,-8.0,-30.0,-27.0,-11.0,16.0,-8.0
8.336516,-9.0,-30.0,-27.0,-12.0,16.0,-7.0
8.346743,-7.0,-28.0,-25.0,-10.0,19.0,-4.0
8.355442,-7.0,-28.0,-25.0,-10.0,20.0,-4.0
8.367165,-6.0,-27.0,-27.0,-9.0,21.0,-5.0
8.377553,-10.0,-29.0,-27.0,-13.0,19.0,-5.0
8.387553,-9.0,-27.0,-27.0,-12.0,21.0,-5.0
8.3975525,-9.0,-27.0,-27.0,-12.0,21.0,-5.0
8.4079075,-9.0,-27.0,-27.0,-12.0,21.0,-5.0
8.418297,-9.0,-27.0,-22.0,-12.0,21.0,-5.0
8.432312,-12.0,-27.0,-24.0,-14.0,21.0,-2.0
8.437297,-8.0,-25.0,-25.0,-10.0,22.0,-4.0
8.446639,-8.0,-29.0,-27.0,-9.0,18.0,-6.0
8.456638,-9.0,-29.0,-25.0,-10.0,18.0,-5.0
8.466639,-9.0,-29.0,-25.0,-10.0,18.0,-5.0
8.476639,-9.0,-29.0,-25.0,-10.0,18.0,-5.0
8.485751,-9.0,-29.0,-25.0,-10.0,18.0,-5.0
8.498021,-9.0,-27.0,-24.0,-11.0,20.0,-3.0
8.508111,-8.0,-27.0,-24.0,-10.0,21.0,-3.0
8.520919,-11.0,-27.0,-25.0,-13.0,21.0,-4.0
8.525881,-8.0,-27.0,-24.0,-10.0,20.0,-3.0
8.536148,-9.0,-29.0,-26.0,-11.0,18.0,-6.0
8.546148,-7.0,-28.0,-27.0,-9.0,19.0,-7.0
8.556148,-7.0,-28.0,-27.0,-9.0,19.0,-7.0
8.56575,-7.0,-28.0,-27.0,-9.0,19.0,-7.0
8.576684,-9.0,-27.0,-25.0,-11.0,20.0,-4.0
8.587949,-9.0,-26.0,-24.0,-11.0,22.0,-3.0
8.592776,-10.0,-25.0,-23.0,-12.0,22.0,-2.0
8.604609,-8.0,-26.0,-28.0,-10.0,21.0,-7.0
8.614609,-8.0,-29.0,-27.0,-10.0,17.0,-6.0
8.624608,-8.0,-29.0,-27.0,-10.0,17.0,-6.0
8.634608,-8.0,-29.0,-27.0,-10.0,17.0,-6.0
8.643931,-8.0,-29.0,-27.0,-10.0,17.0,-6.0
8.655973,-10.0,-28.0,-25.0,-12.0,18.0,-3.0
8.666042,-8.0,-25.0,-22.0,-10.0,22.0,-3.0
8.677875,-9.0,-28.0,-26.0,-11.0,19.0,-4.0
8.682878,-9.0,-26.0,-22.0,-11.0,21.0,-1.0
8.694712,-9.0,-30.0,-28.0,-11.0,17.0,-7.0
8.704712,-9.0,-27.0,-25.0,-11.0,20.0,-5.0
8.713783,-9.0,-27.0,-25.0,-11.0,20.0,-5.0
8.72498,-11.0,-27.0,-24.0,-13.0,20.0,-4.0
8.735564,-7.0,-25.0,-24.0,-9.0,22.0,-4.0
8.746421,-10.0,-28.0,-25.0,-11.0,19.0,-5.0
8.751287,-10.0,-28.0,-25.0,-11.0,19.0,-5.0
8.761682,-9.0,-29.0,-27.0,-10.0,17.0,-7.0
8.771681,-11.0,-31.0,-26.0,-12.0,16.0,-6.0
8.781682,-11.0,-31.0,-26.0,-12.0,16.0,-6.0
8.791681,-11.0,-31.0,-26.0,-12.0,16.0,-6.0
8.801605,-11.0,-31.0,-26.0,-12.0,16.0,-6.0
8.814109,-12.0,-27.0,-27.0,-13.0,21.0,-6.0
8.823802,-10.0,-25.0,-24.0,-10.0,23.0,-2.0
8.835859,-11.0,-27.0,-24.0,-11.0,21.0,-2.0
8.839307,-10.0,-26.0,-24.0,-10.0,22.0,-2.0
8.849582,-9.0,-31.0,-27.0,-9.0,16.0,-6.0
8.862162,-12.0,-29.0,-26.0,-12.0,18.0,-5.0
8.872282,-12.0,-28.0,-27.0,-12.0,19.0,-6.0
8.882281,-10.0,-29.0,-25.0,-10.0,18.0,-4.0
8.892282,-10.0,-29.0,-25.0,-10.0,18.0,-4.0
8.902283,-10.0,-29.0,-25.0,-10.0,18.0,-4.0
8.910946,-10.0,-29.0,-25.0,-10.0,18.0,-4.0
8.922745,-12.0,-25.0,-24.0,-12.0,23.0,-2.0
8.93286,-12.0,-25.0,-23.0,-12.0,22.0,-2.0
8.944657,-12.0,-27.0,-24.0,-12.0,20.0,-3.0
8.948128,-11.0,-25.0,-24.0,-11.0,21.0,-4.0
8.959326,-8.0,-31.0,-28.0,-7.0,15.0,-8.0
8.969327,-11.0,-29.0,-26.0,-10.0,17.0,-6.0
8.979326,-11.0,-29.0,-26.0,-10.0,17.0,-6.0
8.9893265,-11.0,-29.0,-26.0,-10.0,17.0,-6.0
8.999256,-11.0,-29.0,-26.0,-10.0,17.0,-6.0
9.011833,-11.0,-28.0,-26.0,-11.0,20.0,-5.0
9.019911,-8.0,-27.0,-24.0,-8.0,21.0,-3.0
9.030923,-9.0,-27.0,-30.0,-9.0,21.0,-8.0
9.038118,-12.0,-28.0,-26.0,-12.0,20.0,-4.0
9.050506,-10.0,-28.0,-27.0,-11.0,20.0,-5.0
9.059682,-11.0,-28.0,-27.0,-12.0,19.0,-5.0
9.071899,-10.0,-27.0,-28.0,-10.0,20.0,-6.0
9.079636,-12.0,-27.0,-28.0,-12.0,20.0,-5.0
9.091195,-12.0,-27.0,-28.0,-12.0,20.0,-5.0
9.101258,-7.0,-27.0,-26.0,-7.0,20.0,-3.0
9.113585,-9.0,-25.0,-30.0,-9.0,22.0,-7.0
9.117726,-9.0,-27.0,-25.0,-9.0,20.0,-2.0
9.125767,-9.0,-27.0,-29.0,-10.0,19.0,-6.0
9.138885,-6.0,-28.0,-27.0,-7.0,18.0,-4.0
9.146864,-8.0,-28.0,-29.0,-10.0,18.0,-6.0
9.157773,-9.0,-27.0,-26.0,-11.0,19.0,-3.0
9.166473,-12.0,-26.0,-30.0,-14.0,21.0,-7.0
9.177506,-9.0,-28.0,-27.0,-11.0,19.0,-4.0
9.18584,-9.0,-28.0,-28.0,-11.0,19.0,-5.0
9.1974745,-11.0,-27.0,-27.0,-12.0,20.0,-3.0
9.206496,-12.0,-28.0,-30.0,-13.0,19.0,-7.0
9.216587,-8.0,-27.0,-28.0,-9.0,20.0,-5.0
9.226084,-9.0,-28.0,-27.0,-9.0,19.0,-3.0
9.236276,-6.0,-27.0,-30.0,-6.0,20.0,-6.0
9.2445755,-7.0,-26.0,-25.0,-8.0,21.0,-1.0
9.256281,-8.0,-26.0,-28.0,-10.0,21.0,-4.0
9.266126,-8.0,-26.0,-27.0,-10.0,21.0,-3.0
9.27613,-7.0,-28.0,-28.0,-10.0,18.0,-5.0
9.285892,-7.0,-27.0,-27.0,-10.0,19.0,-4.0
9.296606,-8.0,-28.0,-27.0,-11.0,18.0,-4.0
9.305979,-7.0,-26.0,-27.0,-10.0,20.0,-4.0
9.315979,-9.0,-26.0,-26.0,-12.0,20.0,-3.0
9.326671,-9.0,-26.0,-26.0,-12.0,20.0,-3.0
9.336287,-7.0,-26.0,-28.0,-10.0,21.0,-5.0
9.346031,-7.0,-25.0,-27.0,-10.0,22.0,-4.0
9.356277,-11.0,-25.0,-30.0,-14.0,21.0,-7.0
9.365325,-9.0,-27.0,-29.0,-12.0,19.0,-6.0
9.375324,-9.0,-26.0,-28.0,-11.0,20.0,-5.0
9.3853245,-9.0,-26.0,-28.0,-11.0,20.0,-5.0
9.395325,-9.0,-26.0,-28.0,-11.0,20.0,-5.0
9.406626,-9.0,-26.0,-28.0,-11.0,20.0,-5.0
9.417165,-9.0,-24.0,-26.0,-11.0,22.0,-2.0
9.427446,-9.0,-24.0,-24.0,-11.0,22.0,-1.0
9.438857,-11.0,-27.0,-27.0,-13.0,19.0,-4.0
9.442629,-7.0,-23.0,-29.0,-9.0,22.0,-7.0
9.452344,-7.0,-24.0,-25.0,-8.0,21.0,-3.0
9.462506,-9.0,-29.0,-27.0,-11.0,15.0,-5.0
9.472268,-7.0,-27.0,-27.0,-9.0,17.0,-5.0
9.483671,-10.0,-29.0,-29.0,-12.0,16.0,-7.0
9.494542,-7.0,-26.0,-28.0,-9.0,19.0,-6.0
9.503675,-9.0,-28.0,-28.0,-11.0,18.0,-5.0
9.5142145,-6.0,-27.0,-26.0,-8.0,20.0,-3.0
9.525865,-10.0,-24.0,-28.0,-12.0,23.0,-5.0
9.535865,-8.0,-26.0,-27.0,-11.0,21.0,-4.0
9.545865,-8.0,-26.0,-27.0,-11.0,21.0,-4.0
9.553907,-8.0,-26.0,-27.0,-11.0,21.0,-4.0
9.56566,-7.0,-25.0,-25.0,-9.0,21.0,-2.0
9.574478,-9.0,-25.0,-25.0,-11.0,21.0,-2.0
9.584898,-9.0,-27.0,-27.0,-11.0,18.0,-4.0
9.593327,-10.0,-25.0,-25.0,-12.0,20.0,-3.0
9.6056595,-12.0,-27.0,-25.0,-14.0,18.0,-3.0
9.615444,-8.0,-23.0,-25.0,-10.0,22.0,-4.0
9.628247,-10.0,-25.0,-25.0,-11.0,20.0,-4.0
9.631718,-9.0,-25.0,-25.0,-10.0,20.0,-4.0
9.640456,-9.0,-28.0,-27.0,-10.0,17.0,-6.0
9.651497,-7.0,-25.0,-28.0,-8.0,20.0,-7.0
9.661149,-9.0,-26.0,-26.0,-10.0,19.0,-5.0
9.672439,-10.0,-27.0,-27.0,-12.0,18.0,-5.0
9.681777,-8.0,-28.0,-28.0,-10.0,17.0,-6.0
9.693792,-7.0,-26.0,-29.0,-9.0,20.0,-7.0
9.703793,-7.0,-27.0,-25.0,-9.0,19.0,-2.0
9.713792,-7.0,-27.0,-25.0,-9.0,19.0,-2.0
9.721269,-7.0,-27.0,-25.0,-9.0,19.0,-2.0
9.733877,-10.0,-25.0,-26.0,-12.0,22.0,-2.0
9.743837,-10.0,-27.0,-25.0,-12.0,20.0,-2.0
9.756097,-10.0,-26.0,-25.0,-12.0,20.0,-2.0
9.760303,-8.0,-24.0,-25.0,-10.0,22.0,-3.0
9.771221,-10.0,-28.0,-28.0,-11.0,18.0,-6.0
9.780333,-8.0,-27.0,-27.0,-9.0,19.0,-6.0
9.789623,-7.0,-28.0,-27.0,-8.0,18.0,-6.0
9.7989235,-9.0,-28.0,-26.0,-10.0,18.0,-4.0
9.809334,-11.0,-26.0,-31.0,-13.0,20.0,-9.0
9.820127,-9.0,-27.0,-28.0,-11.0,20.0,-6.0
9.83097,-10.0,-27.0,-27.0,-12.0,20.0,-4.0
9.842429,-10.0,-27.0,-26.0,-11.0,20.0,-3.0
9.852429,-10.0,-29.0,-28.0,-11.0,18.0,-4.0
9.862429,-10.0,-29.0,-28.0,-11.0,18.0,-4.0
9.872429,-10.0,-29.0,-28.0,-11.0,18.0,-4.0
9.877788,-10.0,-29.0,-28.0,-11.0,18.0,-4.0
9.888078,-8.0,-29.0,-27.0,-9.0,17.0,-4.0
9.897241,-9.0,-29.0,-28.0,-10.0,18.0,-5.0
9.910875,-7.0,-28.0,-27.0,-8.0,20.0,-4.0
9.920108,-9.0,-27.0,-27.0,-10.0,21.0,-4.0
9.930107,-9.0,-29.0,-28.0,-11.0,19.0,-5.0
9.940107,-9.0,-29.0,-28.0,-11.0,19.0,-5.0
9.9518795,-9.0,-29.0,-28.0,-11.0,19.0,-5.0
9.961952,-9.0,-30.0,-27.0,-11.0,18.0,-4.0
9.969015,-8.0,-32.0,-28.0,-10.0,16.0,-5.0
9.979557,-9.0,-30.0,-27.0,-11.0,18.0,-4.0
9.986606,-9.0,-29.0,-27.0,-11.0,20.0,-4.0
10.001981,-11.0,-30.0,-27.0,-13.0,19.0,-4.0
10.005436,-8.0,-27.0,-25.0,-10.0,22.0,-2.0
10.016764,-8.0,-28.0,-25.0,-9.0,21.0,-2.0
10.0302105,-9.0,-30.0,-25.0,-10.0,19.0,-3.0
10.039586,-10.0,-28.0,-26.0,-12.0,21.0,-4.0
10.057481,-10.0,-27.0,-25.0,-12.0,21.0,-4.0
10.069983,-10.0,-28.0,-22.0,-11.0,20.0,-1.0
10.081403,-8.0,-26.0,-23.0,-9.0,22.0,-2.0
10.086279,-9.0,-26.0,-22.0,-10.0,21.0,-2.0
10.097954,-10.0,-30.0,-26.0,-11.0,17.0,-7.0
10.108263,-8.0,-29.0,-25.0,-9.0,18.0,-6.0
10.118263,-7.0,-28.0,-25.0,-8.0,19.0,-6.0
10.128263,-7.0,-28.0,-25.0,-8.0,19.0,-6.0
10.138263,-7.0,-28.0,-25.0,-8.0,19.0,-6.0
10.147063,-7.0,-28.0,-25.0,-8.0,19.0,-6.0
10.158994,-9.0,-28.0,-25.0,-11.0,20.0,-4.0
10.1691475,-9.0,-25.0,-20.0,-11.0,23.0,-4.0
10.182488,-10.0,-28.0,-25.0,-12.0,20.0,-4.0
10.186007,-8.0,-28.0,-22.0,-10.0,19.0,-2.0
10.195269,-9.0,-28.0,-26.0,-11.0,19.0,-7.0
10.207287,-8.0,-30.0,-25.0,-10.0,17.0,-6.0
10.216652,-9.0,-29.0,-25.0,-11.0,18.0,-6.0
10.226652,-9.0,-29.0,-26.0,-11.0,19.0,-6.0
10.236652,-9.0,-29.0,-26.0,-11.0,19.0,-6.0
10.246314,-9.0,-29.0,-26.0,-11.0,19.0,-6.0
10.256314,-6.0,-28.0,-24.0,-8.0,20.0,-3.0
10.265292,-6.0,-28.0,-24.0,-8.0,20.0,-3.0
10.275497,-7.0,-30.0,-28.0,-9.0,19.0,-7.0
10.285497,-8.0,-31.0,-28.0,-11.0,18.0,-7.0
10.29504,-8.0,-31.0,-28.0,-11.0,18.0,-7.0
10.306341,-8.0,-30.0,-28.0,-11.0,19.0,-6.0
10.312225,-9.0,-30.0,-28.0,-12.0,19.0,-6.0
