0.0,-0.054153,0.155443,0.801879,0.574363
0.008409219,-0.054564,0.154603,0.801389,0.575235
0.020463439,-0.055404,0.153256,0.801913,0.574785
0.028701408,-0.055888,0.151966,0.801265,0.575982
0.04379031,-0.056365,0.150793,0.801776,0.575533
0.052329637,-0.056463,0.149848,0.802298,0.575042
0.064479165,-0.056516,0.149444,0.802038,0.575505
0.07461516,-0.056705,0.148925,0.803068,0.574184
0.088715725,-0.058931,0.146176,0.805145,0.571752
0.09744802,-0.061323,0.143932,0.806661,0.56993
0.11060693,-0.064194,0.14143,0.807924,0.568448
0.12419687,-0.067687,0.138665,0.809832,0.566005
0.13576423,-0.071757,0.135742,0.811983,0.563123
0.14475302,-0.07637,0.132812,0.81369,0.560746
0.16067286,-0.088068,0.127203,0.819348,0.552024
0.17364156,-0.093589,0.125647,0.817456,0.554273
0.18566427,-0.100765,0.123462,0.820842,0.548471
0.19383901,-0.10771,0.121927,0.820954,0.547326
0.21024667,-0.125449,0.116563,0.82871,0.532835
0.2233712,-0.134596,0.114253,0.826903,0.53391
0.23432578,-0.146445,0.109381,0.831276,0.524946
0.24277157,-0.159197,0.104045,0.832408,0.520506
0.25942954,-0.19095,0.086773,0.839082,0.501944
0.27193668,-0.209714,0.074735,0.843332,0.489106
0.28408787,-0.229874,0.061188,0.846458,0.476362
0.29171667,-0.25127,0.04568,0.849929,0.460864
0.30834597,-0.2963,0.012045,0.853797,0.427891
0.32162032,-0.319471,-0.007204,0.856162,0.406044
0.33255783,-0.342732,-0.026589,0.856792,0.384361
0.34142932,-0.366252,-0.045327,0.855095,0.364164
0.3592565,-0.413328,-0.087141,0.850575,0.313187
0.37558034,-0.459102,-0.132821,0.84143,0.252148
0.38628632,-0.48156,-0.153141,0.833319,0.22411
0.39837202,-0.501764,-0.175891,0.82546,0.189496
0.4075776,-0.522197,-0.19285,0.814852,0.161657
0.4199746,-0.539152,-0.213982,0.804983,0.124609
0.42923504,-0.557959,-0.225586,0.792422,0.099293
0.4411615,-0.571727,-0.244646,0.78073,0.061124
0.4506448,-0.585063,-0.259388,0.767908,0.027113
0.4606448,0.603554,0.290218,-0.741094,0.047697
0.47006422,0.603554,0.290218,-0.741094,0.047697
0.4819184,0.612631,0.298388,-0.727677,0.078313
0.49969527,0.62434,0.315495,-0.700122,0.143141
0.5096953,0.634026,0.32455,-0.673289,0.198392
0.5178182,0.634026,0.32455,-0.673289,0.198392
0.5319483,0.64071,0.322583,-0.66183,0.217738
0.5452902,0.652348,0.319256,-0.639396,0.252366
0.5589669,0.660807,0.311654,-0.631001,0.260848
0.5704482,0.666247,0.3106,-0.620441,0.273301
0.58785105,0.681782,0.298797,-0.604795,0.283046
0.5978511,0.695784,0.289716,-0.590316,0.288919
0.60654396,0.695784,0.289716,-0.590316,0.288919
0.6211547,0.701497,0.28767,-0.582922,0.292142
0.6361246,0.709566,0.288989,-0.568342,0.29998
0.650186,0.711616,0.292751,-0.561127,0.305016
0.66356456,0.711884,0.305216,-0.547508,0.316698
0.6772044,0.710439,0.312778,-0.541585,0.322693
0.68861896,0.707115,0.322968,-0.535462,0.330089
0.7058728,0.698812,0.342455,-0.526376,0.34251
0.72318155,0.688506,0.361682,-0.520488,0.352473
0.7336156,0.68288,0.371112,-0.518678,0.356261
0.7486651,0.677421,0.379885,-0.517844,0.358641
0.7592885,0.672696,0.387344,-0.518176,0.359077
0.76928854,0.663287,0.402161,-0.520205,0.357353
0.77799064,0.663287,0.402161,-0.520205,0.357353
0.7953492,0.654496,0.415733,-0.524672,0.351452
0.8053492,0.645994,0.427654,-0.531999,0.341729
0.81416214,0.645994,0.427654,-0.531999,0.341729
0.82809716,0.641786,0.432664,-0.536973,0.335514
0.840222,0.636873,0.437985,-0.542402,0.329181
0.8554723,0.626844,0.4468,-0.555894,0.313713
0.8678177,0.620705,0.451843,-0.563078,0.305786
0.88507193,0.606501,0.462794,-0.578175,0.28929
0.8950719,0.588517,0.476136,-0.593405,0.273514
0.9039174,0.588517,0.476136,-0.593405,0.273514
0.91852033,0.579395,0.48176,-0.601838,0.264572
0.93282026,0.560923,0.490809,-0.619871,0.245417
0.94685096,0.551049,0.495103,-0.628802,0.236272
0.9587813,0.542085,0.498283,-0.637733,0.22617
0.9742995,0.521336,0.508166,-0.652645,0.209829
0.9849809,0.510809,0.513675,-0.659203,0.201645
1.0008917,0.487596,0.528193,-0.669539,0.187022
1.0163109,0.47614,0.536004,-0.673764,0.178972
1.0265535,0.458412,0.549429,-0.675376,0.178473
1.0365535,0.437133,0.564036,-0.682171,0.159434
1.0448734,0.437133,0.564036,-0.682171,0.159434
1.0540395,0.418676,0.576823,-0.683019,0.15959
1.0640395,0.391178,0.592823,-0.687815,0.149835
1.0728387,0.391178,0.592823,-0.687815,0.149835
1.0901809,0.366032,0.603276,-0.694625,0.139906
1.1050161,0.36,0.603131,-0.700013,0.12889
1.1157476,0.346646,0.606463,-0.704115,0.127514
1.1257476,0.337749,0.60092,-0.716347,0.108013
1.1338887,0.337749,0.60092,-0.716347,0.108013
1.1432513,0.325751,0.601672,-0.72105,0.109371
1.1532513,0.315077,0.595468,-0.732084,0.100968
1.1619309,0.315077,0.595468,-0.732084,0.100968
1.1798266,0.306991,0.58856,-0.741744,0.09575
1.1959152,0.305397,0.584367,-0.746144,0.092277
1.207924,0.296908,0.580244,-0.752199,0.096733
1.2229782,0.296489,0.577083,-0.754828,0.09645
1.2333208,0.289606,0.577816,-0.755605,0.106379
1.2433208,0.286357,0.575904,-0.756493,0.118537
1.2516434,0.286357,0.575904,-0.756493,0.118537
1.2686145,0.287598,0.574482,-0.754558,0.133784
1.2832962,0.291337,0.573038,-0.752952,0.140756
1.2936543,0.292741,0.573203,-0.749852,0.153172
1.3115147,0.305309,0.569547,-0.743274,0.173045
1.3200796,0.31189,0.567944,-0.738531,0.186375
1.3300797,0.328656,0.563532,-0.726981,0.214274
1.3384979,0.328656,0.563532,-0.726981,0.214274
1.3527317,0.338511,0.560902,-0.720097,0.228599
1.3655604,0.357625,0.556569,-0.703253,0.260324
1.3787626,0.368425,0.553592,-0.694401,0.274962
1.3905295,0.380148,0.549827,-0.685571,0.288388
1.3998065,0.391798,0.545832,-0.67643,0.301666
1.4116747,0.403392,0.541507,-0.667156,0.314558
1.4200921,0.41608,0.536001,-0.658533,0.325443
1.4318962,0.428368,0.530563,-0.6497,0.335993
1.441871,0.441877,0.523917,-0.641805,0.344006
1.4564793,0.467826,0.510938,-0.626393,0.357366
1.4665886,0.48074,0.50445,-0.619258,0.361851
1.4783405,0.493575,0.497911,-0.612722,0.364746
1.4876403,0.504366,0.493134,-0.605557,0.368419
1.4994456,0.514192,0.489014,-0.598626,0.37164
1.508822,0.521987,0.486723,-0.591073,0.375846
1.5201871,0.529241,0.484695,-0.584004,0.379357
1.5309961,0.534136,0.484985,-0.575816,0.384606
1.5458417,0.541562,0.487658,-0.559355,0.394995
1.5561309,0.543197,0.490994,-0.550437,0.401096
1.5680718,0.544611,0.494347,-0.542002,0.406512
1.5759922,0.544862,0.498721,-0.533269,0.412341
1.5879912,0.545464,0.502391,-0.525518,0.417014
1.597345,0.545086,0.506811,-0.517579,0.42206
1.6093357,0.546047,0.509456,-0.51136,0.425202
1.6192731,0.545331,0.513603,-0.50432,0.429518
1.631332,0.545763,0.516237,-0.498825,0.43222
1.6409043,0.544415,0.520414,-0.492546,0.436095
1.6546412,0.540338,0.529363,-0.480735,0.443511
1.6653433,0.537639,0.5341,-0.475225,0.447035
1.6768439,0.533947,0.539498,-0.469577,0.450931
1.6870924,0.530169,0.544696,-0.464471,0.454415
1.6984781,0.52548,0.550586,-0.459093,0.458211
1.7090421,0.520676,0.556366,-0.454135,0.461641
1.7238456,0.509546,0.568613,-0.4444,0.468561
1.7340313,0.503676,0.57476,-0.439796,0.471741
1.7459716,0.496628,0.581676,-0.434641,0.475498
1.7552584,0.490661,0.58747,-0.430722,0.47813
1.7673546,0.484441,0.593244,-0.426945,0.480724
1.7758256,0.479002,0.598131,-0.424139,0.482598
1.7878268,0.473138,0.603016,-0.42146,0.484646
1.7958127,0.468592,0.606551,-0.420261,0.485692
1.8057048,0.463437,0.610262,-0.418908,0.487156
1.8207659,0.455209,0.615106,-0.419083,0.488669
1.8290766,0.452096,0.616057,-0.4213,0.488454
1.8394637,0.448322,0.616981,-0.424107,0.488338
1.85072,0.44514,0.617154,-0.428326,0.487346
1.8606671,0.441425,0.617539,-0.432926,0.486172
1.8706716,0.437972,0.617642,-0.43848,0.484182
1.880774,0.433757,0.618157,-0.444294,0.482014
1.8910238,0.42941,0.618613,-0.450869,0.479208
1.9010422,0.4245,0.619275,-0.457798,0.476148
1.9113523,0.419152,0.619937,-0.465209,0.47283
1.9213564,0.413598,0.62032,-0.473309,0.469165
1.9316016,0.407319,0.620772,-0.481592,0.465618
1.9420441,0.400341,0.621442,-0.489705,0.462304
1.9528198,0.393005,0.622157,-0.497834,0.458941
1.9626254,0.384225,0.623513,-0.505368,0.456293
1.9734638,0.374872,0.625028,-0.512866,0.453627
1.983218,0.363824,0.62749,-0.519511,0.451659
1.9940518,0.352019,0.630397,-0.52598,0.449473
2.0038185,0.338403,0.634373,-0.531419,0.447936
2.021549,0.309653,0.643479,-0.541534,0.443609
2.0389233,0.278348,0.653988,-0.550041,0.438492
2.0527616,0.26471,0.658169,-0.555619,0.43362
2.0624323,0.248847,0.662969,-0.559578,0.430603
2.0724323,0.224729,0.668544,-0.571642,0.419248
2.0810826,0.224729,0.668544,-0.571642,0.419248
2.0982447,0.202454,0.67161,-0.583427,0.409346
2.1130877,0.19478,0.671257,-0.590905,0.402871
2.1237001,0.183301,0.671444,-0.595691,0.400892
2.1337001,0.17077,0.667438,-0.610113,0.391311
2.1423416,0.17077,0.667438,-0.610113,0.391311
2.1593301,0.159358,0.661872,-0.622701,0.38571
2.1746464,0.156664,0.658169,-0.629566,0.381988
2.186876,0.150553,0.651165,-0.640163,0.378825
2.2021856,0.149552,0.647481,-0.645153,0.377064
2.2124033,0.14447,0.645031,-0.646662,0.380644
2.222403,0.143491,0.638946,-0.652013,0.382147
2.2306528,0.143491,0.638946,-0.652013,0.382147
2.247614,0.144322,0.63383,-0.654385,0.386276
2.26253,0.145644,0.631653,-0.654441,0.38924
2.2726498,0.144968,0.630394,-0.652043,0.395506
2.2904983,0.149216,0.627833,-0.647337,0.405603
2.2989933,0.150496,0.627369,-0.642654,0.413223
2.3089936,0.157052,0.626675,-0.631905,0.428145
2.3172672,0.157052,0.626675,-0.631905,0.428145
2.3306549,0.16143,0.626572,-0.625248,0.436361
2.3421805,0.166166,0.626787,-0.617398,0.44536
2.3583322,0.177485,0.62806,-0.598852,0.464127
2.369142,0.184019,0.628979,-0.588596,0.473365
2.3859673,0.197039,0.631352,-0.565897,0.492269
2.4009662,0.204215,0.632354,-0.554274,0.501202
2.4111006,0.211077,0.633239,-0.542182,0.510384
2.4289775,0.230697,0.632199,-0.522627,0.523414
2.437483,0.241776,0.631023,-0.513772,0.528575
2.447483,0.269829,0.626489,-0.500942,0.53269
2.4557438,0.269829,0.626489,-0.500942,0.53269
2.4697244,0.283425,0.624638,-0.494326,0.533983
2.481792,0.299092,0.622031,-0.489713,0.532729
2.4970522,0.324118,0.620031,-0.476391,0.532503
2.5079324,0.337517,0.618346,-0.471487,0.530499
2.5182106,0.347066,0.618523,-0.464094,0.53065
2.5299525,0.356742,0.618442,-0.457605,0.529962
2.5413554,0.363555,0.619826,-0.449438,0.530705
2.5547857,0.374716,0.623526,-0.433379,0.531962
2.564724,0.377675,0.626697,-0.42429,0.533468
2.5766258,0.381383,0.629222,-0.416568,0.533944
2.5859087,0.382435,0.633093,-0.407328,0.535742
2.5978596,0.383989,0.636367,-0.399208,0.536862
2.6071844,0.383946,0.640348,-0.390349,0.53867
2.6193016,0.384016,0.643951,-0.382184,0.540178
2.629764,0.383661,0.647526,-0.374225,0.541727
2.6435432,0.379945,0.655633,-0.357527,0.545857
2.6541982,0.379579,0.65848,-0.351269,0.546747
2.6655316,0.376701,0.662485,-0.343687,0.548715
2.6758792,0.375801,0.665128,-0.338476,0.549372
2.687489,0.373301,0.668529,-0.332575,0.550552
2.696441,0.371408,0.671422,-0.327859,0.55114
2.7077417,0.366615,0.675743,-0.321385,0.552878
2.719344,0.363427,0.679021,-0.316836,0.553593
2.7330902,0.353091,0.687165,-0.306255,0.556181
2.7471023,0.348165,0.690818,-0.301986,0.557094
2.7591572,0.342551,0.694635,-0.297662,0.558155
2.7683973,0.337477,0.697968,-0.29427,0.558886
2.7820385,0.32689,0.70409,-0.288385,0.560564
2.7962372,0.323259,0.705989,-0.287344,0.560816
2.8075538,0.318958,0.707969,-0.286085,0.561426
2.823084,0.314931,0.709021,-0.288333,0.561221
2.8354256,0.31275,0.709006,-0.290354,0.561418
2.852318,0.309081,0.707198,-0.297924,0.561765
2.862318,0.304644,0.704441,-0.30801,0.562213
2.870592,0.304644,0.704441,-0.30801,0.562213
2.8844101,0.301916,0.702848,-0.313808,0.562472
2.896054,0.298802,0.701108,-0.320124,0.562746
2.9066668,0.295517,0.69914,-0.326998,0.562978
2.920021,0.288443,0.694247,-0.342297,0.563606
2.9336421,0.284299,0.6914,-0.350465,0.564193
2.9450536,0.278454,0.688903,-0.357764,0.565579
2.961555,0.266081,0.683338,-0.37325,0.568271
2.9737406,0.258728,0.680783,-0.380824,0.569707
2.9906337,0.239114,0.677183,-0.394207,0.573453
3.000634,0.21254,0.67668,-0.405192,0.576844
3.0089746,0.21254,0.67668,-0.405192,0.576844
3.0227103,0.195798,0.67814,-0.408969,0.578387
3.0343363,0.177395,0.680349,-0.411951,0.579612
3.050518,0.141809,0.684734,-0.42027,0.578274
3.0613136,0.126244,0.686504,-0.42645,0.575251
3.078324,0.094894,0.689617,-0.437903,0.568914
3.0927732,0.081606,0.690336,-0.444878,0.564675
3.1028936,0.067241,0.6906,-0.450338,0.56191
3.1128936,0.046989,0.688201,-0.46605,0.554047
3.121701,0.046989,0.688201,-0.46605,0.554047
3.1390402,0.030889,0.682875,-0.481732,0.548325
3.1490405,0.020428,0.675389,-0.498172,0.543374
3.157737,0.020428,0.675389,-0.498172,0.543374
3.1719933,0.017825,0.671269,-0.50695,0.540444
3.1833444,0.014385,0.667207,-0.513921,0.538992
3.1977391,0.012197,0.659451,-0.528098,0.53487
3.2103865,0.010835,0.656012,-0.533018,0.534248
3.2262206,0.012012,0.650159,-0.542108,0.532229
3.2395616,0.012749,0.647837,-0.544779,0.532315
3.2490606,0.013949,0.645985,-0.546369,0.532905
3.2629993,0.015427,0.644608,-0.54669,0.534201
3.2750263,0.020131,0.64319,-0.544501,0.537976
3.2891994,0.02236,0.643162,-0.541189,0.541254
3.298696,0.025151,0.643534,-0.537009,0.544841
3.3159118,0.033075,0.645164,-0.52631,0.552871
3.328845,0.037242,0.64634,-0.518784,0.558318
3.3402104,0.042712,0.64764,-0.510883,0.56368
3.3560817,0.054424,0.650562,-0.492412,0.575618
3.3707407,0.060979,0.652114,-0.482599,0.581485
3.381902,0.06781,0.653712,-0.472538,0.58717
3.3972044,0.083759,0.656904,-0.453395,0.596567
3.4079616,0.091759,0.658629,-0.443543,0.60088
3.424765,0.111729,0.661759,-0.427293,0.605815
3.4367294,0.122771,0.663274,-0.420221,0.606966
3.4483113,0.134115,0.664827,-0.413674,0.607364
3.4637492,0.158539,0.667777,-0.403165,0.605306
3.4770882,0.168819,0.669606,-0.396904,0.604643
3.486734,0.179812,0.671044,-0.391979,0.603091
3.5035613,0.199181,0.673935,-0.381712,0.60036
3.5155604,0.205567,0.676032,-0.374624,0.600316
3.5281265,0.212697,0.677742,-0.368826,0.599493
3.5435221,0.223553,0.681947,-0.356014,0.598519
3.557118,0.226383,0.68493,-0.348043,0.598737
3.5663083,0.229589,0.68787,-0.340805,0.598309
3.5811803,0.230835,0.695528,-0.322919,0.598897
3.5939248,0.230969,0.69943,-0.313984,0.599052
3.6049356,0.226976,0.704479,-0.301823,0.600909
3.621827,0.224822,0.71157,-0.283809,0.602141
3.636023,0.224891,0.714271,-0.276309,0.602406
3.646236,0.221612,0.717716,-0.26636,0.604005
3.663961,0.218883,0.722417,-0.251132,0.605917
3.6809762,0.214127,0.726688,-0.236412,0.608426
3.6950974,0.212378,0.728336,-0.230627,0.609289
3.7054713,0.206263,0.73106,-0.222109,0.611288
3.7231746,0.196431,0.735402,-0.209794,0.613664
3.7406042,0.184688,0.739935,-0.199073,0.615431
3.7547576,0.179792,0.741866,-0.195514,0.615697
3.7653673,0.173457,0.744052,-0.191335,0.616188
3.7753673,0.165025,0.74711,-0.187502,0.615983
3.7835534,0.165025,0.74711,-0.187502,0.615983
3.8008776,0.160667,0.748864,-0.187378,0.615042
3.8157213,0.160896,0.748943,-0.189354,0.61428
3.8274891,0.160728,0.74885,-0.191109,0.613894
3.8438113,0.164452,0.746878,-0.198425,0.612988
3.8539615,0.165779,0.74554,-0.202099,0.61306
3.8639617,0.174484,0.740464,-0.215992,0.612057
3.871979,0.174484,0.740464,-0.215992,0.612057
3.8892884,0.181704,0.73409,-0.231551,0.611947
3.9048834,0.1841,0.73052,-0.239425,0.612472
3.9159353,0.192644,0.724905,-0.253043,0.611039
3.931861,0.196974,0.71567,-0.271201,0.612753
3.9424357,0.201469,0.709837,-0.283152,0.61267
3.9524357,0.203617,0.699076,-0.303797,0.614441
3.960565,0.203617,0.699076,-0.303797,0.614441
3.9779067,0.194028,0.690993,-0.319145,0.618891
3.9920387,0.183333,0.688721,-0.323794,0.622261
4.002696,0.172948,0.686694,-0.330198,0.624105
4.012696,0.143863,0.686091,-0.339604,0.627096
4.0208206,0.143863,0.686091,-0.339604,0.627096
4.0381336,0.107763,0.688559,-0.346819,0.627685
4.0529814,0.089916,0.690109,-0.351332,0.626281
4.0644274,0.072783,0.691594,-0.356573,0.623903
4.080354,0.042213,0.693635,-0.369683,0.616783
4.089967,0.02941,0.693894,-0.37759,0.61243
4.107848,0.010652,0.692211,-0.397209,0.602456
4.122052,0.003046,0.690265,-0.407396,0.597956
4.1357703,-0.002386,0.684755,-0.433576,0.58576
4.1493936,-0.006612,0.681467,-0.444044,0.581706
4.160337,-0.005841,0.678087,-0.457781,0.574977
4.1771455,-0.004869,0.671495,-0.481453,0.563269
4.1871457,-0.002967,0.665969,-0.501155,0.552556
4.195212,-0.002967,0.665969,-0.501155,0.552556
4.2083206,-0.004562,0.663759,-0.506921,0.549939
4.219448,-0.002863,0.661967,-0.514016,0.545506
4.236391,0.00179,0.659372,-0.524997,0.538146
4.2512193,0.00194,0.65855,-0.526484,0.537701
4.262265,0.007533,0.658014,-0.53083,0.534022
4.2781196,0.010471,0.657815,-0.528243,0.536776
4.287851,0.015709,0.657909,-0.527905,0.536865
4.3055344,0.024855,0.658588,-0.521629,0.541799
4.3198285,0.029407,0.65918,-0.516021,0.546203
4.333532,0.042532,0.660499,-0.503997,0.554903
4.3435316,0.056512,0.662292,-0.488753,0.565061
4.356918,0.056512,0.662292,-0.488753,0.565061
4.3669176,0.071207,0.664507,-0.472009,0.574948
4.374946,0.071207,0.664507,-0.472009,0.574948
4.3905454,0.080287,0.665527,-0.464707,0.578509
4.4065413,0.10043,0.667391,-0.451219,0.583869
4.416165,0.112446,0.667955,-0.446225,0.58487
4.4261646,0.139302,0.668323,-0.439278,0.583929
4.434288,0.139302,0.668323,-0.439278,0.583929
4.4502335,0.150251,0.668984,-0.433941,0.584447
4.466379,0.173204,0.670114,-0.425144,0.583265
4.476874,0.183296,0.670943,-0.420093,0.582887
4.4868736,0.206937,0.671011,-0.414395,0.57896
4.49505,0.206937,0.671011,-0.414395,0.57896
4.5124545,0.224956,0.672086,-0.405408,0.577354
4.527277,0.230261,0.673726,-0.398328,0.578279
4.539506,0.241889,0.673138,-0.397078,0.575066
4.5558467,0.248857,0.67771,-0.381913,0.576992
4.5660305,0.254752,0.679157,-0.376854,0.576043
4.5760303,0.265301,0.682462,-0.366155,0.574273
4.584168,0.265301,0.682462,-0.366155,0.574273
4.6014857,0.269055,0.687945,-0.350709,0.575624
4.617042,0.271515,0.690169,-0.343879,0.575927
4.627954,0.273911,0.692196,-0.337271,0.576268
4.6442385,0.279444,0.695247,-0.325628,0.576634
4.653886,0.279132,0.697745,-0.317693,0.578193
4.6638856,0.284366,0.699882,-0.307736,0.578445
4.6719775,0.284366,0.699882,-0.307736,0.578445
4.6874847,0.2848,0.701579,-0.30169,0.579359
4.7038136,0.286769,0.704094,-0.292297,0.580152
4.714167,0.285641,0.706043,-0.286787,0.581088
4.7320223,0.287925,0.70781,-0.28125,0.580517
4.7488484,0.288239,0.709922,-0.276151,0.580231
4.7625813,0.287307,0.71112,-0.27352,0.580472
4.771765,0.287887,0.711477,-0.272631,0.580165
4.7894645,0.295963,0.708725,-0.277666,0.577074
4.8035765,0.296127,0.708672,-0.277507,0.577132
4.8144927,0.30253,0.705807,-0.282788,0.574753
4.830481,0.30172,0.705101,-0.284184,0.575357
4.841909,0.30587,0.702364,-0.289826,0.573696
4.85873,0.305781,0.699937,-0.296859,0.573113
4.8737845,0.302888,0.699714,-0.299468,0.573564
4.884984,0.30486,0.697261,-0.306985,0.571529
4.900841,0.298393,0.696755,-0.315745,0.570786
4.910468,0.301572,0.693644,-0.326192,0.567018
4.928174,0.313937,0.684129,-0.353216,0.555561
4.9421883,0.31135,0.683016,-0.359939,0.554069
4.9530854,0.336538,0.668355,-0.389365,0.537064
4.969003,0.330608,0.665411,-0.403402,0.534034
4.980377,0.357348,0.648287,-0.434231,0.513291
4.997279,0.3777,0.630081,-0.469433,0.489869
5.012782,0.373184,0.629467,-0.475758,0.488014
5.0234804,0.395186,0.612577,-0.502541,0.464788
5.039702,0.385998,0.612113,-0.515513,0.458876
5.0499015,0.403158,0.597896,-0.538154,0.436318
5.0599017,0.427322,0.575106,-0.574295,0.396021
5.068108,0.427322,0.575106,-0.574295,0.396021
5.085508,0.440544,0.55968,-0.600919,0.362731
5.0996222,0.436013,0.560628,-0.606578,0.357282
5.110227,0.445438,0.550554,-0.620795,0.336283
5.120227,0.457252,0.535236,-0.643467,0.300651
5.1284885,0.457252,0.535236,-0.643467,0.300651
5.1456666,0.470017,0.517804,-0.664777,0.262741
5.160523,0.46518,0.518803,-0.669112,0.258339
5.171194,0.483971,0.497734,-0.684323,0.223007
5.187588,0.474996,0.499261,-0.691656,0.216163
5.197276,0.496711,0.47415,-0.705308,0.176064
5.2072763,0.509051,0.454311,-0.717419,0.140629
5.215298,0.509051,0.454311,-0.717419,0.140629
5.2302375,0.505065,0.456101,-0.71923,0.139958
5.2418838,0.523939,0.432149,-0.726672,0.103349
5.257329,0.517252,0.437659,-0.727731,0.106354
5.269039,0.545582,0.401309,-0.733677,0.054846
5.28566,0.540874,0.407748,-0.732958,0.062999
5.296703,0.560563,0.38052,-0.734974,0.028005
5.3139124,0.573286,0.361825,-0.735064,0.010259
5.3290224,0.573336,0.362174,-0.73475,0.016032
5.3398857,0.5824,0.347815,-0.73472,0.00444
5.355825,0.585896,0.343022,-0.734057,0.014874
5.365432,-0.598486,-0.321365,0.733845,0.002806
5.3831744,-0.609975,-0.301526,0.732766,0.008093
5.397191,-0.614108,-0.295166,0.731918,0.006513
5.4082913,-0.621361,-0.282641,0.730664,0.012383
5.423856,-0.631808,-0.267834,0.727267,0.012833
5.435156,-0.639238,-0.256119,0.724867,0.018533
5.4519753,-0.651781,-0.240638,0.718897,0.02146
5.4669805,-0.65733,-0.235519,0.715568,0.020244
5.478378,-0.66612,-0.220899,0.711778,0.029285
5.4942007,-0.674847,-0.216344,0.705226,0.020781
5.503806,-0.683796,-0.197948,0.701527,0.033152
5.5214744,-0.692262,-0.188887,0.695885,0.02895
5.5356627,-0.694632,-0.189704,0.693563,0.021643
5.5465875,-0.699063,-0.182374,0.691043,0.022549
5.5621805,-0.703466,-0.184184,0.686395,0.0085
5.5734715,-0.707026,-0.180336,0.683778,0.006287
5.5903697,0.713312,0.177664,-0.677946,0.002999
5.605307,0.71617,0.177739,-0.674853,0.009029
5.6168485,0.71978,0.174511,-0.671801,0.012015
5.632784,0.725931,0.171632,-0.665649,0.02185
5.643468,0.731111,0.160259,-0.662925,0.017971
5.661455,0.738347,0.149114,-0.657385,0.021248
5.6770296,0.743694,0.133078,-0.654998,0.013645
5.6930094,0.749276,0.125939,-0.649853,0.020348
5.7037597,0.754427,0.106065,-0.64769,0.009322
5.71376,0.76092,0.086698,-0.643013,0.004183
5.7218595,0.76092,0.086698,-0.643013,0.004183
5.739154,-0.766763,-0.066032,0.638514,0.003592
5.753917,-0.768537,-0.064738,0.63652,8.01E-4
5.7657113,-0.770928,-0.05189,0.634751,0.008163
5.781969,-0.773064,-0.05067,0.632284,0.004402
5.792086,-0.774714,-0.031788,0.631251,0.018086
5.802086,-0.775713,-0.019979,0.630258,0.025364
5.8103094,-0.775713,-0.019979,0.630258,0.025364
5.827671,-0.775527,-0.00503,0.630198,0.037173
5.84315,-0.77474,-0.005355,0.631122,0.037849
5.8541017,-0.773631,0.001187,0.632036,0.044974
5.87085,-0.770855,-0.001917,0.635181,0.048192
5.881514,-0.769272,0.001513,0.636552,0.054937
5.8915143,-0.765859,-8.7E-5,0.639888,0.063261
5.8996773,-0.765859,-8.7E-5,0.639888,0.063261
5.917,-0.761971,5.06E-4,0.643217,0.075302
5.930675,-0.759555,0.00218,0.64513,0.082929
5.940699,-0.756627,0.003478,0.64757,0.090311
5.950699,-0.748712,0.009384,0.65395,0.108124
5.9589806,-0.748712,0.009384,0.65395,0.108124
5.9763856,-0.738111,0.022231,0.661063,0.133012
5.991247,-0.731865,0.027079,0.665226,0.145304
6.003062,-0.724993,0.031708,0.669452,0.158782
6.0194645,-0.709804,0.032923,0.679154,0.183963
6.0296826,-0.701532,0.030911,0.684067,0.197354
6.0396824,-0.684446,0.014744,0.695312,0.218758
6.047855,-0.684446,0.014744,0.695312,0.218758
6.0652328,-0.666497,-0.007112,0.704978,0.242355
6.0807023,-0.657411,-0.017331,0.708163,0.25693
6.0914707,-0.647225,-0.045679,0.717849,0.252397
6.107748,-0.627476,-0.068884,0.722575,0.2818
6.117546,-0.613919,-0.10106,0.733619,0.273298
6.1283,-0.602262,-0.112524,0.735567,0.289062
6.1388626,-0.583459,-0.150999,0.750822,0.27026
6.1496863,-0.569866,-0.160197,0.753094,0.28712
6.161279,-0.544575,-0.200105,0.771849,0.260084
6.173632,-0.512004,-0.206589,0.778385,0.298812
6.183193,-0.482512,-0.233742,0.797691,0.276106
6.1951675,-0.46469,-0.232046,0.801348,0.296745
6.2044916,-0.431843,-0.255695,0.8223,0.268239
6.216111,-0.413606,-0.249622,0.826185,0.289889
6.225435,-0.377761,-0.267584,0.848547,0.256244
6.2355046,-0.358918,-0.257483,0.852972,0.278059
6.2448306,-0.324475,-0.266647,0.873062,0.247741
6.2564363,-0.306319,-0.254377,0.877008,0.268918
6.2663975,-0.274174,-0.257767,0.895015,0.239441
6.2778893,-0.256838,-0.243482,0.898389,0.260089
6.289209,-0.225483,-0.241674,0.915778,0.228252
6.3001504,-0.208168,-0.224628,0.918856,0.248819
6.312092,-0.165217,-0.196102,0.934399,0.247274
6.3232245,-0.149792,-0.176018,0.935633,0.266776
6.3326244,-0.127921,-0.160809,0.947751,0.244017
6.343205,-0.114304,-0.138266,0.948228,0.262066
6.353451,-0.096558,-0.118516,0.957484,0.24465
6.3641024,-0.083905,-0.094082,0.95695,0.261446
6.374311,-0.06892,-0.071288,0.963469,0.248785
6.3848667,-0.056959,-0.045592,0.961592,0.264607
6.395431,-0.044805,-0.020902,0.965273,0.25652
6.406232,-0.034021,0.004506,0.962095,0.270543
6.418401,-0.02408,0.028422,0.963828,0.263906
6.430933,-0.004551,0.075595,0.954788,0.287476
6.4404655,0.004108,0.098566,0.952763,0.287244
6.4523273,0.013656,0.120737,0.947098,0.297052
6.4615865,0.018368,0.146474,0.943779,0.295783
6.4731526,0.024336,0.170036,0.936941,0.30436
6.4825954,0.028809,0.191298,0.931951,0.306662
6.4939623,0.033935,0.210262,0.92509,0.314398
6.503913,0.03619,0.227706,0.921992,0.311077
6.515351,0.042315,0.238852,0.91656,0.317923
6.5265527,0.045341,0.249449,0.915182,0.313305
6.537631,0.051173,0.258595,0.910205,0.319428
6.549516,0.059457,0.276011,0.904232,0.320383
6.5605254,0.064971,0.2843,0.899608,0.325047
6.570798,0.067403,0.293419,0.898481,0.31952
6.5815144,0.073106,0.301813,0.893876,0.323341
6.5917892,0.077438,0.310496,0.890873,0.322395
6.601789,0.084362,0.327094,0.886546,0.316112
6.609849,0.084362,0.327094,0.886546,0.316112
6.618396,0.089613,0.333763,0.882445,0.319157
6.6303253,0.092323,0.340065,0.880722,0.316479
6.645783,0.095521,0.345224,0.878531,0.316033
6.6618285,0.102976,0.353148,0.873206,0.319675
6.672599,0.105256,0.356948,0.871962,0.318105
6.682599,0.112267,0.363582,0.867592,0.320137
6.693357,0.112267,0.363582,0.867592,0.320137
6.7045207,0.114431,0.367234,0.866601,0.317876
6.7169266,0.117782,0.370403,0.864447,0.31884
6.730621,0.122974,0.376695,0.861259,0.318135
6.7406206,0.128491,0.381996,0.857295,0.320331
6.7492123,0.128491,0.381996,0.857295,0.320331
6.760644,0.129414,0.384725,0.856823,0.317949
6.778304,0.136242,0.387302,0.85161,0.325873
6.789633,0.137893,0.388754,0.850466,0.326438
6.800748,0.142659,0.388875,0.846777,0.333754
6.8164,0.14866,0.390009,0.84303,0.339253
6.8250422,0.150853,0.390506,0.842158,0.339879
6.83229,0.15266,0.389803,0.840575,0.343775
6.8494754,0.157041,0.389309,0.839021,0.346149
6.8596287,0.161615,0.387283,0.835883,0.353822
6.876012,0.166939,0.384324,0.832857,0.361627
6.889557,0.16847,0.383751,0.832376,0.36263
6.9006968,0.172919,0.382448,0.829278,0.368956
6.917207,0.17758,0.383122,0.827634,0.369735
6.9270873,0.182463,0.382282,0.824523,0.375137
6.938945,0.184812,0.382054,0.823941,0.375499
6.9496884,0.189873,0.379599,0.820696,0.382503
6.958649,0.191589,0.377773,0.820826,0.383177
6.969671,0.195259,0.374025,0.818925,0.389023
6.9786153,0.196345,0.370928,0.819538,0.390149
6.98955,0.201101,0.36555,0.816048,0.399993
6.9973454,0.201968,0.362189,0.816545,0.401598
7.0080686,0.202627,0.358958,0.816913,0.403414
7.0169835,0.21016,0.351825,0.808712,0.421942
7.026126,0.210131,0.3493,0.808638,0.42419
7.0366507,0.215732,0.343703,0.800906,0.440313
7.0469623,0.215336,0.342324,0.800268,0.442734
7.0567436,0.219532,0.338545,0.793413,0.455727
7.0746217,0.221219,0.335989,0.788048,0.465997
7.0843167,0.220406,0.335648,0.787254,0.467965
7.095932,0.220885,0.334363,0.784489,0.473272
7.1048903,0.219799,0.33417,0.783856,0.47496
7.1150417,0.21966,0.333641,0.782005,0.478435
7.1242495,0.219026,0.333792,0.781233,0.479879
7.133879,0.219244,0.333637,0.779669,0.482424
7.144172,0.21919,0.333898,0.77894,0.483445
7.1548862,0.219707,0.334002,0.777777,0.485007
7.1651654,0.220148,0.334279,0.777066,0.485755
7.175077,0.220502,0.334579,0.776621,0.486101
7.18449,0.220867,0.334709,0.776071,0.486724
7.1939793,0.22062,0.335018,0.776212,0.486398
7.202086,0.220691,0.33506,0.775915,0.48681
7.2135334,0.221073,0.33499,0.775273,0.487707
7.222083,0.221305,0.33533,0.774965,0.487857
7.231763,0.222389,0.335471,0.77361,0.489416
7.241831,0.222961,0.336242,0.773187,0.489296
7.2517624,0.223331,0.337209,0.773141,0.488533
7.2618113,0.224048,0.337731,0.772625,0.488661
7.271949,0.224364,0.33797,0.772587,0.48841
7.281762,0.224614,0.337594,0.772374,0.488892
7.291831,0.22403,0.337207,0.773128,0.488235
7.3002048,0.223708,0.336367,0.773268,0.488739
7.3118124,0.222463,0.336094,0.774506,0.487534
7.3201914,0.221663,0.335712,0.774788,0.487713
7.3318734,0.220081,0.336266,0.775922,0.486244
7.3403916,0.219085,0.336935,0.776007,0.486095
7.3506055,0.218451,0.337721,0.775552,0.48656
7.359706,0.217589,0.338733,0.775391,0.4865
7.370228,0.216026,0.339843,0.77594,0.485546
7.3805356,0.214409,0.340394,0.775971,0.485826
7.390649,0.211548,0.341134,0.777065,0.484813
7.399285,0.208826,0.341456,0.77741,0.485213
7.4105535,0.204917,0.342628,0.779258,0.483083
7.419179,0.202275,0.343485,0.779548,0.483121
7.4300785,0.199303,0.345132,0.780872,0.48104
7.439036,0.197602,0.346472,0.781172,0.480291
7.4506397,0.195293,0.348175,0.782893,0.477192
7.4595222,0.193963,0.34895,0.783596,0.476013
7.4692035,0.192095,0.349443,0.785225,0.473718
7.478371,0.190759,0.349077,0.786255,0.472818
7.4906664,0.189491,0.348251,0.787386,0.472056
7.4997506,0.188408,0.347029,0.7884,0.471696
7.5099716,0.186475,0.346103,0.790659,0.469357
7.5191975,0.185607,0.344699,0.791573,0.469194
7.5306697,0.183792,0.344116,0.793955,0.466303
7.539225,0.183425,0.343223,0.794661,0.465903
7.548987,0.182281,0.343314,0.796703,0.462787
7.5606637,0.182603,0.343213,0.797067,0.462107
7.569822,0.182069,0.34407,0.798915,0.458476
7.580625,0.183063,0.34444,0.799009,0.457638
7.5908775,0.182399,0.34573,0.801451,0.452633
7.5989957,0.183442,0.345885,0.80158,0.451862
7.610005,0.182707,0.346638,0.803913,0.447417
7.619529,0.183467,0.346287,0.804237,0.446796
7.6295285,0.183852,0.345986,0.80621,0.443302
7.638194,0.183852,0.345986,0.80621,0.443302
7.6460114,0.182975,0.346575,0.80864,0.438755
7.657652,0.183949,0.346416,0.808774,0.438225
7.665783,0.182499,0.347726,0.811955,0.431866
7.6770816,0.183526,0.347777,0.811964,0.431372
7.685577,0.181329,0.349479,0.815847,0.423528
7.6968527,0.18225,0.349484,0.815823,0.423174
7.706449,0.179147,0.351518,0.820458,0.41375
7.718025,0.179895,0.351599,0.820329,0.413611
7.7278686,0.176628,0.353827,0.824693,0.404338
7.739668,0.177323,0.354345,0.824274,0.404435
7.7496896,0.174796,0.356807,0.82734,0.397041
7.761173,0.17567,0.357966,0.826525,0.397309
7.7725105,0.173422,0.360915,0.829084,0.390236
7.783503,0.174532,0.36231,0.828044,0.390655
7.793513,0.172434,0.365018,0.830509,0.383773
7.8043656,0.173529,0.365787,0.829745,0.384199
7.816244,0.172214,0.367336,0.832644,0.376972
7.826628,0.173377,0.366454,0.83267,0.37724
7.8369155,0.171544,0.366602,0.836006,0.370497
7.847872,0.172978,0.364916,0.836199,0.371058
7.85726,0.171795,0.364196,0.839087,0.365757
7.8679852,0.173147,0.362133,0.839299,0.366682
7.8773804,0.172932,0.360854,0.841036,0.364056
7.8880787,0.174263,0.358965,0.84117,0.364978
7.8982835,0.174155,0.357937,0.842683,0.36254
7.90963,0.175199,0.356582,0.842879,0.362915
7.921027,0.174615,0.356373,0.844537,0.359531
7.9314685,0.17546,0.355817,0.844591,0.359544
7.941651,0.175483,0.355925,0.845373,0.357584
7.9519796,0.176172,0.355805,0.845312,0.357509
7.9622006,0.175905,0.356181,0.846049,0.355517
7.9739637,0.176771,0.355824,0.846077,0.355377
7.983529,0.17655,0.355552,0.846751,0.354152
7.994959,0.176717,0.354714,0.847037,0.354227
8.004261,0.175919,0.35405,0.848334,0.352176
8.015181,0.176063,0.352719,0.848703,0.35255
8.024567,0.176299,0.351239,0.848973,0.353261
8.035603,0.176416,0.349683,0.849269,0.354035
8.044995,0.176446,0.348049,0.849476,0.355129
8.055992,0.176232,0.346474,0.849636,0.356391
8.065233,0.176403,0.344762,0.849039,0.359378
8.076642,0.175816,0.34371,0.848911,0.360972
8.0865345,0.177117,0.342169,0.846586,0.367206
8.09745,0.176684,0.342037,0.846025,0.368827
8.108712,0.178066,0.341351,0.843472,0.374601
8.119614,0.177779,0.341744,0.842756,0.375986
8.129736,0.178698,0.341549,0.840748,0.3802
8.140233,0.178431,0.341907,0.84015,0.381326
8.150239,0.17949,0.341477,0.838173,0.38554
8.1625185,0.179078,0.341656,0.837417,0.387211
8.173148,0.180001,0.341037,0.835886,0.390622
8.183148,0.179663,0.340937,0.835688,0.391289
8.195658,0.179663,0.340937,0.835688,0.391289
8.205337,0.180901,0.34032,0.834149,0.394527
8.216714,0.180957,0.340511,0.834091,0.394458
8.227369,0.182174,0.340189,0.832769,0.396962
8.238762,0.182267,0.340572,0.832725,0.396683
8.248735,0.183556,0.340421,0.831285,0.399229
8.261212,0.183707,0.341548,0.831183,0.398409
8.271728,0.185108,0.341393,0.829461,0.40147
8.282341,0.184901,0.341938,0.829488,0.401047
8.292591,0.186176,0.341484,0.827545,0.404839
8.303043,0.185553,0.341898,0.827689,0.404482
8.313443,0.186805,0.341126,0.825577,0.40885
8.324048,0.186154,0.341216,0.825771,0.408678
8.334593,0.187952,0.339809,0.822969,0.414638
8.346729,0.187192,0.339702,0.823165,0.414681
8.357802,0.187853,0.338637,0.821289,0.418949
8.370034,0.18428,0.339353,0.822117,0.418334
8.379681,0.184435,0.339193,0.81975,0.423013
8.391338,0.182406,0.340593,0.820025,0.422234
8.400658,0.182458,0.341004,0.817693,0.426382
8.412256,0.180185,0.342439,0.817986,0.425635
8.42219,0.17968,0.342503,0.8156,0.430351
8.433642,0.17638,0.343582,0.816198,0.429722
8.444964,0.177528,0.342135,0.810785,0.440514
8.455966,0.173746,0.343292,0.811516,0.439777
8.465965,0.176401,0.341561,0.804079,0.453512
8.476874,0.173351,0.343289,0.804687,0.452304
8.488837,0.175641,0.343445,0.79707,0.464622
8.498908,0.173967,0.34478,0.797964,0.462725
8.509162,0.180005,0.341627,0.788698,0.478376
8.519912,0.178476,0.34177,0.790048,0.476616
8.530302,0.181596,0.338862,0.784917,0.4859
8.541633,0.180116,0.337995,0.786462,0.484554
8.552152,0.18154,0.335449,0.784012,0.489735
8.563876,0.180438,0.334481,0.785437,0.48852
8.574798,0.18142,0.332862,0.784206,0.491233
8.585109,0.181126,0.332535,0.785282,0.489841
8.59566,0.181982,0.332111,0.784897,0.490428
8.607742,0.182458,0.332996,0.786243,0.487487
8.617397,0.183208,0.33347,0.786096,0.487119
8.629163,0.183505,0.334243,0.78656,0.485726
8.638466,0.18439,0.334615,0.786121,0.485844
8.650053,0.184601,0.33521,0.78658,0.48461
8.660026,0.185459,0.33526,0.786091,0.485042
8.671497,0.185664,0.33558,0.786553,0.483992
8.682264,0.187006,0.335175,0.785407,0.485614
8.693468,0.187293,0.335287,0.78585,0.484709
8.703463,0.188467,0.334781,0.785038,0.485917
8.714643,0.188814,0.33465,0.785479,0.485159
8.726472,0.190793,0.333671,0.784951,0.485913
8.735904,0.191553,0.333368,0.785297,0.485263
8.746154,0.193382,0.332465,0.784191,0.486942
8.756757,0.194255,0.33208,0.78449,0.486376
8.767024,0.195908,0.331153,0.783557,0.487847
8.777609,0.196734,0.330725,0.783796,0.487421
8.787969,0.198889,0.329613,0.782018,0.490147
8.799334,0.199813,0.329454,0.782023,0.489871
8.811032,0.202316,0.328558,0.779649,0.493218
8.821546,0.203426,0.328739,0.779434,0.49298
8.83174,0.206543,0.327766,0.776243,0.497348
8.841999,0.207739,0.327989,0.775998,0.497086
8.852172,0.21112,0.326704,0.772428,0.502042
8.862425,0.212133,0.326737,0.772412,0.501618
8.872603,0.215396,0.325008,0.768843,0.506806
8.884762,0.217068,0.323767,0.769334,0.506143
8.895157,0.220408,0.320975,0.765691,0.511967
8.906202,0.221285,0.319678,0.765827,0.512198
8.915473,0.22527,0.316157,0.760618,0.520343
8.926754,0.226036,0.315082,0.760355,0.521046
8.936674,0.230113,0.311923,0.754484,0.529627
8.947633,0.23119,0.311426,0.753821,0.530394
8.959147,0.236014,0.308551,0.746856,0.53972
8.969963,0.237217,0.308739,0.746251,0.539922
8.979997,0.241931,0.30642,0.73952,0.548347
8.990555,0.243183,0.306938,0.739142,0.548012
9.000526,0.24779,0.304723,0.73291,0.555504
9.011005,0.249021,0.305047,0.73277,0.554961
9.022411,0.254369,0.30209,0.726408,0.562466
9.033844,0.254821,0.301669,0.726859,0.561905
9.043151,0.258775,0.297727,0.720373,0.570487
9.053757,0.258817,0.296694,0.720966,0.570256
9.063043,0.26238,0.292136,0.714283,0.579319
9.0736685,0.261987,0.290726,0.714923,0.579418
9.082949,0.265602,0.2854,0.706985,0.590062
9.093361,0.264833,0.283963,0.707498,0.590486
9.102673,0.26732,0.279427,0.700619,0.59966
9.114005,0.26617,0.278338,0.700856,0.600401
9.124262,0.268197,0.274279,0.693568,0.609757
9.1348505,0.266798,0.273888,0.69347,0.610657
9.145305,0.268886,0.270654,0.685614,0.619982
9.157291,0.267903,0.271112,0.685084,0.620793
9.168294,0.270819,0.268268,0.676015,0.630628
9.179058,0.270262,0.26921,0.675331,0.631197
9.190886,0.272573,0.267601,0.666393,0.640322
9.202766,0.272054,0.268226,0.666158,0.640526
9.212197,0.274372,0.265807,0.659371,0.64753
9.223794,0.273966,0.26607,0.659492,0.64747
9.233742,0.275842,0.263886,0.654223,0.652891
9.24507,0.275496,0.264039,0.654611,0.652586
9.255815,0.277659,0.261667,0.649058,0.658147
9.267009,0.277476,0.261876,0.649583,0.657623
9.277099,0.279934,0.259428,0.64354,0.663468
9.288352,0.279868,0.259874,0.644098,0.662778
9.300137,0.282161,0.258674,0.639593,0.666627
9.30949,0.282271,0.259491,0.640149,0.665729
9.319713,0.284539,0.258066,0.635248,0.669997
9.330302,0.284648,0.258986,0.635833,0.669041
9.340556,0.286528,0.257871,0.631621,0.672649
9.351164,0.286531,0.258769,0.632238,0.671723
9.360483,0.288545,0.257327,0.627589,0.675762
9.371874,0.288532,0.257992,0.628182,0.674963
9.382372,0.290518,0.256158,0.623258,0.67936
9.393188,0.290067,0.256664,0.624022,0.67866
9.404748,0.290878,0.255385,0.620544,0.681977
9.415909,0.289797,0.256212,0.621599,0.681165
9.426453,0.290222,0.255613,0.618595,0.683938
9.438261,0.288354,0.259054,0.620787,0.681443
9.447816,0.288833,0.25965,0.618235,0.683331
9.458799,0.287746,0.261772,0.619334,0.681983
9.468044,0.287953,0.262007,0.616504,0.684365
9.479102,0.286261,0.263676,0.617657,0.683394
9.488366,0.285324,0.263986,0.615787,0.685351
9.499384,0.282915,0.265636,0.616979,0.68464
9.508651,0.282673,0.264995,0.612243,0.689224
9.519685,0.280218,0.267045,0.613417,0.688391
9.529586,0.28179,0.265484,0.604962,0.695796
9.541018,0.280111,0.268032,0.606238,0.694385
9.552486,0.281807,0.267482,0.600065,0.699256
9.563116,0.280818,0.269733,0.601725,0.69736
9.573135,0.283363,0.267905,0.594527,0.703185
9.583663,0.28226,0.269171,0.596638,0.701354
9.59365,0.284137,0.266413,0.590475,0.706843
9.604149,0.282613,0.266408,0.592756,0.705545
9.614145,0.282857,0.263919,0.5899,0.70877
9.626237,0.279523,0.26244,0.594162,0.70708
9.635766,0.279375,0.260534,0.592858,0.708935
9.646368,0.278355,0.260272,0.594822,0.707787
9.655615,0.279104,0.258952,0.592987,0.709513
9.666237,0.278793,0.259509,0.594816,0.7079
9.675489,0.279993,0.259077,0.593077,0.709042
9.68628,0.280053,0.260259,0.59485,0.707098
9.695552,0.280886,0.260735,0.594607,0.706796
9.706897,0.280866,0.261983,0.596438,0.704797
9.716159,0.281012,0.262705,0.59742,0.703638
9.72674,0.280646,0.263587,0.599416,0.701754
9.736002,0.280871,0.263578,0.599676,0.701445
9.746682,0.280485,0.264158,0.601678,0.699664
9.757408,0.280487,0.264297,0.602922,0.698539
9.766574,0.280328,0.264626,0.604921,0.696748
9.776808,0.280289,0.2648,0.606894,0.69498
9.788217,0.280306,0.264894,0.608908,0.693173
9.800314,0.280384,0.264828,0.610823,0.69148
9.810842,0.280403,0.264665,0.612873,0.689718
9.821412,0.280353,0.264394,0.615011,0.687938
9.831723,0.28026,0.263941,0.617058,0.686314
9.842253,0.283457,0.259827,0.610229,0.692648
9.854282,0.283091,0.259097,0.613978,0.689752
9.8638,0.285103,0.256747,0.609879,0.693429
9.875499,0.285058,0.257045,0.611304,0.69208
9.884876,0.286542,0.256022,0.608769,0.694078
9.89644,0.286796,0.256674,0.609888,0.692749
9.906353,0.288094,0.256382,0.608425,0.693604
9.917737,0.2885,0.257176,0.609502,0.692195
9.928226,0.289477,0.257204,0.608978,0.692238
9.939474,0.289637,0.257791,0.610299,0.690788
9.949417,0.290124,0.257483,0.610244,0.690747
9.960627,0.289916,0.257584,0.611793,0.689425
9.972507,0.28985,0.256626,0.61387,0.687962
9.982004,0.28942,0.256272,0.615503,0.686815
9.992186,0.289612,0.255178,0.615269,0.687351
10.003582,0.289135,0.25498,0.616997,0.686075
10.013844,0.289223,0.254362,0.617519,0.685797
10.0254135,0.288852,0.254424,0.619407,0.684226
10.037602,0.289061,0.253934,0.619786,0.683977
10.048842,0.288572,0.254222,0.621989,0.682074
10.059362,0.289542,0.252721,0.620204,0.683844
10.07214,0.288048,0.253486,0.625477,0.679375
10.081668,0.287289,0.253739,0.627841,0.677419
10.093604,0.286139,0.254224,0.630873,0.674902
10.103521,0.284814,0.254583,0.633933,0.672455
10.11583,0.283337,0.254847,0.637085,0.669995
10.126034,0.281259,0.255488,0.641525,0.666381
10.137419,0.279668,0.255347,0.644469,0.66426
10.147519,0.27666,0.25652,0.65066,0.659013
10.1603565,0.272826,0.256095,0.65565,0.655822
10.17005,0.269778,0.257306,0.660513,0.651716
10.181465,0.267989,0.257703,0.662247,0.650537
10.191714,0.265516,0.259453,0.66606,0.646952
10.203503,0.26427,0.260527,0.667183,0.645873
10.215614,0.262254,0.262769,0.670462,0.642382
10.226716,0.261267,0.264198,0.671412,0.641205
10.237374,0.259592,0.266499,0.674293,0.637901
10.250089,0.258359,0.269565,0.676184,0.635105
10.259673,0.257384,0.271393,0.678398,0.632355
10.271666,0.256911,0.272494,0.679543,0.630843
10.281604,0.256065,0.273604,0.681726,0.628346
10.293856,0.255629,0.27412,0.683156,0.626744
10.304047,0.254886,0.274832,0.685554,0.624111
10.315788,0.254631,0.275105,0.687151,0.622336
10.325885,0.253815,0.275953,0.69019,0.618921
10.3385935,0.253557,0.276915,0.693529,0.614852
10.349126,0.253128,0.277909,0.695876,0.611921
10.360497,0.252956,0.278723,0.697487,0.609784
10.37099,0.252352,0.279864,0.699774,0.606885
10.381231,0.251951,0.280733,0.701369,0.604805
10.391417,0.250061,0.282855,0.705834,0.599382
10.402897,0.249394,0.283873,0.707376,0.597358
10.413732,0.2475,0.286009,0.711289,0.59246
10.424519,0.246607,0.287315,0.712849,0.590322
10.434764,0.245047,0.289151,0.715587,0.586752
10.447075,0.24309,0.291773,0.719018,0.582054
10.45705,0.241739,0.2932,0.721474,0.578851
10.467708,0.240511,0.294285,0.723341,0.576478
10.477077,0.238886,0.295454,0.725579,0.573737
10.4887,0.237212,0.29649,0.727555,0.57139
10.498625,0.233381,0.299236,0.733269,0.564186
10.510337,0.2315,0.300695,0.735195,0.561674
10.521588,0.228308,0.303483,0.739593,0.555674
10.532787,0.226557,0.305399,0.741349,0.552995
10.542781,0.223923,0.307925,0.744589,0.548293
10.554161,0.221905,0.30956,0.746389,0.545741
10.565645,0.215234,0.312592,0.752295,0.538528
10.57718,0.211561,0.313585,0.754469,0.536359
10.58661,0.205793,0.31602,0.75961,0.529878
10.603441,0.200144,0.318857,0.764275,0.523598
10.613231,0.192712,0.321715,0.765825,0.522372
10.626158,0.179273,0.330161,0.769493,0.516463
10.634122,0.174244,0.334268,0.770494,0.514044
10.645696,0.167186,0.339023,0.775264,0.50604
10.655025,0.162618,0.341691,0.776691,0.50354
10.666612,0.156118,0.344416,0.781418,0.496376
10.682067,0.148014,0.347133,0.788956,0.48491
10.69451,0.141533,0.347327,0.793056,0.479994
10.705073,0.131178,0.350173,0.806124,0.458621
10.717008,0.129668,0.350046,0.808287,0.45533
10.727534,0.121607,0.353036,0.819745,0.434273
10.7375345,0.12233,0.355166,0.823128,0.425854
10.745772,0.12233,0.355166,0.823128,0.425854
10.755192,0.115144,0.359259,0.83369,0.403279
10.767257,0.115574,0.360788,0.835124,0.398799
10.778685,0.107524,0.364673,0.845267,0.375464
10.790339,0.10742,0.365803,0.846671,0.371207
10.800478,0.099627,0.36885,0.855443,0.349629
10.813509,0.098991,0.37081,0.857954,0.341488
10.823995,0.093949,0.37328,0.863428,0.326077
10.8408,0.09061,0.375346,0.867083,0.314756
10.850888,0.090565,0.376665,0.867869,0.311003
10.864149,0.087175,0.379375,0.872098,0.296511
10.872267,0.087376,0.379438,0.873219,0.293052
10.884238,0.085232,0.379946,0.876169,0.284081
10.899678,0.08382,0.380275,0.878531,0.276673
10.916726,0.084837,0.380339,0.880279,0.27065
10.927616,0.084,0.38086,0.881944,0.264693
10.938776,0.084556,0.38125,0.882483,0.262148
10.949371,0.084221,0.382015,0.8835,0.257678
10.962079,0.085431,0.383574,0.883915,0.253505
10.971662,0.085424,0.384554,0.884424,0.250229
10.98905,0.085695,0.385382,0.884737,0.247744
10.998561,0.086104,0.385989,0.884993,0.245733
11.011208,0.086395,0.386465,0.886086,0.240895
11.019303,0.086716,0.386322,0.886649,0.238929
11.030892,0.086957,0.386115,0.887319,0.236679
11.046437,0.087305,0.385851,0.887948,0.234615
11.062785,0.08805,0.38551,0.889002,0.230874
11.072994,0.088372,0.385608,0.889466,0.22879
11.082994,0.089685,0.386249,0.890094,0.224719
11.091401,0.089685,0.386249,0.890094,0.224719
11.099929,0.090564,0.386446,0.890447,0.222619
11.111775,0.090718,0.386478,0.891373,0.218765
11.127396,0.091088,0.386019,0.892322,0.215529
11.143743,0.091978,0.384439,0.894307,0.209667
11.154511,0.091213,0.383998,0.895878,0.204027
11.171287,0.091512,0.383038,0.897742,0.197397
11.181697,0.088742,0.38314,0.900044,0.187747
11.191696,0.086567,0.3818,0.902782,0.178095
11.199977,0.086567,0.3818,0.902782,0.178095
11.215521,0.084505,0.38102,0.904508,0.171889
11.231705,0.081851,0.378607,0.907027,0.165098
11.242079,0.082249,0.376929,0.907349,0.166961
11.259594,0.078625,0.374866,0.909465,0.161759
11.26807,0.078604,0.373613,0.909498,0.164459
11.285464,0.077931,0.372583,0.909637,0.166335
11.294977,0.075783,0.372069,0.910264,0.165046
11.307825,0.07262,0.371926,0.910528,0.165332
11.31588,0.070803,0.372595,0.910576,0.164346
11.327454,0.06981,0.373436,0.910217,0.164851
11.34348,0.068985,0.374337,0.909847,0.165198
11.360109,0.066368,0.376127,0.909871,0.162043
11.370453,0.066006,0.376629,0.909725,0.16184
11.380452,0.06437,0.377336,0.910317,0.157468
11.388898,0.06437,0.377336,0.910317,0.157468
11.398943,0.064367,0.377271,0.910482,0.156666
11.408943,0.06396,0.376724,0.911269,0.153544
11.417638,0.06396,0.376724,0.911269,0.153544
11.426319,0.063322,0.376409,0.911898,0.150825
11.438353,0.063007,0.376092,0.912349,0.149004
11.453694,0.062996,0.375802,0.912627,0.14804
11.470325,0.061091,0.375691,0.913714,0.142302
11.481395,0.062369,0.375365,0.914099,0.140118
11.498677,0.063101,0.37475,0.915415,0.132647
11.510464,0.063236,0.374506,0.915958,0.129484
11.527312,0.061947,0.374384,0.91708,0.122317
11.538198,0.062881,0.373974,0.917003,0.12367
11.548198,0.063171,0.373153,0.91712,0.125123
11.556834,0.063171,0.373153,0.91712,0.125123
11.566834,0.058588,0.372537,0.918435,0.119413
11.576006,0.058588,0.372537,0.918435,0.119413
11.585272,0.057086,0.372538,0.918299,0.12117
11.596903,0.053724,0.372802,0.91874,0.118521
11.608502,0.052702,0.372783,0.918364,0.121904
11.624468,0.045317,0.37369,0.919158,0.115973
11.637279,0.04461,0.37381,0.9186,0.120201
11.653741,0.037587,0.374392,0.919512,0.113638
11.66582,0.037002,0.373998,0.919356,0.11636
11.681528,0.037477,0.372991,0.919089,0.121436
11.697996,0.030796,0.370189,0.921294,0.115012
11.708191,0.029252,0.368321,0.92177,0.117571
11.724686,0.021243,0.365929,0.923706,0.111407
11.734367,0.019038,0.365458,0.923817,0.112422
11.744368,0.012356,0.365795,0.924419,0.107188
11.752991,0.012356,0.365795,0.924419,0.107188
11.760512,0.008854,0.366123,0.924715,0.103805
11.770512,0.002382,0.365861,0.92547,0.098204
11.780821,0.002382,0.365861,0.92547,0.098204
11.794919,-9.28E-4,0.36505,0.926085,0.09541
11.805628,-0.004071,0.363986,0.926756,0.092842
11.821835,-0.009327,0.362079,0.927884,0.088554
11.834229,-0.011483,0.361497,0.928281,0.086488
11.849606,-0.013591,0.361183,0.928613,0.083899
11.862429,-0.017012,0.361341,0.928834,0.080058
11.872092,-0.019238,0.361702,0.928928,0.07676
11.8888855,-0.021658,0.362212,0.928974,0.073076
11.898615,-0.023309,0.362854,0.928833,0.071143
11.911486,-0.027651,0.363936,0.928865,0.063195
11.919458,-0.028624,0.36443,0.928764,0.061379
11.93106,-0.030824,0.364682,0.928954,0.055671
11.946588,-0.032757,0.364868,0.929128,0.050192
11.963926,-0.03324,0.365393,0.929084,0.046748
11.975893,-0.034243,0.365644,0.92916,0.042334
11.987068,-0.033928,0.366036,0.92909,0.040707
11.997683,-0.034994,0.366245,0.929195,0.035141
12.010495,-0.03367,0.366491,0.929258,0.032086
12.020043,-0.034512,0.366173,0.929508,0.027198
12.034532,-0.034067,0.365871,0.929679,0.025932
12.044435,-0.035214,0.365459,0.929919,0.021184
12.060209,-0.034965,0.365591,0.929916,0.019399
12.07095,-0.035826,0.366088,0.929745,0.016391
12.082506,-0.035717,0.366879,0.929447,0.015851
12.094478,-0.036318,0.367648,0.929156,0.013541
12.105536,-0.036217,0.368355,0.928887,0.013095
12.116068,-0.036948,0.368734,0.928743,0.010269
12.128708,-0.036072,0.368892,0.928725,0.009272
12.138244,-0.036415,0.368638,0.928839,0.006091
12.150631,-0.035508,0.368511,0.928928,0.005504
12.160542,-0.035364,0.368332,0.929017,0.002562
12.172232,-0.034164,0.368236,0.929101,0.002105
12.182909,0.033642,-0.368077,-0.929186,3.4E-5
12.194736,0.032332,-0.367998,-0.929264,1.06E-4
12.203471,0.031636,-0.36794,-0.929309,0.001448
12.212854,0.030412,-0.368027,-0.929316,0.00103
12.222265,0.029636,-0.36823,-0.929261,0.001249
12.233873,0.028567,-0.368528,-0.929177,3.37E-4
12.243469,-0.027746,0.368874,0.929065,3.0E-6
12.254314,-0.026658,0.369265,0.92894,0.001129
12.263741,-0.025854,0.369552,0.928848,0.001692
12.274601,-0.024932,0.369763,0.928788,0.002558
12.284018,-0.024107,0.369981,0.928721,0.003119
12.29452,-0.023111,0.370257,0.928633,0.003948
12.3039465,-0.022467,0.370552,0.928532,0.003693
12.316062,-0.020052,0.371227,0.928308,0.005613
12.32525,-0.018916,0.371573,0.92819,0.006182
12.336042,-0.017548,0.371949,0.92806,0.007072
12.344936,-0.016707,0.372335,0.927925,0.006511
12.355733,-0.015382,0.372734,0.927784,0.007013
12.364757,-0.01464,0.373073,0.927667,0.005959
12.375554,-0.013396,0.37334,0.927577,0.006084
12.384539,-0.012598,0.37342,0.927562,0.00507
12.395727,-0.011378,0.373266,0.92764,0.005079
12.404636,-0.010662,0.372853,0.92782,0.003973
12.4145775,-0.009641,0.372256,0.928071,0.003945
12.424225,-0.009509,0.371575,0.928352,0.001966
12.435812,-0.008649,0.370956,0.928607,0.002101
12.445122,-0.00869,0.370403,0.928829,4.47E-4
12.456775,-0.008252,0.369966,0.929007,7.3E-4
12.466925,0.009899,-0.371311,-0.928455,4.39E-4
12.477258,0.013594,-0.369084,-0.929291,0.003093
12.487257,0.020972,-0.361304,-0.932204,0.003685
12.497484,0.020972,-0.361304,-0.932204,0.003685
12.507484,-0.020749,0.361115,0.932289,0.001034
12.518787,-0.020749,0.361115,0.932289,0.001034
12.532529,-0.017663,0.365531,0.930629,0.001649
12.545001,-0.013645,0.367693,0.929827,0.006028
12.554511,-0.013601,0.368372,0.92956,0.005847
