0.006078177,9.0,-34.0,4.0
0.010710468,8.0,-34.0,4.0
0.019688854,8.0,-34.0,4.0
0.03218109,8.0,-34.0,3.0
0.03974328,8.0,-33.0,3.0
0.04974328,8.0,-34.0,3.0
0.05974328,8.0,-34.0,3.0
0.07416484,8.0,-34.0,3.0
0.08172859,8.0,-34.0,3.0
0.09175849,8.0,-34.0,3.0
0.10175849,8.0,-34.0,3.0
0.111758485,8.0,-34.0,3.0
0.123215415,8.0,-34.0,3.0
0.13103458,8.0,-34.0,3.0
0.14072922,8.0,-34.0,4.0
0.15072921,8.0,-34.0,4.0
0.16072921,8.0,-34.0,4.0
0.17300396,8.0,-34.0,4.0
0.18043245,9.0,-34.0,4.0
0.19020407,9.0,-34.0,4.0
0.20020406,9.0,-33.0,4.0
0.21020406,9.0,-33.0,4.0
0.22020407,9.0,-33.0,4.0
0.23326032,9.0,-33.0,4.0
0.23933037,9.0,-33.0,5.0
0.24933037,7.0,-33.0,4.0
0.25933036,7.0,-33.0,4.0
0.26933038,7.0,-33.0,4.0
0.2822251,7.0,-33.0,4.0
0.29951197,7.0,-32.0,4.0
0.30951196,6.0,-33.0,3.0
0.31951198,6.0,-33.0,3.0
0.32902035,6.0,-33.0,3.0
0.34167752,6.0,-33.0,2.0
0.34891254,6.0,-34.0,1.0
0.35891256,5.0,-34.0,1.0
0.36891255,5.0,-34.0,1.0
0.37891254,5.0,-34.0,1.0
0.39231086,5.0,-34.0,1.0
0.39575303,4.0,-34.0,-1.0
0.40731758,3.0,-34.0,-3.0
0.41555983,3.0,-33.0,-6.0
0.42699617,2.0,-33.0,-8.0
0.43531668,2.0,-32.0,-10.0
0.4468033,1.0,-30.0,-12.0
0.45479304,1.0,-29.0,-13.0
0.46479303,1.0,-27.0,-14.0
0.47790778,1.0,-27.0,-14.0
0.4907365,1.0,-26.0,-16.0
0.50159836,1.0,-24.0,-18.0
0.5050414,1.0,-22.0,-19.0
0.5188227,1.0,-19.0,-21.0
0.5288227,1.0,-15.0,-24.0
0.54317695,1.0,-15.0,-24.0
0.56049275,1.0,-12.0,-25.0
0.57049274,1.0,-9.0,-25.0
0.58049273,1.0,-9.0,-25.0
0.5873155,1.0,-9.0,-25.0
0.5973155,7.0,-9.0,-27.0
0.60731554,7.0,-9.0,-27.0
0.61731553,7.0,-9.0,-27.0
0.6273155,7.0,-9.0,-27.0
0.6373155,7.0,-9.0,-27.0
0.6502854,7.0,-9.0,-27.0
0.6663947,8.0,2.0,-26.0
0.6763277,9.0,4.0,-25.0
0.6863277,10.0,10.0,-23.0
0.6963277,10.0,10.0,-23.0
0.7063277,10.0,10.0,-23.0
0.71632767,10.0,10.0,-23.0
0.7219204,10.0,10.0,-23.0
0.73192036,14.0,14.0,-23.0
0.7419204,14.0,14.0,-23.0
0.75010186,14.0,14.0,-23.0
0.7674834,16.0,15.0,-22.0
0.7774834,17.0,17.0,-20.0
0.7874834,17.0,17.0,-20.0
0.7943661,17.0,17.0,-20.0
0.8043662,18.0,19.0,-18.0
0.81436616,18.0,19.0,-18.0
0.82436615,18.0,19.0,-18.0
0.83436614,18.0,19.0,-18.0
0.84436613,18.0,19.0,-18.0
0.8543661,18.0,19.0,-18.0
0.86780316,18.0,19.0,-18.0
0.8838985,18.0,21.0,-17.0
0.8938985,18.0,21.0,-17.0
0.9038985,18.0,21.0,-17.0
0.91389847,18.0,21.0,-17.0
0.9238985,18.0,21.0,-17.0
0.92938304,18.0,21.0,-17.0
0.9466961,18.0,21.0,-17.0
0.95669615,18.0,22.0,-16.0
0.96669614,18.0,22.0,-16.0
0.9724653,18.0,22.0,-16.0
0.98246527,17.0,24.0,-16.0
0.99246526,17.0,24.0,-16.0
1.0024652,17.0,24.0,-16.0
1.0172806,17.0,24.0,-16.0
1.0346751,16.0,25.0,-15.0
1.0373597,16.0,25.0,-15.0
1.0473597,15.0,28.0,-13.0
1.0573597,15.0,28.0,-13.0
1.0673597,15.0,28.0,-13.0
1.0770789,15.0,28.0,-13.0
1.0944096,14.0,29.0,-13.0
1.1044096,13.0,30.0,-13.0
1.1144096,13.0,30.0,-13.0
1.1213282,13.0,30.0,-13.0
1.1313282,11.0,30.0,-12.0
1.1413282,11.0,30.0,-12.0
1.1513282,11.0,30.0,-12.0
1.1613282,11.0,30.0,-12.0
1.1668,11.0,30.0,-12.0
1.1768,10.0,30.0,-13.0
1.1868,10.0,30.0,-13.0
1.1953944,10.0,30.0,-13.0
1.2127932,9.0,29.0,-12.0
1.2216039,9.0,30.0,-12.0
1.2316039,8.0,30.0,-12.0
1.2399603,8.0,30.0,-12.0
1.2499603,8.0,29.0,-13.0
1.2599603,8.0,29.0,-13.0
1.2699603,8.0,29.0,-13.0
1.2799603,8.0,29.0,-13.0
1.2855214,8.0,29.0,-13.0
1.3028558,8.0,28.0,-14.0
1.3128558,8.0,29.0,-14.0
1.3228558,8.0,29.0,-14.0
1.3286635,8.0,29.0,-14.0
1.3386635,7.0,29.0,-15.0
1.3486634,7.0,29.0,-15.0
1.3586634,7.0,29.0,-15.0
1.3686634,7.0,29.0,-15.0
1.3745447,7.0,29.0,-15.0
1.3845447,7.0,28.0,-16.0
1.3945447,7.0,28.0,-16.0
1.4011742,7.0,28.0,-16.0
1.4084709,8.0,28.0,-16.0
1.4184709,8.0,28.0,-16.0
1.428471,8.0,28.0,-16.0
1.4409174,8.0,28.0,-16.0
1.4449451,8.0,27.0,-16.0
1.4549452,8.0,26.0,-17.0
1.4649452,8.0,26.0,-17.0
1.4798878,8.0,26.0,-17.0
1.4871768,8.0,25.0,-17.0
1.497413,8.0,25.0,-18.0
1.507413,9.0,23.0,-18.0
1.5195422,9.0,23.0,-18.0
1.5268772,9.0,23.0,-19.0
1.5368772,9.0,23.0,-19.0
1.5459039,9.0,23.0,-19.0
1.5612833,9.0,23.0,-19.0
1.5664825,9.0,23.0,-18.0
1.5764825,10.0,24.0,-18.0
1.5891943,10.0,24.0,-18.0
1.5965936,10.0,24.0,-18.0
1.6059241,10.0,23.0,-18.0
1.6159241,10.0,22.0,-19.0
1.6289881,10.0,22.0,-19.0
1.636379,10.0,22.0,-19.0
1.646379,10.0,22.0,-19.0
1.655295,10.0,22.0,-19.0
1.6707399,10.0,22.0,-20.0
1.6759291,10.0,22.0,-19.0
1.6859291,11.0,22.0,-19.0
1.6976585,11.0,22.0,-19.0
1.7050352,11.0,22.0,-19.0
1.7152702,11.0,22.0,-19.0
1.7252702,11.0,22.0,-19.0
1.7375425,11.0,22.0,-19.0
1.7427263,11.0,22.0,-19.0
1.7546886,11.0,22.0,-20.0
1.7639292,11.0,22.0,-20.0
1.7739292,11.0,21.0,-20.0
1.7845253,11.0,21.0,-20.0
1.802428,11.0,21.0,-20.0
1.8161391,11.0,21.0,-20.0
1.8195884,11.0,21.0,-20.0
1.8315231,11.0,22.0,-19.0
1.8429354,11.0,22.0,-19.0
1.8531625,11.0,22.0,-20.0
1.8631625,11.0,21.0,-21.0
1.8731625,11.0,21.0,-21.0
1.8853449,11.0,21.0,-21.0
1.888785,10.0,21.0,-21.0
1.9002873,10.0,21.0,-20.0
1.9122059,10.0,21.0,-20.0
1.9216119,10.0,21.0,-20.0
1.9316119,10.0,21.0,-20.0
1.9427687,10.0,21.0,-20.0
1.9606614,10.0,21.0,-20.0
1.9743456,10.0,21.0,-20.0
1.9778181,10.0,22.0,-20.0
1.9896989,10.0,22.0,-19.0
2.0006459,10.0,22.0,-19.0
2.0109093,10.0,22.0,-19.0
2.0225265,11.0,22.0,-19.0
2.0325265,11.0,22.0,-20.0
2.0425265,11.0,22.0,-20.0
2.050216,11.0,22.0,-20.0
2.0637195,11.0,21.0,-21.0
2.067244,11.0,22.0,-20.0
2.0783818,11.0,22.0,-19.0
2.0904238,11.0,22.0,-19.0
2.0997062,10.0,22.0,-19.0
2.1097062,10.0,21.0,-20.0
2.1197062,10.0,21.0,-20.0
2.1297061,10.0,21.0,-20.0
2.1386611,10.0,21.0,-20.0
2.1524127,10.0,21.0,-20.0
2.1558743,10.0,21.0,-20.0
2.1677165,10.0,21.0,-20.0
2.179157,10.0,21.0,-20.0
2.189402,10.0,21.0,-20.0
2.199402,10.0,22.0,-20.0
2.209402,10.0,22.0,-20.0
2.2216215,10.0,22.0,-20.0
2.2250931,11.0,22.0,-20.0
2.236469,11.0,22.0,-20.0
2.2484617,11.0,22.0,-20.0
2.2577355,11.0,22.0,-20.0
2.2697487,11.0,22.0,-20.0
2.2790806,11.0,21.0,-21.0
2.296882,11.0,21.0,-21.0
2.3105552,11.0,20.0,-20.0
2.3140142,11.0,20.0,-20.0
2.326014,10.0,21.0,-19.0
2.3376012,10.0,21.0,-19.0
2.3478336,10.0,21.0,-19.0
2.3578334,10.0,21.0,-20.0
2.3678336,10.0,21.0,-20.0
2.379804,10.0,21.0,-20.0
2.3832626,10.0,21.0,-20.0
2.394002,10.0,21.0,-20.0
2.407608,10.0,21.0,-20.0
2.4169474,10.0,21.0,-20.0
2.4269474,10.0,21.0,-20.0
2.435307,10.0,21.0,-20.0
2.4490192,10.0,21.0,-20.0
2.452473,9.0,21.0,-20.0
2.4644532,9.0,22.0,-19.0
2.4747458,9.0,22.0,-19.0
2.4848833,10.0,21.0,-20.0
2.4965322,10.0,21.0,-20.0
2.5065324,11.0,21.0,-21.0
2.5165322,11.0,21.0,-21.0
2.524884,11.0,21.0,-21.0
2.5383503,11.0,21.0,-21.0
2.5417945,11.0,21.0,-21.0
2.5527844,11.0,22.0,-20.0
2.564754,11.0,22.0,-20.0
2.5740318,11.0,22.0,-20.0
2.5860937,11.0,21.0,-20.0
2.5953827,11.0,21.0,-20.0
2.6133063,10.0,20.0,-20.0
2.627011,10.0,20.0,-21.0
2.630478,10.0,21.0,-21.0
2.642433,10.0,21.0,-20.0
2.653757,10.0,22.0,-20.0
2.664114,11.0,21.0,-20.0
2.6741138,11.0,20.0,-21.0
2.684114,11.0,20.0,-21.0
2.6941137,11.0,20.0,-21.0
2.7028682,11.0,20.0,-21.0
2.7175627,11.0,20.0,-21.0
2.7210133,11.0,21.0,-20.0
2.7302587,11.0,21.0,-20.0
2.7426953,11.0,22.0,-19.0
2.7519696,11.0,21.0,-20.0
2.7639215,11.0,21.0,-20.0
2.7732553,11.0,21.0,-20.0
2.7832553,11.0,21.0,-21.0
2.7914355,11.0,21.0,-21.0
2.8050504,11.0,20.0,-21.0
2.80849,11.0,21.0,-21.0
2.8204443,11.0,21.0,-21.0
2.8320446,11.0,21.0,-20.0
2.8414404,11.0,21.0,-21.0
2.8528388,11.0,21.0,-21.0
2.8628385,11.0,21.0,-21.0
2.8728387,11.0,21.0,-21.0
2.8808777,11.0,21.0,-21.0
2.8945332,11.0,21.0,-21.0
2.8980002,10.0,21.0,-21.0
2.9088714,10.0,21.0,-20.0
2.9208548,10.0,21.0,-20.0
2.9301248,10.0,21.0,-20.0
2.9421322,10.0,21.0,-20.0
2.9521325,10.0,21.0,-21.0
2.9621322,10.0,21.0,-21.0
2.969309,10.0,21.0,-21.0
2.9830253,10.0,21.0,-20.0
2.9864836,10.0,21.0,-20.0
2.9990873,10.0,21.0,-19.0
3.0107102,10.0,21.0,-19.0
3.0207105,10.0,21.0,-20.0
3.0307102,10.0,21.0,-20.0
3.040213,10.0,21.0,-20.0
3.0538712,10.0,21.0,-20.0
3.0573807,10.0,22.0,-20.0
3.0666587,10.0,22.0,-19.0
3.079268,10.0,22.0,-20.0
3.0886805,11.0,22.0,-20.0
3.0986805,11.0,21.0,-20.0
3.1086805,11.0,21.0,-20.0
3.1186805,11.0,21.0,-20.0
3.1275787,11.0,21.0,-20.0
3.1412358,11.0,21.0,-20.0
3.1463287,11.0,21.0,-20.0
3.1566381,11.0,22.0,-19.0
3.1682458,11.0,22.0,-19.0
3.1786046,11.0,22.0,-19.0
3.1886044,11.0,21.0,-20.0
3.1986046,11.0,21.0,-20.0
3.2086043,11.0,21.0,-20.0
3.2171025,11.0,21.0,-20.0
3.2310433,11.0,21.0,-20.0
3.2348032,11.0,22.0,-20.0
3.2450955,11.0,22.0,-19.0
3.257056,11.0,22.0,-19.0
3.2665389,10.0,22.0,-19.0
3.2765388,10.0,21.0,-20.0
3.2865388,10.0,21.0,-20.0
3.2965388,10.0,21.0,-20.0
3.3055305,10.0,21.0,-20.0
3.319269,11.0,21.0,-21.0
3.3227425,11.0,21.0,-21.0
3.3346193,11.0,22.0,-20.0
3.3449187,11.0,22.0,-20.0
3.3565419,11.0,22.0,-21.0
3.366542,12.0,21.0,-20.0
3.3765419,12.0,21.0,-20.0
3.386542,12.0,21.0,-20.0
3.3950987,12.0,21.0,-20.0
3.4086983,12.0,21.0,-20.0
3.4121692,12.0,21.0,-20.0
3.4230924,12.0,22.0,-20.0
3.4350886,11.0,22.0,-20.0
3.444433,11.0,22.0,-20.0
3.456467,11.0,21.0,-20.0
3.466467,11.0,21.0,-20.0
3.476467,11.0,21.0,-20.0
3.483516,11.0,21.0,-20.0
3.4972563,11.0,21.0,-20.0
3.5007296,11.0,21.0,-20.0
3.5125766,11.0,22.0,-19.0
3.5241573,10.0,22.0,-19.0
3.534584,10.0,22.0,-19.0
3.5445843,11.0,21.0,-21.0
3.554584,11.0,21.0,-21.0
3.5645843,11.0,21.0,-21.0
3.573087,11.0,21.0,-21.0
3.5866969,11.0,21.0,-20.0
3.5901642,11.0,21.0,-20.0
3.601027,11.0,22.0,-19.0
3.6130087,11.0,22.0,-19.0
3.6223447,11.0,21.0,-19.0
3.634309,11.0,21.0,-20.0
3.6435807,11.0,21.0,-20.0
3.6614974,11.0,21.0,-20.0
3.6762335,11.0,21.0,-20.0
3.6797116,11.0,21.0,-20.0
3.6889977,11.0,22.0,-20.0
3.7008607,11.0,22.0,-20.0
3.7106042,11.0,22.0,-20.0
3.7214758,12.0,21.0,-20.0
3.7312944,12.0,21.0,-21.0
3.7422462,12.0,21.0,-21.0
3.751971,11.0,21.0,-21.0
3.7628164,11.0,21.0,-21.0
3.7728164,11.0,21.0,-21.0
3.7828164,11.0,21.0,-21.0
3.7928164,11.0,21.0,-21.0
3.8028166,11.0,21.0,-21.0
3.8101509,11.0,21.0,-21.0
3.8233595,11.0,22.0,-21.0
3.8323224,11.0,22.0,-20.0
3.843888,11.0,22.0,-20.0
3.8472896,11.0,22.0,-19.0
3.857829,11.0,23.0,-18.0
3.8696246,11.0,23.0,-19.0
3.8785655,11.0,22.0,-19.0
3.889084,11.0,22.0,-20.0
3.8987703,11.0,22.0,-20.0
3.9107282,12.0,21.0,-21.0
3.919289,11.0,21.0,-21.0
3.9322703,11.0,20.0,-21.0
3.9362504,11.0,20.0,-22.0
3.945556,11.0,20.0,-22.0
3.9582505,11.0,20.0,-22.0
3.968516,11.0,20.0,-22.0
3.9785159,11.0,20.0,-21.0
3.988516,11.0,20.0,-21.0
4.0009727,11.0,20.0,-21.0
4.011333,11.0,20.0,-21.0
4.0148044,11.0,21.0,-20.0
4.028299,12.0,22.0,-19.0
4.037586,11.0,22.0,-19.0
4.0475864,11.0,21.0,-20.0
4.0575867,11.0,21.0,-20.0
4.0675864,11.0,21.0,-20.0
4.077401,11.0,21.0,-20.0
4.090274,11.0,21.0,-20.0
4.100956,11.0,21.0,-20.0
4.1044025,11.0,22.0,-20.0
4.1167417,11.0,23.0,-19.0
4.1269875,11.0,23.0,-19.0
4.136987,11.0,21.0,-20.0
4.1469874,11.0,21.0,-20.0
4.156987,11.0,21.0,-20.0
4.1670055,11.0,21.0,-20.0
4.1800475,11.0,21.0,-20.0
4.185005,10.0,21.0,-20.0
4.1942863,10.0,21.0,-20.0
4.206438,10.0,22.0,-20.0
4.2157736,10.0,22.0,-20.0
4.2257733,10.0,21.0,-20.0
4.2357736,10.0,21.0,-20.0
4.2457733,10.0,21.0,-20.0
4.2554135,10.0,21.0,-20.0
4.2684584,10.0,21.0,-20.0
4.27344,10.0,21.0,-20.0
4.283653,10.0,22.0,-19.0
4.294964,11.0,22.0,-19.0
4.3052793,11.0,22.0,-19.0
4.3152795,11.0,22.0,-20.0
4.325279,11.0,22.0,-20.0
4.3352795,11.0,22.0,-20.0
4.3452797,11.0,22.0,-20.0
4.357035,11.0,22.0,-20.0
4.3676963,11.0,22.0,-20.0
4.3711433,12.0,22.0,-19.0
4.3843093,12.0,22.0,-19.0
4.3935637,12.0,22.0,-19.0
4.4035635,11.0,22.0,-19.0
4.415467,11.0,22.0,-19.0
4.433404,11.0,21.0,-19.0
4.446466,11.0,22.0,-19.0
4.4514184,11.0,22.0,-19.0
4.460818,11.0,22.0,-19.0
4.4726496,10.0,22.0,-19.0
4.482881,10.0,22.0,-19.0
4.4928813,11.0,22.0,-20.0
4.5044417,11.0,22.0,-20.0
4.5144415,11.0,21.0,-20.0
4.522991,11.0,21.0,-20.0
4.5358963,11.0,21.0,-20.0
4.5408545,11.0,22.0,-20.0
4.5501723,11.0,22.0,-20.0
4.562234,11.0,22.0,-20.0
4.571463,11.0,22.0,-20.0
4.581463,11.0,22.0,-20.0
4.593298,11.0,22.0,-20.0
4.6032977,11.0,22.0,-20.0
4.611393,11.0,22.0,-20.0
4.6253033,11.0,22.0,-21.0
4.6302347,11.0,22.0,-21.0
4.640471,10.0,22.0,-20.0
4.652046,10.0,22.0,-20.0
4.6614394,11.0,22.0,-20.0
4.671439,11.0,21.0,-21.0
4.6814394,11.0,21.0,-21.0
4.6914396,11.0,21.0,-21.0
4.700982,11.0,21.0,-21.0
4.7140856,11.0,22.0,-20.0
4.7191052,11.0,22.0,-20.0
4.7283835,10.0,23.0,-19.0
4.7402935,10.0,23.0,-19.0
4.7495975,11.0,23.0,-19.0
4.759598,12.0,22.0,-19.0
4.771448,12.0,22.0,-19.0
4.7893934,12.0,22.0,-20.0
4.8020105,12.0,22.0,-20.0
4.81271,12.0,22.0,-20.0
4.8161516,12.0,23.0,-20.0
4.8287272,11.0,23.0,-19.0
4.8389587,11.0,23.0,-19.0
4.848959,11.0,22.0,-20.0
4.8589587,11.0,22.0,-20.0
4.868959,11.0,22.0,-20.0
4.878991,11.0,22.0,-20.0
4.8920717,11.0,22.0,-20.0
4.897165,11.0,22.0,-20.0
4.90648,11.0,22.0,-20.0
4.918435,11.0,22.0,-19.0
4.9277096,11.0,22.0,-20.0
4.9377103,11.0,22.0,-20.0
4.947613,11.0,22.0,-20.0
4.9604154,11.0,22.0,-20.0
4.971176,11.0,22.0,-20.0
4.974624,11.0,23.0,-20.0
4.9869065,11.0,23.0,-19.0
4.996852,11.0,23.0,-19.0
5.0068517,11.0,22.0,-20.0
5.016852,11.0,22.0,-20.0
5.0268517,11.0,22.0,-20.0
5.037208,11.0,22.0,-20.0
5.0503445,11.0,22.0,-20.0
5.0553064,11.0,23.0,-20.0
5.0645947,10.0,23.0,-19.0
5.076661,10.0,23.0,-19.0
5.085989,10.0,23.0,-19.0
5.0959888,11.0,21.0,-20.0
5.1059885,11.0,21.0,-20.0
5.115989,11.0,21.0,-20.0
5.125625,11.0,21.0,-20.0
5.138249,11.0,21.0,-20.0
5.148888,11.0,22.0,-20.0
5.153722,11.0,22.0,-19.0
5.1651025,10.0,23.0,-19.0
5.1756783,10.0,23.0,-19.0
5.1856785,10.0,23.0,-20.0
5.195678,10.0,23.0,-20.0
5.2074275,10.0,23.0,-20.0
5.2177134,10.0,22.0,-20.0
5.2225437,11.0,22.0,-19.0
5.2351,10.0,22.0,-19.0
5.244356,10.0,22.0,-19.0
5.254356,10.0,22.0,-19.0
5.265871,10.0,22.0,-19.0
5.2769623,10.0,22.0,-19.0
5.27961,10.0,22.0,-19.0
5.2875266,11.0,23.0,-19.0
5.292371,11.0,23.0,-18.0
5.303947,11.0,24.0,-18.0
5.3142824,12.0,24.0,-18.0
5.3242826,11.0,24.0,-19.0
5.334283,11.0,24.0,-19.0
5.345919,11.0,24.0,-19.0
5.35626,11.0,23.0,-19.0
5.3610883,11.0,23.0,-19.0
5.373154,11.0,24.0,-19.0
5.3824162,11.0,24.0,-18.0
5.3924165,12.0,23.0,-19.0
5.4042883,12.0,23.0,-19.0
5.4142885,12.0,23.0,-20.0
5.4241166,12.0,23.0,-20.0
5.4352355,12.0,23.0,-20.0
5.440079,11.0,23.0,-19.0
5.4506288,11.0,24.0,-19.0
5.462226,11.0,23.0,-18.0
5.4716253,12.0,23.0,-19.0
5.482987,12.0,23.0,-19.0
5.4932313,11.0,22.0,-19.0
5.503231,11.0,22.0,-20.0
5.5131135,11.0,22.0,-20.0
5.524768,11.0,22.0,-20.0
5.5297556,11.0,23.0,-19.0
5.5390573,11.0,23.0,-18.0
5.551141,11.0,24.0,-18.0
5.5605354,11.0,23.0,-18.0
5.5705357,11.0,22.0,-19.0
5.582296,11.0,22.0,-19.0
5.5933566,10.0,22.0,-19.0
5.603844,10.0,23.0,-19.0
5.6087866,10.0,23.0,-18.0
5.6201553,10.0,24.0,-17.0
5.6303973,10.0,24.0,-17.0
5.6403975,11.0,23.0,-18.0
5.6503973,11.0,23.0,-18.0
5.6603975,11.0,23.0,-18.0
5.671338,11.0,23.0,-18.0
5.683504,11.0,23.0,-19.0
5.6884427,11.0,23.0,-18.0
5.697747,11.0,23.0,-18.0
5.7100964,11.0,23.0,-18.0
5.719363,11.0,23.0,-18.0
5.729948,12.0,23.0,-18.0
5.7392445,11.0,22.0,-19.0
5.749828,11.0,22.0,-19.0
5.7590823,11.0,22.0,-20.0
5.7690825,11.0,22.0,-20.0
5.7790823,11.0,22.0,-20.0
5.7890825,11.0,22.0,-20.0
5.7998996,11.0,22.0,-20.0
5.810032,11.0,22.0,-20.0
5.820557,11.0,23.0,-20.0
5.8305793,10.0,23.0,-19.0
5.841149,10.0,24.0,-18.0
5.844584,9.0,24.0,-18.0
5.8562016,9.0,24.0,-17.0
5.8664813,9.0,24.0,-18.0
5.8758187,10.0,23.0,-18.0
5.887433,10.0,23.0,-19.0
5.8974333,10.0,22.0,-19.0
5.9074335,10.0,22.0,-19.0
5.9174333,10.0,22.0,-19.0
5.928456,10.0,22.0,-19.0
5.9391646,11.0,22.0,-19.0
5.9492755,11.0,23.0,-19.0
5.959515,11.0,23.0,-18.0
5.964397,10.0,24.0,-18.0
5.973663,10.0,24.0,-18.0
5.985477,10.0,24.0,-18.0
5.9934025,10.0,24.0,-19.0
6.0048323,10.0,23.0,-19.0
6.0141106,11.0,23.0,-19.0
6.024786,11.0,23.0,-20.0
6.034067,11.0,23.0,-20.0
6.04663,11.0,23.0,-20.0
6.0559554,11.0,23.0,-20.0
6.065955,10.0,23.0,-19.0
6.076787,10.0,23.0,-19.0
6.0866814,10.0,23.0,-19.0
6.0972157,10.0,23.0,-19.0
6.1068897,10.0,23.0,-18.0
6.117486,9.0,24.0,-18.0
6.128589,9.0,25.0,-17.0
6.133496,10.0,25.0,-17.0
6.1437182,10.0,25.0,-17.0
6.1545157,10.0,25.0,-17.0
6.163426,10.0,24.0,-18.0
6.1740365,10.0,23.0,-18.0
6.184343,10.0,23.0,-19.0
6.1949506,10.0,22.0,-19.0
6.2039633,10.0,22.0,-20.0
6.2147784,11.0,22.0,-20.0
6.2250676,11.0,21.0,-21.0
6.235068,11.0,21.0,-21.0
6.2450676,11.0,21.0,-21.0
6.2551203,11.0,21.0,-21.0
6.265432,11.0,20.0,-22.0
6.2763133,11.0,20.0,-22.0
6.28115,10.0,20.0,-22.0
6.2905216,10.0,19.0,-22.0
6.3021197,10.0,18.0,-23.0
6.311472,10.0,16.0,-24.0
6.3228784,10.0,14.0,-25.0
6.332141,10.0,12.0,-26.0
6.342141,10.0,9.0,-27.0
6.353545,10.0,9.0,-27.0
6.363545,10.0,7.0,-27.0
6.373534,10.0,7.0,-27.0
6.3840714,10.0,5.0,-28.0
6.394759,9.0,4.0,-28.0
6.3995757,8.0,3.0,-27.0
6.410172,7.0,3.0,-27.0
6.4203796,6.0,1.0,-27.0
6.431053,6.0,1.0,-28.0
6.441266,6.0,-2.0,-28.0
6.451961,5.0,-3.0,-29.0
6.462216,5.0,-5.0,-30.0
6.472216,4.0,-10.0,-30.0
6.482216,4.0,-10.0,-30.0
6.4948835,4.0,-10.0,-30.0
6.500167,3.0,-12.0,-29.0
6.512043,2.0,-14.0,-28.0
6.5220428,1.0,-15.0,-26.0
6.531702,1.0,-15.0,-26.0
6.5493736,1.0,-18.0,-23.0
6.5593734,-1.0,-21.0,-19.0
6.5723863,-1.0,-21.0,-19.0
6.581203,-2.0,-22.0,-18.0
6.5905185,-3.0,-24.0,-16.0
6.600518,-3.0,-26.0,-14.0
6.6141596,-3.0,-26.0,-14.0
6.619433,-4.0,-27.0,-13.0
6.6294327,-4.0,-29.0,-9.0
6.64279,-4.0,-29.0,-9.0
6.6527896,-5.0,-31.0,-5.0
6.66279,-5.0,-31.0,-5.0
6.6701794,-5.0,-31.0,-5.0
6.680179,-3.0,-32.0,1.0
6.690179,-3.0,-32.0,1.0
6.7001796,-3.0,-32.0,1.0
6.713374,-3.0,-32.0,1.0
6.730624,-2.0,-33.0,5.0
6.739501,-2.0,-33.0,7.0
6.7495008,-2.0,-33.0,8.0
6.7591553,-2.0,-33.0,8.0
6.769155,-1.0,-32.0,13.0
6.779155,-1.0,-32.0,13.0
6.7891555,-1.0,-32.0,13.0
6.802453,-1.0,-32.0,13.0
6.819738,-1.0,-32.0,13.0
6.828579,-1.0,-32.0,14.0
6.8385787,1.0,-31.0,15.0
6.848076,1.0,-31.0,15.0
6.8580756,1.0,-30.0,16.0
6.8672657,1.0,-30.0,16.0
6.8772655,1.0,-30.0,16.0
6.8900337,1.0,-30.0,16.0
6.9000335,1.0,-30.0,16.0
6.910033,1.0,-30.0,16.0
6.918192,1.0,-30.0,16.0
6.928192,2.0,-30.0,17.0
6.9381924,2.0,-30.0,17.0
6.948192,2.0,-30.0,17.0
6.9581923,2.0,-30.0,17.0
6.968192,2.0,-30.0,17.0
6.9787984,2.0,-30.0,17.0
6.988799,3.0,-29.0,19.0
6.998799,3.0,-29.0,19.0
7.010236,3.0,-29.0,19.0
7.014352,4.0,-30.0,19.0
7.0243516,4.0,-30.0,18.0
7.036642,4.0,-30.0,18.0
7.0466423,2.0,-30.0,20.0
7.056642,2.0,-30.0,20.0
7.0666423,2.0,-30.0,20.0
7.0785995,2.0,-30.0,20.0
7.0885997,2.0,-30.0,20.0
7.0967336,2.0,-30.0,20.0
7.100178,3.0,-30.0,21.0
7.112114,3.0,-30.0,21.0
7.122484,3.0,-29.0,20.0
7.132683,3.0,-30.0,19.0
7.143269,3.0,-30.0,19.0
7.153506,3.0,-31.0,18.0
7.1641655,3.0,-31.0,17.0
7.174166,3.0,-32.0,17.0
7.184166,3.0,-32.0,17.0
7.1941657,3.0,-32.0,17.0
7.2049627,3.0,-32.0,17.0
7.2148476,3.0,-31.0,17.0
7.2262177,3.0,-31.0,18.0
7.2296853,3.0,-30.0,19.0
7.2401676,3.0,-30.0,19.0
7.2517877,3.0,-30.0,18.0
7.261076,3.0,-31.0,18.0
7.272402,3.0,-31.0,17.0
7.281665,3.0,-32.0,17.0
7.29308,3.0,-32.0,17.0
7.302365,3.0,-32.0,17.0
7.3123646,4.0,-32.0,16.0
7.3223643,4.0,-32.0,16.0
7.332364,4.0,-32.0,16.0
7.3401265,4.0,-32.0,16.0
7.353289,4.0,-32.0,16.0
7.3633595,4.0,-31.0,17.0
7.374721,4.0,-30.0,18.0
7.379542,4.0,-30.0,18.0
7.3897524,3.0,-30.0,19.0
7.401323,3.0,-30.0,19.0
7.410708,3.0,-30.0,19.0
7.4207077,4.0,-31.0,17.0
7.430708,4.0,-31.0,17.0
7.440708,4.0,-31.0,17.0
7.4494767,4.0,-31.0,17.0
7.4642315,5.0,-31.0,17.0
7.467752,5.0,-31.0,18.0
7.4769554,5.0,-30.0,18.0
7.4892297,5.0,-30.0,19.0
7.498566,5.0,-30.0,18.0
7.5107446,5.0,-30.0,18.0
7.519993,4.0,-31.0,18.0
7.5379143,4.0,-31.0,17.0
7.551637,4.0,-31.0,17.0
7.555104,4.0,-31.0,18.0
7.566953,4.0,-31.0,18.0
7.578261,4.0,-31.0,18.0
7.5885663,4.0,-31.0,18.0
7.5985665,4.0,-31.0,18.0
7.6085663,4.0,-31.0,18.0
7.618566,4.0,-31.0,18.0
7.6274757,4.0,-31.0,18.0
7.6410627,5.0,-31.0,18.0
7.6444993,4.0,-31.0,18.0
7.65522,4.0,-31.0,18.0
7.66732,4.0,-30.0,18.0
7.676611,4.0,-31.0,17.0
7.686611,4.0,-32.0,17.0
7.6980104,4.0,-32.0,17.0
7.715901,4.0,-32.0,16.0
7.7297525,4.0,-32.0,16.0
7.7331953,4.0,-32.0,17.0
7.74497,4.0,-31.0,17.0
7.756659,4.0,-31.0,17.0
7.7669244,4.0,-31.0,17.0
7.776924,4.0,-31.0,17.0
7.787653,4.0,-31.0,17.0
7.797653,4.0,-31.0,17.0
7.8072767,4.0,-31.0,17.0
7.818901,4.0,-31.0,17.0
7.8238187,5.0,-30.0,18.0
7.8332176,4.0,-30.0,18.0
7.8453116,4.0,-30.0,18.0
7.854563,4.0,-30.0,18.0
7.864563,5.0,-32.0,18.0
7.8745637,5.0,-32.0,18.0
7.8845634,5.0,-32.0,18.0
7.894563,5.0,-32.0,18.0
7.9045634,5.0,-32.0,18.0
7.9160767,5.0,-32.0,18.0
7.9275255,5.0,-32.0,18.0
7.9323487,5.0,-31.0,18.0
7.9425855,5.0,-31.0,18.0
7.95437,5.0,-31.0,18.0
7.964595,5.0,-31.0,18.0
7.9745946,4.0,-31.0,17.0
7.9845943,4.0,-31.0,17.0
7.9951777,4.0,-31.0,17.0
8.005559,4.0,-31.0,18.0
8.016975,4.0,-31.0,18.0
8.021816,4.0,-30.0,18.0
8.03122,4.0,-30.0,19.0
8.043609,4.0,-30.0,19.0
8.05293,4.0,-30.0,18.0
8.062929,5.0,-31.0,17.0
8.072929,5.0,-31.0,17.0
8.08293,5.0,-31.0,17.0
8.095173,5.0,-31.0,17.0
8.106479,5.0,-31.0,18.0
8.111288,5.0,-31.0,18.0
8.1206875,4.0,-31.0,18.0
8.132513,4.0,-30.0,19.0
8.142732,4.0,-30.0,18.0
8.152732,5.0,-31.0,18.0
8.162731,5.0,-31.0,18.0
8.174089,5.0,-31.0,18.0
8.184427,5.0,-31.0,18.0
8.187879,5.0,-31.0,18.0
8.201332,5.0,-31.0,19.0
8.210677,5.0,-31.0,18.0
8.220676,5.0,-31.0,17.0
8.230677,5.0,-31.0,17.0
8.240676,5.0,-31.0,17.0
8.252292,5.0,-31.0,17.0
8.263685,5.0,-32.0,17.0
8.268887,5.0,-31.0,18.0
8.279163,5.0,-31.0,18.0
8.290747,5.0,-30.0,18.0
8.300972,4.0,-30.0,18.0
8.310972,4.0,-30.0,18.0
8.3215275,4.0,-30.0,18.0
8.333327,4.0,-31.0,18.0
8.338257,4.0,-30.0,18.0
8.347515,4.0,-30.0,19.0
8.359535,4.0,-30.0,19.0
8.368858,4.0,-30.0,18.0
8.378859,5.0,-31.0,17.0
8.390756,5.0,-31.0,17.0
8.400756,5.0,-31.0,17.0
8.411625,5.0,-31.0,17.0
8.422822,5.0,-31.0,17.0
8.427664,5.0,-31.0,18.0
8.437867,5.0,-31.0,19.0
8.44945,5.0,-30.0,19.0
8.459769,5.0,-30.0,19.0
8.4697695,5.0,-31.0,18.0
8.479744,5.0,-31.0,18.0
8.491743,5.0,-31.0,18.0
8.496741,5.0,-30.0,18.0
8.50606,5.0,-30.0,18.0
8.518092,5.0,-30.0,19.0
8.5273485,5.0,-30.0,18.0
8.537349,4.0,-31.0,17.0
8.547349,4.0,-31.0,17.0
8.557349,4.0,-31.0,17.0
8.568731,4.0,-31.0,17.0
8.580474,5.0,-32.0,17.0
8.585491,5.0,-31.0,18.0
8.594402,5.0,-31.0,19.0
8.606235,6.0,-30.0,19.0
8.616519,6.0,-30.0,19.0
8.626518,6.0,-31.0,18.0
8.6365185,6.0,-31.0,18.0
8.646519,6.0,-31.0,18.0
8.657003,6.0,-31.0,18.0
8.669204,6.0,-31.0,18.0
8.674135,5.0,-31.0,18.0
8.683526,5.0,-30.0,18.0
8.695297,5.0,-30.0,18.0
8.702628,5.0,-30.0,18.0
8.715332,5.0,-30.0,18.0
8.724285,5.0,-31.0,17.0
8.734284,5.0,-32.0,17.0
8.746389,5.0,-32.0,17.0
8.75639,5.0,-31.0,16.0
8.766263,5.0,-31.0,16.0
8.776815,5.0,-31.0,16.0
8.786848,5.0,-31.0,17.0
8.797152,4.0,-30.0,18.0
8.80715,4.0,-30.0,19.0
8.817447,4.0,-29.0,19.0
8.822084,3.0,-28.0,19.0
8.832171,3.0,-28.0,19.0
8.843436,3.0,-28.0,18.0
8.853174,3.0,-29.0,18.0
8.864009,4.0,-30.0,17.0
8.873813,4.0,-30.0,17.0
8.883813,5.0,-31.0,16.0
8.893371,5.0,-31.0,16.0
8.90347,5.0,-32.0,17.0
8.91375,6.0,-32.0,17.0
8.92375,6.0,-32.0,17.0
8.933751,6.0,-32.0,17.0
8.945409,6.0,-32.0,17.0
8.955693,6.0,-32.0,17.0
8.960524,5.0,-32.0,18.0
8.972663,5.0,-31.0,19.0
8.981985,5.0,-31.0,19.0
8.991985,5.0,-31.0,18.0
9.003352,5.0,-31.0,18.0
9.013352,6.0,-31.0,17.0
9.023612,6.0,-31.0,17.0
9.03467,6.0,-31.0,17.0
9.037337,6.0,-31.0,17.0
9.046361,6.0,-31.0,17.0
9.049818,6.0,-30.0,18.0
9.061349,6.0,-29.0,18.0
9.070761,6.0,-29.0,19.0
9.082337,5.0,-30.0,18.0
9.092584,5.0,-30.0,18.0
9.102584,5.0,-31.0,17.0
9.112627,5.0,-31.0,17.0
9.12428,5.0,-31.0,17.0
9.129234,5.0,-30.0,17.0
9.138631,5.0,-30.0,18.0
9.1506605,5.0,-29.0,18.0
9.159948,5.0,-30.0,18.0
9.169949,5.0,-31.0,17.0
9.1819315,5.0,-31.0,17.0
9.191932,5.0,-31.0,16.0
9.201276,5.0,-31.0,16.0
9.212305,5.0,-32.0,16.0
9.222829,5.0,-31.0,17.0
9.226301,5.0,-30.0,17.0
9.239148,5.0,-29.0,18.0
9.249379,5.0,-29.0,18.0
9.259379,5.0,-30.0,18.0
9.270952,5.0,-30.0,18.0
9.280952,6.0,-30.0,17.0
9.2896595,6.0,-30.0,17.0
9.300779,6.0,-31.0,17.0
9.311076,6.0,-31.0,17.0
9.322613,5.0,-31.0,17.0
9.32744,5.0,-31.0,18.0
9.336743,5.0,-30.0,18.0
9.3487625,5.0,-30.0,18.0
9.358009,5.0,-30.0,18.0
9.368009,5.0,-31.0,17.0
9.379566,5.0,-31.0,17.0
9.3906555,5.0,-31.0,17.0
9.40128,6.0,-31.0,18.0
9.404715,6.0,-30.0,18.0
9.417071,6.0,-30.0,19.0
9.4273,5.0,-30.0,19.0
9.4373,6.0,-31.0,18.0
9.4473,6.0,-31.0,18.0
9.4573,6.0,-31.0,18.0
9.468189,6.0,-31.0,18.0
9.480015,6.0,-31.0,17.0
9.484975,6.0,-31.0,17.0
9.494232,5.0,-30.0,17.0
9.506765,5.0,-30.0,18.0
9.516099,5.0,-30.0,17.0
9.526098,6.0,-31.0,17.0
9.537955,6.0,-31.0,17.0
9.5479555,6.0,-31.0,17.0
9.557294,6.0,-31.0,17.0
9.568244,6.0,-31.0,17.0
9.578773,5.0,-31.0,17.0
9.583581,5.0,-31.0,18.0
9.595183,5.0,-30.0,18.0
9.605417,5.0,-30.0,18.0
9.615417,6.0,-31.0,17.0
9.625417,6.0,-31.0,17.0
9.635417,6.0,-31.0,17.0
9.6465225,6.0,-31.0,17.0
9.658372,6.0,-31.0,17.0
9.663294,6.0,-31.0,18.0
9.672595,5.0,-30.0,18.0
9.682596,5.0,-30.0,18.0
9.695069,5.0,-30.0,18.0
9.70507,5.0,-31.0,17.0
9.715845,5.0,-31.0,17.0
9.727261,5.0,-31.0,17.0
9.732074,5.0,-31.0,17.0
9.741452,5.0,-30.0,18.0
9.75329,6.0,-30.0,18.0
9.763505,6.0,-30.0,17.0
9.773505,7.0,-31.0,17.0
9.783506,7.0,-31.0,17.0
9.793506,7.0,-31.0,17.0
9.804138,7.0,-31.0,17.0
9.816331,7.0,-31.0,17.0
9.821317,7.0,-30.0,17.0
9.83063,7.0,-30.0,18.0
9.842896,7.0,-30.0,18.0
9.852172,7.0,-30.0,18.0
9.862173,6.0,-31.0,17.0
9.874103,6.0,-31.0,17.0
9.884103,6.0,-31.0,17.0
9.893831,6.0,-31.0,17.0
9.905332,6.0,-32.0,17.0
9.910201,6.0,-31.0,17.0
9.92042,6.0,-31.0,18.0
9.931999,6.0,-30.0,18.0
9.941396,6.0,-30.0,18.0
9.951396,6.0,-31.0,17.0
9.961395,6.0,-31.0,17.0
9.9713955,6.0,-31.0,17.0
9.981864,6.0,-31.0,17.0
9.994034,6.0,-31.0,17.0
9.99923,6.0,-31.0,17.0
10.008552,6.0,-30.0,18.0
10.020833,6.0,-30.0,18.0
10.03012,6.0,-30.0,18.0
10.04012,6.0,-31.0,17.0
10.05211,6.0,-31.0,17.0
10.062109,6.0,-31.0,17.0
10.071845,6.0,-31.0,17.0
10.083322,6.0,-31.0,17.0
10.088198,6.0,-30.0,17.0
10.098501,6.0,-30.0,17.0
10.110125,6.0,-30.0,17.0
10.120372,6.0,-30.0,17.0
10.130373,6.0,-31.0,16.0
10.140372,6.0,-31.0,16.0
10.151852,6.0,-31.0,16.0
10.162265,6.0,-31.0,16.0
10.167113,6.0,-31.0,17.0
10.17951,6.0,-30.0,18.0
10.188845,6.0,-30.0,18.0
10.198844,7.0,-30.0,17.0
10.208845,7.0,-30.0,17.0
10.218845,7.0,-30.0,17.0
10.229738,7.0,-30.0,17.0
10.24097,6.0,-30.0,16.0
10.251558,6.0,-30.0,17.0
10.25503,6.0,-30.0,17.0
10.268028,5.0,-29.0,18.0
10.278269,5.0,-30.0,18.0
10.288268,5.0,-31.0,17.0
10.298268,5.0,-31.0,17.0
10.3082695,5.0,-31.0,17.0
10.318068,5.0,-31.0,17.0
10.330004,6.0,-31.0,17.0
10.335139,6.0,-31.0,17.0
10.344418,6.0,-31.0,17.0
10.357443,6.0,-30.0,17.0
10.365407,6.0,-30.0,17.0
10.377257,6.0,-31.0,17.0
10.386624,6.0,-31.0,17.0
10.396624,6.0,-32.0,16.0
10.406624,6.0,-32.0,16.0
10.416624,6.0,-32.0,16.0
10.427573,6.0,-32.0,16.0
10.439166,6.0,-32.0,17.0
10.44418,6.0,-31.0,17.0
10.454544,5.0,-30.0,17.0
10.466148,5.0,-30.0,18.0
10.476448,6.0,-30.0,17.0
10.486448,6.0,-31.0,17.0
10.496448,6.0,-31.0,17.0
10.507831,6.0,-31.0,17.0
10.51814,6.0,-31.0,17.0
10.5229845,6.0,-30.0,17.0
10.535445,6.0,-30.0,18.0
10.544712,6.0,-30.0,18.0
10.554712,6.0,-31.0,18.0
10.564713,6.0,-31.0,18.0
10.573261,6.0,-31.0,18.0
10.584993,6.0,-31.0,17.0
10.59522,6.0,-32.0,16.0
10.60522,6.0,-32.0,16.0
10.615219,6.0,-32.0,16.0
10.626996,6.0,-32.0,16.0
10.6321945,6.0,-31.0,17.0
10.64153,6.0,-31.0,17.0
10.653707,6.0,-30.0,18.0
10.66309,6.0,-30.0,18.0
10.67309,6.0,-31.0,17.0
10.685029,6.0,-31.0,17.0
10.69503,6.0,-31.0,17.0
10.703998,6.0,-31.0,17.0
10.715514,6.0,-30.0,17.0
10.726034,6.0,-30.0,17.0
10.72947,6.0,-29.0,17.0
10.742166,6.0,-29.0,18.0
10.751525,6.0,-29.0,18.0
10.762977,6.0,-29.0,17.0
10.773213,6.0,-30.0,17.0
10.783214,6.0,-31.0,16.0
10.793214,6.0,-31.0,16.0
10.804852,6.0,-31.0,16.0
10.8100605,6.0,-31.0,16.0
10.819334,6.0,-31.0,16.0
10.831771,6.0,-31.0,17.0
10.8411875,6.0,-31.0,17.0
10.851188,6.0,-31.0,17.0
10.861187,6.0,-31.0,17.0
10.871187,6.0,-31.0,17.0
10.882104,6.0,-31.0,17.0
10.893809,6.0,-31.0,17.0
10.898834,6.0,-31.0,18.0
10.909057,6.0,-30.0,18.0
10.920441,6.0,-30.0,18.0
10.930669,7.0,-30.0,18.0
10.940669,7.0,-31.0,17.0
10.950668,7.0,-31.0,17.0
10.960669,7.0,-31.0,17.0
10.970669,7.0,-31.0,17.0
10.982855,7.0,-31.0,17.0
10.986871,7.0,-31.0,17.0
10.997748,7.0,-30.0,17.0
11.009805,6.0,-30.0,18.0
11.019078,6.0,-30.0,18.0
11.029079,6.0,-31.0,17.0
11.040331,6.0,-31.0,17.0
11.050331,6.0,-31.0,17.0
11.060716,6.0,-31.0,17.0
11.071111,5.0,-31.0,17.0
11.08173,5.0,-31.0,17.0
11.085201,6.0,-30.0,18.0
11.096964,6.0,-30.0,18.0
11.105914,6.0,-30.0,18.0
11.118613,6.0,-31.0,17.0
11.127904,6.0,-31.0,17.0
11.137833,6.0,-31.0,17.0
11.147833,7.0,-29.0,16.0
11.157834,7.0,-29.0,16.0
11.167833,7.0,-29.0,16.0
11.1787615,7.0,-29.0,16.0
11.188324,7.0,-28.0,15.0
11.197654,7.0,-28.0,15.0
11.206204,7.0,-28.0,15.0
11.216711,7.0,-29.0,14.0
11.226088,6.0,-29.0,14.0
11.238349,6.0,-29.0,14.0
11.247639,6.0,-29.0,14.0
11.258745,6.0,-29.0,15.0
11.268646,6.0,-29.0,15.0
11.277952,7.0,-28.0,15.0
11.286061,7.0,-27.0,15.0
11.296603,7.0,-27.0,15.0
11.306102,7.0,-28.0,15.0
11.315823,6.0,-28.0,15.0
11.324616,6.0,-29.0,15.0
11.335735,6.0,-29.0,15.0
11.344351,6.0,-29.0,15.0
11.355127,6.0,-29.0,15.0
11.363981,6.0,-29.0,15.0
11.375118,6.0,-29.0,15.0
11.383913,6.0,-29.0,15.0
11.395212,6.0,-29.0,15.0
11.40405,6.0,-29.0,15.0
11.41662,6.0,-29.0,15.0
11.42615,6.0,-29.0,15.0
11.436511,6.0,-28.0,16.0
11.44608,5.0,-28.0,16.0
11.455175,5.0,-29.0,16.0
11.463624,5.0,-29.0,16.0
11.474879,5.0,-29.0,16.0
11.4838705,5.0,-29.0,16.0
11.494106,5.0,-29.0,16.0
11.504498,6.0,-28.0,16.0
11.513016,6.0,-28.0,16.0
11.522646,6.0,-28.0,16.0
11.532834,6.0,-28.0,16.0
11.543377,6.0,-29.0,16.0
11.555009,5.0,-29.0,17.0
11.564634,5.0,-28.0,17.0
11.575786,5.0,-28.0,16.0
11.584365,5.0,-28.0,16.0
11.595138,5.0,-28.0,16.0
11.605167,5.0,-28.0,15.0
11.615131,5.0,-28.0,15.0
11.625126,5.0,-28.0,15.0
11.635197,5.0,-28.0,16.0
11.6383705,5.0,-28.0,16.0
11.643806,5.0,-28.0,16.0
11.653719,5.0,-28.0,16.0
11.663914,5.0,-28.0,16.0
11.674431,5.0,-28.0,16.0
11.685148,5.0,-28.0,16.0
11.688919,5.0,-28.0,17.0
11.701977,5.0,-28.0,17.0
11.711721,6.0,-28.0,17.0
11.721722,7.0,-30.0,16.0
11.732713,7.0,-30.0,16.0
11.742712,8.0,-30.0,15.0
11.752712,8.0,-30.0,15.0
11.7627125,8.0,-30.0,15.0
11.771738,8.0,-30.0,15.0
11.781737,8.0,-30.0,14.0
11.790773,8.0,-30.0,14.0
11.800773,7.0,-29.0,14.0
11.809745,7.0,-29.0,14.0
11.820027,7.0,-30.0,15.0
11.82867,8.0,-29.0,15.0
11.838111,8.0,-29.0,15.0
11.848314,8.0,-29.0,15.0
11.859014,8.0,-29.0,15.0
11.86794,7.0,-29.0,15.0
11.879406,7.0,-29.0,15.0
11.888974,6.0,-29.0,15.0
11.899163,6.0,-29.0,14.0
11.906821,6.0,-29.0,14.0
11.918199,6.0,-29.0,14.0
11.928846,7.0,-30.0,15.0
11.939001,7.0,-30.0,15.0
11.947599,7.0,-29.0,15.0
11.958697,6.0,-29.0,14.0
11.9675,6.0,-29.0,14.0
11.976965,6.0,-30.0,14.0
11.98609,6.0,-30.0,14.0
11.996089,6.0,-29.0,14.0
12.008268,6.0,-29.0,14.0
12.017203,7.0,-29.0,15.0
12.026171,7.0,-29.0,14.0
12.034648,7.0,-29.0,14.0
12.049452,8.0,-29.0,15.0
12.059451,7.0,-29.0,15.0
12.070793,7.0,-29.0,15.0
12.074697,7.0,-29.0,16.0
12.0839615,7.0,-30.0,16.0
12.094419,7.0,-30.0,16.0
12.103742,6.0,-31.0,16.0
12.114203,7.0,-32.0,15.0
12.123533,7.0,-32.0,15.0
12.134717,7.0,-32.0,15.0
12.14575,7.0,-33.0,15.0
12.156098,7.0,-32.0,15.0
12.167111,6.0,-32.0,15.0
12.177376,6.0,-32.0,15.0
12.188058,6.0,-31.0,15.0
12.198058,6.0,-31.0,15.0
12.208058,6.0,-31.0,15.0
12.215636,6.0,-31.0,15.0
12.227635,6.0,-32.0,16.0
12.237146,6.0,-31.0,16.0
12.248593,5.0,-31.0,17.0
12.253443,5.0,-30.0,18.0
12.263705,5.0,-29.0,18.0
12.275473,5.0,-29.0,18.0
12.28482,5.0,-30.0,18.0
12.296501,5.0,-30.0,17.0
12.305884,5.0,-30.0,17.0
12.315885,6.0,-30.0,16.0
12.325911,6.0,-30.0,16.0
12.336978,6.0,-30.0,16.0
12.347014,6.0,-30.0,17.0
12.356438,6.0,-30.0,18.0
12.366416,6.0,-30.0,18.0
12.3773,6.0,-30.0,18.0
12.380735,6.0,-30.0,18.0
12.392735,5.0,-30.0,18.0
12.403767,5.0,-30.0,18.0
12.414168,5.0,-31.0,18.0
12.424945,6.0,-31.0,17.0
12.434944,7.0,-31.0,17.0
12.444944,7.0,-31.0,17.0
12.454944,7.0,-31.0,17.0
12.464944,7.0,-31.0,17.0
12.474944,7.0,-31.0,17.0
12.484944,7.0,-31.0,17.0
12.492629,7.0,-31.0,17.0
12.5047655,7.0,-31.0,17.0
12.514311,7.0,-30.0,17.0
12.525816,7.0,-30.0,17.0
12.530641,6.0,-29.0,18.0
12.539897,6.0,-29.0,18.0
12.551458,6.0,-29.0,18.0
12.56079,6.0,-29.0,18.0
12.572551,6.0,-30.0,17.0
12.581827,6.0,-31.0,17.0
12.5932045,7.0,-31.0,16.0
12.602474,7.0,-31.0,16.0
12.6124735,6.0,-31.0,16.0
12.622475,6.0,-31.0,16.0
12.633877,6.0,-31.0,16.0
12.644328,6.0,-31.0,17.0
12.649174,6.0,-31.0,17.0
12.660528,6.0,-30.0,18.0
12.670755,7.0,-30.0,18.0
12.681474,7.0,-30.0,18.0
12.690876,7.0,-30.0,17.0
12.701528,7.0,-30.0,17.0
12.710918,6.0,-31.0,16.0
12.721562,6.0,-31.0,16.0
12.731562,6.0,-31.0,17.0
12.741563,6.0,-31.0,17.0
12.749315,6.0,-31.0,17.0
12.761233,6.0,-31.0,17.0
12.77082,6.0,-30.0,17.0
12.782821,6.0,-30.0,18.0
12.786256,5.0,-29.0,19.0
12.797523,5.0,-29.0,19.0
12.809546,5.0,-29.0,19.0
12.818941,6.0,-30.0,19.0
12.828941,6.0,-32.0,17.0
12.838941,6.0,-32.0,17.0
12.848941,6.0,-32.0,17.0
12.859517,6.0,-32.0,17.0
12.871305,7.0,-32.0,17.0
12.8815155,7.0,-31.0,17.0
12.886401,7.0,-30.0,18.0
12.898044,7.0,-29.0,19.0
12.908321,7.0,-29.0,19.0
12.918322,6.0,-30.0,17.0
12.928322,6.0,-30.0,17.0
12.938321,6.0,-30.0,17.0
12.948353,6.0,-30.0,17.0
12.960689,6.0,-30.0,17.0
12.964155,6.0,-30.0,18.0
12.975534,6.0,-30.0,18.0
12.987543,7.0,-30.0,18.0
12.997347,7.0,-30.0,18.0
13.007348,7.0,-30.0,17.0
13.017348,7.0,-30.0,17.0
13.027348,7.0,-30.0,17.0
13.037986,7.0,-30.0,17.0
13.049746,7.0,-30.0,17.0
13.053194,6.0,-30.0,17.0
13.065098,6.0,-30.0,18.0
13.075114,6.0,-31.0,18.0
13.085264,6.0,-31.0,17.0
13.097022,6.0,-32.0,17.0
13.107294,6.0,-32.0,16.0
13.117294,6.0,-32.0,16.0
13.126899,6.0,-32.0,16.0
13.139163,6.0,-32.0,17.0
13.144107,6.0,-31.0,17.0
13.153508,6.0,-30.0,18.0
13.166638,7.0,-30.0,18.0
13.175976,7.0,-30.0,18.0
13.185976,7.0,-30.0,17.0
13.196135,7.0,-30.0,17.0
13.207772,6.0,-30.0,17.0
13.211245,6.0,-30.0,18.0
13.227526,6.0,-30.0,18.0
13.236851,6.0,-29.0,18.0
13.244005,7.0,-29.0,18.0
13.251491,7.0,-30.0,18.0
13.266142,6.0,-30.0,17.0
13.271775,6.0,-31.0,16.0
13.281775,7.0,-32.0,15.0
13.293388,7.0,-32.0,15.0
13.304151,7.0,-32.0,14.0
13.313948,7.0,-32.0,14.0
13.323915,7.0,-32.0,15.0
13.333419,7.0,-32.0,15.0
13.341785,6.0,-31.0,14.0
13.353108,6.0,-31.0,14.0
13.363199,6.0,-32.0,14.0
13.368609,6.0,-32.0,14.0
13.375642,6.0,-32.0,14.0
13.383571,6.0,-32.0,14.0
13.393046,6.0,-32.0,14.0
