0.010564271,-12.0,-4.0,-33.0,-3.0,15.0,2.0
0.014070989,-12.0,-5.0,-34.0,-3.0,15.0,2.0
0.024070987,-11.0,-2.0,-31.0,-2.0,18.0,5.0
0.034070987,-11.0,-2.0,-31.0,-2.0,18.0,5.0
0.04407099,-11.0,-2.0,-31.0,-2.0,18.0,5.0
0.054070987,-11.0,-2.0,-31.0,-2.0,18.0,5.0
0.06448333,-11.0,-2.0,-31.0,-2.0,18.0,5.0
0.07799011,-15.0,-3.0,-34.0,-6.0,18.0,4.0
0.08424203,-14.0,-2.0,-35.0,-5.0,18.0,3.0
0.09783276,-14.0,-2.0,-34.0,-5.0,18.0,3.0
0.10375844,-11.0,-2.0,-33.0,-2.0,19.0,5.0
0.11892869,-13.0,-1.0,-36.0,-3.0,18.0,2.0
0.1271136,-14.0,2.0,-30.0,-5.0,20.0,8.0
0.1371136,-12.0,1.0,-36.0,-3.0,19.0,2.0
0.1471136,-12.0,1.0,-36.0,-3.0,19.0,2.0
0.15353942,-12.0,1.0,-36.0,-3.0,19.0,2.0
0.16847938,-13.0,1.0,-36.0,-4.0,17.0,2.0
0.17383942,-14.0,4.0,-34.0,-5.0,20.0,4.0
0.18474233,-14.0,2.0,-37.0,-5.0,17.0,1.0
0.19474234,-15.0,4.0,-38.0,-6.0,19.0,1.0
0.20474234,-15.0,4.0,-38.0,-6.0,19.0,1.0
0.21295203,-15.0,4.0,-38.0,-6.0,19.0,1.0
0.22417958,-12.0,8.0,-39.0,-3.0,22.0,1.0
0.23462589,-14.0,8.0,-39.0,-4.0,22.0,1.0
0.24462588,-12.0,13.0,-37.0,-2.0,25.0,4.0
0.2546259,-12.0,13.0,-37.0,-2.0,25.0,4.0
0.265705,-12.0,13.0,-37.0,-2.0,25.0,4.0
0.27337876,-10.0,13.0,-40.0,-1.0,22.0,2.0
0.28337875,-11.0,15.0,-39.0,-2.0,23.0,4.0
0.29337874,-11.0,15.0,-39.0,-2.0,23.0,4.0
0.30106738,-11.0,15.0,-39.0,-2.0,23.0,4.0
0.3110674,-9.0,18.0,-39.0,-2.0,21.0,4.0
0.3216596,-9.0,18.0,-39.0,-2.0,21.0,4.0
0.33295736,-5.0,20.0,-40.0,1.0,22.0,3.0
0.34295735,-4.0,25.0,-34.0,1.0,26.0,9.0
0.35295734,-4.0,25.0,-34.0,1.0,26.0,9.0
0.36545378,-4.0,25.0,-34.0,1.0,26.0,9.0
0.38113028,-3.0,29.0,-34.0,1.0,26.0,9.0
0.3943835,-1.0,28.0,-37.0,1.0,23.0,5.0
0.40329042,1.0,32.0,-33.0,1.0,25.0,8.0
0.41113168,-1.0,32.0,-33.0,-1.0,23.0,7.0
0.42080078,2.0,33.0,-33.0,-1.0,22.0,6.0
0.43731308,3.0,35.0,-31.0,-1.0,22.0,7.0
0.44134787,5.0,40.0,-28.0,-1.0,25.0,10.0
0.45134786,11.0,43.0,-22.0,5.0,26.0,15.0
0.46134788,11.0,43.0,-22.0,5.0,26.0,15.0
0.47134787,11.0,43.0,-22.0,5.0,26.0,15.0
0.48134786,11.0,43.0,-22.0,5.0,26.0,15.0
0.49134788,11.0,43.0,-22.0,5.0,26.0,15.0
0.5063192,11.0,43.0,-22.0,5.0,26.0,15.0
0.51039827,13.0,49.0,-18.0,5.0,25.0,11.0
0.52039826,13.0,45.0,-19.0,-1.0,19.0,8.0
0.532121,13.0,45.0,-19.0,-1.0,19.0,8.0
0.54212093,15.0,51.0,-12.0,-1.0,22.0,12.0
0.552121,15.0,51.0,-12.0,-1.0,22.0,12.0
0.5603671,15.0,51.0,-12.0,-1.0,22.0,12.0
0.5703671,16.0,52.0,-7.0,-1.0,22.0,15.0
0.5803671,16.0,52.0,-7.0,-1.0,22.0,15.0
0.5903671,16.0,52.0,-7.0,-1.0,22.0,15.0
0.6003671,16.0,52.0,-7.0,-1.0,22.0,15.0
0.6103671,16.0,52.0,-7.0,-1.0,22.0,15.0
0.6239929,16.0,52.0,-7.0,-1.0,22.0,15.0
0.64088935,19.0,54.0,-7.0,-2.0,20.0,6.0
0.65088934,20.0,48.0,-8.0,-1.0,13.0,4.0
0.6608893,20.0,48.0,-8.0,-1.0,13.0,4.0
0.6708893,20.0,48.0,-8.0,-1.0,13.0,4.0
0.6842151,20.0,48.0,-8.0,-1.0,13.0,4.0
0.68960756,20.0,53.0,-4.0,-3.0,17.0,6.0
0.69960755,18.0,49.0,-7.0,-5.0,13.0,3.0
0.7137343,18.0,49.0,-7.0,-5.0,13.0,3.0
0.7237343,21.0,53.0,-4.0,-3.0,18.0,6.0
0.73243463,21.0,53.0,-4.0,-3.0,18.0,6.0
0.7424346,20.0,49.0,-5.0,-3.0,15.0,5.0
0.7524346,20.0,49.0,-5.0,-3.0,15.0,5.0
0.75953746,20.0,49.0,-5.0,-3.0,15.0,5.0
0.76953745,17.0,50.0,-5.0,-7.0,15.0,4.0
0.7795375,17.0,50.0,-5.0,-7.0,15.0,4.0
0.7895375,17.0,50.0,-5.0,-7.0,15.0,4.0
0.8028893,17.0,50.0,-5.0,-7.0,15.0,4.0
0.80831724,20.0,52.0,-1.0,-4.0,17.0,6.0
0.81831723,20.0,51.0,-6.0,-3.0,16.0,1.0
0.8323609,20.0,51.0,-6.0,-3.0,16.0,1.0
0.8423609,22.0,54.0,-2.0,-1.0,19.0,5.0
0.8510542,22.0,54.0,-2.0,-1.0,19.0,5.0
0.8610542,16.0,51.0,-4.0,-8.0,16.0,4.0
0.87105423,16.0,51.0,-4.0,-8.0,16.0,4.0
0.8782269,16.0,51.0,-4.0,-8.0,16.0,4.0
0.88822687,16.0,53.0,-3.0,-8.0,17.0,4.0
0.89822686,16.0,53.0,-3.0,-8.0,17.0,4.0
0.9082269,16.0,53.0,-3.0,-8.0,17.0,4.0
0.92160964,16.0,53.0,-3.0,-8.0,17.0,4.0
0.927022,17.0,56.0,-3.0,-5.0,19.0,5.0
0.937022,18.0,53.0,-3.0,-3.0,15.0,2.0
0.95125014,18.0,53.0,-3.0,-3.0,15.0,2.0
0.9612501,14.0,57.0,-3.0,-7.0,19.0,5.0
0.96986336,14.0,57.0,-3.0,-7.0,19.0,5.0
0.97986335,14.0,53.0,-2.0,-6.0,15.0,4.0
0.98986334,14.0,53.0,-2.0,-6.0,15.0,4.0
0.996894,14.0,53.0,-2.0,-6.0,15.0,4.0
1.006894,16.0,54.0,-2.0,-3.0,15.0,3.0
1.016894,16.0,54.0,-2.0,-3.0,15.0,3.0
1.026894,16.0,54.0,-2.0,-3.0,15.0,3.0
1.0402138,16.0,54.0,-2.0,-3.0,15.0,3.0
1.0460452,11.0,57.0,-2.0,-7.0,17.0,5.0
1.0560452,14.0,54.0,-4.0,-4.0,14.0,1.0
1.0660452,14.0,54.0,-4.0,-4.0,14.0,1.0
1.0806136,14.0,54.0,-4.0,-4.0,14.0,1.0
1.0960765,13.0,57.0,-4.0,-4.0,18.0,5.0
1.1060766,14.0,56.0,-1.0,-3.0,17.0,5.0
1.1160766,14.0,56.0,-1.0,-3.0,17.0,5.0
1.1246091,14.0,56.0,-1.0,-3.0,17.0,5.0
1.1346091,13.0,53.0,-6.0,-4.0,14.0,5.0
1.1446091,13.0,53.0,-6.0,-4.0,14.0,5.0
1.1546092,13.0,53.0,-6.0,-4.0,14.0,5.0
1.1646092,13.0,53.0,-6.0,-4.0,14.0,5.0
1.1702746,13.0,53.0,-6.0,-4.0,14.0,5.0
1.1872727,13.0,59.0,-1.0,-3.0,20.0,5.0
1.1972727,12.0,53.0,-4.0,-4.0,14.0,3.0
1.2118324,12.0,53.0,-4.0,-4.0,14.0,3.0
1.2291474,11.0,54.0,-6.0,-6.0,13.0,3.0
1.234181,14.0,57.0,-1.0,-3.0,17.0,6.0
1.244181,13.0,52.0,-6.0,-3.0,12.0,1.0
1.2579117,13.0,52.0,-6.0,-3.0,12.0,1.0
1.2733823,13.0,56.0,-4.0,-3.0,17.0,4.0
1.2833823,13.0,53.0,-7.0,-4.0,15.0,2.0
1.2933823,13.0,53.0,-7.0,-4.0,15.0,2.0
1.3033823,13.0,53.0,-7.0,-4.0,15.0,2.0
1.3181387,13.0,53.0,-7.0,-4.0,15.0,2.0
1.322159,14.0,57.0,-5.0,-3.0,19.0,4.0
1.3321592,12.0,52.0,-7.0,-5.0,14.0,2.0
1.3436401,12.0,52.0,-7.0,-5.0,14.0,2.0
1.3536401,13.0,54.0,-7.0,-4.0,16.0,3.0
1.3636401,13.0,54.0,-7.0,-4.0,16.0,3.0
1.3736401,13.0,54.0,-7.0,-4.0,16.0,3.0
1.3859408,13.0,54.0,-7.0,-4.0,16.0,3.0
1.3899657,13.0,54.0,-7.0,-4.0,16.0,3.0
1.3999656,12.0,50.0,-10.0,-6.0,12.0,3.0
1.4121293,12.0,50.0,-10.0,-6.0,12.0,3.0
1.4221293,13.0,51.0,-10.0,-4.0,14.0,1.0
1.4321293,13.0,51.0,-10.0,-4.0,14.0,1.0
1.4421293,13.0,51.0,-10.0,-4.0,14.0,1.0
1.4565947,13.0,51.0,-10.0,-4.0,14.0,1.0
1.4605938,13.0,55.0,-6.0,-4.0,20.0,6.0
1.4705938,14.0,52.0,-8.0,-3.0,17.0,4.0
1.4805938,14.0,52.0,-8.0,-3.0,17.0,4.0
1.4898888,14.0,52.0,-8.0,-3.0,17.0,4.0
1.5016383,12.0,56.0,-8.0,-5.0,20.0,4.0
1.5135026,14.0,54.0,-6.0,-3.0,18.0,6.0
1.5169728,14.0,56.0,-6.0,-3.0,19.0,6.0
1.5291198,13.0,53.0,-9.0,-4.0,16.0,2.0
1.5393366,10.0,51.0,-11.0,-7.0,13.0,2.0
1.5506339,11.0,51.0,-10.0,-6.0,13.0,1.0
1.5610018,12.0,52.0,-9.0,-5.0,15.0,3.0
1.5710018,14.0,52.0,-10.0,-2.0,15.0,3.0
1.5794816,14.0,52.0,-10.0,-2.0,15.0,3.0
1.5905322,12.0,54.0,-7.0,-4.0,18.0,6.0
1.6011274,13.0,56.0,-6.0,-3.0,20.0,7.0
1.6137333,12.0,54.0,-8.0,-4.0,18.0,5.0
1.6186659,13.0,54.0,-5.0,-3.0,17.0,7.0
1.6280426,13.0,50.0,-8.0,-3.0,13.0,4.0
1.6380426,15.0,51.0,-8.0,-1.0,14.0,3.0
1.6498854,15.0,51.0,-8.0,-1.0,14.0,3.0
1.6598854,15.0,51.0,-10.0,-2.0,15.0,1.0
1.6678927,15.0,51.0,-10.0,-2.0,15.0,1.0
1.6795125,12.0,53.0,-7.0,-5.0,17.0,5.0
1.6895978,13.0,55.0,-4.0,-4.0,20.0,8.0
1.7022905,14.0,53.0,-9.0,-3.0,18.0,3.0
1.707244,12.0,52.0,-6.0,-5.0,16.0,6.0
1.7175221,15.0,52.0,-9.0,-2.0,16.0,2.0
1.7275221,14.0,51.0,-9.0,-3.0,15.0,2.0
1.7375221,14.0,51.0,-9.0,-3.0,15.0,2.0
1.7475222,14.0,51.0,-9.0,-3.0,15.0,2.0
1.7574999,14.0,51.0,-9.0,-3.0,15.0,2.0
1.7688022,12.0,53.0,-4.0,-6.0,17.0,8.0
1.7806605,15.0,54.0,-5.0,-3.0,18.0,7.0
1.7841792,13.0,53.0,-6.0,-5.0,17.0,6.0
1.7967318,14.0,50.0,-10.0,-4.0,14.0,1.0
1.8059773,14.0,52.0,-10.0,-4.0,16.0,1.0
1.8175567,16.0,51.0,-9.0,-2.0,15.0,2.0
1.826864,13.0,50.0,-10.0,-5.0,14.0,2.0
1.836864,14.0,50.0,-7.0,-4.0,15.0,5.0
1.846864,14.0,50.0,-7.0,-4.0,15.0,5.0
1.856864,14.0,50.0,-7.0,-4.0,15.0,5.0
1.8656813,14.0,50.0,-7.0,-4.0,15.0,5.0
1.8771014,11.0,53.0,-8.0,-7.0,18.0,5.0
1.8870735,13.0,55.0,-4.0,-5.0,20.0,8.0
1.8993709,12.0,54.0,-6.0,-5.0,19.0,6.0
1.9043094,14.0,53.0,-6.0,-3.0,17.0,5.0
1.9122664,13.0,51.0,-9.0,-4.0,15.0,1.0
1.9247713,14.0,51.0,-9.0,-3.0,14.0,1.0
1.934029,13.0,52.0,-9.0,-4.0,15.0,1.0
1.9457498,14.0,52.0,-8.0,-3.0,16.0,3.0
1.9550387,13.0,52.0,-8.0,-4.0,16.0,4.0
1.9650388,14.0,50.0,-9.0,-3.0,14.0,3.0
1.9750388,14.0,50.0,-9.0,-3.0,14.0,3.0
1.9850388,14.0,50.0,-9.0,-3.0,14.0,3.0
1.9944024,14.0,50.0,-9.0,-3.0,14.0,3.0
2.0056734,13.0,54.0,-7.0,-5.0,19.0,5.0
2.0158527,13.0,54.0,-6.0,-5.0,19.0,6.0
2.0282862,12.0,53.0,-7.0,-6.0,18.0,5.0
2.032649,13.0,54.0,-5.0,-5.0,18.0,7.0
2.041956,14.0,51.0,-9.0,-3.0,15.0,2.0
2.053652,15.0,52.0,-9.0,-2.0,15.0,2.0
2.0629768,15.0,50.0,-9.0,-2.0,13.0,2.0
2.074703,13.0,53.0,-10.0,-4.0,17.0,1.0
2.0841422,15.0,51.0,-10.0,-3.0,15.0,2.0
2.0941422,15.0,52.0,-8.0,-3.0,17.0,5.0
2.1041422,15.0,52.0,-8.0,-3.0,17.0,5.0
2.1141422,15.0,52.0,-8.0,-3.0,17.0,5.0
2.1227832,15.0,52.0,-8.0,-3.0,17.0,5.0
2.1357503,12.0,54.0,-8.0,-7.0,19.0,5.0
2.1406736,14.0,56.0,-4.0,-5.0,21.0,9.0
2.1512537,13.0,52.0,-11.0,-5.0,17.0,1.0
2.1627848,16.0,51.0,-9.0,-2.0,15.0,3.0
2.173051,15.0,50.0,-10.0,-3.0,13.0,2.0
2.1830513,14.0,52.0,-9.0,-4.0,16.0,3.0
2.193051,14.0,52.0,-9.0,-4.0,16.0,3.0
2.2028089,14.0,52.0,-9.0,-4.0,16.0,3.0
2.2136948,13.0,54.0,-6.0,-5.0,19.0,7.0
2.2264407,12.0,53.0,-6.0,-6.0,18.0,7.0
2.2313714,16.0,53.0,-6.0,-2.0,17.0,7.0
2.2406185,14.0,51.0,-7.0,-3.0,15.0,5.0
2.2528424,14.0,51.0,-9.0,-3.0,15.0,2.0
2.2620873,13.0,51.0,-8.0,-5.0,15.0,3.0
2.2720876,14.0,51.0,-9.0,-4.0,15.0,2.0
2.2810137,14.0,51.0,-9.0,-4.0,15.0,2.0
2.2927096,12.0,53.0,-7.0,-6.0,18.0,4.0
2.3028324,15.0,56.0,-6.0,-3.0,21.0,6.0
2.315483,13.0,54.0,-6.0,-4.0,19.0,6.0
2.320493,15.0,54.0,-4.0,-2.0,18.0,7.0
2.3308413,15.0,52.0,-7.0,-2.0,15.0,4.0
2.3408415,15.0,51.0,-9.0,-3.0,14.0,1.0
2.3508413,15.0,51.0,-9.0,-3.0,14.0,1.0
2.3608415,15.0,51.0,-9.0,-3.0,14.0,1.0
2.3708413,15.0,51.0,-9.0,-3.0,14.0,1.0
2.3808415,15.0,51.0,-9.0,-3.0,14.0,1.0
2.3897717,15.0,51.0,-9.0,-3.0,14.0,1.0
2.4011257,14.0,54.0,-7.0,-4.0,18.0,4.0
2.4111109,13.0,54.0,-4.0,-5.0,18.0,8.0
2.4243617,13.0,55.0,-6.0,-5.0,19.0,6.0
2.4278128,15.0,54.0,-6.0,-3.0,18.0,5.0
2.4370446,13.0,50.0,-9.0,-5.0,13.0,2.0
2.4490728,14.0,52.0,-8.0,-4.0,15.0,2.0
2.4591017,14.0,52.0,-7.0,-4.0,15.0,4.0
2.4681032,15.0,52.0,-9.0,-3.0,16.0,2.0
2.4760017,15.0,52.0,-9.0,-3.0,16.0,2.0
2.4857469,14.0,50.0,-9.0,-4.0,14.0,3.0
2.4971256,14.0,52.0,-9.0,-4.0,17.0,3.0
2.506836,13.0,50.0,-8.0,-5.0,15.0,5.0
2.5155473,13.0,51.0,-8.0,-5.0,16.0,5.0
2.5252757,14.0,50.0,-10.0,-4.0,15.0,3.0
2.5353317,13.0,51.0,-8.0,-5.0,17.0,5.0
2.545009,14.0,51.0,-10.0,-3.0,17.0,3.0
2.5554488,13.0,51.0,-9.0,-4.0,17.0,4.0
2.565394,17.0,53.0,-8.0,-4.0,19.0,5.0
2.574882,16.0,52.0,-7.0,-1.0,18.0,6.0
2.5874379,13.0,53.0,-9.0,-5.0,18.0,4.0
2.5972042,15.0,52.0,-7.0,-3.0,17.0,6.0
2.6086528,15.0,52.0,-9.0,-4.0,16.0,3.0
2.6186526,12.0,52.0,-8.0,-7.0,16.0,4.0
2.6286528,12.0,52.0,-8.0,-7.0,16.0,4.0
2.6364498,12.0,52.0,-8.0,-7.0,16.0,4.0
2.6485372,14.0,54.0,-6.0,-5.0,18.0,6.0
2.6583157,14.0,56.0,-5.0,-4.0,20.0,7.0
2.6712503,13.0,53.0,-6.0,-5.0,17.0,5.0
2.6747255,16.0,55.0,-6.0,-2.0,18.0,5.0
2.6839132,13.0,52.0,-7.0,-5.0,15.0,3.0
2.6960583,13.0,51.0,-9.0,-5.0,13.0,1.0
2.7055583,15.0,51.0,-8.0,-3.0,14.0,2.0
2.7171597,14.0,51.0,-9.0,-4.0,14.0,2.0
2.7264829,14.0,52.0,-7.0,-4.0,16.0,4.0
2.736483,14.0,52.0,-9.0,-4.0,17.0,3.0
2.746483,14.0,52.0,-9.0,-4.0,17.0,3.0
2.756483,14.0,52.0,-9.0,-4.0,17.0,3.0
2.7667058,14.0,52.0,-9.0,-4.0,17.0,3.0
2.7805595,14.0,54.0,-5.0,-4.0,19.0,7.0
2.7840905,14.0,55.0,-5.0,-4.0,20.0,7.0
2.7934275,14.0,50.0,-9.0,-4.0,15.0,3.0
2.8055093,14.0,51.0,-9.0,-4.0,15.0,2.0
2.8148077,14.0,51.0,-7.0,-4.0,15.0,4.0
2.8268514,15.0,51.0,-10.0,-3.0,15.0,1.0
2.8361788,15.0,52.0,-9.0,-3.0,17.0,3.0
2.8539917,14.0,53.0,-10.0,-4.0,18.0,2.0
2.8664773,12.0,53.0,-7.0,-6.0,18.0,5.0
2.8760464,14.0,56.0,-7.0,-4.0,21.0,6.0
2.8892615,14.0,51.0,-7.0,-4.0,15.0,6.0
2.892707,15.0,53.0,-7.0,-3.0,17.0,5.0
2.903132,14.0,51.0,-9.0,-4.0,14.0,3.0
2.9147334,13.0,51.0,-9.0,-5.0,14.0,3.0
2.9249818,14.0,51.0,-9.0,-4.0,15.0,3.0
2.9349818,14.0,50.0,-10.0,-4.0,14.0,2.0
2.943552,14.0,50.0,-10.0,-4.0,14.0,2.0
2.9552016,13.0,53.0,-6.0,-5.0,18.0,6.0
2.965374,14.0,53.0,-7.0,-4.0,18.0,6.0
2.9788117,16.0,54.0,-7.0,-2.0,19.0,5.0
2.982301,14.0,56.0,-6.0,-4.0,21.0,6.0
2.9915974,13.0,53.0,-10.0,-5.0,17.0,2.0
3.003624,13.0,50.0,-9.0,-5.0,13.0,2.0
3.0129406,15.0,51.0,-9.0,-3.0,14.0,2.0
3.0229404,16.0,54.0,-8.0,-2.0,17.0,4.0
3.03347,16.0,54.0,-8.0,-2.0,17.0,4.0
3.04347,15.0,52.0,-9.0,-3.0,16.0,4.0
3.0517676,15.0,52.0,-9.0,-3.0,16.0,4.0
3.06424,12.0,54.0,-6.0,-6.0,18.0,7.0
3.073023,16.0,54.0,-7.0,-3.0,18.0,6.0
3.0847082,13.0,54.0,-9.0,-5.0,18.0,3.0
3.0942614,14.0,54.0,-3.0,-4.0,17.0,9.0
3.1072848,12.0,52.0,-8.0,-6.0,15.0,4.0
3.1109586,14.0,54.0,-6.0,-4.0,17.0,5.0
3.1202998,14.0,50.0,-12.0,-4.0,13.0,5.0
3.1319077,13.0,51.0,-9.0,-4.0,14.0,2.0
3.1411886,16.0,51.0,-8.0,-1.0,15.0,3.0
3.1514878,14.0,51.0,-8.0,-3.0,15.0,4.0
3.160611,14.0,51.0,-10.0,-4.0,16.0,2.0
3.172318,16.0,50.0,-9.0,-2.0,15.0,4.0
3.1815524,13.0,51.0,-10.0,-5.0,16.0,3.0
3.1915524,17.0,54.0,-7.0,-1.0,20.0,6.0
3.2017586,17.0,54.0,-7.0,-1.0,20.0,6.0
3.2117586,18.0,52.0,-8.0,-1.0,18.0,5.0
3.2217586,18.0,52.0,-8.0,-1.0,18.0,5.0
3.2317586,18.0,52.0,-8.0,-1.0,18.0,5.0
3.2417588,18.0,52.0,-8.0,-1.0,18.0,5.0
3.250244,18.0,52.0,-8.0,-1.0,18.0,5.0
3.2603865,16.0,51.0,-11.0,-3.0,16.0,2.0
3.270197,16.0,52.0,-7.0,-3.0,17.0,6.0
3.2801971,15.0,53.0,-9.0,-4.0,18.0,4.0
3.290197,15.0,53.0,-9.0,-4.0,18.0,4.0
3.3001971,15.0,53.0,-9.0,-4.0,18.0,4.0
3.3088725,15.0,53.0,-9.0,-4.0,18.0,4.0
3.3210382,14.0,53.0,-9.0,-6.0,18.0,4.0
3.330565,13.0,54.0,-5.0,-6.0,19.0,8.0
3.343509,13.0,52.0,-7.0,-6.0,17.0,5.0
3.346974,15.0,54.0,-6.0,-3.0,18.0,6.0
3.3571162,14.0,50.0,-9.0,-4.0,14.0,2.0
3.3686764,15.0,51.0,-8.0,-3.0,15.0,3.0
3.378131,14.0,52.0,-8.0,-4.0,16.0,3.0
3.3894691,14.0,52.0,-9.0,-4.0,16.0,2.0
3.3994694,15.0,51.0,-7.0,-3.0,16.0,5.0
3.4094691,15.0,51.0,-7.0,-3.0,16.0,5.0
3.4181728,15.0,51.0,-7.0,-3.0,16.0,5.0
3.429974,15.0,54.0,-7.0,-3.0,19.0,5.0
3.4400663,13.0,54.0,-6.0,-5.0,18.0,6.0
3.4533372,13.0,53.0,-7.0,-5.0,17.0,5.0
3.4568357,15.0,54.0,-4.0,-3.0,18.0,7.0
3.4660788,13.0,51.0,-9.0,-5.0,14.0,2.0
3.4775653,14.0,50.0,-8.0,-4.0,13.0,3.0
3.4868956,15.0,52.0,-9.0,-3.0,15.0,2.0
3.4988627,15.0,52.0,-9.0,-3.0,16.0,2.0
3.5082173,14.0,51.0,-10.0,-4.0,15.0,1.0
3.5182173,15.0,51.0,-10.0,-3.0,16.0,2.0
3.526427,15.0,51.0,-10.0,-3.0,16.0,2.0
3.5389092,11.0,53.0,-9.0,-7.0,18.0,4.0
3.5485425,13.0,53.0,-6.0,-5.0,18.0,7.0
3.5618415,12.0,54.0,-8.0,-6.0,19.0,5.0
3.5652769,15.0,54.0,-5.0,-2.0,18.0,8.0
3.5752769,16.0,51.0,-8.0,-1.0,15.0,4.0
3.5852768,16.0,51.0,-8.0,-1.0,15.0,4.0
3.5947948,16.0,51.0,-8.0,-1.0,15.0,4.0
3.6063912,13.0,51.0,-8.0,-4.0,14.0,3.0
3.6152387,14.0,54.0,-6.0,-4.0,18.0,5.0
3.6261966,13.0,51.0,-10.0,-5.0,15.0,1.0
3.6346269,14.0,55.0,-8.0,-4.0,19.0,3.0
3.645954,13.0,51.0,-11.0,-5.0,15.0,1.0
3.654392,14.0,53.0,-9.0,-4.0,17.0,3.0
3.665735,12.0,53.0,-9.0,-6.0,17.0,4.0
3.6741683,13.0,55.0,-8.0,-4.0,19.0,5.0
3.6855159,12.0,54.0,-8.0,-5.0,18.0,5.0
3.6948752,14.0,53.0,-7.0,-3.0,16.0,6.0
3.706174,15.0,52.0,-7.0,-2.0,15.0,6.0
3.7152395,14.0,56.0,-7.0,-3.0,19.0,5.0
3.726158,13.0,52.0,-6.0,-4.0,15.0,6.0
3.7352705,14.0,54.0,-6.0,-3.0,17.0,5.0
3.7461247,13.0,52.0,-8.0,-5.0,15.0,3.0
3.7551792,14.0,56.0,-4.0,-4.0,19.0,7.0
3.7660365,12.0,53.0,-5.0,-6.0,16.0,5.0
3.7750778,13.0,54.0,-6.0,-4.0,17.0,4.0
3.785913,12.0,51.0,-7.0,-5.0,14.0,3.0
3.7950373,13.0,54.0,-5.0,-4.0,17.0,5.0
3.8059456,12.0,53.0,-7.0,-5.0,16.0,3.0
3.8150027,13.0,54.0,-5.0,-3.0,17.0,5.0
3.8258512,12.0,53.0,-7.0,-4.0,16.0,3.0
3.834895,13.0,52.0,-7.0,-3.0,15.0,3.0
3.8457487,11.0,54.0,-6.0,-5.0,17.0,4.0
3.8548555,13.0,54.0,-7.0,-3.0,17.0,3.0
3.8657036,13.0,53.0,-6.0,-3.0,16.0,4.0
3.8748007,13.0,54.0,-4.0,-3.0,17.0,6.0
3.8846085,11.0,54.0,-7.0,-5.0,17.0,3.0
3.8946648,13.0,53.0,-9.0,-3.0,16.0,1.0
3.9075077,13.0,56.0,-7.0,-3.0,19.0,3.0
3.9110365,14.0,55.0,-5.0,-2.0,18.0,5.0
3.9202592,14.0,50.0,-10.0,-2.0,12.0,1.0
3.932312,14.0,51.0,-8.0,-3.0,13.0,3.0
3.9416413,12.0,51.0,-8.0,-5.0,14.0,3.0
3.9519522,12.0,51.0,-9.0,-5.0,15.0,3.0
3.961047,13.0,52.0,-8.0,-4.0,16.0,4.0
3.9727266,15.0,51.0,-7.0,-2.0,16.0,5.0
3.9820342,15.0,52.0,-9.0,-2.0,17.0,3.0
3.993645,15.0,52.0,-9.0,-2.0,17.0,3.0
4.003014,14.0,51.0,-10.0,-4.0,16.0,2.0
4.0208306,15.0,52.0,-8.0,-3.0,17.0,4.0
4.0344315,13.0,52.0,-9.0,-5.0,17.0,4.0
4.037897,13.0,55.0,-6.0,-5.0,20.0,7.0
4.049202,13.0,50.0,-10.0,-5.0,15.0,3.0
4.060023,14.0,51.0,-7.0,-4.0,15.0,5.0
4.06992,16.0,54.0,-7.0,-2.0,18.0,5.0
4.0794797,13.0,56.0,-12.0,-4.0,20.0,5.0
4.0900583,16.0,56.0,-10.0,-2.0,20.0,2.0
4.099509,16.0,56.0,-12.0,-2.0,19.0,2.0
4.110605,17.0,54.0,-10.0,-1.0,16.0,3.0
4.119457,14.0,55.0,-11.0,-5.0,17.0,3.0
4.128977,12.0,55.0,-11.0,-7.0,16.0,3.0
4.1389365,17.0,55.0,-10.0,-2.0,16.0,5.0
4.149882,17.0,52.0,-12.0,-2.0,13.0,3.0
4.160408,15.0,52.0,-10.0,-4.0,13.0,5.0
4.169224,15.0,56.0,-11.0,-4.0,18.0,4.0
4.178512,15.0,54.0,-10.0,-4.0,17.0,5.0
4.1891813,15.0,52.0,-9.0,-4.0,15.0,6.0
4.1994023,13.0,53.0,-10.0,-6.0,16.0,5.0
4.2098846,17.0,55.0,-12.0,-2.0,18.0,2.0
4.2196317,15.0,53.0,-10.0,-4.0,16.0,4.0
4.22983,16.0,53.0,-10.0,-3.0,16.0,4.0
4.23983,16.0,53.0,-10.0,-3.0,16.0,4.0
4.24983,16.0,53.0,-10.0,-3.0,16.0,4.0
4.25983,16.0,53.0,-10.0,-3.0,16.0,4.0
4.26752,16.0,53.0,-10.0,-3.0,16.0,4.0
4.27995,14.0,53.0,-9.0,-6.0,16.0,5.0
4.2900424,15.0,57.0,-7.0,-5.0,20.0,7.0
4.302567,14.0,53.0,-9.0,-6.0,16.0,4.0
4.3063135,14.0,53.0,-8.0,-5.0,16.0,5.0
4.317068,17.0,54.0,-8.0,-2.0,17.0,5.0
4.3285227,14.0,52.0,-9.0,-5.0,15.0,3.0
4.3375397,15.0,54.0,-9.0,-4.0,17.0,3.0
4.34948,16.0,53.0,-10.0,-3.0,16.0,2.0
4.3594804,13.0,55.0,-11.0,-6.0,18.0,1.0
4.36948,13.0,55.0,-11.0,-6.0,18.0,1.0
4.3768115,13.0,55.0,-11.0,-6.0,18.0,1.0
4.388919,12.0,53.0,-9.0,-7.0,16.0,4.0
4.3988495,15.0,57.0,-6.0,-3.0,20.0,7.0
4.4085064,12.0,55.0,-9.0,-6.0,18.0,4.0
4.415536,14.0,56.0,-8.0,-3.0,18.0,5.0
4.427328,13.0,54.0,-11.0,-4.0,16.0,2.0
4.436878,14.0,56.0,-8.0,-3.0,17.0,5.0
4.4482427,14.0,54.0,-9.0,-3.0,15.0,4.0
4.4566174,14.0,56.0,-8.0,-3.0,17.0,5.0
4.4680367,15.0,53.0,-8.0,-2.0,14.0,5.0
4.4767423,16.0,57.0,-6.0,-2.0,18.0,7.0
4.4883485,12.0,55.0,-7.0,-6.0,16.0,5.0
4.4958816,12.0,56.0,-8.0,-6.0,17.0,4.0
4.5089903,14.0,54.0,-9.0,-4.0,15.0,3.0
4.5136185,15.0,58.0,-7.0,-3.0,19.0,4.0
4.5248175,16.0,54.0,-7.0,-1.0,15.0,5.0
4.5347176,12.0,54.0,-11.0,-6.0,15.0,1.0
4.545709,14.0,54.0,-12.0,-4.0,15.0,1.0
4.5553665,14.0,53.0,-9.0,-4.0,14.0,3.0
4.5654263,15.0,54.0,-11.0,-3.0,16.0,2.0
4.5755754,15.0,52.0,-9.0,-3.0,14.0,5.0
4.5851307,13.0,54.0,-12.0,-5.0,17.0,2.0
4.5962224,15.0,54.0,-12.0,-3.0,17.0,2.0
4.6056256,14.0,54.0,-10.0,-4.0,17.0,5.0
4.615032,15.0,54.0,-9.0,-3.0,17.0,6.0
4.6253037,16.0,55.0,-8.0,-2.0,18.0,7.0
4.6353035,16.0,54.0,-9.0,-2.0,17.0,6.0
4.645223,16.0,54.0,-9.0,-2.0,17.0,6.0
4.655472,16.0,52.0,-11.0,-3.0,15.0,2.0
4.665501,18.0,55.0,-14.0,-1.0,18.0,2.0
4.6757283,13.0,55.0,-9.0,-6.0,18.0,4.0
4.68562,15.0,53.0,-12.0,-5.0,16.0,2.0
4.6957784,14.0,53.0,-11.0,-6.0,16.0,4.0
4.7056813,17.0,57.0,-12.0,-2.0,20.0,3.0
4.715681,13.0,55.0,-8.0,-6.0,18.0,7.0
4.724809,13.0,55.0,-8.0,-6.0,18.0,7.0
4.7427983,14.0,54.0,-10.0,-5.0,16.0,5.0
4.755158,14.0,54.0,-10.0,-4.0,16.0,4.0
4.7652164,17.0,55.0,-7.0,-1.0,17.0,7.0
4.775444,14.0,56.0,-8.0,-4.0,18.0,6.0
4.7854247,11.0,57.0,-9.0,-7.0,19.0,4.0
4.7955756,14.0,55.0,-9.0,-4.0,17.0,4.0
4.8042665,13.0,55.0,-8.0,-5.0,16.0,4.0
4.815393,12.0,54.0,-11.0,-6.0,15.0,1.0
4.8260727,16.0,55.0,-8.0,-1.0,16.0,4.0
4.830228,16.0,55.0,-8.0,-1.0,16.0,5.0
4.8424683,15.0,54.0,-9.0,-2.0,15.0,4.0
4.850942,13.0,52.0,-11.0,-5.0,14.0,2.0
4.861084,16.0,53.0,-10.0,-2.0,15.0,3.0
4.870463,14.0,53.0,-13.0,-4.0,15.0,3.0
4.8802605,15.0,54.0,-9.0,-4.0,17.0,5.0
4.889604,17.0,54.0,-10.0,-2.0,17.0,4.0
4.8999977,17.0,53.0,-9.0,-2.0,16.0,5.0
4.9089255,17.0,54.0,-11.0,-2.0,17.0,3.0
4.9200745,15.0,55.0,-12.0,-5.0,18.0,2.0
4.928702,16.0,53.0,-8.0,-4.0,16.0,6.0
4.9395456,16.0,54.0,-9.0,-4.0,17.0,5.0
4.9485025,16.0,53.0,-11.0,-4.0,16.0,3.0
4.9604683,14.0,55.0,-11.0,-6.0,18.0,3.0
4.9697886,14.0,54.0,-9.0,-6.0,17.0,5.0
4.9794197,15.0,53.0,-10.0,-4.0,16.0,4.0
4.9894195,14.0,54.0,-9.0,-5.0,16.0,5.0
4.9997787,14.0,54.0,-9.0,-5.0,16.0,5.0
5.0090322,12.0,52.0,-11.0,-7.0,15.0,3.0
5.0174103,14.0,51.0,-9.0,-4.0,14.0,5.0
5.0267477,14.0,52.0,-10.0,-4.0,15.0,4.0
5.037187,18.0,52.0,-10.0,-4.0,16.0,4.0
5.047561,14.0,52.0,-10.0,-4.0,16.0,4.0
5.056975,12.0,51.0,-7.0,-6.0,15.0,7.0
5.0673323,14.0,52.0,-8.0,-4.0,17.0,6.0
5.0781403,13.0,52.0,-9.0,-5.0,17.0,4.0
5.0903206,13.0,51.0,-7.0,-5.0,16.0,6.0
5.0996714,15.0,52.0,-9.0,-3.0,17.0,4.0
5.110244,14.0,51.0,-8.0,-3.0,16.0,4.0
5.119547,17.0,52.0,-7.0,-3.0,17.0,5.0
5.129076,14.0,51.0,-10.0,-4.0,16.0,2.0
5.13882,15.0,52.0,-9.0,-3.0,17.0,3.0
5.14944,15.0,52.0,-9.0,-4.0,17.0,3.0
5.1588144,15.0,51.0,-9.0,-4.0,16.0,3.0
5.169442,13.0,51.0,-8.0,-6.0,16.0,5.0
5.1790996,14.0,53.0,-8.0,-5.0,18.0,5.0
5.1899285,13.0,51.0,-8.0,-6.0,16.0,5.0
5.199212,13.0,51.0,-8.0,-5.0,16.0,5.0
5.2099123,14.0,49.0,-9.0,-4.0,14.0,3.0
5.219259,16.0,52.0,-9.0,-1.0,17.0,3.0
5.2298512,16.0,53.0,-8.0,-1.0,18.0,4.0
5.239101,16.0,51.0,-8.0,-1.0,16.0,4.0
5.2491007,16.0,54.0,-8.0,-2.0,19.0,4.0
5.258437,16.0,54.0,-8.0,-2.0,19.0,4.0
5.268924,14.0,51.0,-9.0,-5.0,16.0,3.0
5.2783003,14.0,52.0,-10.0,-5.0,17.0,2.0
5.28895,15.0,52.0,-8.0,-4.0,16.0,4.0
5.2989497,15.0,52.0,-7.0,-4.0,16.0,5.0
5.3089495,15.0,52.0,-7.0,-4.0,16.0,5.0
5.3167987,15.0,52.0,-7.0,-4.0,16.0,5.0
5.327865,14.0,53.0,-7.0,-5.0,17.0,5.0
5.3378906,15.0,54.0,-6.0,-4.0,18.0,6.0
5.3488517,13.0,54.0,-8.0,-6.0,18.0,4.0
5.35891,13.0,54.0,-6.0,-5.0,18.0,5.0
5.369778,12.0,55.0,-7.0,-6.0,18.0,4.0
5.373228,12.0,55.0,-7.0,-6.0,18.0,4.0
5.384902,13.0,51.0,-9.0,-4.0,13.0,2.0
5.397597,15.0,53.0,-10.0,-2.0,15.0,1.0
5.4068613,14.0,52.0,-9.0,-3.0,14.0,2.0
5.4168615,17.0,53.0,-4.0,-3.0,16.0,8.0
5.42666,17.0,53.0,-4.0,-3.0,16.0,8.0
5.43666,16.0,54.0,-8.0,-1.0,18.0,5.0
5.446578,16.0,54.0,-8.0,-1.0,18.0,5.0
5.4565783,15.0,51.0,-9.0,-3.0,15.0,3.0
5.466578,15.0,51.0,-9.0,-3.0,15.0,3.0
5.476578,15.0,51.0,-9.0,-3.0,15.0,3.0
5.485856,15.0,51.0,-9.0,-3.0,15.0,3.0
5.495857,17.0,54.0,-7.0,-2.0,19.0,5.0
5.5058565,17.0,54.0,-7.0,-2.0,19.0,5.0
5.5158563,17.0,54.0,-7.0,-2.0,19.0,5.0
5.525856,17.0,54.0,-7.0,-2.0,19.0,5.0
5.5358567,17.0,54.0,-7.0,-2.0,19.0,5.0
5.5458565,17.0,54.0,-7.0,-2.0,19.0,5.0
5.555856,17.0,54.0,-7.0,-2.0,19.0,5.0
5.5654488,17.0,54.0,-7.0,-2.0,19.0,5.0
5.5754485,15.0,52.0,-8.0,-4.0,17.0,4.0
5.5854483,15.0,52.0,-8.0,-4.0,17.0,4.0
5.595449,15.0,52.0,-8.0,-4.0,17.0,4.0
5.603046,15.0,52.0,-8.0,-4.0,17.0,4.0
5.6146026,12.0,54.0,-8.0,-8.0,18.0,4.0
5.6240134,13.0,54.0,-6.0,-6.0,18.0,6.0
5.6350355,12.0,54.0,-6.0,-6.0,18.0,6.0
5.6444497,12.0,54.0,-7.0,-6.0,17.0,5.0
5.655466,11.0,54.0,-6.0,-6.0,17.0,5.0
5.6652436,14.0,57.0,-6.0,-2.0,20.0,5.0
5.676318,13.0,53.0,-6.0,-3.0,15.0,5.0
5.681158,13.0,53.0,-6.0,-3.0,15.0,4.0
5.6904235,13.0,53.0,-8.0,-3.0,15.0,2.0
5.703156,13.0,52.0,-9.0,-3.0,14.0,1.0
5.7125454,13.0,52.0,-9.0,-4.0,15.0,1.0
5.723275,15.0,52.0,-8.0,-2.0,15.0,3.0
5.7326193,14.0,51.0,-10.0,-3.0,15.0,2.0
5.742013,13.0,51.0,-9.0,-4.0,15.0,3.0
5.7512136,15.0,52.0,-10.0,-3.0,17.0,3.0
5.761906,13.0,49.0,-11.0,-5.0,14.0,2.0
5.772143,13.0,53.0,-10.0,-5.0,18.0,3.0
5.782808,14.0,52.0,-8.0,-4.0,17.0,6.0
5.7921505,15.0,51.0,-8.0,-3.0,16.0,6.0
5.8015428,15.0,51.0,-9.0,-3.0,16.0,5.0
5.810683,13.0,51.0,-7.0,-5.0,16.0,6.0
5.8217125,15.0,52.0,-8.0,-3.0,17.0,5.0
5.8310103,14.0,51.0,-8.0,-4.0,16.0,4.0
5.8417196,13.0,50.0,-10.0,-5.0,15.0,2.0
5.851062,16.0,52.0,-9.0,-2.0,17.0,3.0
5.8624887,14.0,51.0,-9.0,-4.0,16.0,3.0
5.8717904,13.0,51.0,-7.0,-5.0,16.0,6.0
5.881791,15.0,53.0,-7.0,-3.0,18.0,6.0
5.892015,15.0,53.0,-7.0,-3.0,18.0,6.0
5.902015,13.0,51.0,-9.0,-5.0,16.0,3.0
5.9103284,13.0,51.0,-9.0,-5.0,16.0,3.0
5.921384,13.0,52.0,-6.0,-5.0,17.0,6.0
5.932142,15.0,55.0,-6.0,-3.0,20.0,6.0
5.9429703,12.0,54.0,-5.0,-6.0,19.0,7.0
5.9477906,12.0,54.0,-5.0,-6.0,18.0,6.0
5.9581814,14.0,52.0,-9.0,-3.0,15.0,1.0
5.968181,15.0,52.0,-7.0,-2.0,15.0,3.0
5.981359,15.0,52.0,-7.0,-2.0,15.0,3.0
5.9991403,12.0,51.0,-9.0,-5.0,14.0,2.0
6.0105543,13.0,51.0,-5.0,-4.0,15.0,6.0
6.020695,15.0,54.0,-5.0,-2.0,18.0,7.0
6.032227,13.0,54.0,-7.0,-4.0,19.0,4.0
6.0370784,13.0,54.0,-5.0,-4.0,19.0,6.0
6.046399,14.0,51.0,-8.0,-3.0,15.0,3.0
6.0563993,15.0,51.0,-10.0,-2.0,15.0,3.0
6.066399,15.0,51.0,-10.0,-2.0,15.0,3.0
6.0763993,15.0,51.0,-10.0,-2.0,15.0,3.0
6.0887465,15.0,51.0,-10.0,-2.0,15.0,3.0
6.1000433,14.0,55.0,-7.0,-4.0,19.0,5.0
6.1106133,14.0,54.0,-5.0,-5.0,18.0,7.0
6.1215706,15.0,54.0,-7.0,-4.0,18.0,5.0
6.1264853,15.0,54.0,-7.0,-4.0,18.0,5.0
6.1366887,15.0,52.0,-8.0,-4.0,15.0,3.0
6.146689,15.0,51.0,-8.0,-4.0,14.0,3.0
6.1566887,15.0,51.0,-8.0,-4.0,14.0,3.0
6.166689,15.0,51.0,-8.0,-4.0,14.0,3.0
6.177145,15.0,51.0,-8.0,-4.0,14.0,3.0
6.188942,13.0,54.0,-7.0,-6.0,18.0,4.0
6.1991367,15.0,55.0,-4.0,-4.0,20.0,8.0
6.210583,12.0,53.0,-8.0,-7.0,18.0,3.0
6.2155952,14.0,50.0,-9.0,-4.0,14.0,2.0
6.2249036,14.0,51.0,-9.0,-4.0,15.0,2.0
6.2349033,14.0,53.0,-7.0,-4.0,17.0,4.0
6.246965,14.0,53.0,-7.0,-4.0,17.0,4.0
6.2569647,15.0,50.0,-8.0,-3.0,15.0,4.0
6.2669644,15.0,50.0,-8.0,-3.0,15.0,4.0
6.276964,15.0,50.0,-8.0,-3.0,15.0,4.0
6.286965,15.0,50.0,-8.0,-3.0,15.0,4.0
6.2969646,15.0,50.0,-8.0,-3.0,15.0,4.0
6.3069644,15.0,50.0,-8.0,-3.0,15.0,4.0
6.316964,15.0,50.0,-8.0,-3.0,15.0,4.0
6.3256793,15.0,50.0,-8.0,-3.0,15.0,4.0
6.337384,13.0,53.0,-6.0,-6.0,18.0,4.0
6.347721,15.0,54.0,-6.0,-4.0,19.0,4.0
6.3586392,13.0,54.0,-5.0,-6.0,19.0,6.0
6.363523,13.0,54.0,-5.0,-5.0,18.0,5.0
6.3728967,15.0,51.0,-8.0,-3.0,15.0,2.0
6.386032,15.0,52.0,-9.0,-3.0,15.0,1.0
6.395462,12.0,53.0,-7.0,-6.0,16.0,3.0
6.4054627,15.0,52.0,-10.0,-3.0,16.0,1.0
6.4154625,15.0,52.0,-10.0,-3.0,16.0,1.0
6.4254622,15.0,52.0,-10.0,-3.0,16.0,1.0
6.4342566,15.0,52.0,-10.0,-3.0,16.0,1.0
6.4456434,12.0,54.0,-6.0,-6.0,19.0,6.0
6.4558053,13.0,55.0,-6.0,-5.0,20.0,6.0
6.4669056,14.0,54.0,-6.0,-4.0,19.0,6.0
6.4768014,15.0,54.0,-4.0,-3.0,18.0,8.0
6.4878073,14.0,52.0,-8.0,-4.0,15.0,3.0
6.492769,15.0,55.0,-5.0,-3.0,18.0,5.0
6.504114,15.0,51.0,-9.0,-3.0,14.0,1.0
6.5141144,13.0,51.0,-9.0,-5.0,14.0,1.0
6.5241146,13.0,51.0,-9.0,-5.0,14.0,1.0
6.5341144,13.0,51.0,-9.0,-5.0,14.0,1.0
6.5432105,13.0,51.0,-9.0,-5.0,14.0,1.0
6.5544853,13.0,54.0,-5.0,-6.0,18.0,7.0
6.565181,13.0,55.0,-6.0,-6.0,20.0,6.0
6.576006,14.0,55.0,-6.0,-4.0,20.0,6.0
6.580829,14.0,55.0,-6.0,-4.0,19.0,5.0
6.591262,14.0,52.0,-9.0,-3.0,15.0,2.0
6.6012616,14.0,52.0,-7.0,-3.0,15.0,3.0
6.6112614,14.0,52.0,-7.0,-3.0,15.0,3.0
6.6212616,14.0,52.0,-7.0,-3.0,15.0,3.0
6.632032,14.0,52.0,-7.0,-3.0,15.0,3.0
6.643859,13.0,53.0,-8.0,-5.0,17.0,3.0
6.653908,13.0,54.0,-4.0,-5.0,18.0,8.0
6.6653657,13.0,53.0,-9.0,-5.0,17.0,2.0
6.670189,15.0,55.0,-3.0,-3.0,19.0,8.0
6.679444,14.0,51.0,-7.0,-4.0,15.0,4.0
6.689444,16.0,53.0,-8.0,-2.0,16.0,2.0
6.699444,16.0,53.0,-8.0,-2.0,16.0,2.0
6.709444,16.0,53.0,-8.0,-2.0,16.0,2.0
6.719444,16.0,53.0,-8.0,-2.0,16.0,2.0
6.729444,16.0,53.0,-8.0,-2.0,16.0,2.0
6.741459,16.0,53.0,-8.0,-2.0,16.0,2.0
6.751483,16.0,53.0,-8.0,-2.0,18.0,3.0
6.761483,13.0,52.0,-9.0,-6.0,17.0,2.0
6.77201,13.0,52.0,-9.0,-6.0,17.0,2.0
6.7820106,14.0,50.0,-10.0,-5.0,15.0,2.0
6.7902417,14.0,50.0,-10.0,-5.0,15.0,2.0
6.8017955,14.0,55.0,-6.0,-5.0,20.0,6.0
6.811852,15.0,55.0,-7.0,-4.0,20.0,5.0
6.8236647,13.0,55.0,-6.0,-5.0,19.0,6.0
6.8286138,15.0,57.0,-5.0,-3.0,20.0,7.0
6.8380017,15.0,51.0,-9.0,-3.0,14.0,2.0
6.8480015,15.0,50.0,-7.0,-3.0,12.0,4.0
6.8580017,15.0,50.0,-7.0,-3.0,12.0,4.0
6.868002,15.0,50.0,-7.0,-3.0,12.0,4.0
6.8794374,15.0,50.0,-7.0,-3.0,12.0,4.0
6.8906374,13.0,54.0,-5.0,-5.0,17.0,6.0
6.9009566,15.0,54.0,-6.0,-3.0,18.0,5.0
6.9117928,13.0,53.0,-7.0,-5.0,17.0,4.0
6.9219475,16.0,55.0,-4.0,-2.0,19.0,6.0
6.9267836,16.0,55.0,-4.0,-2.0,19.0,6.0
6.939788,14.0,51.0,-8.0,-4.0,14.0,2.0
6.949024,14.0,51.0,-8.0,-5.0,14.0,1.0
6.959024,14.0,53.0,-7.0,-5.0,16.0,3.0
6.9690247,14.0,53.0,-7.0,-5.0,16.0,3.0
6.9790244,14.0,53.0,-7.0,-5.0,16.0,3.0
6.9880214,14.0,53.0,-7.0,-5.0,16.0,3.0
6.999437,13.0,55.0,-8.0,-5.0,19.0,4.0
7.009399,14.0,54.0,-3.0,-4.0,18.0,9.0
7.020879,13.0,53.0,-6.0,-5.0,17.0,6.0
7.0258613,15.0,54.0,-4.0,-3.0,17.0,7.0
7.035232,12.0,52.0,-8.0,-6.0,15.0,3.0
7.048628,15.0,52.0,-9.0,-3.0,15.0,1.0
7.058008,15.0,52.0,-8.0,-2.0,15.0,2.0
7.068008,14.0,52.0,-8.0,-4.0,15.0,2.0
7.0780077,14.0,52.0,-8.0,-4.0,15.0,2.0
7.0880075,14.0,52.0,-8.0,-4.0,15.0,2.0
7.0970397,14.0,52.0,-8.0,-4.0,15.0,2.0
7.1084046,14.0,54.0,-7.0,-4.0,18.0,5.0
7.1186376,13.0,54.0,-4.0,-5.0,19.0,8.0
7.1295595,11.0,54.0,-4.0,-7.0,18.0,7.0
7.134443,11.0,54.0,-4.0,-7.0,18.0,7.0
7.143739,12.0,52.0,-7.0,-5.0,15.0,3.0
7.1573763,14.0,53.0,-6.0,-2.0,16.0,3.0
7.1666975,12.0,53.0,-6.0,-4.0,16.0,3.0
7.1766973,14.0,54.0,-6.0,-2.0,17.0,3.0
7.186697,14.0,54.0,-6.0,-2.0,17.0,3.0
7.196697,14.0,54.0,-6.0,-2.0,17.0,3.0
7.2052493,14.0,54.0,-6.0,-2.0,17.0,3.0
7.216981,11.0,54.0,-5.0,-5.0,17.0,5.0
7.227102,12.0,57.0,-3.0,-5.0,20.0,7.0
7.238448,11.0,56.0,-7.0,-6.0,19.0,3.0
7.2436676,12.0,55.0,-6.0,-4.0,17.0,3.0
7.2530575,13.0,54.0,-8.0,-3.0,15.0,1.0
7.263057,13.0,52.0,-7.0,-3.0,13.0,3.0
7.2730575,13.0,52.0,-7.0,-3.0,13.0,3.0
7.2830577,13.0,52.0,-7.0,-3.0,13.0,3.0
7.295217,13.0,52.0,-7.0,-3.0,13.0,3.0
7.306495,10.0,54.0,-7.0,-6.0,17.0,4.0
7.317143,10.0,54.0,-7.0,-6.0,18.0,5.0
7.328,10.0,54.0,-8.0,-6.0,18.0,4.0
7.3328834,10.0,54.0,-8.0,-5.0,18.0,4.0
7.343199,11.0,49.0,-11.0,-4.0,12.0,1.0
7.3531985,9.0,50.0,-15.0,-5.0,13.0,-2.0
7.3631988,9.0,50.0,-15.0,-5.0,13.0,-2.0
7.373199,9.0,50.0,-15.0,-5.0,13.0,-2.0
7.3835936,9.0,50.0,-15.0,-5.0,13.0,-2.0
7.395372,7.0,52.0,-13.0,-7.0,17.0,2.0
7.4054737,10.0,55.0,-11.0,-4.0,20.0,5.0
7.4168644,7.0,50.0,-14.0,-6.0,15.0,3.0
7.421741,7.0,54.0,-13.0,-6.0,19.0,4.0
7.4310093,7.0,49.0,-17.0,-5.0,14.0,4.0
7.4410095,3.0,48.0,-17.0,-9.0,12.0,4.0
7.4510098,3.0,48.0,-17.0,-9.0,12.0,4.0
7.4610095,3.0,48.0,-17.0,-9.0,12.0,4.0
7.4718914,3.0,48.0,-17.0,-9.0,12.0,4.0
7.483359,2.0,51.0,-16.0,-8.0,17.0,4.0
7.4939575,1.0,52.0,-13.0,-8.0,18.0,7.0
7.5048327,1.0,51.0,-15.0,-7.0,18.0,5.0
7.5154614,1.0,52.0,-16.0,-7.0,18.0,4.0
7.5189066,1.0,52.0,-16.0,-6.0,18.0,3.0
7.528907,-1.0,49.0,-18.0,-6.0,15.0,1.0
7.5435934,-1.0,49.0,-18.0,-6.0,15.0,1.0
7.553593,-1.0,50.0,-18.0,-5.0,15.0,2.0
7.561607,-1.0,50.0,-18.0,-5.0,15.0,2.0
7.573192,-5.0,51.0,-16.0,-9.0,17.0,5.0
7.5833154,-2.0,54.0,-13.0,-5.0,20.0,8.0
7.594702,-7.0,52.0,-17.0,-9.0,18.0,4.0
7.5995584,-5.0,53.0,-15.0,-6.0,19.0,6.0
7.6088257,-5.0,51.0,-17.0,-5.0,16.0,3.0
7.6188264,-9.0,48.0,-18.0,-9.0,13.0,2.0
7.628826,-9.0,48.0,-18.0,-9.0,13.0,2.0
7.638826,-9.0,48.0,-18.0,-9.0,13.0,2.0
7.6488256,-9.0,48.0,-18.0,-9.0,13.0,2.0
7.6588264,-9.0,48.0,-18.0,-9.0,13.0,2.0
7.668826,-9.0,48.0,-18.0,-9.0,13.0,2.0
7.678826,-9.0,48.0,-18.0,-9.0,13.0,2.0
7.6901383,-9.0,48.0,-18.0,-9.0,13.0,2.0
7.7024145,-12.0,50.0,-16.0,-10.0,16.0,5.0
7.7125387,-10.0,51.0,-16.0,-7.0,18.0,5.0
7.7239785,-11.0,52.0,-15.0,-7.0,19.0,6.0
7.7274284,-11.0,52.0,-15.0,-6.0,18.0,6.0
7.738633,-10.0,47.0,-18.0,-4.0,13.0,2.0
7.7486334,-9.0,50.0,-16.0,-2.0,16.0,4.0
7.760289,-9.0,50.0,-16.0,-2.0,16.0,4.0
7.770289,-11.0,49.0,-17.0,-4.0,16.0,3.0
7.778571,-11.0,49.0,-17.0,-4.0,16.0,3.0
7.7910504,-15.0,50.0,-16.0,-9.0,17.0,5.0
7.8005652,-12.0,52.0,-14.0,-6.0,19.0,7.0
7.8126264,-14.0,50.0,-16.0,-7.0,17.0,5.0
7.816095,-12.0,52.0,-15.0,-4.0,19.0,5.0
7.826731,-14.0,46.0,-19.0,-6.0,12.0,1.0
7.838821,-12.0,47.0,-18.0,-3.0,13.0,2.0
7.8488207,-11.0,48.0,-19.0,-2.0,15.0,1.0
7.8588204,-11.0,48.0,-19.0,-2.0,15.0,1.0
7.8681455,-11.0,48.0,-19.0,-2.0,15.0,1.0
7.8798184,-12.0,50.0,-16.0,-3.0,18.0,5.0
7.8898845,-13.0,48.0,-16.0,-4.0,16.0,5.0
7.901333,-14.0,49.0,-16.0,-6.0,17.0,5.0
7.904798,-14.0,49.0,-16.0,-6.0,17.0,5.0
7.9164195,-12.0,48.0,-18.0,-3.0,16.0,3.0
7.9264193,-11.0,50.0,-18.0,-2.0,18.0,3.0
7.938061,-11.0,50.0,-18.0,-2.0,18.0,3.0
7.948061,-11.0,45.0,-18.0,-2.0,13.0,3.0
7.9580617,-11.0,45.0,-18.0,-2.0,13.0,3.0
7.9680614,-11.0,45.0,-18.0,-2.0,13.0,3.0
7.9763675,-11.0,45.0,-18.0,-2.0,13.0,3.0
7.988826,-14.0,47.0,-19.0,-6.0,16.0,4.0
7.998545,-13.0,49.0,-16.0,-5.0,19.0,7.0
8.010554,-12.0,47.0,-19.0,-4.0,17.0,4.0
8.014064,-12.0,48.0,-19.0,-4.0,18.0,4.0
8.024279,-13.0,46.0,-22.0,-4.0,15.0,4.0
8.036545,-10.0,44.0,-20.0,-1.0,13.0,2.0
8.046544,-9.0,46.0,-20.0,-1.0,15.0,3.0
8.056544,-9.0,46.0,-20.0,-1.0,15.0,3.0
8.06593,-9.0,46.0,-20.0,-1.0,15.0,3.0
8.077496,-12.0,47.0,-21.0,-4.0,17.0,3.0
8.087729,-11.0,48.0,-18.0,-4.0,18.0,6.0
8.099097,-12.0,48.0,-19.0,-5.0,18.0,5.0
8.102569,-12.0,48.0,-19.0,-5.0,18.0,5.0
8.114187,-11.0,45.0,-21.0,-4.0,14.0,3.0
8.124187,-9.0,46.0,-20.0,-2.0,15.0,4.0
8.134187,-9.0,46.0,-20.0,-2.0,15.0,4.0
8.144187,-9.0,46.0,-20.0,-2.0,15.0,4.0
8.154359,-9.0,46.0,-20.0,-2.0,15.0,4.0
8.166738,-13.0,48.0,-20.0,-6.0,18.0,5.0
8.176231,-11.0,48.0,-18.0,-5.0,19.0,7.0
8.188156,-12.0,46.0,-19.0,-5.0,16.0,6.0
8.19159,-10.0,48.0,-17.0,-3.0,18.0,7.0
8.202755,-11.0,45.0,-21.0,-4.0,15.0,3.0
8.215942,-11.0,45.0,-19.0,-4.0,15.0,4.0
8.225943,-9.0,47.0,-18.0,-2.0,17.0,5.0
8.235943,-9.0,47.0,-18.0,-2.0,17.0,5.0
8.245335,-9.0,47.0,-18.0,-2.0,17.0,5.0
8.255335,-10.0,45.0,-21.0,-3.0,16.0,3.0
8.2637,-10.0,45.0,-21.0,-3.0,16.0,3.0
8.274057,-14.0,46.0,-21.0,-7.0,17.0,3.0
8.284175,-12.0,48.0,-18.0,-6.0,19.0,6.0
8.295504,-11.0,48.0,-19.0,-4.0,19.0,5.0
8.3054695,-9.0,48.0,-19.0,-2.0,18.0,5.0
8.316832,-13.0,49.0,-19.0,-5.0,19.0,5.0
8.321685,-13.0,49.0,-19.0,-6.0,18.0,4.0
8.331916,-9.0,46.0,-21.0,-1.0,15.0,2.0
8.341916,-9.0,46.0,-21.0,-1.0,14.0,2.0
8.351915,-9.0,46.0,-21.0,-1.0,14.0,2.0
8.361916,-9.0,46.0,-21.0,-1.0,14.0,2.0
8.371896,-9.0,46.0,-21.0,-1.0,14.0,2.0
8.3843565,-13.0,48.0,-19.0,-6.0,18.0,5.0
8.393885,-11.0,47.0,-18.0,-4.0,17.0,7.0
8.405819,-12.0,46.0,-19.0,-5.0,16.0,6.0
8.409271,-11.0,49.0,-18.0,-4.0,19.0,6.0
8.42027,-9.0,46.0,-22.0,-2.0,16.0,2.0
8.432193,-8.0,46.0,-23.0,-1.0,16.0,2.0
8.442192,-9.0,45.0,-21.0,-2.0,15.0,2.0
8.452192,-9.0,45.0,-21.0,-2.0,15.0,2.0
8.4611,-9.0,45.0,-21.0,-2.0,15.0,2.0
8.471861,-12.0,48.0,-18.0,-6.0,18.0,7.0
8.481469,-13.0,47.0,-18.0,-7.0,17.0,7.0
8.4928665,-12.0,46.0,-19.0,-6.0,16.0,6.0
8.502468,-9.0,49.0,-17.0,-2.0,19.0,7.0
8.513864,-11.0,49.0,-19.0,-4.0,19.0,4.0
8.523464,-11.0,49.0,-19.0,-4.0,18.0,4.0
8.534803,-11.0,47.0,-21.0,-4.0,16.0,1.0
8.538252,-11.0,47.0,-21.0,-4.0,15.0,1.0
8.548928,-11.0,45.0,-21.0,-4.0,13.0,2.0
8.560285,-11.0,46.0,-21.0,-4.0,15.0,2.0
8.569562,-11.0,45.0,-20.0,-4.0,14.0,4.0
8.579562,-10.0,46.0,-23.0,-3.0,16.0,1.0
8.589561,-10.0,46.0,-23.0,-3.0,16.0,1.0
8.599563,-10.0,46.0,-23.0,-3.0,16.0,1.0
8.609216,-10.0,46.0,-23.0,-3.0,16.0,1.0
8.621285,-11.0,47.0,-19.0,-5.0,19.0,6.0
8.630856,-11.0,49.0,-17.0,-5.0,21.0,9.0
8.642545,-10.0,46.0,-20.0,-4.0,17.0,5.0
8.647328,-12.0,50.0,-18.0,-5.0,20.0,7.0
8.656742,-12.0,45.0,-21.0,-5.0,15.0,3.0
8.668707,-10.0,47.0,-22.0,-3.0,16.0,1.0
8.677673,-11.0,45.0,-22.0,-4.0,14.0,1.0
8.688684,-10.0,44.0,-23.0,-3.0,13.0,1.0
8.69772,-11.0,45.0,-21.0,-4.0,15.0,4.0
8.710036,-8.0,46.0,-22.0,-1.0,16.0,3.0
8.718965,-10.0,45.0,-22.0,-3.0,16.0,4.0
8.729755,-10.0,44.0,-22.0,-4.0,15.0,4.0
8.738707,-10.0,43.0,-21.0,-4.0,14.0,5.0
8.749517,-11.0,45.0,-21.0,-5.0,17.0,5.0
8.758491,-10.0,45.0,-24.0,-4.0,17.0,2.0
8.769286,-11.0,45.0,-21.0,-5.0,17.0,5.0
8.779218,-10.0,44.0,-21.0,-4.0,16.0,5.0
8.789218,-9.0,45.0,-21.0,-3.0,17.0,5.0
8.799217,-9.0,45.0,-21.0,-3.0,17.0,5.0
8.809218,-9.0,45.0,-21.0,-3.0,17.0,5.0
8.817214,-9.0,45.0,-21.0,-3.0,17.0,5.0
8.828534,-12.0,49.0,-20.0,-5.0,21.0,5.0
8.838057,-11.0,47.0,-17.0,-4.0,18.0,8.0
8.848989,-12.0,47.0,-21.0,-5.0,18.0,4.0
8.858099,-12.0,47.0,-18.0,-5.0,17.0,6.0
8.869626,-9.0,46.0,-20.0,-2.0,16.0,4.0
8.8796215,-10.0,48.0,-20.0,-3.0,17.0,3.0
8.891051,-10.0,49.0,-18.0,-3.0,18.0,5.0
8.895902,-10.0,49.0,-18.0,-3.0,18.0,5.0
8.906141,-10.0,46.0,-21.0,-3.0,15.0,2.0
8.916142,-10.0,47.0,-22.0,-4.0,16.0,1.0
8.925966,-10.0,47.0,-22.0,-4.0,16.0,1.0
8.938088,-10.0,47.0,-19.0,-4.0,16.0,4.0
8.947741,-8.0,50.0,-17.0,-2.0,19.0,7.0
8.959749,-12.0,48.0,-19.0,-6.0,17.0,5.0
8.96319,-11.0,46.0,-18.0,-5.0,15.0,5.0
8.973811,-11.0,46.0,-22.0,-5.0,15.0,1.0
8.9858465,-10.0,45.0,-20.0,-4.0,14.0,3.0
8.995846,-10.0,46.0,-23.0,-3.0,15.0,3.0
9.005847,-10.0,46.0,-23.0,-3.0,15.0,3.0
9.015236,-10.0,46.0,-23.0,-3.0,15.0,3.0
9.026863,-11.0,47.0,-18.0,-4.0,17.0,6.0
9.036906,-9.0,49.0,-18.0,-2.0,19.0,7.0
9.04826,-11.0,48.0,-19.0,-4.0,18.0,6.0
9.051724,-11.0,48.0,-19.0,-5.0,18.0,5.0
9.063563,-11.0,44.0,-22.0,-5.0,13.0,2.0
9.073564,-9.0,45.0,-23.0,-2.0,14.0,2.0
9.083564,-9.0,45.0,-23.0,-2.0,14.0,2.0
9.093563,-9.0,45.0,-23.0,-2.0,14.0,2.0
9.103653,-9.0,45.0,-23.0,-2.0,14.0,2.0
9.115727,-12.0,46.0,-19.0,-6.0,17.0,6.0
9.125239,-10.0,50.0,-18.0,-4.0,21.0,8.0
9.13679,-12.0,48.0,-18.0,-6.0,19.0,7.0
9.146344,-10.0,48.0,-19.0,-4.0,18.0,6.0
9.157878,-11.0,47.0,-20.0,-4.0,17.0,4.0
9.161323,-11.0,48.0,-19.0,-4.0,17.0,4.0
9.171452,-10.0,45.0,-22.0,-3.0,14.0,1.0
9.183253,-10.0,46.0,-21.0,-3.0,15.0,2.0
9.192654,-9.0,47.0,-23.0,-2.0,16.0,1.0
9.202654,-9.0,45.0,-22.0,-2.0,15.0,2.0
9.212653,-9.0,45.0,-22.0,-2.0,15.0,2.0
9.222654,-9.0,45.0,-22.0,-2.0,15.0,2.0
9.232404,-9.0,45.0,-22.0,-2.0,15.0,2.0
9.244194,-10.0,48.0,-20.0,-4.0,18.0,6.0
9.253888,-9.0,48.0,-19.0,-3.0,19.0,7.0
9.265225,-12.0,46.0,-19.0,-6.0,16.0,7.0
9.274286,-11.0,50.0,-19.0,-5.0,20.0,6.0
9.285635,-11.0,46.0,-22.0,-5.0,16.0,2.0
9.2904625,-11.0,46.0,-22.0,-5.0,15.0,2.0
9.299789,-9.0,45.0,-22.0,-2.0,14.0,2.0
9.311946,-12.0,45.0,-22.0,-5.0,14.0,2.0
9.321253,-11.0,45.0,-23.0,-4.0,15.0,2.0
9.331253,-9.0,44.0,-22.0,-2.0,14.0,3.0
9.341253,-9.0,44.0,-22.0,-2.0,14.0,3.0
9.351253,-9.0,44.0,-22.0,-2.0,14.0,3.0
9.360757,-9.0,44.0,-22.0,-2.0,14.0,3.0
9.372804,-10.0,46.0,-21.0,-3.0,17.0,5.0
9.382302,-10.0,48.0,-18.0,-4.0,19.0,8.0
9.3938675,-12.0,45.0,-19.0,-6.0,16.0,7.0
9.403445,-10.0,49.0,-19.0,-4.0,20.0,6.0
9.416566,-12.0,46.0,-19.0,-6.0,17.0,5.0
9.42004,-10.0,48.0,-19.0,-3.0,18.0,5.0
9.429207,-10.0,44.0,-22.0,-3.0,14.0,1.0
9.441118,-11.0,44.0,-22.0,-4.0,14.0,1.0
9.451118,-10.0,46.0,-21.0,-3.0,16.0,2.0
9.461118,-10.0,46.0,-21.0,-3.0,16.0,2.0
9.4701,-10.0,46.0,-21.0,-3.0,16.0,2.0
9.482055,-10.0,47.0,-19.0,-3.0,18.0,6.0
9.492023,-11.0,47.0,-19.0,-5.0,18.0,6.0
9.5034895,-11.0,49.0,-19.0,-5.0,20.0,6.0
9.506939,-11.0,49.0,-19.0,-5.0,19.0,5.0
9.5184,-11.0,45.0,-21.0,-4.0,15.0,3.0
9.529809,-10.0,45.0,-21.0,-3.0,14.0,3.0
9.540206,-11.0,46.0,-20.0,-4.0,15.0,4.0
9.550206,-10.0,45.0,-21.0,-3.0,14.0,3.0
9.558546,-10.0,45.0,-21.0,-3.0,14.0,3.0
9.571029,-12.0,46.0,-21.0,-5.0,16.0,3.0
9.58056,-11.0,49.0,-18.0,-4.0,19.0,6.0
9.592732,-12.0,46.0,-20.0,-5.0,17.0,4.0
9.596177,-10.0,48.0,-19.0,-3.0,18.0,5.0
9.606665,-10.0,43.0,-23.0,-3.0,13.0,1.0
9.618748,-10.0,44.0,-21.0,-3.0,14.0,3.0
9.628128,-10.0,46.0,-21.0,-3.0,16.0,3.0
9.638128,-12.0,45.0,-22.0,-5.0,16.0,3.0
9.648112,-12.0,45.0,-22.0,-5.0,16.0,3.0
9.659697,-11.0,47.0,-19.0,-4.0,18.0,6.0
9.669799,-10.0,46.0,-19.0,-3.0,17.0,6.0
9.681212,-11.0,48.0,-19.0,-4.0,19.0,6.0
9.68604,-11.0,48.0,-19.0,-4.0,19.0,5.0
9.696289,-11.0,46.0,-21.0,-4.0,16.0,3.0
9.707843,-10.0,45.0,-21.0,-3.0,15.0,3.0
9.717358,-9.0,46.0,-20.0,-2.0,16.0,4.0
9.727357,-10.0,45.0,-22.0,-3.0,15.0,2.0
9.736546,-10.0,45.0,-22.0,-3.0,15.0,2.0
9.748606,-12.0,45.0,-19.0,-5.0,15.0,5.0
9.758182,-9.0,49.0,-18.0,-3.0,19.0,6.0
9.769906,-12.0,48.0,-21.0,-6.0,19.0,3.0
9.773372,-9.0,48.0,-17.0,-3.0,18.0,7.0
9.784966,-12.0,45.0,-21.0,-5.0,15.0,3.0
9.796556,-10.0,46.0,-21.0,-3.0,15.0,2.0
9.8058405,-10.0,44.0,-22.0,-3.0,13.0,1.0
9.815841,-7.0,46.0,-21.0,-3.0,16.0,3.0
9.827212,-7.0,46.0,-21.0,-3.0,16.0,3.0
9.837212,-10.0,43.0,-21.0,-4.0,14.0,4.0
9.847212,-10.0,43.0,-21.0,-4.0,14.0,4.0
9.857212,-10.0,43.0,-21.0,-4.0,14.0,4.0
9.865297,-10.0,43.0,-21.0,-4.0,14.0,4.0
9.877091,-11.0,49.0,-20.0,-6.0,20.0,6.0
9.886923,-10.0,48.0,-19.0,-5.0,19.0,6.0
9.898315,-10.0,45.0,-20.0,-4.0,16.0,5.0
9.907987,-12.0,49.0,-19.0,-6.0,19.0,5.0
9.919465,-12.0,46.0,-19.0,-6.0,16.0,5.0
9.924295,-12.0,46.0,-19.0,-5.0,16.0,5.0
9.933772,-10.0,45.0,-22.0,-3.0,14.0,1.0
9.945127,-11.0,46.0,-23.0,-3.0,16.0,1.0
9.954466,-11.0,46.0,-21.0,-3.0,16.0,3.0
9.964466,-11.0,45.0,-21.0,-4.0,15.0,3.0
9.974466,-11.0,45.0,-21.0,-4.0,15.0,3.0
9.984466,-11.0,45.0,-21.0,-4.0,15.0,3.0
9.993636,-11.0,45.0,-21.0,-4.0,15.0,3.0
10.005717,-12.0,47.0,-19.0,-5.0,18.0,7.0
10.015543,-10.0,49.0,-19.0,-3.0,20.0,6.0
10.027191,-12.0,49.0,-20.0,-5.0,19.0,5.0
10.030636,-11.0,47.0,-18.0,-4.0,17.0,6.0
10.042007,-12.0,45.0,-21.0,-5.0,14.0,3.0
10.055425,-10.0,44.0,-22.0,-3.0,13.0,2.0
10.065426,-10.0,43.0,-22.0,-3.0,12.0,2.0
10.074766,-10.0,43.0,-22.0,-3.0,12.0,2.0
10.084952,-11.0,48.0,-18.0,-4.0,18.0,6.0
10.096346,-12.0,48.0,-20.0,-5.0,19.0,4.0
10.101189,-12.0,48.0,-20.0,-5.0,19.0,4.0
10.111503,-13.0,45.0,-22.0,-6.0,16.0,2.0
10.121487,-11.0,45.0,-21.0,-4.0,15.0,3.0
10.131639,-10.0,43.0,-22.0,-2.0,13.0,2.0
10.143067,-10.0,44.0,-22.0,-2.0,14.0,3.0
10.153347,-11.0,47.0,-20.0,-3.0,18.0,5.0
10.163347,-9.0,46.0,-22.0,-2.0,17.0,3.0
10.17166,-9.0,46.0,-22.0,-2.0,17.0,3.0
10.184109,-13.0,46.0,-21.0,-6.0,17.0,4.0
10.193678,-10.0,49.0,-18.0,-3.0,20.0,7.0
10.205652,-12.0,47.0,-21.0,-5.0,18.0,4.0
10.209109,-12.0,49.0,-18.0,-5.0,19.0,7.0
10.219873,-11.0,43.0,-22.0,-4.0,13.0,2.0
10.231915,-9.0,45.0,-22.0,-2.0,14.0,2.0
10.241187,-10.0,45.0,-22.0,-3.0,15.0,2.0
10.251186,-11.0,45.0,-21.0,-4.0,15.0,3.0
10.261229,-11.0,45.0,-21.0,-4.0,15.0,3.0
10.272873,-11.0,48.0,-18.0,-4.0,19.0,7.0
10.283035,-10.0,49.0,-18.0,-3.0,20.0,7.0
10.294387,-12.0,47.0,-19.0,-5.0,18.0,6.0
10.299169,-12.0,47.0,-19.0,-5.0,17.0,5.0
10.308913,-11.0,44.0,-22.0,-4.0,14.0,1.0
10.32026,-11.0,43.0,-23.0,-4.0,12.0,1.0
10.330609,-12.0,45.0,-21.0,-5.0,15.0,3.0
10.340609,-10.0,45.0,-22.0,-3.0,16.0,2.0
10.349643,-10.0,45.0,-22.0,-3.0,16.0,2.0
10.3617325,-13.0,48.0,-19.0,-5.0,19.0,6.0
10.371272,-10.0,48.0,-18.0,-2.0,19.0,7.0
10.382863,-13.0,46.0,-19.0,-5.0,17.0,6.0
10.392428,-10.0,48.0,-18.0,-2.0,18.0,6.0
10.402428,-12.0,45.0,-20.0,-4.0,15.0,4.0
10.416694,-12.0,45.0,-20.0,-4.0,15.0,4.0
10.429207,-11.0,45.0,-22.0,-3.0,15.0,1.0
10.438516,-9.0,45.0,-22.0,-1.0,15.0,1.0
10.45017,-11.0,45.0,-22.0,-4.0,15.0,2.0
10.460169,-9.0,44.0,-21.0,-2.0,15.0,3.0
10.47017,-9.0,44.0,-21.0,-2.0,15.0,3.0
10.478384,-9.0,44.0,-21.0,-2.0,15.0,3.0
10.490079,-12.0,46.0,-20.0,-5.0,17.0,5.0
10.499789,-11.0,46.0,-21.0,-4.0,18.0,4.0
10.51122,-12.0,48.0,-20.0,-5.0,20.0,5.0
10.520805,-12.0,49.0,-19.0,-5.0,20.0,6.0
10.532354,-12.0,46.0,-22.0,-5.0,17.0,2.0
10.537192,-12.0,46.0,-22.0,-4.0,16.0,2.0
10.546525,-10.0,46.0,-22.0,-2.0,15.0,2.0
10.557853,-11.0,45.0,-22.0,-3.0,14.0,3.0
10.567212,-12.0,44.0,-22.0,-4.0,14.0,3.0
10.578838,-12.0,46.0,-22.0,-4.0,16.0,4.0
10.588839,-10.0,46.0,-22.0,-2.0,17.0,4.0
10.598838,-10.0,46.0,-22.0,-2.0,17.0,4.0
10.606744,-10.0,46.0,-22.0,-2.0,17.0,4.0
10.618974,-12.0,46.0,-21.0,-4.0,17.0,5.0
10.628504,-9.0,47.0,-19.0,-1.0,18.0,7.0
10.640224,-12.0,46.0,-22.0,-5.0,17.0,4.0
10.643672,-8.0,49.0,-20.0,-1.0,20.0,5.0
10.655279,-12.0,44.0,-22.0,-5.0,14.0,3.0
10.666838,-11.0,45.0,-22.0,-4.0,15.0,3.0
10.676169,-11.0,43.0,-22.0,-4.0,13.0,3.0
10.686169,-10.0,45.0,-22.0,-3.0,15.0,3.0
10.69617,-10.0,45.0,-22.0,-3.0,15.0,3.0
10.707111,-10.0,45.0,-22.0,-3.0,15.0,3.0
10.71816,-11.0,48.0,-19.0,-4.0,19.0,6.0
10.729085,-12.0,45.0,-20.0,-5.0,16.0,6.0
10.73393,-12.0,45.0,-20.0,-5.0,16.0,5.0
10.744253,-12.0,45.0,-22.0,-5.0,16.0,3.0
10.755619,-11.0,46.0,-22.0,-4.0,17.0,3.0
10.765859,-12.0,43.0,-22.0,-4.0,14.0,3.0
10.775859,-10.0,46.0,-22.0,-2.0,17.0,3.0
10.785298,-10.0,46.0,-22.0,-2.0,17.0,3.0
10.796869,-11.0,44.0,-21.0,-3.0,15.0,4.0
10.80696,-11.0,48.0,-19.0,-3.0,20.0,7.0
10.818348,-11.0,46.0,-20.0,-4.0,17.0,5.0
10.823281,-12.0,48.0,-19.0,-5.0,19.0,6.0
10.832638,-11.0,46.0,-23.0,-4.0,17.0,2.0
10.84494,-9.0,43.0,-21.0,-2.0,13.0,3.0
10.85423,-10.0,45.0,-22.0,-3.0,15.0,2.0
10.864229,-10.0,45.0,-22.0,-3.0,15.0,3.0
10.874229,-10.0,45.0,-22.0,-3.0,15.0,3.0
10.885089,-10.0,45.0,-22.0,-3.0,15.0,3.0
10.89596,-10.0,47.0,-18.0,-3.0,18.0,7.0
10.906776,-12.0,48.0,-20.0,-5.0,20.0,5.0
10.917272,-10.0,49.0,-18.0,-3.0,20.0,7.0
10.920722,-10.0,49.0,-18.0,-3.0,20.0,6.0
10.933384,-12.0,44.0,-23.0,-5.0,14.0,1.0
10.943736,-10.0,45.0,-23.0,-3.0,14.0,1.0
10.953736,-10.0,44.0,-21.0,-3.0,13.0,3.0
10.963307,-10.0,44.0,-21.0,-3.0,13.0,3.0
10.974842,-13.0,46.0,-21.0,-6.0,16.0,3.0
10.984809,-11.0,47.0,-20.0,-4.0,17.0,5.0
10.995853,-12.0,46.0,-21.0,-5.0,17.0,4.0
11.005809,-11.0,47.0,-19.0,-4.0,18.0,6.0
11.016833,-11.0,46.0,-21.0,-3.0,17.0,4.0
11.021691,-11.0,48.0,-18.0,-3.0,18.0,7.0
11.0310545,-11.0,45.0,-21.0,-3.0,15.0,3.0
11.042731,-10.0,46.0,-22.0,-3.0,16.0,2.0
11.05201,-11.0,44.0,-23.0,-4.0,14.0,1.0
11.063677,-10.0,45.0,-23.0,-3.0,15.0,1.0
11.073677,-12.0,46.0,-23.0,-5.0,17.0,2.0
11.082862,-12.0,46.0,-23.0,-5.0,17.0,2.0
11.093327,-9.0,48.0,-19.0,-2.0,19.0,7.0
11.104145,-11.0,46.0,-19.0,-4.0,17.0,7.0
11.114601,-9.0,47.0,-19.0,-2.0,18.0,7.0
11.125481,-12.0,46.0,-20.0,-5.0,16.0,5.0
11.130317,-12.0,46.0,-20.0,-6.0,16.0,4.0
11.139607,-9.0,45.0,-21.0,-2.0,15.0,3.0
11.150919,-11.0,46.0,-24.0,-4.0,16.0,3.0
11.160351,-10.0,43.0,-23.0,-3.0,13.0,1.0
11.171734,-10.0,46.0,-22.0,-3.0,17.0,3.0
11.181069,-10.0,44.0,-23.0,-3.0,15.0,3.0
11.19107,-11.0,44.0,-21.0,-4.0,15.0,5.0
11.2006235,-11.0,44.0,-21.0,-4.0,15.0,5.0
11.211969,-13.0,45.0,-21.0,-7.0,17.0,5.0
11.221941,-11.0,48.0,-19.0,-4.0,20.0,7.0
11.232965,-11.0,46.0,-20.0,-4.0,18.0,6.0
11.242976,-11.0,46.0,-19.0,-4.0,17.0,6.0
11.2541275,-12.0,45.0,-21.0,-5.0,16.0,4.0
11.258959,-11.0,47.0,-20.0,-4.0,18.0,4.0
11.268314,-11.0,44.0,-23.0,-3.0,14.0,1.0
11.280058,-11.0,43.0,-21.0,-3.0,13.0,3.0
11.289397,-13.0,45.0,-22.0,-6.0,16.0,2.0
11.301011,-10.0,44.0,-21.0,-3.0,15.0,4.0
11.311012,-9.0,43.0,-23.0,-1.0,15.0,2.0
11.320174,-9.0,43.0,-23.0,-1.0,15.0,2.0
11.330853,-11.0,49.0,-18.0,-4.0,21.0,7.0
11.342025,-13.0,46.0,-20.0,-6.0,18.0,6.0
11.352533,-11.0,47.0,-19.0,-4.0,19.0,6.0
11.3560095,-11.0,47.0,-19.0,-4.0,18.0,6.0
11.368439,-11.0,44.0,-23.0,-4.0,14.0,1.0
11.378089,-11.0,45.0,-23.0,-4.0,15.0,1.0
11.389689,-9.0,44.0,-23.0,-2.0,14.0,1.0
11.400012,-11.0,44.0,-24.0,-4.0,15.0,1.0
11.410012,-12.0,44.0,-21.0,-5.0,15.0,5.0
11.418332,-12.0,44.0,-21.0,-5.0,15.0,5.0
11.429904,-12.0,46.0,-22.0,-5.0,18.0,4.0
11.44,-10.0,48.0,-19.0,-3.0,20.0,8.0
11.451388,-11.0,45.0,-19.0,-4.0,17.0,7.0
11.456257,-11.0,47.0,-21.0,-4.0,18.0,5.0
11.465684,-11.0,46.0,-22.0,-4.0,17.0,3.0
11.477536,-11.0,44.0,-23.0,-4.0,14.0,2.0
11.4868145,-13.0,44.0,-21.0,-6.0,14.0,4.0
11.498759,-11.0,43.0,-23.0,-4.0,14.0,2.0
11.508034,-9.0,45.0,-22.0,-2.0,16.0,3.0
11.518033,-10.0,45.0,-24.0,-2.0,17.0,2.0
11.527563,-10.0,45.0,-24.0,-2.0,17.0,2.0
11.53853,-12.0,47.0,-21.0,-5.0,19.0,5.0
11.549087,-12.0,47.0,-21.0,-5.0,19.0,5.0
11.559961,-14.0,48.0,-18.0,-7.0,20.0,8.0
11.564856,-14.0,48.0,-18.0,-7.0,19.0,8.0
11.575294,-10.0,45.0,-23.0,-2.0,15.0,2.0
11.586618,-10.0,44.0,-22.0,-2.0,14.0,2.0
11.596913,-11.0,44.0,-22.0,-3.0,14.0,2.0
11.606913,-10.0,45.0,-21.0,-2.0,15.0,4.0
11.615963,-10.0,45.0,-21.0,-2.0,15.0,4.0
11.627124,-12.0,45.0,-21.0,-4.0,16.0,4.0
11.637276,-9.0,46.0,-19.0,-2.0,17.0,6.0
11.648379,-12.0,45.0,-19.0,-5.0,16.0,6.0
11.65843,-10.0,48.0,-19.0,-3.0,19.0,6.0
11.669481,-13.0,46.0,-20.0,-6.0,17.0,4.0
11.674333,-10.0,48.0,-20.0,-3.0,19.0,4.0
11.682319,-12.0,44.0,-22.0,-5.0,14.0,2.0
11.694987,-11.0,44.0,-22.0,-4.0,14.0,2.0
11.704363,-11.0,43.0,-23.0,-4.0,13.0,1.0
11.715942,-10.0,46.0,-23.0,-3.0,17.0,2.0
11.725272,-10.0,45.0,-21.0,-3.0,16.0,4.0
11.735272,-11.0,46.0,-22.0,-4.0,18.0,4.0
11.744699,-11.0,46.0,-22.0,-4.0,18.0,4.0
11.756001,-12.0,46.0,-21.0,-5.0,18.0,5.0
11.766163,-11.0,47.0,-18.0,-4.0,18.0,8.0
11.777079,-12.0,45.0,-20.0,-5.0,16.0,6.0
11.787216,-11.0,48.0,-19.0,-4.0,19.0,6.0
11.79205,-11.0,48.0,-19.0,-4.0,18.0,5.0
11.80373,-11.0,45.0,-21.0,-4.0,15.0,3.0
11.811684,-10.0,44.0,-21.0,-3.0,14.0,3.0
11.82341,-12.0,46.0,-23.0,-5.0,16.0,1.0
11.831423,-12.0,43.0,-23.0,-5.0,13.0,1.0
11.843173,-11.0,45.0,-23.0,-4.0,16.0,2.0
11.852528,-11.0,42.0,-23.0,-4.0,13.0,2.0
11.864173,-10.0,44.0,-23.0,-3.0,16.0,3.0
11.873493,-10.0,45.0,-22.0,-3.0,17.0,5.0
11.883492,-12.0,46.0,-25.0,-5.0,19.0,2.0
11.892858,-12.0,46.0,-25.0,-5.0,19.0,2.0
11.904018,-11.0,47.0,-21.0,-4.0,20.0,6.0
11.914011,-12.0,47.0,-17.0,-5.0,19.0,10.0
11.925122,-12.0,47.0,-19.0,-5.0,18.0,8.0
11.935074,-10.0,47.0,-19.0,-3.0,18.0,7.0
11.947583,-12.0,46.0,-19.0,-5.0,16.0,6.0
11.952653,-12.0,48.0,-18.0,-4.0,18.0,6.0
11.961993,-10.0,44.0,-21.0,-2.0,14.0,2.0
11.9719925,-11.0,44.0,-21.0,-3.0,14.0,2.0
11.981993,-11.0,44.0,-21.0,-3.0,14.0,2.0
11.992656,-11.0,44.0,-21.0,-3.0,14.0,2.0
12.003512,-10.0,47.0,-19.0,-3.0,17.0,5.0
12.014409,-12.0,48.0,-21.0,-5.0,19.0,3.0
12.024909,-12.0,46.0,-20.0,-5.0,17.0,5.0
12.029726,-12.0,46.0,-20.0,-5.0,17.0,5.0
12.04104,-12.0,43.0,-20.0,-5.0,13.0,5.0
12.051329,-9.0,45.0,-23.0,-1.0,15.0,1.0
12.06133,-12.0,45.0,-22.0,-4.0,16.0,2.0
12.07133,-12.0,45.0,-22.0,-4.0,16.0,2.0
12.082217,-12.0,45.0,-22.0,-4.0,16.0,2.0
12.0926,-10.0,47.0,-19.0,-3.0,19.0,6.0
12.104035,-13.0,44.0,-19.0,-6.0,16.0,6.0
12.108876,-12.0,47.0,-18.0,-5.0,19.0,7.0
12.118305,-11.0,45.0,-24.0,-4.0,16.0,1.0
12.130488,-12.0,45.0,-21.0,-4.0,16.0,3.0
12.139827,-12.0,44.0,-22.0,-4.0,15.0,2.0
12.149827,-10.0,45.0,-21.0,-2.0,16.0,4.0
12.159827,-10.0,45.0,-21.0,-2.0,16.0,4.0
12.170643,-10.0,45.0,-21.0,-2.0,16.0,4.0
12.181587,-11.0,49.0,-19.0,-4.0,20.0,6.0
12.192424,-11.0,46.0,-21.0,-4.0,17.0,4.0
12.203418,-12.0,47.0,-20.0,-5.0,18.0,5.0
12.208304,-12.0,47.0,-20.0,-5.0,17.0,5.0
12.219711,-12.0,43.0,-22.0,-5.0,13.0,3.0
12.229951,-11.0,44.0,-22.0,-4.0,14.0,2.0
12.239951,-11.0,44.0,-22.0,-3.0,14.0,3.0
12.248825,-11.0,44.0,-22.0,-3.0,14.0,3.0
12.2600765,-12.0,46.0,-22.0,-4.0,17.0,3.0
12.2700205,-11.0,48.0,-20.0,-3.0,19.0,5.0
12.281084,-14.0,45.0,-21.0,-6.0,17.0,5.0
12.29104,-10.0,47.0,-21.0,-2.0,18.0,4.0
12.302123,-13.0,46.0,-21.0,-5.0,17.0,4.0
12.306943,-10.0,48.0,-19.0,-2.0,19.0,6.0
12.316266,-10.0,44.0,-24.0,-2.0,14.0,1.0
12.327921,-10.0,46.0,-22.0,-2.0,16.0,3.0
12.337383,-10.0,43.0,-22.0,-3.0,13.0,3.0
12.34894,-12.0,45.0,-21.0,-5.0,15.0,4.0
12.358328,-12.0,45.0,-22.0,-5.0,16.0,4.0
12.368329,-10.0,44.0,-23.0,-3.0,15.0,3.0
12.377582,-10.0,44.0,-23.0,-3.0,15.0,3.0
12.388718,-11.0,46.0,-20.0,-4.0,18.0,6.0
12.398903,-12.0,48.0,-20.0,-5.0,20.0,6.0
12.4087925,-12.0,46.0,-20.0,-5.0,18.0,6.0
12.419126,-10.0,43.0,-22.0,-3.0,14.0,3.0
12.42998,-12.0,44.0,-21.0,-5.0,15.0,4.0
12.434879,-12.0,44.0,-21.0,-5.0,15.0,4.0
12.444203,-11.0,44.0,-22.0,-3.0,15.0,3.0
12.454204,-11.0,44.0,-23.0,-3.0,16.0,2.0
12.468098,-11.0,44.0,-23.0,-3.0,16.0,2.0
12.478355,-10.0,47.0,-20.0,-2.0,19.0,5.0
12.488386,-12.0,48.0,-19.0,-5.0,20.0,6.0
12.499452,-13.0,47.0,-21.0,-6.0,19.0,4.0
12.504327,-11.0,48.0,-21.0,-4.0,19.0,4.0
12.513742,-12.0,43.0,-24.0,-4.0,13.0,1.0
12.52575,-13.0,43.0,-22.0,-5.0,13.0,3.0
12.53507,-11.0,44.0,-23.0,-3.0,14.0,2.0
12.54673,-12.0,44.0,-24.0,-4.0,15.0,2.0
12.556046,-11.0,42.0,-21.0,-3.0,14.0,5.0
12.566046,-10.0,43.0,-23.0,-2.0,15.0,4.0
12.57687,-10.0,43.0,-23.0,-2.0,15.0,4.0
12.587914,-12.0,46.0,-21.0,-4.0,19.0,6.0
12.59844,-12.0,46.0,-20.0,-4.0,19.0,7.0
12.601882,-12.0,46.0,-20.0,-5.0,19.0,6.0
12.614418,-11.0,45.0,-22.0,-3.0,17.0,4.0
12.624688,-11.0,44.0,-22.0,-3.0,16.0,3.0
12.634688,-10.0,45.0,-21.0,-2.0,16.0,4.0
12.644689,-10.0,45.0,-21.0,-2.0,16.0,4.0
12.654688,-10.0,45.0,-21.0,-2.0,16.0,4.0
12.664185,-10.0,45.0,-21.0,-2.0,16.0,4.0
12.675927,-13.0,46.0,-21.0,-6.0,18.0,4.0
12.6860285,-12.0,45.0,-19.0,-5.0,17.0,6.0
12.697405,-12.0,48.0,-21.0,-5.0,20.0,4.0
12.702263,-11.0,46.0,-20.0,-3.0,17.0,5.0
12.711548,-11.0,43.0,-24.0,-3.0,14.0,5.0
12.723867,-11.0,46.0,-24.0,-3.0,17.0,1.0
12.731817,-11.0,44.0,-21.0,-3.0,15.0,4.0
12.743689,-12.0,45.0,-22.0,-4.0,16.0,4.0
12.753017,-10.0,44.0,-21.0,-3.0,15.0,5.0
12.763018,-10.0,45.0,-23.0,-3.0,17.0,3.0
12.774891,-10.0,45.0,-23.0,-3.0,17.0,3.0
12.78489,-13.0,44.0,-22.0,-6.0,16.0,4.0
12.793782,-13.0,44.0,-22.0,-6.0,16.0,4.0
12.804747,-12.0,46.0,-21.0,-5.0,18.0,5.0
12.815293,-12.0,48.0,-20.0,-5.0,20.0,6.0
12.826147,-11.0,47.0,-20.0,-3.0,19.0,6.0
12.831008,-11.0,47.0,-20.0,-3.0,18.0,6.0
12.841322,-12.0,43.0,-22.0,-4.0,13.0,3.0
12.852768,-10.0,44.0,-22.0,-2.0,14.0,3.0
12.863096,-10.0,44.0,-24.0,-2.0,14.0,1.0
12.8730955,-11.0,44.0,-23.0,-4.0,15.0,2.0
12.881724,-11.0,44.0,-23.0,-4.0,15.0,2.0
12.892871,-14.0,45.0,-19.0,-7.0,17.0,7.0
12.902859,-10.0,47.0,-19.0,-3.0,19.0,7.0
12.913881,-12.0,46.0,-21.0,-5.0,18.0,5.0
12.923837,-10.0,47.0,-21.0,-3.0,19.0,4.0
12.934843,-12.0,46.0,-21.0,-4.0,17.0,4.0
12.939689,-11.0,48.0,-20.0,-4.0,19.0,5.0
12.94903,-11.0,44.0,-24.0,-4.0,14.0,1.0
12.960734,-11.0,45.0,-25.0,-4.0,15.0,1.0
12.97019,-11.0,44.0,-23.0,-4.0,14.0,2.0
12.981793,-10.0,44.0,-23.0,-3.0,15.0,3.0
12.991118,-12.0,44.0,-23.0,-5.0,15.0,4.0
13.001119,-10.0,44.0,-22.0,-3.0,16.0,5.0
13.011118,-10.0,44.0,-22.0,-3.0,16.0,5.0
13.021074,-10.0,44.0,-22.0,-3.0,16.0,5.0
13.03167,-11.0,47.0,-18.0,-4.0,19.0,9.0
13.042525,-14.0,45.0,-20.0,-7.0,17.0,7.0
13.052658,-11.0,47.0,-19.0,-4.0,19.0,7.0
13.063523,-13.0,45.0,-20.0,-6.0,16.0,5.0
13.068391,-13.0,45.0,-20.0,-5.0,16.0,4.0
13.077833,-11.0,44.0,-23.0,-3.0,15.0,1.0
13.089194,-11.0,44.0,-22.0,-3.0,15.0,2.0
13.098554,-12.0,43.0,-24.0,-4.0,14.0,2.0
13.109934,-11.0,45.0,-22.0,-3.0,17.0,3.0
13.11924,-12.0,44.0,-22.0,-4.0,16.0,4.0
13.129239,-11.0,44.0,-21.0,-3.0,16.0,5.0
13.140816,-11.0,44.0,-21.0,-3.0,16.0,5.0
13.150816,-13.0,44.0,-21.0,-5.0,16.0,6.0
13.158955,-13.0,44.0,-21.0,-5.0,16.0,6.0
13.170159,-13.0,46.0,-22.0,-5.0,18.0,5.0
13.180187,-12.0,47.0,-20.0,-4.0,19.0,6.0
13.191217,-14.0,46.0,-21.0,-6.0,18.0,5.0
13.201173,-12.0,47.0,-19.0,-3.0,18.0,7.0
13.21262,-12.0,46.0,-20.0,-3.0,17.0,5.0
13.217533,-12.0,48.0,-20.0,-3.0,18.0,5.0
13.226812,-12.0,45.0,-24.0,-3.0,15.0,5.0
13.238682,-11.0,46.0,-22.0,-2.0,16.0,2.0
13.248205,-11.0,43.0,-24.0,-3.0,13.0,1.0
13.258205,-10.0,44.0,-23.0,-2.0,14.0,2.0
13.268205,-10.0,44.0,-23.0,-2.0,14.0,2.0
13.278137,-10.0,44.0,-23.0,-2.0,14.0,2.0
13.289308,-11.0,47.0,-19.0,-3.0,18.0,8.0
13.300142,-12.0,47.0,-19.0,-4.0,19.0,8.0
13.305046,-12.0,47.0,-19.0,-5.0,18.0,7.0
13.315529,-10.0,45.0,-22.0,-3.0,16.0,4.0
13.326923,-10.0,44.0,-23.0,-2.0,15.0,2.0
13.337175,-11.0,44.0,-23.0,-4.0,14.0,2.0
13.347175,-9.0,45.0,-21.0,-2.0,16.0,4.0
13.357175,-9.0,45.0,-21.0,-2.0,16.0,4.0
13.367175,-9.0,45.0,-21.0,-2.0,16.0,4.0
13.376169,-9.0,45.0,-21.0,-2.0,16.0,4.0
13.387908,-14.0,45.0,-23.0,-7.0,17.0,3.0
13.398157,-12.0,47.0,-21.0,-5.0,19.0,5.0
13.408865,-12.0,47.0,-22.0,-5.0,19.0,4.0
13.41376,-12.0,47.0,-18.0,-4.0,18.0,8.0
13.424371,-12.0,47.0,-18.0,-4.0,18.0,8.0
13.436306,-12.0,45.0,-24.0,-4.0,15.0,8.0
13.446001,-12.0,44.0,-24.0,-4.0,14.0,8.0
13.456,-11.0,44.0,-24.0,-3.0,14.0,8.0
13.466001,-11.0,44.0,-24.0,-3.0,14.0,8.0
13.476461,-11.0,44.0,-24.0,-3.0,14.0,8.0
13.486744,-11.0,48.0,-20.0,-3.0,19.0,6.0
13.498104,-12.0,46.0,-20.0,-4.0,18.0,6.0
13.501552,-12.0,46.0,-20.0,-4.0,18.0,6.0
13.513508,-11.0,43.0,-25.0,-3.0,14.0,1.0
13.524802,-12.0,44.0,-22.0,-4.0,15.0,4.0
13.534076,-12.0,43.0,-23.0,-4.0,14.0,3.0
13.545585,-12.0,44.0,-23.0,-4.0,16.0,3.0
13.554967,-11.0,44.0,-23.0,-3.0,16.0,3.0
13.564966,-10.0,42.0,-23.0,-2.0,14.0,4.0
13.574966,-10.0,42.0,-23.0,-2.0,14.0,4.0
13.585458,-10.0,42.0,-23.0,-2.0,14.0,4.0
13.595459,-13.0,47.0,-20.0,-6.0,20.0,7.0
13.605458,-13.0,47.0,-20.0,-6.0,20.0,7.0
13.61106,-13.0,47.0,-20.0,-6.0,20.0,7.0
13.622974,-12.0,42.0,-23.0,-5.0,14.0,3.0
13.632251,-12.0,45.0,-23.0,-4.0,17.0,3.0
13.643832,-11.0,45.0,-23.0,-3.0,17.0,3.0
13.653258,-10.0,42.0,-22.0,-2.0,14.0,4.0
13.664842,-11.0,44.0,-23.0,-3.0,16.0,3.0
13.674113,-11.0,44.0,-24.0,-3.0,16.0,2.0
13.692041,-12.0,44.0,-23.0,-5.0,16.0,4.0
13.704147,-14.0,44.0,-21.0,-7.0,17.0,6.0
13.7136965,-11.0,46.0,-20.0,-4.0,19.0,7.0
13.7253065,-12.0,47.0,-21.0,-4.0,20.0,6.0
13.72879,-12.0,47.0,-20.0,-4.0,19.0,6.0
13.735483,-12.0,47.0,-20.0,-4.0,18.0,6.0
13.738938,-12.0,47.0,-20.0,-4.0,18.0,5.0
13.7518835,-12.0,45.0,-23.0,-4.0,15.0,2.0
13.761172,-11.0,43.0,-23.0,-3.0,13.0,1.0
13.772844,-12.0,43.0,-22.0,-4.0,13.0,3.0
13.782156,-12.0,45.0,-22.0,-4.0,16.0,3.0
13.792156,-11.0,44.0,-22.0,-3.0,15.0,4.0
13.802156,-11.0,44.0,-22.0,-3.0,15.0,4.0
13.812157,-11.0,44.0,-22.0,-3.0,15.0,4.0
13.822156,-11.0,44.0,-22.0,-3.0,15.0,4.0
13.831965,-11.0,44.0,-22.0,-3.0,15.0,4.0
13.843079,-12.0,46.0,-19.0,-5.0,18.0,7.0
13.853916,-12.0,47.0,-19.0,-5.0,19.0,7.0
13.858767,-12.0,47.0,-19.0,-5.0,18.0,6.0
13.8690405,-12.0,44.0,-23.0,-5.0,15.0,2.0
13.880387,-11.0,44.0,-22.0,-3.0,15.0,2.0
13.890634,-12.0,45.0,-24.0,-4.0,16.0,2.0
13.900634,-10.0,43.0,-20.0,-2.0,14.0,5.0
13.910634,-10.0,43.0,-20.0,-2.0,14.0,5.0
13.920634,-10.0,43.0,-20.0,-2.0,14.0,5.0
13.929918,-10.0,43.0,-20.0,-2.0,14.0,5.0
13.941705,-12.0,46.0,-20.0,-5.0,18.0,6.0
13.95179,-11.0,46.0,-19.0,-4.0,19.0,7.0
13.963202,-11.0,46.0,-22.0,-4.0,19.0,3.0
13.9680605,-10.0,48.0,-19.0,-3.0,20.0,6.0
13.977493,-11.0,46.0,-24.0,-4.0,17.0,6.0
13.989622,-12.0,45.0,-22.0,-5.0,16.0,2.0
13.998916,-11.0,45.0,-22.0,-4.0,15.0,3.0
14.008915,-11.0,44.0,-22.0,-4.0,14.0,3.0
14.02082,-11.0,44.0,-22.0,-4.0,14.0,3.0
14.030819,-11.0,44.0,-24.0,-4.0,15.0,2.0
14.03989,-11.0,44.0,-24.0,-4.0,15.0,2.0
14.050856,-13.0,47.0,-21.0,-5.0,18.0,5.0
14.061437,-12.0,46.0,-21.0,-4.0,18.0,6.0
14.072283,-14.0,46.0,-20.0,-6.0,18.0,7.0
14.077134,-14.0,46.0,-20.0,-6.0,17.0,6.0
14.087423,-10.0,44.0,-22.0,-1.0,15.0,4.0
14.098746,-13.0,43.0,-24.0,-4.0,14.0,1.0
14.109134,-12.0,45.0,-23.0,-3.0,16.0,2.0
14.119133,-11.0,42.0,-24.0,-2.0,13.0,1.0
14.129133,-11.0,42.0,-24.0,-2.0,13.0,1.0
14.140289,-11.0,42.0,-24.0,-2.0,13.0,1.0
14.150617,-11.0,48.0,-19.0,-3.0,20.0,7.0
14.154203,-11.0,48.0,-19.0,-3.0,21.0,7.0
14.1659565,-11.0,44.0,-23.0,-3.0,16.0,3.0
14.1753645,-11.0,43.0,-24.0,-4.0,14.0,2.0
14.186983,-12.0,43.0,-24.0,-5.0,14.0,1.0
14.196306,-13.0,44.0,-22.0,-6.0,15.0,4.0
14.207896,-10.0,45.0,-23.0,-3.0,17.0,3.0
14.217392,-11.0,45.0,-23.0,-3.0,17.0,4.0
14.227392,-12.0,43.0,-23.0,-4.0,15.0,4.0
14.237392,-12.0,43.0,-23.0,-4.0,15.0,4.0
14.247393,-12.0,43.0,-23.0,-4.0,15.0,4.0
14.257121,-12.0,43.0,-23.0,-4.0,15.0,4.0
14.268447,-12.0,46.0,-22.0,-4.0,18.0,5.0
14.2786665,-12.0,46.0,-21.0,-4.0,19.0,6.0
14.289565,-12.0,46.0,-21.0,-4.0,18.0,5.0
14.2944145,-12.0,46.0,-21.0,-4.0,18.0,5.0
14.303727,-12.0,43.0,-24.0,-4.0,14.0,2.0
14.315438,-11.0,44.0,-24.0,-3.0,15.0,2.0
14.324799,-11.0,45.0,-24.0,-3.0,16.0,2.0
14.336384,-12.0,44.0,-24.0,-4.0,16.0,2.0
14.3457365,-11.0,44.0,-24.0,-3.0,16.0,3.0
14.355737,-13.0,43.0,-22.0,-5.0,15.0,5.0
14.365737,-13.0,43.0,-22.0,-5.0,15.0,5.0
14.375736,-13.0,43.0,-22.0,-5.0,15.0,5.0
14.385736,-13.0,43.0,-22.0,-5.0,15.0,5.0
14.397068,-13.0,43.0,-22.0,-5.0,15.0,5.0
14.407767,-11.0,47.0,-21.0,-4.0,20.0,6.0
14.411214,-11.0,47.0,-21.0,-4.0,20.0,6.0
14.42441,-12.0,41.0,-23.0,-5.0,13.0,3.0
14.432624,-13.0,45.0,-23.0,-6.0,17.0,3.0
14.444287,-11.0,42.0,-23.0,-3.0,14.0,3.0
14.452246,-13.0,44.0,-24.0,-5.0,16.0,2.0
14.463865,-9.0,42.0,-21.0,-1.0,14.0,5.0
14.472684,-11.0,44.0,-24.0,-3.0,17.0,3.0
14.482684,-12.0,45.0,-23.0,-4.0,18.0,4.0
14.492684,-12.0,45.0,-23.0,-4.0,18.0,4.0
14.502684,-12.0,45.0,-23.0,-4.0,18.0,4.0
14.514691,-12.0,45.0,-23.0,-4.0,18.0,4.0
14.525879,-12.0,45.0,-21.0,-5.0,18.0,6.0
14.53645,-10.0,46.0,-21.0,-3.0,19.0,6.0
14.539895,-10.0,46.0,-21.0,-3.0,18.0,6.0
14.552742,-14.0,44.0,-21.0,-7.0,16.0,5.0
14.563104,-11.0,42.0,-24.0,-4.0,13.0,2.0
14.573104,-11.0,44.0,-23.0,-4.0,15.0,2.0
14.583103,-11.0,44.0,-23.0,-4.0,15.0,2.0
14.593103,-11.0,44.0,-23.0,-4.0,15.0,2.0
14.603534,-11.0,44.0,-23.0,-4.0,15.0,2.0
14.615375,-12.0,44.0,-23.0,-5.0,17.0,4.0
14.620361,-12.0,46.0,-19.0,-5.0,19.0,8.0
14.629664,-11.0,43.0,-24.0,-4.0,16.0,3.0
14.64221,-12.0,42.0,-22.0,-4.0,15.0,4.0
14.651522,-11.0,42.0,-23.0,-3.0,15.0,3.0
14.661523,-12.0,43.0,-22.0,-4.0,16.0,4.0
14.673491,-12.0,43.0,-22.0,-4.0,16.0,4.0
14.683491,-12.0,43.0,-22.0,-4.0,16.0,4.0
14.6923895,-12.0,43.0,-22.0,-4.0,16.0,4.0
14.703356,-12.0,45.0,-21.0,-4.0,18.0,5.0
14.713871,-13.0,46.0,-21.0,-5.0,19.0,5.0
14.72465,-14.0,44.0,-20.0,-6.0,17.0,6.0
14.729468,-14.0,44.0,-20.0,-6.0,16.0,5.0
14.739722,-12.0,43.0,-23.0,-3.0,15.0,2.0
14.751132,-12.0,43.0,-24.0,-3.0,15.0,1.0
14.761391,-13.0,43.0,-24.0,-4.0,15.0,1.0
14.771392,-12.0,43.0,-26.0,-3.0,16.0,1.0
14.784437,-12.0,43.0,-26.0,-3.0,16.0,1.0
14.788587,-12.0,43.0,-26.0,-3.0,16.0,1.0
14.798929,-12.0,42.0,-24.0,-3.0,15.0,4.0
14.807829,-13.0,44.0,-25.0,-4.0,18.0,4.0
14.817661,-12.0,48.0,-29.0,-4.0,22.0,4.0
14.829667,-10.0,41.0,-27.0,-2.0,14.0,2.0
14.838791,-11.0,44.0,-27.0,-3.0,17.0,3.0
14.847687,-13.0,43.0,-24.0,-5.0,16.0,7.0
14.859033,-12.0,42.0,-31.0,-4.0,15.0,7.0
14.870112,-14.0,41.0,-28.0,-6.0,14.0,3.0
14.887639,-13.0,41.0,-28.0,-5.0,14.0,3.0
14.900534,-14.0,41.0,-27.0,-6.0,15.0,5.0
14.909918,-14.0,42.0,-27.0,-5.0,16.0,5.0
14.920656,-15.0,39.0,-29.0,-6.0,14.0,3.0
14.929135,-15.0,40.0,-30.0,-5.0,15.0,2.0
14.940653,-17.0,37.0,-31.0,-7.0,13.0,1.0
14.949929,-15.0,38.0,-29.0,-4.0,14.0,3.0
14.959367,-15.0,37.0,-29.0,-4.0,14.0,4.0
14.968833,-17.0,36.0,-29.0,-5.0,14.0,4.0
14.9807415,-17.0,36.0,-29.0,-5.0,14.0,4.0
14.990742,-18.0,31.0,-33.0,-6.0,10.0,4.0
15.001909,-18.0,31.0,-33.0,-6.0,10.0,4.0
15.005363,-18.0,35.0,-29.0,-6.0,15.0,5.0
15.016346,-16.0,30.0,-35.0,-4.0,11.0,5.0
15.027219,-20.0,31.0,-34.0,-7.0,13.0,1.0
15.037123,-18.0,29.0,-34.0,-5.0,12.0,1.0
15.046849,-19.0,27.0,-34.0,-5.0,11.0,2.0
15.055354,-19.0,27.0,-34.0,-5.0,12.0,3.0
15.065632,-15.0,32.0,-35.0,-1.0,19.0,3.0
15.076407,-17.0,26.0,-37.0,-2.0,14.0,1.0
15.0874405,-18.0,24.0,-36.0,-4.0,12.0,2.0
15.097169,-18.0,25.0,-35.0,-4.0,13.0,4.0
15.106893,-17.0,23.0,-36.0,-3.0,12.0,3.0
15.117476,-17.0,22.0,-35.0,-3.0,12.0,5.0
15.127478,-18.0,21.0,-37.0,-4.0,12.0,3.0
15.137478,-18.0,21.0,-37.0,-4.0,12.0,3.0
15.147477,-18.0,21.0,-37.0,-4.0,12.0,3.0
15.155603,-18.0,21.0,-37.0,-4.0,12.0,3.0
15.168027,-21.0,20.0,-33.0,-7.0,15.0,7.0
15.176726,-20.0,20.0,-34.0,-6.0,15.0,6.0
15.188612,-23.0,21.0,-36.0,-8.0,17.0,3.0
15.205233,-21.0,18.0,-32.0,-5.0,14.0,7.0
15.215233,-18.0,15.0,-34.0,-1.0,12.0,4.0
15.227048,-18.0,15.0,-34.0,-1.0,12.0,4.0
15.237048,-17.0,9.0,-36.0,-1.0,7.0,1.0
15.247047,-17.0,9.0,-36.0,-1.0,7.0,1.0
15.257048,-17.0,9.0,-36.0,-1.0,7.0,1.0
15.267555,-17.0,9.0,-36.0,-1.0,7.0,1.0
15.2775545,-18.0,11.0,-36.0,-3.0,15.0,2.0
15.285727,-18.0,11.0,-36.0,-3.0,15.0,2.0
15.295726,-18.0,9.0,-34.0,-4.0,15.0,5.0
15.308014,-18.0,9.0,-34.0,-4.0,15.0,5.0
15.324934,-17.0,8.0,-33.0,-3.0,15.0,6.0
15.334933,-17.0,7.0,-34.0,-3.0,14.0,4.0
15.347386,-17.0,7.0,-34.0,-3.0,14.0,4.0
15.357387,-18.0,3.0,-34.0,-5.0,10.0,4.0
15.367386,-18.0,3.0,-34.0,-5.0,10.0,4.0
15.377386,-18.0,3.0,-34.0,-5.0,10.0,4.0
15.389477,-18.0,3.0,-34.0,-5.0,10.0,4.0
15.394591,-15.0,7.0,-34.0,-2.0,16.0,4.0
15.404592,-19.0,4.0,-33.0,-6.0,14.0,5.0
15.416645,-19.0,4.0,-33.0,-6.0,14.0,5.0
15.426645,-15.0,4.0,-36.0,-2.0,15.0,2.0
15.4366455,-15.0,4.0,-36.0,-2.0,15.0,2.0
15.441824,-15.0,4.0,-36.0,-2.0,15.0,2.0
15.457493,-16.0,4.0,-34.0,-2.0,12.0,3.0
15.462687,-16.0,4.0,-34.0,-2.0,13.0,4.0
15.472686,-18.0,1.0,-35.0,-5.0,14.0,3.0
15.484268,-18.0,1.0,-35.0,-5.0,14.0,3.0
15.500712,-17.0,1.0,-32.0,-4.0,15.0,6.0
15.510713,-18.0,-2.0,-33.0,-5.0,14.0,5.0
15.520713,-18.0,-2.0,-33.0,-5.0,14.0,5.0
15.534783,-18.0,-2.0,-33.0,-5.0,14.0,5.0
15.544784,-15.0,-1.0,-31.0,-2.0,15.0,6.0
15.554783,-15.0,-1.0,-31.0,-2.0,15.0,6.0
15.564784,-15.0,-1.0,-31.0,-2.0,15.0,6.0
15.573632,-15.0,-1.0,-31.0,-2.0,15.0,6.0
15.5836315,-15.0,-2.0,-31.0,-3.0,15.0,4.0
15.593371,-15.0,-2.0,-31.0,-3.0,15.0,4.0
15.603372,-17.0,-3.0,-32.0,-5.0,14.0,3.0
15.614567,-17.0,-3.0,-32.0,-5.0,14.0,3.0
15.624566,-13.0,-2.0,-33.0,-1.0,16.0,2.0
15.634566,-13.0,-2.0,-33.0,-1.0,16.0,2.0
15.644567,-13.0,-2.0,-33.0,-1.0,16.0,2.0
15.653338,-13.0,-2.0,-33.0,-1.0,16.0,2.0
15.663338,-17.0,-4.0,-31.0,-5.0,15.0,4.0
15.673338,-17.0,-4.0,-31.0,-5.0,15.0,4.0
15.684009,-17.0,-4.0,-31.0,-5.0,15.0,4.0
15.69401,-14.0,-3.0,-29.0,-2.0,17.0,7.0
15.704009,-14.0,-3.0,-29.0,-2.0,17.0,7.0
15.710302,-14.0,-3.0,-29.0,-2.0,17.0,7.0
15.720302,-16.0,-1.0,-30.0,-3.0,19.0,5.0
15.730302,-16.0,-1.0,-30.0,-3.0,19.0,5.0
15.740896,-16.0,-1.0,-30.0,-3.0,19.0,5.0
15.757169,-16.0,-6.0,-31.0,-4.0,14.0,3.0
15.769867,-15.0,-5.0,-31.0,-3.0,14.0,3.0
15.77897,-15.0,-4.0,-29.0,-3.0,16.0,5.0
15.78897,-17.0,-6.0,-29.0,-5.0,15.0,5.0
15.798969,-17.0,-6.0,-29.0,-5.0,15.0,5.0
15.8089695,-17.0,-6.0,-29.0,-5.0,15.0,5.0
15.818969,-17.0,-6.0,-29.0,-5.0,15.0,5.0
15.827219,-17.0,-6.0,-29.0,-5.0,15.0,5.0
15.842483,-16.0,-7.0,-29.0,-4.0,15.0,5.0
15.846505,-16.0,-7.0,-29.0,-4.0,15.0,4.0
15.85886,-14.0,-6.0,-31.0,-2.0,17.0,2.0
15.86843,-15.0,-5.0,-30.0,-3.0,18.0,3.0
15.878429,-15.0,-7.0,-31.0,-3.0,16.0,2.0
15.88843,-15.0,-7.0,-31.0,-3.0,16.0,2.0
15.898431,-15.0,-7.0,-31.0,-3.0,16.0,2.0
15.910367,-15.0,-7.0,-31.0,-3.0,16.0,2.0
15.927514,-15.0,-6.0,-30.0,-4.0,17.0,5.0
15.937514,-15.0,-6.0,-31.0,-4.0,18.0,4.0
15.948133,-15.0,-6.0,-31.0,-4.0,18.0,4.0
15.957742,-17.0,-4.0,-28.0,-6.0,19.0,7.0
