0.0,-0.02749,0.153745,0.340206,0.927289
0.011810261,-0.028952,0.153131,0.341509,0.926867
0.022423072,-0.030469,0.151398,0.344604,0.925957
0.039992344,-0.033438,0.147651,0.348352,0.925057
0.049992345,-0.040332,0.145499,0.355796,0.922286
0.06085833,-0.040332,0.145499,0.355796,0.922286
0.07327708,-0.045996,0.144465,0.359236,0.920849
0.0824976,-0.053194,0.14307,0.363829,0.918873
0.09983859,-0.069926,0.140145,0.372019,0.914915
0.11193558,-0.078351,0.139155,0.375232,0.91307
0.12951641,-0.094555,0.13778,0.386255,0.907128
0.14064333,-0.101401,0.137488,0.389548,0.905022
0.15212037,-0.107966,0.136922,0.395408,0.901802
0.1622639,-0.113728,0.136664,0.400133,0.899044
0.18008286,-0.124081,0.137209,0.412202,0.892113
0.1927275,-0.129422,0.138098,0.41978,0.887673
0.20907125,-0.142282,0.140825,0.436128,0.877334
0.22336912,-0.150121,0.142398,0.443603,0.87201
0.23371157,-0.160198,0.142755,0.455747,0.863858
0.25016552,-0.185169,0.142637,0.472598,0.849716
0.2593478,-0.202043,0.140032,0.48559,0.83891
0.26934782,-0.242502,0.131598,0.508383,0.815732
0.27818725,-0.242502,0.131598,0.508383,0.815732
0.2908215,-0.266107,0.126055,0.518564,0.802737
0.3003136,-0.291956,0.119361,0.531305,0.786274
0.31423405,-0.318049,0.113646,0.543418,0.768521
0.32423404,-0.392956,0.106877,0.57848,0.706768
0.33770314,-0.392956,0.106877,0.57848,0.706768
0.35022715,-0.413178,0.103504,0.590191,0.685743
0.36311406,-0.433722,0.098829,0.602484,0.662668
0.37928766,-0.479411,0.083334,0.62444,0.610978
0.3894713,-0.50533,0.070702,0.635554,0.579406
0.40210173,-0.532398,0.056816,0.644586,0.54574
0.4181078,-0.58463,0.024059,0.660094,0.471065
0.42677477,-0.607295,0.004425,0.667973,0.430096
0.43961462,-0.627162,-0.014664,0.6738,0.390442
0.44818777,-0.644533,-0.036684,0.679307,0.348958
0.4581878,-0.67281,-0.083208,0.683907,0.26958
0.46728364,-0.67281,-0.083208,0.683907,0.26958
0.48258287,-0.680713,-0.107739,0.686594,0.231537
0.49967182,-0.691918,-0.153229,0.688546,0.15386
0.5117494,-0.69324,-0.176774,0.68958,0.112458
0.52880234,-0.69025,-0.223794,0.68733,0.032341
0.5391588,0.685638,0.250525,-0.683409,0.0094
0.5491589,0.671132,0.298687,-0.673054,0.085822
0.5578245,0.671132,0.298687,-0.673054,0.085822
0.5751915,0.64776,0.341466,-0.663232,0.154691
0.5926874,0.635555,0.358575,-0.658702,0.183315
0.6079138,0.621224,0.379344,-0.647883,0.224553
0.61951476,0.621073,0.382152,-0.641422,0.238336
0.6361806,0.629165,0.376731,-0.628825,0.258463
0.64872825,0.635264,0.369598,-0.624513,0.264232
0.6651051,0.647151,0.352574,-0.619629,0.270083
0.67721164,0.654186,0.341176,-0.619073,0.269047
0.6945145,0.667982,0.318961,-0.617679,0.265585
0.7052323,0.675237,0.307372,-0.617183,0.262032
0.71448046,0.685362,0.288872,-0.619509,0.251073
0.7319661,0.695059,0.26972,-0.622351,0.238373
0.7439974,0.707614,0.244422,-0.625313,0.220278
0.75396794,0.710841,0.239077,-0.62542,0.215399
0.764378,0.716308,0.226579,-0.627998,0.202934
0.7758027,0.718651,0.22384,-0.627907,0.197908
0.7863541,0.722295,0.21729,-0.628909,0.188539
0.797775,0.724269,0.216666,-0.628371,0.183406
0.80867493,0.726672,0.215016,-0.628134,0.176527
0.8200454,0.728468,0.21578,-0.62731,0.171035
0.83065647,0.731123,0.213849,-0.627103,0.162689
0.84341973,0.734923,0.216059,-0.624953,0.15046
0.8530352,0.737598,0.21379,-0.624703,0.141377
0.8649909,0.738319,0.214995,-0.624563,0.136312
0.8749649,0.738261,0.215131,-0.625362,0.132704
0.886863,0.736807,0.215686,-0.627038,0.131973
0.8970484,0.733853,0.215887,-0.630294,0.132591
0.9087818,0.728863,0.217935,-0.63478,0.135332
0.91895545,0.723454,0.220183,-0.639587,0.138061
0.9305211,0.719041,0.222857,-0.643089,0.140535
0.9425312,0.716277,0.223539,-0.645804,0.141113
0.9538535,0.717213,0.221733,-0.645684,0.139753
0.9644462,0.718618,0.219598,-0.645163,0.138302
0.97418815,0.720826,0.214982,-0.64501,0.134734
0.98489803,0.723203,0.209291,-0.645113,0.130394
0.9973342,0.725439,0.203391,-0.645355,0.126036
1.0081393,0.728032,0.195859,-0.645876,0.12021
1.021551,0.735078,0.173643,-0.647434,0.101672
1.0296361,0.738136,0.163679,-0.647804,0.093342
1.0415605,0.7414,0.150979,-0.64863,0.082516
1.0509695,0.743695,0.140482,-0.649464,0.073333
1.063151,0.745551,0.129262,-0.650742,0.063072
1.073147,0.746661,0.118906,-0.652323,0.053216
1.0850956,0.747198,0.108505,-0.654266,0.043086
1.094367,0.747133,0.098337,-0.65653,0.033001
1.1067613,0.746458,0.088015,-0.659195,0.022686
1.1163508,0.745192,0.078193,-0.662127,0.01271
1.1283214,0.743555,0.068139,-0.665188,0.002382
1.1377587,-0.741523,-0.059022,0.668285,0.007278
1.1509714,-0.736752,-0.042598,0.674332,0.025643
1.1612115,-0.734268,-0.035854,0.677055,0.034072
1.172578,-0.731976,-0.029368,0.679351,0.042769
1.1838626,-0.730015,-0.024064,0.68112,0.050719
1.1955094,-0.728194,-0.018653,0.682539,0.059377
1.2056454,-0.72619,-0.012785,0.68396,0.068423
1.2170985,-0.723541,-0.00455,0.685852,0.077937
1.2274566,-0.721274,0.005784,0.687081,0.087457
1.2406497,-0.717645,0.024396,0.688273,0.103288
1.250627,-0.71645,0.032231,0.688168,0.109928
1.2625339,-0.715866,0.038757,0.687604,0.115033
1.2723094,-0.715726,0.044885,0.686673,0.119163
1.2846671,-0.715856,0.050896,0.685513,0.122597
1.2942349,-0.716346,0.055126,0.684433,0.123935
1.306365,-0.717079,0.059893,0.682951,0.125646
1.3157578,-0.718299,0.061703,0.681712,0.124526
1.3289794,-0.721379,0.063304,0.67907,0.120279
1.3392746,-0.723226,0.062233,0.677865,0.116488
1.3506888,-0.725259,0.059869,0.676713,0.111684
1.3619106,-0.727484,0.057085,0.675333,0.106919
1.3735005,-0.730043,0.051849,0.673967,0.100576
1.3836389,-0.732614,0.047,0.672295,0.095313
1.395107,-0.735449,0.035683,0.671305,0.084792
1.4054912,-0.737783,0.029523,0.669684,0.079538
1.418645,-0.741957,0.005523,0.667748,0.059838
1.427204,-0.743543,-8.88E-4,0.666373,0.055574
1.4391235,-0.744748,-0.018185,0.665779,0.041922
1.4502944,-0.74586,-0.024487,0.664542,0.038409
1.4627137,-0.746433,-0.038709,0.663742,0.028019
1.4722927,-0.747194,-0.044698,0.662626,0.025063
1.4842204,-0.747377,-0.056809,0.661755,0.016698
1.4938779,-0.747845,-0.062204,0.6608,0.014156
1.5070834,-0.747933,-0.0772,0.65925,0.004952
1.5173892,-0.748028,-0.081502,0.658635,0.002976
1.5286534,0.747217,0.092411,-0.658104,0.00496
1.5398761,0.747145,0.095869,-0.657678,0.006445
1.5514822,0.746506,0.103192,-0.657227,0.011426
1.5617871,0.746467,0.10573,-0.656852,0.012293
1.5731616,0.746137,0.110161,-0.656444,0.014943
1.5835538,0.746184,0.111721,-0.656122,0.015186
1.5967681,0.746198,0.115118,-0.655495,0.016155
1.6052803,0.746457,0.115464,-0.655154,0.01553
1.6172736,0.746713,0.116267,-0.654723,0.015463
1.628273,0.747255,0.116166,-0.654138,0.01475
1.6406374,0.747875,0.116494,-0.653376,0.014503
1.650228,0.748465,0.116108,-0.652788,0.013602
1.6621318,0.749077,0.114602,-0.652389,0.011731
1.6719049,0.749525,0.114212,-0.651955,0.011007
1.6842715,0.750028,0.113038,-0.651605,0.009509
1.6961057,0.750571,0.112336,-0.651122,0.007907
1.7074951,0.751122,0.11149,-0.650642,0.007015
1.7178596,0.751565,0.111407,-0.650147,0.006744
1.7295218,0.751944,0.110501,-0.649874,0.005539
1.7397281,0.751975,0.110391,-0.649864,0.004772
1.7511619,0.752137,0.108893,-0.649941,0.002716
1.7617686,0.752251,0.108153,-0.649937,0.001374
1.7753222,-0.753072,-0.105104,0.649484,0.002369
1.7864794,-0.753678,-0.103332,0.649054,0.004331
1.798958,-0.754469,-0.100693,0.648527,0.006995
1.8086106,-0.755258,-0.098161,0.647966,0.009404
1.8206613,-0.756434,-0.092729,0.647308,0.014103
1.8297403,-0.757347,-0.089451,0.646637,0.016805
1.8419795,-0.758468,-0.084532,0.64587,0.02075
1.8512229,-0.759478,-0.08071,0.645074,0.023589
1.8645672,-0.761686,-0.07147,0.643276,0.030355
1.8760734,-0.762711,-0.067257,0.642365,0.03338
1.8877645,-0.763792,-0.061523,0.641413,0.037744
1.8979068,-0.764686,-0.057292,0.640545,0.040911
1.9094657,-0.765804,-0.048929,0.639439,0.047611
1.9196904,-0.766582,-0.04484,0.638557,0.050845
1.9311278,-0.76746,-0.037835,0.637466,0.056653
1.9415076,-0.76814,-0.034086,0.636561,0.059892
1.9547143,-0.769555,-0.025136,0.634457,0.06794
1.9645327,-0.770219,-0.022,0.633427,0.071049
1.9769484,-0.770914,-0.018111,0.632264,0.074861
1.9864768,-0.771595,-0.015379,0.631159,0.077729
1.9984099,-0.772311,-0.0116,0.629893,0.081455
2.0078826,-0.773005,-0.009274,0.628753,0.083939
2.0199883,-0.77367,-0.006749,0.627623,0.086471
2.029318,-0.774311,-0.004856,0.626584,0.08838
2.0425625,-0.775494,-0.001649,0.624737,0.091154
2.0526876,-0.776035,-5.73E-4,0.623976,0.091775
2.065334,-0.776639,2.18E-4,0.623153,0.092254
2.075454,-0.777258,6.75E-4,0.622348,0.092476
2.086804,-0.777846,8.83E-4,0.62161,0.092495
2.0973094,-0.778411,8.43E-4,0.620907,0.092455
2.108992,-0.778902,-1.96E-4,0.620402,0.091713
2.119309,-0.77935,-5.31E-4,0.619856,0.091595
2.1325543,-0.780242,-0.002003,0.61882,0.090985
2.1424887,-0.780741,-0.002243,0.618162,0.091171
2.15494,-0.781322,-0.00279,0.617434,0.091112
2.1644633,-0.781943,-0.002768,0.616602,0.09142
2.1764662,-0.782581,-0.003541,0.615837,0.091086
2.185962,-0.783218,-0.003318,0.614959,0.091551
2.1979344,-0.783808,-0.004832,0.614325,0.090695
2.2072468,-0.784348,-0.004473,0.613541,0.091349
2.2191873,-0.784822,-0.005643,0.613005,0.090807
2.2291873,-0.785812,-0.004719,0.611508,0.092375
2.237494,-0.785812,-0.004719,0.611508,0.092375
2.2466989,-0.786303,-0.006831,0.611053,0.091069
2.254534,-0.786822,-0.00623,0.610284,0.091787
2.2665434,-0.787323,-0.008854,0.609883,0.089915
2.2756972,-0.787832,-0.008191,0.609153,0.090472
2.2869797,-0.78829,-0.009499,0.608687,0.089483
2.2962525,-0.788711,-0.008815,0.608074,0.090009
2.3075757,-0.789038,-0.009478,0.607726,0.089421
2.317816,-0.789289,-0.008696,0.607335,0.089944
2.3309567,-0.78953,-0.008361,0.606998,0.090133
2.3402202,-0.789558,-0.007414,0.606883,0.090743
2.3526962,-0.789581,-0.007229,0.606862,0.090697
2.3622336,-0.789629,-0.006157,0.606729,0.09125
2.3741624,-0.789684,-0.005383,0.606629,0.09149
2.3832936,-0.789732,-0.004285,0.606505,0.091952
2.395735,-0.789735,-0.004174,0.606551,0.091625
2.405043,-0.789705,-0.003152,0.606538,0.092013
2.4169736,-0.78968,-0.003941,0.606706,0.091082
2.4263008,-0.789627,-0.003017,0.606726,0.091448
2.4395056,-0.789492,-0.003062,0.607023,0.090633
2.4496071,-0.789445,-0.00236,0.607064,0.090789
2.461123,-0.789394,-0.002707,0.607229,0.090114
2.4711792,-0.789359,-0.002144,0.607277,0.09012
2.4826488,-0.789302,-0.001894,0.607387,0.089879
2.4932034,-0.789255,-0.001577,0.607472,0.089723
2.5045109,-0.789209,-0.00171,0.607593,0.089303
2.513935,-0.789161,-0.001709,0.607693,0.08905
2.5252917,-0.789121,-0.00232,0.607842,0.088371
2.53555,-0.789082,-0.002586,0.607951,0.087959
2.5487485,-0.788949,-0.004544,0.608402,0.085928
2.5580618,-0.788847,-0.005084,0.608641,0.085143
2.5715363,-0.788733,-0.006182,0.608952,0.083893
2.581646,-0.788622,-0.006971,0.609228,0.082862
2.5936086,-0.788518,-0.008716,0.609583,0.081063
2.6029124,-0.78845,-0.009738,0.609824,0.079784
2.6148777,-0.78836,-0.012837,0.61026,0.076848
2.6242952,-0.788317,-0.014093,0.610484,0.07527
2.6375573,-0.788151,-0.018402,0.61115,0.070527
2.6474164,-0.788025,-0.019941,0.611489,0.068543
2.6588964,-0.78785,-0.022018,0.611913,0.0661
2.66896,-0.787648,-0.023695,0.612339,0.063938
2.6804833,-0.787411,-0.025709,0.612811,0.061515
2.6909142,-0.787155,-0.027487,0.613281,0.0593
2.7025454,-0.78684,-0.030317,0.613832,0.056323
2.7127657,-0.786549,-0.032103,0.614305,0.054195
2.7243392,-0.786131,-0.036329,0.614944,0.050199
2.7348616,-0.785802,-0.038067,0.615416,0.048236
2.749536,-0.785043,-0.04346,0.61641,0.043076
2.7595968,-0.784715,-0.04511,0.616818,0.041486
2.7715669,-0.784315,-0.047664,0.617283,0.039228
2.7809198,-0.783958,-0.049145,0.617706,0.037844
2.7929122,-0.783561,-0.051202,0.618153,0.036012
2.8021936,-0.783204,-0.052477,0.618568,0.034797
2.814177,-0.782823,-0.05413,0.618991,0.033276
2.8266618,-0.782189,-0.05647,0.619697,0.031083
2.8383062,-0.781873,-0.057991,0.620023,0.029686
2.8491962,-0.781609,-0.059209,0.620295,0.028537
2.8608708,-0.781282,-0.061597,0.620561,0.026593
2.8711236,-0.78104,-0.063007,0.620771,0.025481
2.8828278,-0.780741,-0.06529,0.620981,0.023702
2.897001,-0.780409,-0.068196,0.621162,0.021629
2.9091544,-0.78026,-0.069924,0.621199,0.020373
2.9172757,-0.780135,-0.07135,0.621227,0.019353
2.929766,-0.779893,-0.073792,0.621298,0.017585
2.9390142,-0.779722,-0.07527,0.621363,0.016583
2.9510598,-0.779475,-0.077383,0.621451,0.015071
2.960354,-0.77928,-0.078895,0.62153,0.014076
2.9723268,-0.779046,-0.080833,0.621602,0.01279
2.9848971,-0.778708,-0.083886,0.621655,0.010994
2.9965045,-0.778606,-0.085061,0.621633,0.010451
3.0074394,-0.7785,-0.086488,0.62158,0.009673
3.0188296,-0.778434,-0.087592,0.621516,0.009152
3.0291576,-0.778339,-0.088909,0.621459,0.008469
3.0407867,-0.778267,-0.089881,0.621415,0.008029
3.051314,-0.778159,-0.091108,0.62138,0.007361
3.06597,-0.777848,-0.093936,0.621366,0.005674
3.0761206,-0.777696,-0.094999,0.621399,0.005078
3.0880668,-0.777511,-0.096053,0.621473,0.00449
3.0962114,-0.777323,-0.096969,0.621569,0.004031
3.1081944,-0.77711,-0.097869,0.621697,0.003539
3.117448,-0.776899,-0.098559,0.621854,0.003188
3.1294239,-0.776744,-0.098886,0.621996,0.003109
3.1378942,-0.776556,-0.099337,0.622159,0.002897
3.1502404,-0.776387,-0.099446,0.622354,0.00293
3.1610057,-0.77618,-0.099702,0.622572,0.002811
3.1747508,-0.775815,-0.099345,0.62308,0.003321
3.1854415,-0.775591,-0.099325,0.623361,0.003443
3.1970165,-0.775417,-0.099097,0.623612,0.003733
3.2088127,-0.775261,-0.098927,0.623832,0.003997
3.2202375,-0.775136,-0.098521,0.624049,0.004424
3.2307787,-0.775012,-0.098257,0.624241,0.004734
3.2442813,-0.774929,-0.096481,0.624608,0.006376
3.2542346,-0.774802,-0.096134,0.624814,0.006744
3.2662194,-0.774738,-0.095266,0.625018,0.007515
3.2754915,-0.77458,-0.094861,0.62527,0.00793
3.2874525,-0.774495,-0.093819,0.62552,0.008869
3.2966437,-0.774355,-0.093303,0.625762,0.00943
3.3086455,-0.774248,-0.09259,0.625989,0.010196
3.3192236,-0.774144,-0.091944,0.6262,0.010942
3.332951,-0.77409,-0.089895,0.626522,0.013165
3.3436553,-0.774045,-0.089131,0.626666,0.014076
3.3552349,-0.774072,-0.087816,0.626787,0.015411
3.365459,-0.774045,-0.087045,0.626905,0.01632
3.376779,-0.774039,-0.086042,0.627022,0.0174
3.387419,-0.774003,-0.085313,0.62714,0.018262
3.4021838,-0.773975,-0.083821,0.627322,0.020047
3.412492,-0.773954,-0.083239,0.627401,0.020793
3.4244523,-0.773916,-0.082924,0.627471,0.02134
3.4338284,-0.77392,-0.082463,0.627504,0.022026
3.445799,-0.773942,-0.081877,0.627525,0.022825
3.4557352,-0.77397,-0.081514,0.627515,0.023422
3.4677012,-0.773993,-0.081148,0.627513,0.024005
3.4774537,-0.774015,-0.080869,0.627502,0.024508
3.49118,-0.77414,-0.079716,0.627437,0.025945
3.5018678,-0.774178,-0.079622,0.62739,0.026251
3.5134954,-0.77428,-0.07913,0.6273,0.026872
3.5252082,-0.774336,-0.079211,0.627213,0.027044
3.5365736,-0.774371,-0.079613,0.627122,0.02698
3.5472174,-0.774437,-0.079995,0.626992,0.026984
3.5607245,-0.774533,-0.081171,0.626724,0.026918
3.570582,-0.774562,-0.081931,0.626591,0.026906
3.5825744,-0.774568,-0.082738,0.626475,0.026955
3.5918565,-0.774515,-0.083614,0.62642,0.027041
3.6038437,-0.774516,-0.083714,0.626372,0.027821
3.613104,-0.774423,-0.084477,0.626373,0.028086
3.6250722,-0.774361,-0.085145,0.626343,0.028414
3.6356888,-0.774342,-0.085702,0.626275,0.028749
3.6494012,-0.774356,-0.086628,0.626122,0.028959
3.660086,-0.774353,-0.087195,0.626055,0.028782
3.671763,-0.774265,-0.088235,0.626046,0.028159
3.6820204,-0.77415,-0.089214,0.626077,0.027544
3.6935902,-0.773892,-0.091322,0.626157,0.026048
3.7041337,-0.773697,-0.092651,0.626233,0.025302
3.718606,-0.773112,-0.096298,0.626487,0.023158
3.7287042,-0.772841,-0.097552,0.626652,0.022506
3.7407153,-0.772514,-0.09915,0.626838,0.021526
3.7500064,-0.772269,-0.100086,0.627009,0.021022
3.7619867,-0.772029,-0.101106,0.627162,0.020378
3.7712204,-0.771851,-0.101683,0.627299,0.019999
3.783275,-0.771715,-0.102195,0.627398,0.019559
3.7938962,-0.771635,-0.102488,0.62746,0.019181
3.8063562,-0.77164,-0.10232,0.627485,0.019075
3.8177872,-0.771584,-0.102904,0.627486,0.018145
3.8292358,-0.771625,-0.102655,0.627473,0.018248
3.8380852,-0.771579,-0.103226,0.627451,0.017748
3.8494008,-0.771589,-0.103494,0.627401,0.017511
3.8596606,-0.771583,-0.104215,0.627305,0.016901
3.871327,-0.771633,-0.104719,0.627173,0.016441
3.8819358,-0.771626,-0.105575,0.627057,0.015668
3.8947651,-0.771448,-0.107415,0.627,0.014137
3.9051707,-0.771378,-0.108473,0.626923,0.013274
3.9184253,-0.771272,-0.110598,0.626713,0.011691
3.9265466,-0.77121,-0.11201,0.626556,0.010687
3.9385386,-0.771159,-0.11352,0.626364,0.009661
3.9478896,-0.771133,-0.115057,0.62613,0.008668
3.9598236,-0.771098,-0.116723,0.625878,0.007621
3.9690955,-0.771086,-0.118339,0.6256,0.006672
3.981166,-0.771091,-0.119909,0.625304,0.005801
3.9916437,-0.771094,-0.121563,0.624989,0.004903
4.003936,-0.771155,-0.122995,0.624639,0.004187
4.0134783,-0.771188,-0.124616,0.624282,0.003312
4.02664,-0.771333,-0.126949,0.623636,0.002228
4.0356226,-0.771307,-0.128503,0.623353,0.001351
4.0469093,-0.771331,-0.129658,0.623085,8.0E-4
4.056909,0.77128,0.132829,-0.62248,8.53E-4
4.0674405,0.77128,0.132829,-0.62248,8.53E-4
4.078481,0.771126,0.13499,-0.622204,0.002078
4.0865173,0.771,0.136975,-0.621923,0.002704
4.0979857,0.770712,0.140344,-0.621524,0.003442
4.107273,0.770199,0.143918,-0.621346,0.002917
4.11926,0.768851,0.149287,-0.621752,0.002048
4.1300945,-0.765838,-0.155421,0.623967,4.3E-4
4.142833,-0.759625,-0.163632,0.62943,0.003267
4.152237,-0.750653,-0.171393,0.638015,0.009004
4.1656895,-0.730739,-0.190834,0.654848,0.027862
4.1738153,-0.724613,-0.203171,0.657437,0.037852
4.1851964,-0.722875,-0.218705,0.65387,0.045512
4.1956124,-0.72094,-0.241526,0.647742,0.048361
4.2069554,-0.718874,-0.265732,0.640309,0.051076
4.2172275,-0.71326,-0.292053,0.634539,0.057659
4.2285733,-0.704775,-0.315078,0.631848,0.069173
4.2395186,-0.693781,-0.332863,0.632854,0.085819
4.251636,-0.680463,-0.345257,0.637136,0.10873
4.2619014,-0.665815,-0.351257,0.643392,0.139118
4.2752094,-0.632078,-0.351029,0.656542,0.214959
4.290715,-0.610903,-0.350426,0.662474,0.255197
4.307282,-0.559322,-0.352949,0.669583,0.337999
4.3192616,-0.525883,-0.361539,0.673521,0.372967
4.336323,-0.457226,-0.371479,0.669282,0.452778
4.3467875,-0.414879,-0.381442,0.670807,0.482072
4.356787,-0.335393,-0.386363,0.656796,0.553942
4.3649716,-0.335393,-0.386363,0.656796,0.553942
4.3752823,-0.286732,-0.392057,0.656646,0.576966
4.385282,-0.190969,-0.391389,0.638444,0.634612
4.394427,-0.190969,-0.391389,0.638444,0.634612
4.411951,-0.083374,-0.386394,0.614001,0.68319
4.4248505,-0.027629,-0.38215,0.598981,0.703149
4.4335504,0.024418,-0.377227,0.57442,0.726047
4.4488864,0.078794,-0.372317,0.55205,0.741897
4.4644623,0.178793,-0.361276,0.50638,0.762293
4.4762883,0.22304,-0.35749,0.470885,0.775061
4.491817,0.313057,-0.346032,0.407637,0.784912
4.503591,0.34719,-0.346378,0.357946,0.794578
4.5191865,0.380838,-0.342332,0.315569,0.798865
4.535501,0.436727,-0.322905,0.24387,0.803447
4.5457916,0.455444,-0.310875,0.209834,0.807401
4.562342,0.488091,-0.271045,0.163132,0.813442
4.572554,0.499948,-0.248861,0.141521,0.817368
4.5871286,0.510484,-0.223535,0.125106,0.820844
4.5991507,0.519203,-0.197048,0.111255,0.824149
4.6122403,0.531283,-0.145029,0.08538,0.830309
4.625482,0.535017,-0.120067,0.073336,0.833043
4.6380844,0.538323,-0.092715,0.068523,0.834815
4.647747,0.540797,-0.066659,0.066032,0.835903
4.663948,0.541468,-0.020006,0.065183,0.837951
4.6751966,0.536487,0.00157,0.06884,0.841094
4.6904826,0.523312,0.023558,0.06686,0.849186
4.7001405,0.519454,0.031551,0.064281,0.851492
4.7161613,0.515572,0.037722,0.058466,0.854016
4.730069,0.49855,0.043329,0.042381,0.864739
4.741618,0.48623,0.041943,0.032909,0.872202
4.756315,0.476332,0.038583,0.021297,0.878159
4.771543,0.470556,0.034605,0.01042,0.881629
4.7801957,0.47252,0.031511,0.008219,0.880717
4.7921696,0.474876,0.026678,0.003545,0.87964
4.80508,0.476097,0.025182,0.004338,0.879021
4.817643,0.476092,0.022522,0.001536,0.879105
4.832129,0.4744,0.023828,0.004013,0.879977
4.8441353,0.474653,0.021721,1.17E-4,0.879904
4.8567443,0.476038,0.021117,1.93E-4,0.87917
4.870246,0.482389,0.007637,-0.01342,0.87582
4.8842397,0.484728,-0.00318,-0.028468,0.874195
4.899505,0.482199,-0.00761,-0.037767,0.875213
4.9103713,0.478054,-0.016364,-0.053831,0.876526
4.925153,0.475485,-0.019728,-0.056164,0.877707
4.935986,0.474384,-0.027473,-0.06639,0.87738
4.951893,0.475488,-0.033333,-0.071219,0.8762
4.961664,0.475707,-0.037799,-0.077268,0.875387
4.975757,0.47554,-0.040918,-0.07853,0.875225
4.9878354,0.474742,-0.048388,-0.08373,0.874795
5.0025706,0.472837,-0.050742,-0.086846,0.875389
5.015914,0.47044,-0.052182,-0.088248,0.876455
5.029294,0.465397,-0.053664,-0.089159,0.878962
5.043827,0.462604,-0.052747,-0.088389,0.880568
5.05744,0.457462,-0.049477,-0.08816,0.883463
5.0734625,0.45577,-0.047856,-0.088281,0.884414
5.0911374,0.45372,-0.043381,-0.087066,0.885818
5.102558,0.45358,-0.041255,-0.08596,0.8861
5.119203,0.456117,-0.04072,-0.083363,0.88507
5.1300225,0.457149,-0.042303,-0.081955,0.884595
5.1468806,0.45612,-0.044009,-0.08117,0.885114
5.157061,0.455317,-0.043215,-0.079704,0.8857
5.1741395,0.455077,-0.042477,-0.078414,0.885974
5.1913524,0.456348,-0.041104,-0.076123,0.885585
5.208589,0.457546,-0.040727,-0.077388,0.884875
5.218745,0.457514,-0.041242,-0.077946,0.884818
5.2357235,0.457011,-0.046358,-0.080875,0.884562
5.246479,0.457205,-0.046122,-0.07748,0.884778
5.2628174,0.457463,-0.047327,-0.078154,0.884522
5.2722344,0.458033,-0.046342,-0.075056,0.884547
5.282234,0.459451,-0.045973,-0.0699,0.884253
5.2909045,0.459451,-0.045973,-0.0699,0.884253
5.306802,0.460099,-0.046016,-0.068784,0.884002
5.3190393,0.459114,-0.046382,-0.070805,0.884335
5.3334727,0.456889,-0.047507,-0.075037,0.885079
5.3467813,0.451279,-0.050498,-0.08501,0.886887
5.360315,0.449423,-0.052077,-0.087723,0.887474
5.37274,0.448701,-0.053029,-0.088223,0.887733
5.3901243,0.449525,-0.050248,-0.083005,0.887981
5.4074535,0.450796,-0.046148,-0.07925,0.887903
5.417249,0.451264,-0.044642,-0.078056,0.887848
5.434196,0.450826,-0.042212,-0.075931,0.888373
5.446428,0.450501,-0.042025,-0.07355,0.888747
5.461523,0.45115,-0.043494,-0.071485,0.888516
5.4737387,0.451947,-0.0448,-0.06961,0.888195
5.4909196,0.451997,-0.044218,-0.06923,0.888228
5.500745,0.452195,-0.043542,-0.068602,0.88821
5.5107446,0.454232,-0.042315,-0.066824,0.887364
5.51945,0.454232,-0.042315,-0.066824,0.887364
5.536765,0.456704,-0.040845,-0.065752,0.886244
5.5533338,0.45879,-0.040414,-0.065529,0.885202
5.565204,0.45944,-0.040234,-0.065575,0.88487
5.576353,0.460012,-0.041714,-0.065967,0.884475
5.5869594,0.460793,-0.04409,-0.06532,0.884001
5.603733,0.461259,-0.049095,-0.066262,0.883424
5.613986,0.461657,-0.049992,-0.065279,0.883239
5.6294417,0.461868,-0.050836,-0.06517,0.883088
5.6392,0.461748,-0.051071,-0.065188,0.883136
5.6492,0.460224,-0.052184,-0.070074,0.883492
5.6579313,0.460224,-0.052184,-0.070074,0.883492
5.675332,0.458874,-0.054996,-0.077555,0.883399
5.691969,0.459399,-0.059949,-0.083858,0.882228
5.7036276,0.459828,-0.062811,-0.085951,0.881603
5.7188907,0.460169,-0.0639,-0.085215,0.881418
5.7286963,0.459978,-0.064706,-0.085246,0.881456
5.738696,0.458184,-0.064528,-0.085253,0.882402
5.747434,0.458184,-0.064528,-0.085253,0.882402
5.7647758,0.456485,-0.066162,-0.088309,0.882861
5.78139,0.455628,-0.070366,-0.09228,0.882573
5.7920313,0.45573,-0.072012,-0.092625,0.882351
5.807626,0.45616,-0.073658,-0.091104,0.882151
5.8172293,0.456878,-0.074468,-0.087503,0.882076
5.827229,0.457941,-0.073954,-0.078163,0.882445
5.835942,0.457941,-0.073954,-0.078163,0.882445
5.8533216,0.457565,-0.071494,-0.073112,0.883276
5.86865,0.457398,-0.070685,-0.072151,0.883506
5.88085,0.457836,-0.069277,-0.069721,0.883586
5.8956633,0.458003,-0.069099,-0.069111,0.883561
5.9065065,0.458291,-0.068128,-0.067071,0.883645
5.916507,0.458745,-0.066742,-0.064882,0.883678
5.925398,0.458745,-0.066742,-0.064882,0.883678
5.942748,0.458465,-0.067146,-0.063333,0.883905
5.9535975,0.457922,-0.067352,-0.063894,0.884131
5.9640503,0.457709,-0.067428,-0.063963,0.88423
5.9754977,0.457877,-0.068843,-0.065043,0.883955
5.985727,0.458313,-0.070778,-0.065756,0.883524
6.0026674,0.458361,-0.07824,-0.073816,0.882232
6.0161953,0.458456,-0.081411,-0.077571,0.881574
6.029774,0.458682,-0.089269,-0.088632,0.879651
6.043471,0.459181,-0.091315,-0.090588,0.87898
6.0552244,0.459677,-0.093576,-0.094048,0.87812
6.072575,0.461197,-0.094069,-0.095942,0.877064
6.090055,0.462146,-0.093844,-0.097458,0.876422
6.1004844,0.46226,-0.094442,-0.09937,0.876082
6.11547,0.462388,-0.094821,-0.100619,0.875832
6.1260967,0.462555,-0.095452,-0.102332,0.875476
6.136097,0.463768,-0.095218,-0.102952,0.874787
6.145125,0.463768,-0.095218,-0.102952,0.874787
6.153865,0.464539,-0.094736,-0.102613,0.87447
6.1658826,0.465552,-0.09381,-0.10097,0.874222
6.1831036,0.467687,-0.093257,-0.097718,0.873511
6.1931033,0.468498,-0.093957,-0.09532,0.873266
6.201836,0.468498,-0.093957,-0.09532,0.873266
6.219092,0.467756,-0.094098,-0.094384,0.87375
6.2332883,0.467672,-0.09399,-0.093978,0.873851
6.243819,0.468208,-0.093931,-0.093595,0.873611
6.253819,0.470067,-0.094781,-0.092988,0.872586
6.262883,0.470067,-0.094781,-0.092988,0.872586
6.2789474,0.471,-0.095246,-0.092612,0.872072
6.2898893,0.471105,-0.096036,-0.094058,0.871773
6.3002753,0.471441,-0.096542,-0.09452,0.871486
6.3176336,0.473386,-0.101459,-0.095896,0.869721
6.3274508,0.474856,-0.10398,-0.095996,0.86861
6.3434224,0.476133,-0.106202,-0.096008,0.86764
6.353673,0.476728,-0.108111,-0.095542,0.867129
6.363673,0.476077,-0.111807,-0.095978,0.86697
6.3727264,0.476077,-0.111807,-0.095978,0.86697
6.3902216,0.473409,-0.11552,-0.100523,0.867429
6.400222,0.470931,-0.119724,-0.107929,0.867318
6.4089956,0.470931,-0.119724,-0.107929,0.867318
6.423682,0.470531,-0.121404,-0.110775,0.866942
6.438156,0.47151,-0.122894,-0.112909,0.865925
6.452178,0.472554,-0.122971,-0.112575,0.865388
6.465504,0.473874,-0.122661,-0.110881,0.864929
6.4792953,0.473723,-0.122641,-0.110725,0.865034
6.490938,0.473139,-0.122703,-0.1108,0.865335
6.508239,0.471989,-0.124179,-0.111445,0.86567
6.518239,0.472114,-0.124963,-0.10977,0.865703
6.527147,0.472114,-0.124963,-0.10977,0.865703
6.5378084,0.472445,-0.124436,-0.108557,0.865751
6.5495787,0.473106,-0.123838,-0.106806,0.865694
6.5599318,0.473672,-0.124244,-0.105372,0.865502
6.5715256,0.473924,-0.124339,-0.103345,0.865595
6.584399,0.472994,-0.124781,-0.102593,0.866129
6.596698,0.472711,-0.124202,-0.100622,0.866598
6.6062775,0.472666,-0.124236,-0.099845,0.866707
6.6182933,0.473264,-0.123347,-0.097606,0.866763
6.6275644,0.473824,-0.123252,-0.096741,0.866567
6.6399283,0.474481,-0.122377,-0.094854,0.866541
6.6498466,0.474697,-0.122324,-0.094881,0.866427
6.661879,0.474895,-0.122303,-0.094262,0.866389
6.6715565,0.47494,-0.123,-0.094726,0.866215
6.685381,0.475475,-0.124151,-0.095371,0.865687
6.6960125,0.475684,-0.124865,-0.095298,0.865477
6.707715,0.475647,-0.125173,-0.095077,0.865477
6.717941,0.475201,-0.12564,-0.095967,0.865556
6.729809,0.474827,-0.125925,-0.096605,0.865649
6.746447,0.474346,-0.12872,-0.100928,0.865008
6.7591147,0.474528,-0.130215,-0.102342,0.864518
6.7762866,0.474786,-0.132801,-0.104264,0.863753
6.7862864,0.474505,-0.1341,-0.105266,0.863585
6.7950263,0.474505,-0.1341,-0.105266,0.863585
6.8123674,0.473878,-0.135431,-0.105561,0.863686
6.827193,0.47356,-0.136217,-0.105784,0.86371
6.83781,0.473289,-0.13662,-0.105575,0.86382
6.8478103,0.472808,-0.13688,-0.10522,0.864085
6.856997,0.472808,-0.13688,-0.10522,0.864085
6.865558,0.472752,-0.136533,-0.10495,0.864204
6.8775744,0.472867,-0.135847,-0.104468,0.864307
6.886029,0.473059,-0.13501,-0.103741,0.864421
6.8980427,0.473457,-0.133639,-0.101545,0.864677
6.9088883,0.473807,-0.132825,-0.100018,0.864788
6.92263,0.47477,-0.131849,-0.095488,0.864922
6.9361596,0.475081,-0.132259,-0.093363,0.86492
6.94792,0.475357,-0.131414,-0.089554,0.8653
6.964091,0.474465,-0.130997,-0.086402,0.866173
6.97685,0.474244,-0.130186,-0.08369,0.866683
6.992799,0.474201,-0.129616,-0.080126,0.867129
7.004768,0.474501,-0.128485,-0.07706,0.86741
7.022158,0.474151,-0.128456,-0.073589,0.867907
7.038158,0.473987,-0.128981,-0.073449,0.867931
7.048069,0.474467,-0.129193,-0.072988,0.867676
7.0653996,0.476137,-0.132178,-0.0742,0.866208
7.076161,0.477141,-0.134474,-0.07471,0.865257
7.0861607,0.476802,-0.138566,-0.077198,0.86458
7.094166,0.476802,-0.138566,-0.077198,0.86458
7.1036186,0.476029,-0.140711,-0.079316,0.864468
7.1136184,0.475704,-0.144388,-0.08129,0.863856
7.122344,0.475704,-0.144388,-0.08129,0.863856
7.1397567,0.47515,-0.148848,-0.08371,0.863173
7.15513,0.474402,-0.1512,-0.085058,0.863044
7.166523,0.473649,-0.15321,-0.085606,0.863049
7.183776,0.472314,-0.1572,-0.08698,0.862926
7.1945186,0.472116,-0.158139,-0.086565,0.862904
7.2045183,0.471695,-0.159145,-0.086678,0.862938
7.212778,0.471695,-0.159145,-0.086678,0.862938
7.222277,0.47155,-0.159339,-0.086645,0.862985
7.232277,0.472035,-0.159044,-0.086364,0.862802
7.24106,0.472035,-0.159044,-0.086364,0.862802
7.2570925,0.472794,-0.158879,-0.086029,0.862451
7.273701,0.47489,-0.158648,-0.085026,0.86144
7.2851887,0.475995,-0.158699,-0.085029,0.86082
7.2986207,0.478367,-0.159096,-0.084534,0.85948
7.3093305,0.479329,-0.159715,-0.084566,0.858826
7.319808,0.480266,-0.160069,-0.084117,0.85828
7.3300834,0.481218,-0.159817,-0.082618,0.85794
7.3416705,0.481976,-0.1597,-0.081522,0.857641
7.3522077,0.482917,-0.159106,-0.07944,0.857417
7.363627,0.483661,-0.159183,-0.078105,0.857106
7.37482,0.484471,-0.159015,-0.075656,0.856899
7.3921485,0.485893,-0.159004,-0.072028,0.856409
7.403854,0.486604,-0.158851,-0.070435,0.856166
7.4208207,0.487672,-0.15956,-0.068369,0.855594
7.431584,0.487771,-0.160221,-0.068094,0.855436
7.4415836,0.487899,-0.160363,-0.067554,0.855379
7.450085,0.487899,-0.160363,-0.067554,0.855379
7.4594955,0.48779,-0.161329,-0.067571,0.855258
7.469496,0.48694,-0.163051,-0.066114,0.85553
7.4782214,0.48694,-0.163051,-0.066114,0.85553
7.4877934,0.486455,-0.164093,-0.06597,0.855618
7.4996653,0.486339,-0.164967,-0.064599,0.85562
7.509974,0.48621,-0.166424,-0.064139,0.855446
7.521406,0.486368,-0.16748,-0.063217,0.855219
7.5324297,0.486285,-0.168539,-0.062959,0.855077
7.5441394,0.486148,-0.169414,-0.062781,0.854995
7.5542264,0.485911,-0.170088,-0.063042,0.854976
7.5676374,0.4857,-0.171374,-0.063967,0.854771
7.575615,0.485512,-0.171693,-0.064097,0.854804
7.588006,0.48528,-0.171874,-0.064248,0.854888
7.5972724,0.485012,-0.172003,-0.064346,0.855007
7.609311,0.484563,-0.172455,-0.06478,0.855137
7.6177917,0.484323,-0.172828,-0.064696,0.855205
7.6299057,0.484566,-0.172543,-0.063598,0.855207
7.640609,0.484844,-0.172532,-0.063355,0.855069
7.653288,0.485287,-0.172099,-0.062513,0.854967
7.6628246,0.485726,-0.171391,-0.061391,0.854942
7.6764464,0.486591,-0.169457,-0.058574,0.855033
7.6845107,0.486934,-0.168833,-0.057419,0.85504
7.695944,0.487462,-0.168078,-0.055852,0.854991
7.706191,0.487982,-0.16783,-0.054895,0.854805
7.717784,0.488576,-0.167597,-0.053365,0.854609
7.7283273,0.489001,-0.167484,-0.051692,0.85449
7.73822,0.48925,-0.167123,-0.049842,0.854529
7.7472787,0.489256,-0.166546,-0.047928,0.854747
7.7590256,0.489293,-0.165402,-0.045377,0.855087
7.7697463,0.489165,-0.16453,-0.04376,0.855413
7.781855,0.489267,-0.163388,-0.041867,0.855668
7.791953,0.489322,-0.162845,-0.040854,0.855789
7.805312,0.489896,-0.162105,-0.03878,0.855697
7.8134794,0.490381,-0.161938,-0.038121,0.855481
7.8255625,0.490989,-0.161726,-0.037214,0.855212
7.834839,0.491456,-0.161707,-0.036602,0.854974
7.847214,0.491768,-0.161639,-0.036373,0.854817
7.858176,0.491913,-0.16181,-0.036741,0.854686
7.870671,0.491712,-0.162708,-0.038036,0.854574
7.880274,0.491413,-0.162539,-0.039119,0.854729
7.8935876,0.491139,-0.162892,-0.041652,0.8547
7.9025474,0.491531,-0.16305,-0.042596,0.854398
7.914208,0.492156,-0.163102,-0.042882,0.854014
7.923632,0.492667,-0.163602,-0.043262,0.853604
7.93543,0.493223,-0.163768,-0.04311,0.853259
7.945934,0.49367,-0.163973,-0.043523,0.85294
7.959405,0.49406,-0.163636,-0.043396,0.852786
7.969883,0.494012,-0.163383,-0.04393,0.852835
7.9832106,0.49333,-0.162336,-0.045445,0.85335
7.99073,0.492819,-0.161484,-0.046047,0.853775
8.002102,0.49233,-0.160531,-0.046571,0.854207
8.011438,0.492304,-0.159087,-0.047055,0.854466
8.023935,0.492904,-0.157696,-0.047495,0.854354
8.033264,0.49412,-0.156399,-0.047152,0.853909
8.045272,0.495631,-0.154562,-0.04543,0.853461
8.055991,0.496838,-0.153036,-0.043895,0.853114
8.068488,0.49777,-0.151454,-0.042144,0.852941
8.078205,0.498453,-0.149997,-0.041337,0.852839
8.091672,0.498858,-0.14761,-0.041218,0.853025
8.100584,0.498596,-0.146676,-0.04082,0.853358
8.112852,0.498452,-0.145157,-0.039326,0.853772
8.123159,0.498162,-0.143797,-0.037996,0.854232
8.13455,0.497605,-0.142463,-0.036084,0.854863
8.145539,0.496813,-0.141855,-0.034333,0.855496
8.157577,0.495995,-0.140931,-0.0324,0.856198
8.167716,0.495209,-0.140254,-0.031599,0.856795
8.181044,0.495062,-0.139753,-0.03097,0.856985
8.189019,0.495555,-0.139587,-0.031077,0.856722
8.2010975,0.496214,-0.139387,-0.031042,0.856375
8.210452,0.496792,-0.139474,-0.031334,0.856015
8.22245,0.497425,-0.139209,-0.031217,0.855695
8.232381,0.497909,-0.139424,-0.032202,0.855342
8.244868,0.498286,-0.139952,-0.033864,0.854971
8.254088,0.498604,-0.140458,-0.035461,0.854639
8.2665205,0.498554,-0.141866,-0.038389,0.854308
8.276102,0.498412,-0.142855,-0.040437,0.854132
8.288251,0.497864,-0.144881,-0.04441,0.853913
8.296345,0.497551,-0.145717,-0.046666,0.853833
8.310574,0.496783,-0.146935,-0.0514,0.853799
8.320622,0.496401,-0.147032,-0.053389,0.853883
8.332401,0.495969,-0.147422,-0.056293,0.85388
8.343362,0.495857,-0.147354,-0.058729,0.853793
8.355236,0.495868,-0.147898,-0.061956,0.853464
8.365545,0.496245,-0.14786,-0.063787,0.853117
8.377014,0.496463,-0.148448,-0.066874,0.852651
8.389002,0.496706,-0.147607,-0.06946,0.852449
8.401128,0.496434,-0.146938,-0.070654,0.852625
8.411946,0.496479,-0.145635,-0.071103,0.852784
8.424841,0.496526,-0.145544,-0.073238,0.852592
8.434391,0.497118,-0.144704,-0.073475,0.85237
8.44647,0.497447,-0.145308,-0.07597,0.851856
8.454423,0.498213,-0.144708,-0.076571,0.851457
8.469063,0.499164,-0.144918,-0.078783,0.850662
8.477878,0.499648,-0.144545,-0.078293,0.850487
8.489466,0.499899,-0.144201,-0.077881,0.850435
8.498484,0.499926,-0.143428,-0.07678,0.85065
8.51028,0.499773,-0.142253,-0.075014,0.851095
8.521298,0.499323,-0.141506,-0.074206,0.851554
8.533311,0.498902,-0.140804,-0.073494,0.851979
8.543498,0.498545,-0.140452,-0.073205,0.852271
8.555,0.498345,-0.140274,-0.073158,0.852421
8.565366,0.498395,-0.140243,-0.073419,0.852375
8.578637,0.499103,-0.140423,-0.074449,0.851841
8.587123,0.499372,-0.140686,-0.075326,0.851563
8.59957,0.499676,-0.14101,-0.07535,0.851329
8.609701,0.499573,-0.141719,-0.076535,0.851166
8.622252,0.499196,-0.14241,-0.077881,0.85115
8.631762,0.498889,-0.143316,-0.079233,0.851053
8.643788,0.498521,-0.144728,-0.081418,0.850823
8.653211,0.498433,-0.145533,-0.082854,0.850599
8.666542,0.498397,-0.147446,-0.086376,0.84994
8.67692,0.498434,-0.14817,-0.088039,0.849622
8.688717,0.498436,-0.148913,-0.090041,0.849281
8.699286,0.498426,-0.149596,-0.091935,0.848964
8.71102,0.498257,-0.150283,-0.093706,0.848748
8.721134,0.497818,-0.150859,-0.095197,0.848737
8.732789,0.497147,-0.151135,-0.096195,0.848969
8.74307,0.495809,-0.151385,-0.096878,0.849629
8.756329,0.492894,-0.150833,-0.09745,0.851356
8.766261,0.491913,-0.150169,-0.097829,0.851997
8.778656,0.491532,-0.149325,-0.098062,0.852338
8.787924,0.491593,-0.148637,-0.098356,0.852389
8.800375,0.491866,-0.148022,-0.098527,0.852319
8.809887,0.492271,-0.147219,-0.098159,0.852267
8.821914,0.492545,-0.14694,-0.098811,0.852082
8.831123,0.493121,-0.146054,-0.098516,0.851935
8.845249,0.494296,-0.145043,-0.099322,0.851333
8.855756,0.494815,-0.144199,-0.099498,0.851154
8.86923,0.495066,-0.143025,-0.099239,0.851237
8.879663,0.494954,-0.141903,-0.098832,0.851537
8.891241,0.494767,-0.140646,-0.097573,0.851999
8.901666,0.494606,-0.139602,-0.096489,0.852387
8.915088,0.494657,-0.137279,-0.092876,0.853137
8.926164,0.494707,-0.136385,-0.090959,0.853457
8.93863,0.494652,-0.135297,-0.088355,0.853936
8.948276,0.494401,-0.134277,-0.086125,0.85447
8.960705,0.494059,-0.133342,-0.084084,0.855017
8.968667,0.493897,-0.132588,-0.081919,0.855438
8.9817705,0.493977,-0.131725,-0.079339,0.855769
8.990567,0.494173,-0.13119,-0.07712,0.85594
9.003478,0.494378,-0.130289,-0.071979,0.856407
9.013967,0.49401,-0.130109,-0.069459,0.856855
9.027159,0.49379,-0.127417,-0.063246,0.857866
9.037159,0.491005,-0.126998,-0.058266,0.859878
9.048429,0.491005,-0.126998,-0.058266,0.859878
9.061026,0.489514,-0.126162,-0.052941,0.861194
9.073515,0.486407,-0.126669,-0.045487,0.863303
9.086292,0.485424,-0.127576,-0.042765,0.863862
9.097061,0.48466,-0.128932,-0.040629,0.864193
9.107949,0.484101,-0.130199,-0.037766,0.864446
9.118344,0.483127,-0.133641,-0.037916,0.864459
9.12943,0.482824,-0.135457,-0.034521,0.864488
9.140244,0.4822,-0.138197,-0.033363,0.864448
9.152576,0.481445,-0.141804,-0.026959,0.864508
9.164062,0.480646,-0.144536,-0.02565,0.86454
9.175702,0.480142,-0.146157,-0.022584,0.864633
9.185808,0.478984,-0.14947,-0.022728,0.864705
9.19736,0.478143,-0.151367,-0.019973,0.864909
9.206812,0.476217,-0.155975,-0.02219,0.865098
9.219037,0.474823,-0.158162,-0.020225,0.865516
9.228383,0.472491,-0.161996,-0.021495,0.866052
9.242166,0.467414,-0.166596,-0.018719,0.867996
9.253636,0.463611,-0.169685,-0.018957,0.869432
9.264694,0.459716,-0.172009,-0.017373,0.871074
9.275288,0.455133,-0.175904,-0.018562,0.872678
9.286177,0.451364,-0.178263,-0.016712,0.874192
9.296561,0.447919,-0.181309,-0.015767,0.875354
9.3082905,0.445516,-0.183859,-0.013156,0.876092
9.318548,0.44366,-0.186937,-0.010685,0.876416
9.332216,0.440759,-0.193001,-0.004557,0.876618
9.342048,0.438914,-0.196025,-0.001935,0.876883
9.352613,0.436608,-0.198692,0.001247,0.877435
9.362855,0.433895,-0.201393,0.004346,0.878155
9.374346,0.431213,-0.203984,0.007041,0.87886
9.384363,0.428857,-0.206717,0.009133,0.879355
9.395883,0.427194,-0.209527,0.011129,0.879476
9.405671,0.426131,-0.212926,0.012398,0.879158
9.417711,0.426226,-0.216472,0.01479,0.878209
9.427015,0.427049,-0.221062,0.016895,0.876627
9.440411,0.428543,-0.230458,0.02503,0.873277
9.450017,0.428097,-0.235192,0.030787,0.872048
9.460508,0.425954,-0.239328,0.037206,0.871722
9.470952,0.421601,-0.24248,0.043334,0.872684
9.481318,0.415272,-0.243879,0.050511,0.87494
9.491469,0.406729,-0.244138,0.057685,0.87843
9.501874,0.396517,-0.243085,0.067123,0.88271
9.511907,0.385394,-0.241629,0.077768,0.887151
9.52227,0.37501,-0.238651,0.091271,0.891112
9.53231,0.36611,-0.233248,0.109447,0.894192
9.542693,0.356608,-0.227859,0.126047,0.89723
9.55281,0.347534,-0.220272,0.1471,0.899478
9.563187,0.336384,-0.213894,0.164973,0.902152
9.573113,0.3242,-0.20605,0.186781,0.904184
9.584046,0.308966,-0.199609,0.204256,0.907179
9.593806,0.293537,-0.190134,0.229299,0.908353
9.604691,0.274623,-0.182199,0.245744,0.911589
9.61449,0.257009,-0.169142,0.273758,0.911259
9.625363,0.237194,-0.157802,0.289676,0.913742
9.635149,0.220587,-0.140168,0.323139,0.909546
9.652193,0.185121,-0.107087,0.368322,0.904765
9.662192,0.153052,-0.074533,0.401832,0.89975
9.670465,0.153052,-0.074533,0.401832,0.89975
9.685562,0.138911,-0.058317,0.412077,0.898607
9.696293,0.126271,-0.040028,0.428291,0.893878
9.706293,0.100794,-0.002627,0.444667,0.890002
9.714626,0.100794,-0.002627,0.444667,0.890002
9.723989,0.088018,0.016996,0.453023,0.88698
9.73399,0.064766,0.052672,0.461369,0.883271
9.742672,0.064766,0.052672,0.461369,0.883271
9.760179,0.046832,0.077302,0.45576,0.885502
9.775534,0.038288,0.08433,0.450148,0.888137
9.788958,0.018431,0.091312,0.441955,0.892187
9.804125,0.007865,0.094604,0.437446,0.894219
9.8148985,-0.002216,0.100156,0.435238,0.894724
9.832142,-0.014277,0.116522,0.427932,0.896154
9.840737,-0.016068,0.124825,0.424072,0.89684
9.858504,-0.017731,0.137171,0.414515,0.89947
9.868388,-0.020187,0.14007,0.40909,0.901453
9.881837,-0.024794,0.140371,0.405775,0.902788
9.89321,-0.029957,0.138539,0.395823,0.907321
9.9094715,-0.043137,0.130832,0.380095,0.91463
9.927392,-0.052404,0.123983,0.360561,0.922971
9.942686,-0.054581,0.121428,0.359508,0.923596
9.9521,-0.05262,0.120463,0.345237,0.929263
9.9621,-0.048333,0.11862,0.336233,0.933027
9.970728,-0.048333,0.11862,0.336233,0.933027
9.986908,-0.047339,0.115267,0.330679,0.93548
10.000955,-0.049414,0.11239,0.330985,0.935614
10.01117,-0.051399,0.109747,0.321574,0.939097
10.021172,-0.057319,0.10432,0.315847,0.941314
10.0299635,-0.057319,0.10432,0.315847,0.941314
10.047331,-0.060018,0.0997,0.309355,0.943799
10.062719,-0.060863,0.097194,0.309512,0.943954
10.075665,-0.062482,0.092948,0.304399,0.945937
10.091235,-0.063985,0.091101,0.303919,0.94617
10.101489,-0.06525,0.089817,0.300635,0.947255
10.111488,-0.067547,0.087664,0.298199,0.948066
10.121489,-0.067547,0.087664,0.298199,0.948066
10.131828,-0.067547,0.087664,0.298199,0.948066
10.144354,-0.067135,0.087357,0.295681,0.948911
10.159095,-0.066792,0.087236,0.294865,0.949201
10.168711,-0.066242,0.087233,0.292754,0.949893
10.178711,-0.065177,0.087302,0.291993,0.950194
10.187381,-0.065177,0.087302,0.291993,0.950194
10.204667,-0.064086,0.087522,0.29106,0.950534
10.219338,-0.063883,0.087568,0.29069,0.950657
10.23011,-0.063934,0.087506,0.290506,0.950716
10.243333,-0.064208,0.086904,0.289864,0.950948
10.253142,-0.064524,0.086238,0.290792,0.950704
10.265053,-0.064769,0.085522,0.290521,0.950835
10.274144,-0.065007,0.084727,0.290628,0.950857
10.285794,-0.065117,0.083981,0.290529,0.950946
10.297435,-0.065314,0.083284,0.291426,0.950719
10.308644,-0.065793,0.082972,0.291501,0.950691
10.3215475,-0.068635,0.083238,0.293103,0.949974
10.333519,-0.070456,0.083648,0.294197,0.949466
10.348835,-0.071786,0.084279,0.294677,0.949162
10.357925,-0.072315,0.085055,0.295042,0.948939
10.367512,-0.071951,0.085929,0.295032,0.948891
10.377511,-0.06996,0.08725,0.295683,0.948717
10.386165,-0.06996,0.08725,0.295683,0.948717
10.401111,-0.06935,0.087864,0.296087,0.948579
10.415456,-0.070068,0.088256,0.295881,0.948554
10.424982,-0.071115,0.088897,0.296368,0.948264
10.442399,-0.072305,0.090641,0.297382,0.947691
10.452398,-0.072574,0.094067,0.297682,0.947242
10.462399,-0.072574,0.094067,0.297682,0.947242
10.467484,-0.072574,0.094067,0.297682,0.947242
10.484478,-0.075746,0.09345,0.298348,0.946846
10.49367,-0.07675,0.093763,0.299797,0.946276
10.50367,-0.075035,0.094911,0.299026,0.946543
10.514545,-0.075035,0.094911,0.299026,0.946543
10.523402,-0.073315,0.096033,0.300496,0.946099
10.535636,-0.071847,0.096697,0.300401,0.946174
10.54409,-0.071692,0.096075,0.301845,0.94579
