0.0,16.0,44.0,-32.0,-8.0,19.0,4.0
0.01,14.0,44.0,-30.0,-10.0,19.0,5.0
0.02,14.0,44.0,-30.0,-10.0,19.0,5.0
0.029720675,14.0,44.0,-30.0,-10.0,19.0,5.0
0.040860727,11.0,47.0,-31.0,-13.0,22.0,4.0
0.04921979,13.0,43.0,-31.0,-11.0,19.0,4.0
0.060809687,13.0,47.0,-31.0,-10.0,22.0,4.0
0.06896068,16.0,46.0,-30.0,-7.0,21.0,5.0
0.08181839,14.0,45.0,-34.0,-9.0,20.0,5.0
0.09093766,14.0,49.0,-27.0,-9.0,24.0,7.0
0.10028672,14.0,49.0,-27.0,-9.0,23.0,7.0
0.11028672,15.0,49.0,-29.0,-8.0,23.0,5.0
0.12028672,15.0,49.0,-29.0,-8.0,23.0,5.0
0.12897605,15.0,49.0,-29.0,-8.0,23.0,5.0
0.13790855,14.0,48.0,-31.0,-9.0,20.0,1.0
0.14790854,16.0,46.0,-33.0,-7.0,18.0,1.0
0.16230339,16.0,46.0,-33.0,-7.0,18.0,1.0
0.177879,15.0,48.0,-27.0,-9.0,20.0,6.0
0.18954067,18.0,48.0,-27.0,-6.0,20.0,6.0
0.19954067,16.0,49.0,-24.0,-9.0,21.0,8.0
0.20954067,16.0,49.0,-24.0,-9.0,21.0,8.0
0.21954067,16.0,49.0,-24.0,-9.0,21.0,8.0
0.2274765,16.0,49.0,-24.0,-9.0,21.0,8.0
0.23648594,20.0,48.0,-26.0,-6.0,20.0,4.0
0.24648593,21.0,46.0,-23.0,-5.0,18.0,6.0
0.2603039,21.0,46.0,-23.0,-5.0,18.0,6.0
0.27622288,20.0,48.0,-19.0,-8.0,20.0,9.0
0.28639,24.0,47.0,-19.0,-5.0,20.0,7.0
0.29639003,24.0,47.0,-17.0,-6.0,20.0,8.0
0.30898225,24.0,47.0,-17.0,-6.0,20.0,8.0
0.31912965,24.0,47.0,-17.0,-7.0,20.0,7.0
0.3245091,28.0,48.0,-9.0,-4.0,21.0,13.0
0.3356048,30.0,49.0,-8.0,-3.0,22.0,13.0
0.34704188,30.0,48.0,-6.0,-4.0,21.0,13.0
0.3570419,34.0,46.0,-1.0,-2.0,18.0,15.0
0.3670419,34.0,46.0,-1.0,-2.0,18.0,15.0
0.3770648,34.0,46.0,-1.0,-2.0,18.0,15.0
0.38868973,33.0,43.0,1.0,-6.0,15.0,12.0
0.39635983,34.0,41.0,5.0,-6.0,14.0,14.0
0.40698332,35.0,39.0,3.0,-6.0,13.0,9.0
0.414998,38.0,37.0,4.0,-4.0,12.0,8.0
0.42670733,38.0,34.0,6.0,-5.0,11.0,8.0
0.43876547,38.0,32.0,7.0,-6.0,11.0,7.0
0.44840422,39.0,27.0,6.0,-7.0,9.0,5.0
0.4584042,42.0,19.0,8.0,-5.0,3.0,6.0
0.46840423,42.0,19.0,8.0,-5.0,3.0,6.0
0.47840422,42.0,19.0,8.0,-5.0,3.0,6.0
0.4895175,42.0,19.0,8.0,-5.0,3.0,6.0
0.4948298,42.0,19.0,8.0,-6.0,12.0,4.0
0.50482976,39.0,13.0,1.0,-10.0,10.0,-2.0
0.5148298,39.0,13.0,1.0,-10.0,10.0,-2.0
0.5199136,39.0,13.0,1.0,-10.0,10.0,-2.0
0.5299136,36.0,12.0,1.0,-14.0,14.0,-2.0
0.53828704,36.0,12.0,1.0,-14.0,14.0,-2.0
0.54828703,35.0,10.0,-9.0,-14.0,16.0,-8.0
0.558287,35.0,10.0,-9.0,-14.0,16.0,-8.0
0.56631446,35.0,10.0,-9.0,-14.0,16.0,-8.0
0.5764152,35.0,16.0,-12.0,-12.0,24.0,-8.0
0.5878906,33.0,17.0,-15.0,-13.0,26.0,-8.0
0.59135115,33.0,17.0,-15.0,-12.0,25.0,-5.0
0.6030373,34.0,18.0,-17.0,-11.0,25.0,-4.0
0.6143516,35.0,19.0,-20.0,-9.0,25.0,-4.0
0.6236112,34.0,20.0,-19.0,-9.0,24.0,-1.0
0.6349526,31.0,21.0,-18.0,-12.0,24.0,1.0
0.6442621,34.0,20.0,-20.0,-9.0,22.0,1.0
0.65426207,34.0,19.0,-21.0,-9.0,20.0,1.0
0.66426206,34.0,19.0,-21.0,-9.0,20.0,1.0
0.6742621,34.0,19.0,-21.0,-9.0,20.0,1.0
0.68405026,34.0,19.0,-21.0,-9.0,20.0,1.0
0.69638354,31.0,20.0,-20.0,-12.0,20.0,3.0
0.7060198,31.0,18.0,-18.0,-12.0,18.0,5.0
0.71815723,29.0,17.0,-21.0,-13.0,17.0,2.0
0.72167337,33.0,15.0,-19.0,-9.0,16.0,4.0
0.7309813,31.0,12.0,-22.0,-10.0,13.0,1.0
0.74322844,31.0,8.0,-22.0,-10.0,11.0,1.0
0.75250053,28.0,9.0,-24.0,-13.0,13.0,1.0
0.7645035,30.0,7.0,-24.0,-10.0,13.0,1.0
0.7737613,27.0,5.0,-22.0,-13.0,13.0,3.0
0.78376126,27.0,3.0,-24.0,-12.0,13.0,2.0
0.79752666,27.0,3.0,-24.0,-12.0,13.0,2.0
0.80271953,26.0,4.0,-21.0,-13.0,16.0,5.0
0.8127195,26.0,1.0,-25.0,-12.0,15.0,1.0
0.8271054,26.0,1.0,-25.0,-12.0,15.0,1.0
0.8305648,24.0,3.0,-22.0,-12.0,20.0,5.0
0.84246415,25.0,3.0,-24.0,-11.0,18.0,3.0
0.85246414,23.0,-1.0,-24.0,-12.0,17.0,3.0
0.86580765,23.0,-1.0,-24.0,-12.0,17.0,3.0
0.869272,24.0,3.0,-21.0,-10.0,22.0,6.0
0.8799072,26.0,-1.0,-25.0,-7.0,19.0,2.0
0.8899072,24.0,-1.0,-24.0,-9.0,20.0,3.0
0.90387034,24.0,-1.0,-24.0,-9.0,20.0,3.0
0.9154354,26.0,3.0,-21.0,-8.0,23.0,6.0
0.9204265,26.0,2.0,-21.0,-8.0,22.0,6.0
0.9304265,24.0,-1.0,-23.0,-10.0,18.0,3.0
0.94042647,24.0,-1.0,-23.0,-10.0,18.0,3.0
0.9527131,24.0,-1.0,-23.0,-10.0,18.0,3.0
0.96382976,25.0,3.0,-20.0,-10.0,22.0,6.0
0.9686813,25.0,3.0,-20.0,-10.0,22.0,6.0
0.97868127,27.0,3.0,-21.0,-8.0,19.0,5.0
0.98868126,27.0,3.0,-21.0,-8.0,19.0,5.0
1.0006254,27.0,3.0,-21.0,-8.0,19.0,5.0
1.0106254,28.0,1.0,-21.0,-7.0,19.0,4.0
1.0207797,28.0,1.0,-21.0,-7.0,19.0,4.0
1.0307797,31.0,1.0,-20.0,-5.0,20.0,4.0
1.0437433,31.0,1.0,-20.0,-5.0,20.0,4.0
1.0537432,32.0,1.0,-15.0,-6.0,19.0,9.0
1.0637432,32.0,1.0,-15.0,-6.0,19.0,9.0
1.0737432,32.0,1.0,-15.0,-6.0,19.0,9.0
1.0872655,32.0,1.0,-15.0,-6.0,19.0,9.0
1.0972655,34.0,2.0,-14.0,-7.0,22.0,7.0
1.110896,34.0,2.0,-14.0,-7.0,22.0,7.0
1.1217983,33.0,5.0,-9.0,-9.0,25.0,10.0
1.126634,33.0,5.0,-9.0,-9.0,24.0,9.0
1.1404405,34.0,1.0,-12.0,-9.0,19.0,4.0
1.1504405,33.0,3.0,-10.0,-10.0,20.0,5.0
1.1596946,33.0,3.0,-10.0,-10.0,20.0,5.0
1.1709074,34.0,5.0,-6.0,-9.0,22.0,8.0
1.1809059,35.0,5.0,-4.0,-8.0,22.0,10.0
1.19189,33.0,3.0,-8.0,-10.0,19.0,4.0
1.1967068,34.0,4.0,-4.0,-9.0,20.0,7.0
1.2067068,34.0,2.0,-7.0,-9.0,18.0,3.0
1.2167069,34.0,2.0,-7.0,-9.0,18.0,3.0
1.2282581,34.0,2.0,-7.0,-9.0,18.0,3.0
1.2395976,34.0,6.0,-4.0,-9.0,22.0,5.0
1.2497902,34.0,5.0,-3.0,-10.0,22.0,6.0
1.2606168,34.0,5.0,-5.0,-10.0,22.0,4.0
1.2654599,34.0,5.0,-5.0,-10.0,21.0,4.0
1.2789199,35.0,2.0,-7.0,-9.0,18.0,1.0
1.28892,32.0,2.0,-6.0,-12.0,17.0,2.0
1.2981219,32.0,2.0,-6.0,-12.0,17.0,2.0
1.308122,37.0,2.0,-7.0,-7.0,18.0,1.0
1.318122,37.0,2.0,-7.0,-7.0,18.0,1.0
1.328122,37.0,2.0,-7.0,-7.0,18.0,1.0
1.342558,37.0,2.0,-7.0,-7.0,18.0,1.0
1.3460473,35.0,7.0,-4.0,-9.0,23.0,4.0
1.3559296,37.0,2.0,-9.0,-8.0,19.0,4.0
1.3672981,37.0,3.0,-8.0,-8.0,19.0,1.0
1.3772981,36.0,4.0,-6.0,-10.0,20.0,3.0
1.3872982,36.0,4.0,-6.0,-10.0,20.0,3.0
1.3955543,36.0,4.0,-6.0,-10.0,20.0,3.0
1.409131,35.0,5.0,-4.0,-11.0,22.0,6.0
1.4125766,34.0,5.0,-3.0,-11.0,22.0,7.0
1.4233696,35.0,3.0,-8.0,-10.0,19.0,1.0
1.435316,36.0,3.0,-6.0,-9.0,19.0,3.0
1.4446563,34.0,2.0,-6.0,-10.0,18.0,3.0
1.4546562,36.0,1.0,-7.0,-8.0,17.0,2.0
1.4692634,36.0,1.0,-7.0,-8.0,17.0,2.0
1.4727293,34.0,5.0,-1.0,-10.0,22.0,8.0
1.4843124,34.0,2.0,-6.0,-11.0,20.0,3.0
1.4945662,36.0,2.0,-6.0,-9.0,20.0,3.0
1.5045662,35.0,2.0,-6.0,-9.0,18.0,2.0
1.5145662,35.0,2.0,-6.0,-9.0,18.0,2.0
1.5245662,35.0,2.0,-6.0,-9.0,18.0,2.0
1.5303526,35.0,2.0,-6.0,-9.0,18.0,2.0
1.5338372,34.0,3.0,-2.0,-10.0,22.0,7.0
1.5429375,36.0,3.0,-6.0,-8.0,19.0,3.0
1.5529375,35.0,1.0,-4.0,-9.0,20.0,5.0
1.5675416,35.0,1.0,-4.0,-9.0,20.0,5.0
1.5709791,35.0,3.0,-2.0,-9.0,22.0,6.0
1.5830913,33.0,3.0,-6.0,-11.0,19.0,2.0
1.5930912,34.0,-1.0,-4.0,-10.0,18.0,3.0
1.607284,34.0,-1.0,-4.0,-10.0,18.0,3.0
1.6172839,34.0,-1.0,-4.0,-10.0,18.0,3.0
1.6272839,34.0,-1.0,-4.0,-10.0,18.0,3.0
1.6357417,34.0,-1.0,-4.0,-10.0,18.0,3.0
1.6457417,33.0,-3.0,-1.0,-10.0,17.0,6.0
1.6557417,33.0,-3.0,-1.0,-10.0,17.0,6.0
1.6657417,33.0,-3.0,-1.0,-10.0,17.0,6.0
1.6772182,33.0,-3.0,-1.0,-10.0,17.0,6.0
1.6826451,33.0,-3.0,-1.0,-10.0,17.0,4.0
1.6926451,34.0,-4.0,-2.0,-9.0,16.0,3.0
1.7065971,34.0,-4.0,-2.0,-9.0,16.0,3.0
1.7165971,34.0,-4.0,-2.0,-9.0,18.0,2.0
1.7248913,34.0,-4.0,-2.0,-9.0,18.0,2.0
1.7337362,32.0,-1.0,1.0,-11.0,22.0,6.0
1.7437361,35.0,-2.0,1.0,-8.0,22.0,5.0
1.7537361,35.0,-2.0,1.0,-8.0,22.0,5.0
1.7661303,35.0,-2.0,1.0,-8.0,22.0,5.0
1.7701724,35.0,-2.0,1.0,-8.0,21.0,4.0
1.7801725,34.0,-2.0,1.0,-9.0,20.0,5.0
1.7934959,34.0,-2.0,1.0,-9.0,20.0,5.0
1.8034959,33.0,1.0,4.0,-10.0,23.0,7.0
1.813496,33.0,1.0,4.0,-10.0,23.0,7.0
1.823496,33.0,1.0,4.0,-10.0,23.0,7.0
1.833496,33.0,1.0,4.0,-10.0,23.0,7.0
1.843496,33.0,1.0,4.0,-10.0,23.0,7.0
1.8537595,33.0,1.0,4.0,-10.0,23.0,7.0
1.8637595,33.0,-3.0,2.0,-10.0,18.0,3.0
1.8737595,33.0,-3.0,2.0,-10.0,18.0,3.0
1.8800296,33.0,-3.0,2.0,-10.0,18.0,3.0
1.8900295,33.0,-3.0,4.0,-10.0,20.0,4.0
1.9014182,33.0,-3.0,4.0,-10.0,20.0,4.0
1.9114182,32.0,-3.0,4.0,-10.0,17.0,4.0
1.9245664,32.0,-3.0,4.0,-10.0,17.0,4.0
1.9401624,33.0,-1.0,2.0,-9.0,20.0,3.0
1.9501624,34.0,-2.0,2.0,-8.0,20.0,2.0
1.9601624,34.0,-2.0,2.0,-8.0,20.0,2.0
1.9701624,34.0,-2.0,2.0,-8.0,20.0,2.0
1.9801624,34.0,-2.0,2.0,-8.0,20.0,2.0
1.9854697,34.0,-2.0,2.0,-8.0,20.0,2.0
1.9997414,34.0,-1.0,2.0,-8.0,20.0,2.0
2.0097415,33.0,-3.0,2.0,-10.0,18.0,2.0
2.0184956,33.0,-3.0,2.0,-10.0,18.0,2.0
2.0284956,32.0,-2.0,2.0,-11.0,19.0,2.0
2.0384955,32.0,-2.0,2.0,-11.0,19.0,2.0
2.0484955,32.0,-2.0,2.0,-11.0,19.0,2.0
2.0584955,32.0,-2.0,2.0,-11.0,19.0,2.0
2.068534,32.0,-2.0,2.0,-11.0,19.0,2.0
2.080946,32.0,-1.0,1.0,-10.0,21.0,3.0
2.0858824,32.0,-1.0,3.0,-10.0,21.0,5.0
2.0958824,33.0,-4.0,3.0,-8.0,18.0,2.0
2.1058824,33.0,-4.0,3.0,-8.0,18.0,2.0
2.117343,33.0,-4.0,3.0,-8.0,18.0,2.0
2.1290321,33.0,-1.0,1.0,-9.0,21.0,3.0
2.1409998,33.0,-1.0,4.0,-9.0,22.0,6.0
2.1509998,33.0,-3.0,1.0,-9.0,19.0,3.0
2.1609998,33.0,-3.0,1.0,-9.0,19.0,3.0
2.167437,33.0,-3.0,1.0,-9.0,19.0,3.0
2.1803904,31.0,-2.0,2.0,-12.0,20.0,3.0
2.1853478,32.0,-2.0,4.0,-11.0,22.0,5.0
2.195348,33.0,-4.0,1.0,-9.0,18.0,2.0
2.2053478,33.0,-4.0,1.0,-9.0,18.0,2.0
2.2162442,33.0,-4.0,1.0,-9.0,18.0,2.0
2.228003,30.0,-1.0,4.0,-12.0,21.0,5.0
2.2399797,33.0,-1.0,4.0,-9.0,22.0,5.0
2.2434452,34.0,-1.0,3.0,-8.0,22.0,4.0
2.2534454,32.0,-4.0,3.0,-10.0,18.0,4.0
2.2676613,32.0,-4.0,3.0,-10.0,18.0,4.0
2.2787497,34.0,-1.0,1.0,-8.0,20.0,1.0
2.2836354,33.0,-1.0,4.0,-9.0,21.0,5.0
2.2923412,32.0,-1.0,-3.0,-10.0,21.0,-1.0
2.3034208,35.0,-1.0,-1.0,-7.0,20.0,-1.0
2.3120978,33.0,-1.0,-1.0,-9.0,20.0,1.0
2.3234334,33.0,-2.0,-1.0,-10.0,19.0,3.0
2.3323114,31.0,-2.0,-1.0,-12.0,21.0,3.0
2.3438501,33.0,-2.0,-1.0,-10.0,19.0,4.0
2.3518312,33.0,-2.0,-1.0,-9.0,21.0,4.0
2.364201,34.0,-1.0,-1.0,-8.0,20.0,4.0
2.3727715,34.0,-1.0,-1.0,-8.0,20.0,4.0
2.383628,32.0,-3.0,-1.0,-10.0,18.0,3.0
2.3926508,35.0,-3.0,-1.0,-8.0,18.0,3.0
2.4036295,32.0,-3.0,1.0,-11.0,21.0,4.0
2.4125164,33.0,-1.0,1.0,-10.0,21.0,4.0
2.423562,34.0,-1.0,1.0,-9.0,21.0,3.0
2.4323745,34.0,-1.0,1.0,-9.0,21.0,3.0
2.4436016,32.0,-3.0,1.0,-11.0,18.0,4.0
2.4523997,32.0,-3.0,1.0,-11.0,18.0,4.0
2.463786,30.0,-3.0,1.0,-13.0,21.0,3.0
2.4725807,32.0,-2.0,1.0,-10.0,20.0,3.0
2.4838502,32.0,-2.0,2.0,-10.0,20.0,5.0
2.4926605,33.0,-1.0,2.0,-8.0,21.0,3.0
2.5034208,33.0,-2.0,1.0,-8.0,20.0,4.0
2.5122082,33.0,-2.0,1.0,-8.0,20.0,4.0
2.5238817,32.0,-2.0,1.0,-10.0,20.0,3.0
2.533279,34.0,-3.0,1.0,-8.0,19.0,2.0
2.543279,34.0,-3.0,1.0,-8.0,19.0,3.0
2.553279,34.0,-3.0,1.0,-8.0,19.0,3.0
2.563279,34.0,-3.0,1.0,-8.0,19.0,3.0
2.5722454,34.0,-3.0,1.0,-8.0,19.0,3.0
2.5841138,32.0,-3.0,1.0,-11.0,22.0,4.0
2.594216,34.0,-3.0,5.0,-9.0,22.0,8.0
2.606855,32.0,-3.0,2.0,-11.0,22.0,4.0
2.6118257,34.0,-3.0,3.0,-9.0,21.0,5.0
2.6221511,32.0,-1.0,-1.0,-11.0,20.0,5.0
2.6321514,34.0,-3.0,-1.0,-9.0,17.0,1.0
2.642151,34.0,-3.0,-1.0,-9.0,17.0,1.0
2.6521513,34.0,-3.0,-1.0,-9.0,17.0,1.0
2.661865,34.0,-3.0,-1.0,-9.0,17.0,1.0
2.67302,34.0,2.0,-1.0,-8.0,23.0,2.0
2.68358,35.0,-1.0,2.0,-7.0,21.0,5.0
2.6962986,34.0,-1.0,2.0,-8.0,21.0,3.0
2.701388,34.0,1.0,3.0,-9.0,22.0,6.0
2.7096581,34.0,-1.0,3.0,-9.0,20.0,3.0
2.7201228,34.0,-2.0,3.0,-9.0,18.0,2.0
2.7278953,34.0,-2.0,3.0,-10.0,18.0,2.0
2.7389681,33.0,-1.0,3.0,-11.0,19.0,2.0
2.7480228,33.0,-1.0,-1.0,-11.0,21.0,2.0
2.758758,35.0,-1.0,-1.0,-8.0,20.0,3.0
2.7681186,32.0,-2.0,-1.0,-11.0,19.0,3.0
2.7786915,34.0,-2.0,-1.0,-9.0,19.0,3.0
2.7866604,33.0,-1.0,-2.0,-10.0,20.0,1.0
2.8001502,36.0,-2.0,-2.0,-7.0,19.0,3.0
2.8080924,33.0,-2.0,-2.0,-10.0,21.0,4.0
2.8200817,34.0,-2.0,1.0,-9.0,21.0,5.0
2.8280392,33.0,-1.0,1.0,-10.0,20.0,4.0
2.838194,36.0,-1.0,1.0,-7.0,21.0,3.0
2.8473833,32.0,-3.0,1.0,-11.0,18.0,3.0
2.8594067,33.0,-1.0,1.0,-10.0,20.0,3.0
2.8686883,31.0,-1.0,-1.0,-12.0,21.0,2.0
2.8786886,37.0,-1.0,2.0,-6.0,21.0,5.0
2.8886883,37.0,-1.0,2.0,-6.0,21.0,5.0
2.8986886,37.0,-1.0,2.0,-6.0,21.0,5.0
2.9086883,37.0,-1.0,2.0,-6.0,21.0,5.0
2.9186885,37.0,-1.0,2.0,-6.0,21.0,5.0
2.9286883,37.0,-1.0,2.0,-6.0,21.0,5.0
2.9386885,37.0,-1.0,2.0,-6.0,21.0,5.0
2.948001,37.0,-1.0,2.0,-6.0,21.0,5.0
2.960021,34.0,-1.0,2.0,-10.0,20.0,4.0
2.9701433,34.0,2.0,2.0,-10.0,22.0,6.0
2.982431,32.0,2.0,2.0,-13.0,20.0,3.0
2.98738,37.0,2.0,1.0,-7.0,22.0,4.0
2.9966247,36.0,2.0,-3.0,-8.0,20.0,4.0
3.008201,33.0,-1.0,-3.0,-11.0,18.0,3.0
3.0176268,35.0,-1.0,-3.0,-9.0,18.0,3.0
3.0276268,34.0,-1.0,-1.0,-10.0,20.0,2.0
3.037627,34.0,-1.0,-1.0,-10.0,20.0,2.0
3.0476267,34.0,-1.0,-1.0,-10.0,20.0,2.0
3.0569751,34.0,-1.0,-1.0,-10.0,20.0,2.0
3.0681858,33.0,-1.0,-1.0,-11.0,20.0,5.0
3.0784614,32.0,2.0,-1.0,-12.0,22.0,5.0
3.0907836,32.0,1.0,-1.0,-12.0,21.0,5.0
3.0957217,35.0,1.0,-1.0,-8.0,21.0,4.0
3.1051097,34.0,-1.0,-2.0,-9.0,18.0,2.0
3.1169126,33.0,-1.0,-1.0,-10.0,19.0,3.0
3.1269128,35.0,2.0,-4.0,-8.0,21.0,3.0
3.1358545,35.0,2.0,-4.0,-8.0,21.0,3.0
3.1468582,34.0,2.0,-2.0,-9.0,21.0,2.0
3.1579723,33.0,2.0,-2.0,-10.0,19.0,5.0
3.1641657,33.0,1.0,-3.0,-10.0,20.0,2.0
3.1732717,35.0,2.0,-3.0,-8.0,21.0,2.0
3.1834254,35.0,1.0,-3.0,-8.0,20.0,5.0
3.1939695,34.0,-1.0,-2.0,-9.0,18.0,3.0
3.2039695,32.0,-1.0,-1.0,-11.0,19.0,4.0
3.2139695,32.0,-1.0,-1.0,-11.0,19.0,4.0
3.2215776,32.0,-1.0,-1.0,-11.0,19.0,4.0
3.2250779,33.0,-1.0,-1.0,-11.0,18.0,4.0
3.2350779,34.0,-2.0,-1.0,-9.0,18.0,4.0
3.2450778,34.0,-2.0,-1.0,-9.0,18.0,4.0
3.2534592,34.0,-2.0,-1.0,-9.0,18.0,4.0
3.2658908,31.0,-2.0,-1.0,-12.0,20.0,5.0
3.2761128,34.0,-2.0,1.0,-9.0,21.0,5.0
3.287594,33.0,1.0,1.0,-10.0,22.0,4.0
3.2910714,33.0,1.0,1.0,-10.0,22.0,4.0
3.302982,33.0,-3.0,-1.0,-10.0,17.0,2.0
3.3129823,34.0,-2.0,-1.0,-9.0,18.0,3.0
3.322982,34.0,-2.0,-1.0,-9.0,18.0,3.0
3.3329823,34.0,-2.0,-1.0,-9.0,18.0,3.0
3.3430185,34.0,-2.0,-1.0,-9.0,18.0,3.0
3.3554962,32.0,-2.0,-1.0,-10.0,21.0,4.0
3.3645396,34.0,1.0,-1.0,-8.0,22.0,4.0
3.3764944,32.0,1.0,1.0,-11.0,21.0,5.0
3.3799384,34.0,1.0,1.0,-8.0,22.0,3.0
3.3912666,33.0,-1.0,-2.0,-9.0,19.0,1.0
3.404547,35.0,-1.0,-1.0,-7.0,19.0,2.0
3.4145472,34.0,-2.0,-1.0,-9.0,18.0,3.0
3.424547,34.0,-2.0,-1.0,-9.0,18.0,3.0
3.4326153,34.0,-2.0,-1.0,-9.0,18.0,3.0
3.4442453,32.0,-2.0,-1.0,-11.0,21.0,4.0
3.4543498,34.0,1.0,1.0,-9.0,22.0,5.0
3.4657354,32.0,1.0,1.0,-11.0,21.0,3.0
3.4691994,32.0,1.0,1.0,-11.0,21.0,3.0
3.4810555,34.0,-1.0,1.0,-9.0,19.0,3.0
3.4910553,33.0,-2.0,-1.0,-9.0,18.0,2.0
3.5010555,33.0,-2.0,-1.0,-9.0,18.0,2.0
3.5110555,33.0,-2.0,-1.0,-9.0,18.0,2.0
3.5210109,33.0,-2.0,-1.0,-9.0,18.0,2.0
3.5330758,31.0,-1.0,1.0,-12.0,20.0,5.0
3.5426135,34.0,1.0,2.0,-9.0,22.0,6.0
3.5541778,31.0,-1.0,2.0,-11.0,20.0,4.0
3.5636876,34.0,1.0,3.0,-8.0,22.0,6.0
3.5753024,31.0,1.0,3.0,-11.0,21.0,3.0
3.5787723,33.0,1.0,1.0,-9.0,21.0,3.0
3.5892055,33.0,-2.0,-1.0,-9.0,18.0,1.0
3.6020186,33.0,-3.0,1.0,-9.0,17.0,3.0
3.6113017,34.0,-1.0,1.0,-8.0,19.0,2.0
3.6213014,34.0,-1.0,1.0,-8.0,20.0,3.0
3.6313016,34.0,-1.0,1.0,-8.0,20.0,3.0
3.6413014,34.0,-1.0,1.0,-8.0,20.0,3.0
3.649753,34.0,-1.0,1.0,-8.0,20.0,3.0
3.661482,32.0,-1.0,1.0,-11.0,21.0,3.0
3.6711822,32.0,-1.0,1.0,-11.0,22.0,4.0
3.6825688,32.0,-1.0,1.0,-11.0,22.0,3.0
3.6921835,34.0,-1.0,1.0,-9.0,21.0,4.0
3.7035668,34.0,-1.0,1.0,-8.0,20.0,4.0
3.7070186,34.0,-1.0,1.0,-8.0,20.0,4.0
3.717729,35.0,-2.0,1.0,-7.0,18.0,3.0
3.7305772,33.0,-1.0,-2.0,-10.0,20.0,3.0
3.7398548,33.0,-3.0,-1.0,-10.0,18.0,2.0
3.7498548,33.0,-1.0,-1.0,-10.0,20.0,3.0
3.7598548,33.0,-1.0,-1.0,-10.0,20.0,3.0
3.7698548,33.0,-1.0,-1.0,-10.0,20.0,3.0
3.7781107,33.0,-1.0,-1.0,-10.0,20.0,3.0
3.7902896,31.0,-1.0,1.0,-12.0,22.0,5.0
3.7998402,36.0,2.0,3.0,-7.0,24.0,7.0
3.811414,32.0,2.0,1.0,-11.0,21.0,4.0
3.8162434,35.0,1.0,2.0,-8.0,22.0,5.0
3.8256714,33.0,-1.0,2.0,-10.0,19.0,2.0
3.8378854,34.0,-1.0,2.0,-9.0,19.0,2.0
3.8478854,33.0,-2.0,2.0,-10.0,18.0,2.0
3.860642,33.0,-2.0,2.0,-10.0,18.0,2.0
3.8686626,34.0,-1.0,1.0,-9.0,19.0,3.0
3.8781996,33.0,-1.0,-2.0,-10.0,19.0,3.0
3.8881996,33.0,-1.0,1.0,-10.0,21.0,4.0
3.902436,33.0,-1.0,1.0,-10.0,21.0,4.0
3.9064782,35.0,-1.0,1.0,-8.0,21.0,3.0
3.916478,33.0,-2.0,-1.0,-10.0,19.0,2.0
3.9264781,33.0,-2.0,-1.0,-10.0,19.0,2.0
3.936478,33.0,-2.0,-1.0,-10.0,19.0,2.0
3.9467995,33.0,-2.0,-1.0,-10.0,19.0,2.0
3.9585216,33.0,1.0,1.0,-11.0,22.0,4.0
3.9687338,34.0,1.0,1.0,-10.0,21.0,4.0
3.980117,33.0,1.0,1.0,-11.0,21.0,3.0
3.984957,33.0,1.0,1.0,-11.0,21.0,3.0
3.9951897,33.0,-2.0,1.0,-10.0,18.0,3.0
4.00519,34.0,-1.0,-1.0,-9.0,19.0,2.0
4.0151896,34.0,-1.0,-1.0,-9.0,19.0,2.0
4.02519,34.0,-1.0,-1.0,-9.0,19.0,2.0
4.035218,34.0,-1.0,-1.0,-9.0,19.0,2.0
4.047655,32.0,-1.0,1.0,-11.0,21.0,4.0
4.057215,35.0,-1.0,4.0,-8.0,21.0,7.0
4.069191,33.0,-1.0,4.0,-10.0,21.0,3.0
4.0726423,34.0,-1.0,4.0,-9.0,21.0,7.0
4.0837317,34.0,-2.0,4.0,-9.0,18.0,2.0
4.0949,35.0,-1.0,-1.0,-8.0,19.0,1.0
4.1042542,35.0,-1.0,-1.0,-8.0,19.0,2.0
4.114254,35.0,-1.0,-1.0,-8.0,20.0,2.0
4.124254,35.0,-1.0,-1.0,-8.0,20.0,2.0
4.134254,35.0,-1.0,-1.0,-8.0,20.0,2.0
4.144582,35.0,-1.0,-1.0,-8.0,20.0,2.0
4.156886,33.0,1.0,3.0,-11.0,22.0,6.0
4.1669445,34.0,1.0,2.0,-10.0,22.0,5.0
4.1783524,33.0,1.0,1.0,-11.0,21.0,4.0
4.1818933,33.0,1.0,2.0,-11.0,20.0,4.0
4.192318,34.0,-1.0,2.0,-9.0,19.0,2.0
4.203651,33.0,-1.0,2.0,-10.0,19.0,2.0
4.2130527,33.0,-1.0,-1.0,-10.0,20.0,1.0
4.223053,36.0,-1.0,-1.0,-7.0,20.0,2.0
4.2330527,36.0,-1.0,-1.0,-7.0,20.0,2.0
4.243053,36.0,-1.0,-1.0,-7.0,20.0,2.0
4.2527742,36.0,-1.0,-1.0,-7.0,20.0,2.0
4.2648544,32.0,-1.0,1.0,-11.0,20.0,4.0
4.2732997,33.0,1.0,2.0,-10.0,22.0,6.0
4.2846336,34.0,-2.0,-1.0,-9.0,19.0,2.0
4.294047,34.0,-2.0,2.0,-9.0,21.0,5.0
4.3056374,34.0,-2.0,2.0,-9.0,21.0,5.0
4.315286,33.0,3.0,3.0,-10.0,24.0,6.0
4.327003,32.0,1.0,3.0,-11.0,21.0,2.0
4.3304462,34.0,2.0,3.0,-9.0,22.0,5.0
4.3406277,34.0,-1.0,-1.0,-9.0,18.0,5.0
4.3523135,33.0,-1.0,-1.0,-10.0,18.0,1.0
4.361617,34.0,-2.0,-1.0,-9.0,17.0,1.0
4.371617,35.0,-3.0,-1.0,-8.0,16.0,2.0
4.3816166,35.0,-3.0,-1.0,-8.0,16.0,2.0
4.3916163,35.0,-3.0,-1.0,-8.0,16.0,2.0
4.4012947,35.0,-3.0,-1.0,-8.0,16.0,2.0
4.4130416,33.0,-3.0,1.0,-10.0,21.0,4.0
4.4229426,33.0,1.0,3.0,-10.0,22.0,6.0
4.4343395,34.0,1.0,1.0,-9.0,21.0,4.0
4.444036,32.0,1.0,2.0,-11.0,22.0,4.0
4.455434,32.0,1.0,2.0,-11.0,21.0,4.0
4.4588957,32.0,1.0,2.0,-11.0,20.0,4.0
4.4690166,35.0,-3.0,2.0,-7.0,17.0,1.0
4.480707,34.0,-1.0,2.0,-8.0,19.0,1.0
4.490707,35.0,-2.0,2.0,-7.0,18.0,2.0
4.500707,35.0,-2.0,2.0,-7.0,18.0,2.0
4.5102286,35.0,-2.0,2.0,-7.0,18.0,2.0
4.522488,33.0,1.0,1.0,-10.0,22.0,3.0
4.532092,34.0,1.0,3.0,-9.0,21.0,6.0
4.544055,32.0,1.0,1.0,-11.0,22.0,4.0
4.5475273,35.0,1.0,2.0,-8.0,22.0,4.0
4.5579743,33.0,-1.0,2.0,-10.0,19.0,2.0
4.5688457,35.0,-1.0,2.0,-8.0,19.0,2.0
4.5779557,34.0,-1.0,2.0,-9.0,19.0,2.0
4.5899262,34.0,-2.0,2.0,-9.0,18.0,2.0
4.5992413,34.0,-2.0,2.0,-9.0,18.0,3.0
4.6099405,34.0,-2.0,-1.0,-9.0,19.0,2.0
4.619044,33.0,-2.0,-1.0,-10.0,19.0,3.0
4.6297827,33.0,-2.0,-2.0,-10.0,20.0,1.0
4.6389136,34.0,-2.0,-2.0,-9.0,20.0,4.0
4.6489134,37.0,1.0,3.0,-6.0,23.0,7.0
4.6593785,37.0,1.0,3.0,-6.0,23.0,7.0
4.669379,34.0,-1.0,1.0,-9.0,21.0,5.0
4.6786366,34.0,-1.0,1.0,-9.0,21.0,5.0
4.6901755,33.0,1.0,6.0,-11.0,22.0,9.0
4.700267,34.0,2.0,6.0,-10.0,23.0,8.0
4.7116957,35.0,4.0,6.0,-9.0,24.0,7.0
4.716539,35.0,4.0,6.0,-9.0,24.0,6.0
4.726884,35.0,1.0,7.0,-9.0,20.0,6.0
4.73845,36.0,3.0,8.0,-8.0,21.0,6.0
4.748779,35.0,4.0,8.0,-9.0,21.0,5.0
4.758779,38.0,7.0,5.0,-6.0,24.0,1.0
4.7669935,38.0,7.0,5.0,-6.0,24.0,1.0
4.7795663,36.0,13.0,9.0,-9.0,30.0,5.0
4.789101,38.0,16.0,12.0,-7.0,32.0,8.0
4.801285,37.0,18.0,11.0,-9.0,32.0,7.0
4.8047533,40.0,21.0,13.0,-6.0,32.0,8.0
4.8149447,39.0,20.0,11.0,-8.0,28.0,5.0
4.827257,40.0,23.0,10.0,-7.0,28.0,3.0
4.8365192,40.0,27.0,9.0,-8.0,29.0,1.0
4.8485994,39.0,31.0,9.0,-9.0,31.0,1.0
4.858599,38.0,35.0,8.0,-11.0,32.0,1.0
4.8679256,38.0,35.0,8.0,-11.0,32.0,1.0
4.877926,36.0,43.0,11.0,-13.0,38.0,4.0
4.8869505,36.0,43.0,11.0,-13.0,38.0,4.0
4.8969502,32.0,49.0,5.0,-16.0,36.0,4.0
4.909385,32.0,49.0,5.0,-16.0,36.0,4.0
4.9144797,32.0,49.0,5.0,-15.0,32.0,4.0
4.9244795,25.0,56.0,1.0,-21.0,35.0,-4.0
4.9391503,25.0,56.0,1.0,-21.0,35.0,-4.0
4.94915,17.0,61.0,1.0,-24.0,32.0,-2.0
4.9591503,17.0,61.0,1.0,-24.0,32.0,-2.0
4.9663706,17.0,61.0,1.0,-24.0,32.0,-2.0
4.976371,7.0,65.0,-5.0,-28.0,30.0,-4.0
4.9863706,7.0,65.0,-5.0,-28.0,30.0,-4.0
4.9963703,7.0,65.0,-5.0,-28.0,30.0,-4.0
5.010995,7.0,65.0,-5.0,-28.0,30.0,-4.0
5.0283694,3.0,69.0,-4.0,-18.0,24.0,1.0
5.038369,-8.0,66.0,-11.0,-24.0,19.0,-3.0
5.04837,-8.0,66.0,-11.0,-24.0,19.0,-3.0
5.056427,-8.0,66.0,-11.0,-24.0,19.0,-3.0
5.0664268,-15.0,64.0,-11.0,-27.0,16.0,-2.0
5.076427,-15.0,64.0,-11.0,-27.0,16.0,-2.0
5.086427,-15.0,64.0,-11.0,-27.0,16.0,-2.0
5.0992064,-15.0,64.0,-11.0,-27.0,16.0,-2.0
5.1046486,-16.0,68.0,-8.0,-18.0,20.0,4.0
5.1146483,-17.0,64.0,-12.0,-16.0,17.0,4.0
5.128118,-17.0,64.0,-12.0,-16.0,17.0,4.0
5.145587,-20.0,67.0,-8.0,-14.0,21.0,5.0
5.155587,-22.0,65.0,-8.0,-14.0,20.0,6.0
5.16449,-22.0,65.0,-8.0,-14.0,20.0,6.0
5.17449,-25.0,63.0,-10.0,-14.0,17.0,2.0
5.187858,-25.0,63.0,-10.0,-14.0,17.0,2.0
5.205054,-27.0,65.0,-7.0,-14.0,20.0,5.0
5.215054,-27.0,62.0,-9.0,-12.0,18.0,3.0
5.225054,-27.0,62.0,-9.0,-12.0,18.0,3.0
5.2350535,-27.0,62.0,-9.0,-12.0,18.0,3.0
5.2470307,-27.0,62.0,-9.0,-12.0,18.0,3.0
5.2523675,-27.0,62.0,-9.0,-10.0,17.0,2.0
5.2623672,-28.0,62.0,-10.0,-10.0,18.0,1.0
5.276654,-28.0,62.0,-10.0,-10.0,18.0,1.0
5.2866535,-32.0,60.0,-2.0,-14.0,17.0,9.0
5.2966533,-32.0,60.0,-2.0,-14.0,17.0,9.0
5.3066535,-32.0,60.0,-2.0,-14.0,17.0,9.0
5.314897,-32.0,60.0,-2.0,-14.0,17.0,9.0
5.3189545,-32.0,60.0,-2.0,-12.0,18.0,8.0
5.328954,-34.0,61.0,-3.0,-13.0,20.0,5.0
5.338955,-34.0,61.0,-3.0,-13.0,20.0,5.0
5.3489547,-34.0,61.0,-3.0,-13.0,20.0,5.0
5.354669,-34.0,61.0,-3.0,-13.0,20.0,5.0
5.3621116,-33.0,63.0,-3.0,-10.0,23.0,6.0
5.3713913,-35.0,61.0,-3.0,-12.0,21.0,5.0
5.3813915,-34.0,61.0,-2.0,-10.0,20.0,3.0
5.394554,-34.0,61.0,-2.0,-10.0,20.0,3.0
5.401891,-34.0,61.0,-2.0,-9.0,20.0,4.0
5.411891,-34.0,61.0,-2.0,-9.0,20.0,4.0
5.422148,-34.0,61.0,-2.0,-9.0,20.0,4.0
5.432148,-37.0,61.0,1.0,-12.0,20.0,5.0
5.441167,-37.0,61.0,1.0,-12.0,20.0,5.0
5.4511666,-36.0,59.0,1.0,-11.0,18.0,3.0
5.4629903,-36.0,59.0,1.0,-11.0,18.0,3.0
5.4704447,-38.0,62.0,4.0,-12.0,21.0,7.0
5.4807177,-36.0,59.0,3.0,-9.0,19.0,6.0
5.490718,-38.0,58.0,1.0,-11.0,18.0,3.0
5.503137,-38.0,58.0,1.0,-11.0,18.0,3.0
5.5083165,-35.0,61.0,5.0,-8.0,21.0,6.0
5.5183167,-37.0,58.0,1.0,-10.0,18.0,2.0
5.5315824,-37.0,58.0,1.0,-10.0,18.0,2.0
5.541582,-36.0,61.0,5.0,-9.0,22.0,6.0
5.549736,-36.0,61.0,5.0,-9.0,22.0,6.0
5.559736,-39.0,59.0,1.0,-12.0,20.0,1.0
5.5697355,-39.0,59.0,1.0,-12.0,20.0,1.0
5.580117,-39.0,59.0,1.0,-12.0,20.0,1.0
5.5901175,-36.0,62.0,4.0,-9.0,22.0,4.0
5.5990014,-36.0,62.0,4.0,-9.0,22.0,4.0
5.609002,-38.0,60.0,1.0,-10.0,20.0,2.0
5.619002,-38.0,60.0,1.0,-10.0,20.0,2.0
5.6298985,-38.0,60.0,1.0,-10.0,20.0,2.0
5.639899,-37.0,62.0,3.0,-9.0,21.0,4.0
5.6481857,-37.0,62.0,3.0,-9.0,21.0,4.0
5.6581864,-37.0,59.0,3.0,-9.0,18.0,1.0
5.668186,-37.0,59.0,3.0,-9.0,18.0,1.0
5.678607,-37.0,59.0,3.0,-9.0,18.0,1.0
5.6886067,-37.0,63.0,3.0,-9.0,22.0,4.0
5.6974993,-37.0,63.0,3.0,-9.0,22.0,4.0
5.707499,-37.0,58.0,3.0,-10.0,18.0,2.0
5.7174993,-37.0,58.0,3.0,-10.0,18.0,2.0
5.7286754,-37.0,58.0,3.0,-10.0,18.0,2.0
5.738675,-38.0,62.0,4.0,-11.0,21.0,6.0
5.74784,-38.0,62.0,4.0,-11.0,21.0,6.0
5.7578397,-35.0,60.0,4.0,-7.0,19.0,2.0
5.770767,-35.0,60.0,4.0,-7.0,19.0,2.0
5.78763,-37.0,62.0,1.0,-9.0,21.0,2.0
5.79763,-38.0,63.0,1.0,-11.0,22.0,3.0
5.8071804,-38.0,63.0,1.0,-11.0,22.0,3.0
5.81718,-37.0,59.0,1.0,-10.0,17.0,2.0
5.830067,-37.0,59.0,1.0,-10.0,17.0,2.0
5.8469977,-36.0,62.0,1.0,-8.0,20.0,3.0
5.8569975,-36.0,64.0,2.0,-8.0,23.0,5.0
5.866512,-36.0,64.0,2.0,-8.0,23.0,5.0
5.8765116,-34.0,59.0,1.0,-7.0,17.0,3.0
5.88965,-34.0,59.0,1.0,-7.0,17.0,3.0
5.906625,-36.0,63.0,1.0,-10.0,21.0,3.0
5.916625,-36.0,60.0,1.0,-10.0,19.0,2.0
5.9266253,-36.0,60.0,1.0,-10.0,19.0,2.0
5.936625,-36.0,60.0,1.0,-10.0,19.0,2.0
5.949835,-36.0,60.0,1.0,-10.0,19.0,2.0
5.966798,-36.0,64.0,3.0,-10.0,22.0,5.0
5.9767976,-35.0,63.0,3.0,-8.0,21.0,2.0
5.9867973,-35.0,63.0,3.0,-8.0,21.0,2.0
5.996798,-35.0,63.0,3.0,-8.0,21.0,2.0
6.006798,-35.0,63.0,3.0,-8.0,21.0,2.0
6.0167975,-35.0,63.0,3.0,-8.0,21.0,2.0
6.0267777,-35.0,63.0,3.0,-8.0,21.0,2.0
6.036778,-36.0,60.0,-1.0,-11.0,18.0,2.0
6.0467777,-36.0,60.0,-1.0,-11.0,18.0,2.0
6.0532966,-36.0,60.0,-1.0,-11.0,18.0,2.0
6.063297,-33.0,63.0,-3.0,-8.0,21.0,1.0
6.073297,-33.0,63.0,-3.0,-8.0,21.0,1.0
6.083297,-33.0,63.0,-3.0,-8.0,21.0,1.0
6.0976276,-33.0,63.0,-3.0,-8.0,21.0,1.0
6.115004,-35.0,63.0,-1.0,-10.0,21.0,4.0
6.125004,-33.0,60.0,-6.0,-9.0,17.0,4.0
6.1350036,-33.0,60.0,-6.0,-9.0,17.0,4.0
6.145004,-33.0,60.0,-6.0,-9.0,17.0,4.0
6.158813,-33.0,60.0,-6.0,-9.0,17.0,4.0
6.1688137,-32.0,63.0,-4.0,-8.0,20.0,2.0
6.1788135,-32.0,63.0,-4.0,-8.0,20.0,2.0
6.1874237,-32.0,63.0,-4.0,-8.0,20.0,2.0
6.2047663,-33.0,63.0,-4.0,-9.0,21.0,3.0
6.214766,-31.0,62.0,-5.0,-8.0,20.0,2.0
6.224766,-31.0,62.0,-5.0,-8.0,20.0,2.0
6.231874,-31.0,62.0,-5.0,-8.0,20.0,2.0
6.241874,-29.0,66.0,-5.0,-6.0,23.0,2.0
6.2518744,-29.0,66.0,-5.0,-6.0,23.0,2.0
6.260752,-29.0,66.0,-5.0,-6.0,23.0,2.0
6.2707524,-30.0,65.0,-5.0,-8.0,22.0,3.0
6.2807527,-30.0,65.0,-5.0,-8.0,22.0,3.0
6.2907524,-30.0,65.0,-5.0,-8.0,22.0,3.0
6.300752,-30.0,65.0,-5.0,-8.0,22.0,3.0
6.3107524,-30.0,65.0,-5.0,-8.0,22.0,3.0
6.324503,-30.0,65.0,-5.0,-8.0,22.0,3.0
6.3345027,-29.0,64.0,-7.0,-9.0,21.0,3.0
6.3432803,-29.0,64.0,-7.0,-9.0,21.0,3.0
6.3532805,-30.0,62.0,-8.0,-10.0,18.0,2.0
6.3632803,-30.0,62.0,-8.0,-10.0,18.0,2.0
6.3762374,-30.0,62.0,-8.0,-10.0,18.0,2.0
6.3862376,-27.0,63.0,-10.0,-7.0,19.0,2.0
6.3962374,-27.0,63.0,-10.0,-7.0,19.0,2.0
6.403934,-27.0,63.0,-10.0,-7.0,19.0,2.0
6.4194794,-30.0,64.0,-6.0,-10.0,21.0,5.0
6.42948,-31.0,59.0,-9.0,-12.0,16.0,2.0
6.43948,-31.0,59.0,-9.0,-12.0,16.0,2.0
6.4494796,-31.0,59.0,-9.0,-12.0,16.0,2.0
6.4644375,-31.0,59.0,-9.0,-12.0,16.0,2.0
6.4813385,-30.0,64.0,-8.0,-9.0,21.0,3.0
6.4901767,-30.0,64.0,-8.0,-9.0,22.0,3.0
6.508142,-31.0,60.0,-10.0,-10.0,18.0,1.0
6.5181417,-30.0,63.0,-9.0,-9.0,20.0,2.0
6.5281425,-30.0,63.0,-9.0,-9.0,20.0,2.0
6.538142,-30.0,63.0,-9.0,-9.0,20.0,2.0
6.548142,-30.0,63.0,-9.0,-9.0,20.0,2.0
6.558142,-30.0,63.0,-9.0,-9.0,20.0,2.0
6.5708394,-30.0,63.0,-9.0,-9.0,20.0,2.0
6.5808396,-33.0,58.0,-11.0,-13.0,17.0,3.0
6.5908394,-33.0,58.0,-11.0,-13.0,17.0,3.0
6.5969534,-33.0,58.0,-11.0,-13.0,17.0,3.0
6.6069536,-31.0,63.0,-8.0,-10.0,21.0,5.0
6.6182895,-31.0,63.0,-8.0,-10.0,21.0,5.0
6.6282897,-31.0,60.0,-12.0,-9.0,18.0,1.0
6.641435,-31.0,60.0,-12.0,-9.0,18.0,1.0
6.6514354,-33.0,60.0,-12.0,-11.0,18.0,1.0
6.6614356,-33.0,60.0,-12.0,-11.0,18.0,1.0
6.6714354,-33.0,60.0,-12.0,-11.0,18.0,1.0
6.681435,-33.0,60.0,-12.0,-11.0,18.0,1.0
6.6875544,-33.0,60.0,-12.0,-11.0,18.0,1.0
6.6975546,-31.0,60.0,-14.0,-8.0,19.0,1.0
6.7075543,-31.0,60.0,-14.0,-8.0,19.0,1.0
6.717554,-31.0,60.0,-14.0,-8.0,19.0,1.0
6.731445,-31.0,60.0,-14.0,-8.0,19.0,1.0
6.74752,-33.0,61.0,-11.0,-9.0,20.0,4.0
6.75752,-33.0,63.0,-9.0,-10.0,22.0,7.0
6.7675204,-33.0,63.0,-9.0,-10.0,22.0,7.0
6.774968,-33.0,63.0,-9.0,-10.0,22.0,7.0
6.7849684,-31.0,60.0,-14.0,-8.0,19.0,1.0
6.7949686,-31.0,60.0,-14.0,-8.0,19.0,1.0
6.8049684,-31.0,60.0,-14.0,-8.0,19.0,1.0
6.814968,-31.0,60.0,-14.0,-8.0,19.0,1.0
6.8212237,-31.0,60.0,-14.0,-8.0,19.0,1.0
6.835388,-28.0,61.0,-14.0,-4.0,19.0,1.0
6.8453884,-34.0,58.0,-13.0,-11.0,16.0,1.0
6.8540964,-34.0,58.0,-13.0,-11.0,16.0,1.0
6.8657346,-32.0,60.0,-12.0,-10.0,19.0,3.0
6.875906,-33.0,63.0,-9.0,-11.0,22.0,6.0
6.8891873,-35.0,61.0,-12.0,-13.0,21.0,3.0
6.8941774,-33.0,62.0,-11.0,-10.0,21.0,4.0
6.904177,-33.0,59.0,-15.0,-10.0,18.0,4.0
6.918672,-33.0,59.0,-15.0,-10.0,18.0,4.0
6.934156,-32.0,61.0,-12.0,-8.0,20.0,3.0
6.9441557,-32.0,59.0,-13.0,-8.0,19.0,3.0
6.954156,-32.0,59.0,-13.0,-8.0,19.0,3.0
6.9641557,-32.0,59.0,-13.0,-8.0,19.0,3.0
6.974156,-32.0,59.0,-13.0,-8.0,19.0,3.0
6.9794817,-32.0,59.0,-13.0,-8.0,19.0,3.0
6.989482,-30.0,60.0,-12.0,-7.0,19.0,3.0
6.9994817,-30.0,60.0,-12.0,-7.0,19.0,3.0
7.0075035,-30.0,60.0,-12.0,-7.0,19.0,3.0
7.0231833,-31.0,62.0,-10.0,-9.0,21.0,5.0
7.033183,-32.0,62.0,-9.0,-11.0,21.0,6.0
7.0431833,-32.0,62.0,-9.0,-11.0,21.0,6.0
7.053183,-32.0,62.0,-9.0,-11.0,21.0,6.0
7.0631833,-32.0,62.0,-9.0,-11.0,21.0,6.0
7.073183,-32.0,62.0,-9.0,-11.0,21.0,6.0
7.083707,-32.0,62.0,-9.0,-11.0,21.0,6.0
7.093707,-30.0,62.0,-11.0,-7.0,22.0,3.0
7.1037073,-30.0,62.0,-11.0,-7.0,22.0,3.0
7.1111917,-30.0,62.0,-11.0,-7.0,22.0,3.0
7.1211915,-29.0,63.0,-13.0,-6.0,22.0,1.0
7.1326437,-29.0,63.0,-13.0,-6.0,22.0,1.0
7.142644,-30.0,60.0,-15.0,-8.0,19.0,1.0
7.1556954,-30.0,60.0,-15.0,-8.0,19.0,1.0
7.17119,-30.0,62.0,-11.0,-9.0,21.0,5.0
7.182298,-33.0,63.0,-13.0,-12.0,22.0,3.0
7.192312,-30.0,62.0,-11.0,-9.0,21.0,5.0
7.2047133,-31.0,63.0,-12.0,-10.0,21.0,4.0
7.209707,-30.0,64.0,-11.0,-9.0,22.0,4.0
7.219707,-31.0,58.0,-14.0,-10.0,16.0,1.0
7.2297072,-31.0,58.0,-14.0,-10.0,16.0,1.0
7.2399626,-31.0,58.0,-14.0,-10.0,16.0,1.0
7.2499623,-32.0,60.0,-15.0,-11.0,18.0,1.0
7.259963,-32.0,60.0,-15.0,-11.0,18.0,1.0
7.269963,-32.0,60.0,-15.0,-11.0,18.0,1.0
7.2799625,-32.0,60.0,-15.0,-11.0,18.0,1.0
7.2853937,-32.0,60.0,-15.0,-11.0,18.0,1.0
7.301077,-31.0,63.0,-12.0,-9.0,22.0,4.0
7.3110766,-30.0,63.0,-11.0,-8.0,22.0,6.0
7.321077,-30.0,63.0,-11.0,-8.0,22.0,6.0
7.3287263,-30.0,63.0,-11.0,-8.0,22.0,6.0
7.3387265,-30.0,60.0,-17.0,-8.0,18.0,6.0
7.3487263,-30.0,60.0,-17.0,-8.0,18.0,6.0
7.3587265,-30.0,60.0,-17.0,-8.0,18.0,6.0
7.3687267,-30.0,60.0,-17.0,-8.0,18.0,6.0
7.3787265,-30.0,60.0,-17.0,-8.0,18.0,6.0
7.388726,-30.0,60.0,-17.0,-8.0,18.0,6.0
7.394244,-30.0,60.0,-17.0,-8.0,18.0,6.0
7.4097466,-30.0,63.0,-13.0,-9.0,22.0,3.0
7.419747,-29.0,63.0,-13.0,-8.0,22.0,4.0
7.4297466,-29.0,63.0,-13.0,-8.0,22.0,4.0
7.438122,-29.0,63.0,-13.0,-8.0,22.0,4.0
7.448122,-32.0,58.0,-16.0,-11.0,16.0,1.0
7.458122,-32.0,58.0,-16.0,-11.0,16.0,1.0
7.468122,-32.0,58.0,-16.0,-11.0,16.0,1.0
7.4781218,-32.0,58.0,-16.0,-11.0,16.0,1.0
7.4838023,-32.0,58.0,-16.0,-11.0,16.0,1.0
7.493802,-27.0,62.0,-13.0,-6.0,19.0,4.0
7.503802,-27.0,62.0,-13.0,-6.0,19.0,4.0
7.512726,-27.0,62.0,-13.0,-6.0,19.0,4.0
7.5282044,-30.0,62.0,-13.0,-9.0,21.0,3.0
7.5382047,-30.0,63.0,-14.0,-10.0,21.0,2.0
7.5482044,-30.0,63.0,-14.0,-10.0,21.0,2.0
7.556826,-30.0,63.0,-14.0,-10.0,21.0,2.0
7.566826,-28.0,62.0,-12.0,-8.0,20.0,4.0
7.5768256,-28.0,62.0,-12.0,-8.0,20.0,4.0
7.5868263,-28.0,62.0,-12.0,-8.0,20.0,4.0
7.596826,-28.0,62.0,-12.0,-8.0,20.0,4.0
7.6060734,-28.0,62.0,-12.0,-8.0,20.0,4.0
7.616045,-31.0,58.0,-17.0,-10.0,17.0,4.0
7.626045,-30.0,60.0,-16.0,-9.0,20.0,2.0
7.6389956,-30.0,60.0,-16.0,-9.0,20.0,2.0
7.6489954,-31.0,60.0,-14.0,-10.0,20.0,4.0
7.658995,-31.0,60.0,-14.0,-10.0,20.0,4.0
7.6659555,-31.0,60.0,-14.0,-10.0,20.0,4.0
7.6759553,-31.0,58.0,-17.0,-10.0,18.0,2.0
7.685955,-31.0,58.0,-17.0,-10.0,18.0,2.0
7.695955,-31.0,58.0,-17.0,-10.0,18.0,2.0
7.710891,-31.0,58.0,-17.0,-10.0,18.0,2.0
7.7148995,-28.0,62.0,-14.0,-7.0,22.0,4.0
7.7249,-30.0,59.0,-18.0,-9.0,19.0,4.0
7.736619,-30.0,59.0,-18.0,-9.0,19.0,4.0
7.746619,-30.0,58.0,-14.0,-9.0,18.0,4.0
7.7566195,-30.0,58.0,-14.0,-9.0,18.0,4.0
7.766619,-30.0,58.0,-14.0,-9.0,18.0,4.0
7.773362,-30.0,58.0,-14.0,-9.0,18.0,4.0
7.785248,-33.0,62.0,-14.0,-13.0,21.0,4.0
7.7950993,-30.0,63.0,-13.0,-9.0,22.0,4.0
7.806648,-32.0,62.0,-13.0,-11.0,21.0,4.0
7.810121,-30.0,62.0,-13.0,-9.0,21.0,4.0
7.8216405,-32.0,59.0,-15.0,-10.0,17.0,1.0
7.8344946,-30.0,61.0,-17.0,-8.0,19.0,1.0
7.8437843,-29.0,60.0,-16.0,-7.0,18.0,1.0
7.853784,-29.0,60.0,-17.0,-7.0,19.0,1.0
7.863784,-29.0,60.0,-17.0,-7.0,19.0,1.0
7.8737845,-29.0,60.0,-17.0,-7.0,19.0,1.0
7.8819942,-29.0,60.0,-17.0,-7.0,19.0,1.0
7.8940654,-31.0,62.0,-15.0,-10.0,22.0,4.0
7.904065,-30.0,62.0,-13.0,-10.0,22.0,6.0
7.9137177,-30.0,62.0,-13.0,-10.0,22.0,6.0
7.9237175,-30.0,59.0,-17.0,-9.0,18.0,2.0
7.935517,-30.0,59.0,-17.0,-9.0,18.0,2.0
7.9408374,-30.0,59.0,-17.0,-9.0,18.0,1.0
7.950837,-30.0,59.0,-17.0,-9.0,18.0,1.0
7.9645114,-30.0,59.0,-17.0,-9.0,18.0,1.0
7.9745116,-30.0,62.0,-13.0,-9.0,22.0,6.0
7.9845114,-30.0,62.0,-13.0,-9.0,22.0,6.0
7.9919596,-30.0,62.0,-13.0,-9.0,22.0,6.0
8.00196,-29.0,62.0,-12.0,-8.0,22.0,7.0
8.011959,-29.0,62.0,-12.0,-8.0,22.0,7.0
8.021959,-29.0,62.0,-12.0,-8.0,22.0,7.0
8.03196,-29.0,62.0,-12.0,-8.0,22.0,7.0
8.04196,-29.0,62.0,-12.0,-8.0,22.0,7.0
8.05372,-29.0,62.0,-12.0,-8.0,22.0,7.0
8.062564,-29.0,62.0,-12.0,-9.0,22.0,6.0
8.080507,-29.0,61.0,-16.0,-9.0,20.0,1.0
8.090507,-28.0,63.0,-14.0,-8.0,22.0,3.0
8.100816,-28.0,63.0,-14.0,-8.0,22.0,3.0
8.110816,-29.0,64.0,-15.0,-9.0,23.0,2.0
8.120815,-29.0,64.0,-15.0,-9.0,23.0,2.0
8.1308155,-29.0,64.0,-15.0,-9.0,23.0,2.0
8.141992,-29.0,64.0,-15.0,-9.0,23.0,2.0
8.151992,-27.0,63.0,-15.0,-8.0,22.0,4.0
8.161992,-27.0,63.0,-15.0,-8.0,22.0,4.0
8.169994,-27.0,63.0,-15.0,-8.0,22.0,4.0
8.179995,-27.0,59.0,-16.0,-8.0,17.0,3.0
8.189994,-27.0,59.0,-16.0,-8.0,17.0,3.0
8.199994,-27.0,59.0,-16.0,-8.0,17.0,3.0
8.209994,-27.0,59.0,-16.0,-8.0,17.0,3.0
8.218195,-27.0,59.0,-16.0,-8.0,17.0,3.0
8.230839,-28.0,61.0,-16.0,-9.0,18.0,2.0
8.240839,-25.0,61.0,-15.0,-7.0,19.0,3.0
8.250839,-25.0,61.0,-15.0,-7.0,19.0,3.0
8.2608385,-25.0,61.0,-15.0,-7.0,19.0,3.0
8.268182,-25.0,61.0,-15.0,-7.0,19.0,3.0
8.280181,-28.0,63.0,-14.0,-10.0,21.0,4.0
8.290181,-28.0,61.0,-17.0,-10.0,19.0,4.0
8.300181,-28.0,61.0,-17.0,-10.0,19.0,4.0
8.310181,-28.0,61.0,-17.0,-10.0,19.0,4.0
8.317047,-28.0,61.0,-17.0,-10.0,19.0,4.0
8.329572,-28.0,63.0,-14.0,-10.0,20.0,3.0
8.339572,-27.0,64.0,-12.0,-9.0,21.0,5.0
8.347619,-27.0,64.0,-12.0,-9.0,21.0,5.0
8.357619,-27.0,60.0,-17.0,-9.0,17.0,5.0
8.367083,-27.0,60.0,-17.0,-9.0,17.0,5.0
8.378675,-27.0,64.0,-14.0,-9.0,21.0,3.0
8.388898,-27.0,65.0,-12.0,-9.0,22.0,5.0
8.400346,-28.0,64.0,-14.0,-10.0,21.0,3.0
8.403807,-26.0,64.0,-14.0,-8.0,21.0,3.0
8.415364,-27.0,60.0,-15.0,-9.0,16.0,2.0
8.426956,-27.0,61.0,-15.0,-9.0,17.0,2.0
8.437205,-25.0,62.0,-17.0,-7.0,19.0,2.0
8.447206,-25.0,63.0,-16.0,-8.0,20.0,2.0
8.455487,-25.0,63.0,-16.0,-8.0,20.0,2.0
8.468014,-27.0,62.0,-15.0,-10.0,20.0,3.0
8.477649,-25.0,65.0,-13.0,-8.0,23.0,6.0
8.489696,-27.0,63.0,-15.0,-10.0,21.0,4.0
8.493168,-25.0,66.0,-13.0,-8.0,23.0,5.0
8.503634,-24.0,62.0,-15.0,-8.0,19.0,3.0
8.515774,-26.0,61.0,-17.0,-10.0,17.0,1.0
8.525222,-26.0,62.0,-18.0,-10.0,18.0,1.0
8.535222,-28.0,61.0,-16.0,-12.0,18.0,2.0
8.545067,-28.0,61.0,-16.0,-12.0,18.0,2.0
8.556713,-26.0,64.0,-15.0,-10.0,21.0,4.0
8.566848,-25.0,64.0,-14.0,-8.0,22.0,5.0
8.578316,-27.0,64.0,-15.0,-10.0,22.0,4.0
8.5833025,-27.0,63.0,-12.0,-10.0,20.0,7.0
8.59354,-25.0,63.0,-17.0,-8.0,20.0,1.0
8.605138,-27.0,60.0,-17.0,-10.0,17.0,1.0
8.615459,-24.0,61.0,-17.0,-7.0,18.0,1.0
8.625461,-25.0,61.0,-19.0,-8.0,18.0,1.0
8.6334915,-25.0,61.0,-19.0,-8.0,18.0,1.0
8.646032,-27.0,63.0,-16.0,-10.0,21.0,3.0
8.655737,-26.0,64.0,-14.0,-10.0,22.0,6.0
8.667899,-24.0,63.0,-15.0,-8.0,21.0,5.0
8.671346,-24.0,63.0,-13.0,-8.0,21.0,7.0
8.681548,-23.0,61.0,-18.0,-7.0,19.0,1.0
8.693748,-24.0,61.0,-18.0,-8.0,18.0,1.0
8.703177,-24.0,61.0,-17.0,-9.0,18.0,2.0
8.713178,-25.0,62.0,-18.0,-10.0,20.0,1.0
8.723091,-25.0,62.0,-18.0,-10.0,20.0,1.0
8.7346945,-27.0,64.0,-15.0,-12.0,22.0,5.0
8.744888,-26.0,64.0,-15.0,-11.0,22.0,5.0
8.756507,-25.0,64.0,-15.0,-10.0,22.0,5.0
8.75996,-25.0,64.0,-15.0,-9.0,21.0,5.0
8.771541,-24.0,60.0,-18.0,-8.0,17.0,1.0
8.783186,-26.0,62.0,-18.0,-10.0,19.0,1.0
8.793412,-24.0,61.0,-18.0,-8.0,18.0,1.0
8.803413,-25.0,61.0,-19.0,-9.0,18.0,1.0
8.811493,-25.0,61.0,-19.0,-9.0,18.0,1.0
8.824037,-27.0,62.0,-15.0,-11.0,20.0,5.0
8.833568,-24.0,64.0,-15.0,-8.0,22.0,6.0
8.845672,-26.0,64.0,-16.0,-10.0,22.0,5.0
8.849133,-25.0,63.0,-13.0,-9.0,21.0,7.0
8.859456,-27.0,61.0,-20.0,-11.0,19.0,7.0
8.871758,-24.0,59.0,-19.0,-8.0,16.0,7.0
8.881089,-26.0,61.0,-17.0,-10.0,18.0,2.0
8.89109,-24.0,60.0,-19.0,-8.0,18.0,1.0
8.901091,-24.0,60.0,-19.0,-8.0,18.0,1.0
8.912444,-24.0,60.0,-19.0,-8.0,18.0,1.0
8.923927,-25.0,63.0,-15.0,-9.0,22.0,6.0
8.928804,-25.0,63.0,-15.0,-9.0,22.0,6.0
8.939088,-25.0,61.0,-19.0,-9.0,20.0,2.0
8.949192,-25.0,61.0,-21.0,-9.0,19.0,2.0
8.960816,-23.0,60.0,-19.0,-7.0,18.0,1.0
8.971101,-24.0,61.0,-19.0,-8.0,19.0,2.0
8.9811,-25.0,62.0,-19.0,-10.0,21.0,3.0
8.989501,-25.0,62.0,-19.0,-10.0,21.0,3.0
9.002024,-26.0,64.0,-16.0,-11.0,23.0,6.0
9.011571,-24.0,64.0,-15.0,-9.0,23.0,7.0
9.0236,-27.0,63.0,-17.0,-12.0,21.0,5.0
9.027045,-24.0,63.0,-15.0,-9.0,21.0,6.0
9.037551,-25.0,60.0,-18.0,-9.0,17.0,2.0
9.049722,-24.0,60.0,-19.0,-8.0,17.0,1.0
9.059011,-25.0,61.0,-18.0,-9.0,18.0,2.0
9.069783,-26.0,60.0,-19.0,-10.0,18.0,1.0
9.07817,-25.0,59.0,-18.0,-9.0,18.0,3.0
9.090027,-25.0,60.0,-18.0,-9.0,19.0,3.0
9.099299,-23.0,61.0,-17.0,-7.0,21.0,4.0
9.1093,-25.0,60.0,-19.0,-9.0,20.0,2.0
9.1193,-25.0,60.0,-19.0,-9.0,20.0,2.0
9.129996,-25.0,60.0,-19.0,-9.0,20.0,2.0
9.140252,-24.0,64.0,-14.0,-9.0,24.0,7.0
9.151731,-23.0,62.0,-15.0,-8.0,22.0,6.0
9.155199,-24.0,64.0,-15.0,-9.0,23.0,6.0
9.166969,-24.0,60.0,-18.0,-9.0,19.0,2.0
9.178532,-24.0,61.0,-19.0,-9.0,19.0,2.0
9.188893,-25.0,62.0,-18.0,-10.0,20.0,1.0
9.198893,-26.0,61.0,-19.0,-11.0,19.0,1.0
9.207024,-26.0,61.0,-19.0,-11.0,19.0,1.0
9.219543,-26.0,64.0,-15.0,-11.0,22.0,5.0
9.229076,-24.0,64.0,-14.0,-9.0,22.0,7.0
9.241266,-25.0,62.0,-16.0,-9.0,20.0,5.0
9.244712,-24.0,66.0,-13.0,-8.0,24.0,7.0
9.254996,-25.0,62.0,-16.0,-9.0,19.0,3.0
9.267246,-24.0,62.0,-16.0,-8.0,19.0,3.0
9.277028,-24.0,62.0,-15.0,-9.0,19.0,3.0
9.287028,-23.0,63.0,-15.0,-8.0,20.0,3.0
9.297029,-23.0,63.0,-15.0,-8.0,20.0,3.0
9.308513,-23.0,63.0,-15.0,-8.0,20.0,3.0
9.318891,-24.0,66.0,-12.0,-9.0,23.0,6.0
9.330337,-24.0,66.0,-13.0,-9.0,23.0,5.0
9.335158,-24.0,66.0,-13.0,-10.0,23.0,4.0
9.34489,-25.0,62.0,-17.0,-11.0,18.0,4.0
9.356524,-25.0,63.0,-16.0,-11.0,18.0,1.0
9.365936,-24.0,62.0,-17.0,-9.0,17.0,1.0
9.377319,-24.0,62.0,-16.0,-9.0,18.0,2.0
9.38732,-23.0,61.0,-17.0,-8.0,17.0,1.0
9.397319,-23.0,61.0,-17.0,-8.0,17.0,1.0
9.40549,-23.0,61.0,-17.0,-8.0,17.0,1.0
9.417932,-25.0,63.0,-14.0,-10.0,21.0,6.0
9.427459,-24.0,65.0,-13.0,-9.0,23.0,7.0
9.439566,-24.0,64.0,-14.0,-9.0,22.0,6.0
9.443032,-25.0,64.0,-14.0,-10.0,21.0,5.0
9.453195,-26.0,61.0,-16.0,-11.0,18.0,2.0
9.465217,-24.0,63.0,-15.0,-9.0,20.0,3.0
9.474502,-24.0,61.0,-17.0,-9.0,18.0,1.0
9.484502,-24.0,60.0,-16.0,-9.0,17.0,2.0
9.494501,-24.0,60.0,-16.0,-9.0,17.0,2.0
9.504501,-24.0,60.0,-16.0,-9.0,17.0,2.0
9.515045,-24.0,60.0,-16.0,-9.0,17.0,2.0
9.526977,-24.0,65.0,-15.0,-9.0,23.0,4.0
9.537116,-24.0,66.0,-14.0,-9.0,24.0,6.0
9.542008,-24.0,66.0,-14.0,-9.0,24.0,5.0
9.553608,-24.0,62.0,-17.0,-9.0,19.0,2.0
9.563891,-24.0,60.0,-16.0,-9.0,16.0,3.0
9.573892,-21.0,62.0,-15.0,-6.0,18.0,3.0
9.583892,-21.0,62.0,-15.0,-6.0,18.0,3.0
9.593892,-21.0,62.0,-15.0,-6.0,18.0,3.0
9.60388,-21.0,62.0,-15.0,-6.0,18.0,3.0
9.6163225,-25.0,65.0,-14.0,-10.0,23.0,5.0
9.619772,-24.0,64.0,-12.0,-10.0,22.0,7.0
9.631122,-22.0,61.0,-15.0,-8.0,19.0,4.0
9.643181,-23.0,61.0,-16.0,-9.0,18.0,2.0
9.652451,-22.0,62.0,-16.0,-8.0,19.0,2.0
9.66446,-25.0,63.0,-17.0,-11.0,21.0,1.0
9.673729,-24.0,61.0,-16.0,-10.0,19.0,2.0
9.683728,-23.0,61.0,-16.0,-9.0,19.0,3.0
9.693456,-23.0,61.0,-16.0,-9.0,19.0,3.0
9.70524,-25.0,64.0,-12.0,-11.0,22.0,7.0
9.708698,-23.0,64.0,-11.0,-9.0,22.0,8.0
9.720794,-24.0,63.0,-16.0,-10.0,21.0,2.0
9.732391,-23.0,63.0,-16.0,-9.0,20.0,2.0
9.742667,-24.0,61.0,-16.0,-10.0,18.0,1.0
9.752667,-24.0,62.0,-16.0,-10.0,19.0,1.0
9.762667,-24.0,62.0,-16.0,-10.0,19.0,1.0
9.774637,-24.0,62.0,-16.0,-10.0,19.0,1.0
9.778098,-23.0,64.0,-12.0,-9.0,21.0,6.0
9.789238,-22.0,62.0,-18.0,-8.0,19.0,1.0
9.801288,-24.0,63.0,-16.0,-10.0,20.0,2.0
9.8105955,-25.0,62.0,-16.0,-11.0,19.0,3.0
9.822583,-24.0,61.0,-17.0,-10.0,18.0,2.0
9.831855,-24.0,62.0,-17.0,-10.0,19.0,2.0
9.841855,-24.0,60.0,-16.0,-10.0,18.0,3.0
9.851688,-24.0,60.0,-16.0,-10.0,18.0,3.0
9.863386,-23.0,66.0,-12.0,-8.0,24.0,8.0
9.866859,-24.0,66.0,-11.0,-9.0,24.0,8.0
9.878987,-24.0,62.0,-15.0,-9.0,20.0,4.0
9.889299,-22.0,63.0,-15.0,-8.0,20.0,3.0
9.899386,-23.0,62.0,-16.0,-9.0,19.0,1.0
9.911002,-21.0,62.0,-15.0,-7.0,19.0,2.0
9.921002,-18.0,63.0,-17.0,-4.0,20.0,2.0
9.931002,-18.0,63.0,-17.0,-4.0,20.0,2.0
9.939451,-18.0,63.0,-17.0,-4.0,20.0,2.0
9.952964,-19.0,64.0,-15.0,-6.0,21.0,3.0
9.956414,-20.0,65.0,-14.0,-8.0,22.0,5.0
9.967047,-19.0,62.0,-18.0,-8.0,19.0,1.0
9.979283,-17.0,63.0,-20.0,-7.0,20.0,1.0
9.988627,-16.0,63.0,-22.0,-6.0,20.0,-2.0
10.000687,-15.0,60.0,-20.0,-6.0,17.0,-2.0
10.009929,-13.0,60.0,-23.0,-5.0,17.0,-1.0
10.027797,-10.0,59.0,-25.0,-3.0,16.0,-1.0
10.04165,-8.0,60.0,-26.0,-2.0,18.0,-1.0
10.045099,-5.0,60.0,-23.0,-2.0,19.0,2.0
10.056993,-2.0,55.0,-29.0,-2.0,15.0,-2.0
10.068595,1.0,54.0,-29.0,-2.0,14.0,-1.0
10.07816,3.0,54.0,-30.0,-2.0,15.0,-1.0
10.0881605,7.0,51.0,-28.0,1.0,14.0,2.0
10.098982,7.0,51.0,-28.0,1.0,14.0,2.0
10.108981,8.0,50.0,-30.0,-2.0,15.0,2.0
10.117383,8.0,50.0,-30.0,-2.0,15.0,2.0
10.130919,11.0,51.0,-28.0,-2.0,18.0,4.0
10.134387,12.0,52.0,-27.0,-3.0,20.0,6.0
10.145322,14.0,47.0,-32.0,-3.0,16.0,6.0
10.155322,15.0,48.0,-29.0,-4.0,17.0,3.0
10.169969,15.0,48.0,-29.0,-4.0,17.0,3.0
10.1787815,19.0,48.0,-24.0,-3.0,19.0,8.0
10.188781,19.0,45.0,-29.0,-4.0,16.0,3.0
10.197232,19.0,45.0,-29.0,-4.0,16.0,3.0
10.207233,22.0,40.0,-30.0,-3.0,12.0,2.0
10.217233,22.0,40.0,-30.0,-3.0,12.0,2.0
10.227233,22.0,40.0,-30.0,-3.0,12.0,2.0
10.237232,22.0,40.0,-30.0,-3.0,12.0,2.0
10.2512045,22.0,40.0,-30.0,-3.0,12.0,2.0
10.255257,24.0,37.0,-27.0,-5.0,12.0,3.0
10.265256,24.0,32.0,-30.0,-6.0,8.0,3.0
10.2794485,24.0,32.0,-30.0,-6.0,8.0,3.0
10.289448,24.0,26.0,-30.0,-8.0,7.0,1.0
10.299448,24.0,26.0,-30.0,-8.0,7.0,1.0
10.305603,24.0,26.0,-30.0,-8.0,7.0,1.0
10.315603,24.0,27.0,-31.0,-9.0,13.0,1.0
10.325603,24.0,27.0,-31.0,-9.0,13.0,1.0
10.335603,24.0,27.0,-31.0,-9.0,13.0,1.0
10.345603,24.0,27.0,-31.0,-9.0,13.0,1.0
10.3515835,24.0,27.0,-31.0,-9.0,13.0,1.0
10.361583,25.0,32.0,-30.0,-8.0,23.0,3.0
10.371583,25.0,32.0,-30.0,-8.0,23.0,3.0
10.379438,25.0,32.0,-30.0,-8.0,23.0,3.0
10.396996,21.0,33.0,-31.0,-13.0,23.0,2.0
10.406996,21.0,36.0,-28.0,-12.0,24.0,5.0
10.416995,21.0,36.0,-28.0,-12.0,24.0,5.0
10.423935,21.0,36.0,-28.0,-12.0,24.0,5.0
10.433934,21.0,32.0,-32.0,-11.0,19.0,1.0
10.443934,21.0,32.0,-32.0,-11.0,19.0,1.0
10.453934,21.0,32.0,-32.0,-11.0,19.0,1.0
10.463935,21.0,32.0,-32.0,-11.0,19.0,1.0
10.470518,21.0,32.0,-32.0,-11.0,19.0,1.0
10.480517,20.0,35.0,-32.0,-11.0,21.0,1.0
10.490518,20.0,35.0,-32.0,-11.0,21.0,1.0
10.498849,20.0,35.0,-32.0,-11.0,21.0,1.0
10.51626,20.0,37.0,-29.0,-10.0,22.0,5.0
10.526259,18.0,37.0,-34.0,-11.0,21.0,5.0
10.53626,18.0,37.0,-34.0,-11.0,21.0,5.0
10.542647,18.0,37.0,-34.0,-11.0,21.0,5.0
10.552648,16.0,38.0,-33.0,-13.0,21.0,1.0
10.562647,16.0,38.0,-33.0,-13.0,21.0,1.0
10.572647,16.0,38.0,-33.0,-13.0,21.0,1.0
10.582648,16.0,38.0,-33.0,-13.0,21.0,1.0
10.596779,16.0,38.0,-33.0,-13.0,21.0,1.0
10.600962,15.0,42.0,-29.0,-11.0,23.0,6.0
10.612811,16.0,40.0,-33.0,-9.0,21.0,2.0
10.62281,15.0,40.0,-33.0,-10.0,20.0,2.0
10.635782,15.0,40.0,-33.0,-10.0,20.0,2.0
10.6392355,15.0,43.0,-30.0,-10.0,23.0,5.0
10.649923,15.0,41.0,-32.0,-10.0,21.0,3.0
10.659924,14.0,40.0,-33.0,-10.0,19.0,2.0
10.672536,14.0,40.0,-33.0,-10.0,19.0,2.0
10.685352,16.0,43.0,-30.0,-8.0,22.0,5.0
10.690465,15.0,45.0,-29.0,-9.0,24.0,6.0
10.700464,15.0,40.0,-31.0,-9.0,19.0,4.0
10.7104645,15.0,40.0,-31.0,-9.0,19.0,4.0
10.720797,15.0,40.0,-31.0,-9.0,19.0,4.0
10.732482,13.0,43.0,-31.0,-11.0,21.0,3.0
10.74447,15.0,43.0,-28.0,-9.0,21.0,6.0
10.747914,15.0,45.0,-30.0,-9.0,23.0,4.0
10.757915,16.0,40.0,-32.0,-8.0,18.0,2.0
10.769212,16.0,40.0,-32.0,-8.0,18.0,2.0
10.779363,15.0,42.0,-33.0,-9.0,19.0,2.0
10.7890215,14.0,39.0,-34.0,-10.0,16.0,2.0
10.80628,14.0,42.0,-35.0,-10.0,20.0,2.0
10.821369,15.0,41.0,-32.0,-9.0,19.0,3.0
10.839268,14.0,42.0,-33.0,-10.0,20.0,3.0
10.850683,14.0,44.0,-31.0,-10.0,22.0,5.0
10.860664,12.0,47.0,-27.0,-12.0,25.0,9.0
10.8733835,13.0,44.0,-31.0,-11.0,21.0,4.0
10.878341,16.0,44.0,-29.0,-7.0,20.0,5.0
10.888718,15.0,41.0,-32.0,-8.0,17.0,2.0
10.898717,14.0,42.0,-34.0,-9.0,18.0,2.0
10.908717,14.0,42.0,-34.0,-9.0,18.0,2.0
10.918717,14.0,42.0,-34.0,-9.0,18.0,2.0
10.925798,14.0,42.0,-34.0,-9.0,18.0,2.0
10.935798,16.0,42.0,-30.0,-8.0,19.0,4.0
10.947383,16.0,42.0,-30.0,-8.0,19.0,4.0
10.957382,16.0,45.0,-32.0,-8.0,22.0,2.0
10.967938,16.0,45.0,-32.0,-8.0,22.0,2.0
10.976461,15.0,43.0,-33.0,-10.0,21.0,2.0
10.986463,14.0,42.0,-31.0,-11.0,20.0,4.0
10.996846,14.0,42.0,-31.0,-11.0,20.0,4.0
11.007839,15.0,43.0,-32.0,-10.0,21.0,3.0
11.017657,16.0,40.0,-33.0,-8.0,18.0,2.0
