0.008757604,324.05374,1.6316286,-9.829009
0.017334688,323.9951,1.7708576,-9.752727
0.029720675,323.75598,1.900256,-9.694652
0.040860727,323.7095,2.0007148,-9.647497
0.04921979,323.4546,2.0916092,-9.589043
0.060809687,323.34537,2.1917675,-9.516455
0.06896068,323.0488,2.3093534,-9.441582
0.08181839,322.9105,2.4323294,-9.367915
0.09093766,322.73517,2.5432143,-9.305963
0.10028672,322.5495,2.642187,-9.275485
0.11275292,322.44495,2.7433703,-9.291068
0.124760315,322.173,2.8666265,-9.346116
0.13273636,322.11905,3.0274467,-9.435212
0.14783542,321.38095,3.5040088,-9.723389
0.16230339,320.91782,3.85928,-9.94088
0.173725,320.3962,4.3267775,-10.226442
0.18216074,319.7587,4.91041,-10.574319
0.19740865,318.2716,6.275086,-11.444552
0.21135297,316.9916,6.9539638,-11.974712
0.22331057,315.9966,7.579877,-12.570396
0.23121178,314.67517,8.148596,-13.224753
0.2460999,312.15326,9.295082,-14.725068
0.2603039,310.38336,10.013915,-15.603885
0.27262756,308.38,10.922254,-16.599556
0.28069645,306.5891,12.067868,-17.743809
0.29597852,302.26572,15.140711,-20.540966
0.30898225,299.80682,17.027975,-22.222221
0.31912965,297.0827,19.082003,-24.117764
0.32959533,294.03873,21.242346,-26.252007
0.34378272,290.86725,23.438993,-28.652258
0.35444832,287.1519,25.575844,-31.331923
0.36564714,278.92413,29.349293,-37.44402
0.3770648,274.2738,30.927837,-41.055405
0.38868973,269.44,31.909613,-44.327675
0.39635983,264.03723,32.433113,-48.280384
0.40698332,258.47656,32.143375,-51.748493
0.414998,252.98138,31.172594,-54.77719
0.42670733,247.28647,29.847176,-57.54356
0.43876547,241.86221,28.384562,-60.249073
0.44840422,235.72531,26.873077,-63.035816
0.4597644,230.3802,25.488966,-65.07634
0.47613874,218.83958,23.137703,-69.15448
0.4895175,212.73553,22.36244,-71.02677
0.50210994,206.36,21.733032,-72.569214
0.5199136,194.4438,20.71608,-74.7943
0.5299136,182.91216,20.04877,-75.824875
0.53828704,182.91216,20.04877,-75.824875
0.5539817,171.94672,19.880663,-76.001305
0.56631446,167.3212,19.920181,-76.00252
0.5764152,161.90698,20.341343,-76.72889
0.5878906,156.7344,20.736633,-77.48307
0.5982246,151.4105,21.053038,-78.34909
0.60968405,146.33281,21.223604,-79.479324
0.6189405,140.9375,21.128942,-80.95113
0.63026935,136.062,20.615078,-82.54469
0.6395547,131.73299,19.640364,-83.84567
0.651252,128.30304,18.356333,-84.78934
0.6614454,125.75192,17.116455,-85.40537
0.6747901,123.5034,15.442196,-85.65112
0.68405026,123.40763,14.809889,-85.386635
0.69638354,123.92063,14.142354,-84.98797
0.7060198,124.97029,13.386156,-84.5004
0.71815723,126.632744,12.546499,-83.94843
0.72618616,128.54979,11.644493,-83.30194
0.73849374,131.05661,10.709567,-82.52173
0.7478189,133.3631,9.770603,-81.59936
0.7598093,136.17534,8.833831,-80.58736
0.7690907,138.4109,7.8747563,-79.57613
0.78104305,140.78342,6.8716373,-78.65636
0.79752666,144.09343,4.809052,-77.23256
0.8096398,145.75427,3.847911,-76.73304
0.8271054,147.29906,2.2824237,-76.1019
0.8377834,147.44978,1.719684,-75.96456
0.84707624,147.68079,1.2883488,-75.941826
0.8570762,147.28694,0.7876686,-76.28811
0.86580765,147.28694,0.7876686,-76.28811
0.87520206,146.67686,0.7066078,-76.66991
0.8866167,146.42134,0.72130585,-77.163025
0.90387034,144.64897,0.96519923,-78.34811
0.9154354,144.07153,1.1814982,-79.002914
0.9250076,142.89027,1.4615543,-79.62395
0.94226754,142.44722,2.0997918,-80.77631
0.9527131,141.43877,2.4635034,-81.365814
0.96382976,141.63078,2.866843,-81.97503
0.9742186,140.75034,3.306176,-82.6005
0.99114305,141.94756,4.238185,-83.94412
1.0006254,142.01563,4.694034,-84.67143
1.0158169,142.91853,5.108053,-85.42583
1.0254896,143.3685,5.4445357,-86.206245
1.0354896,144.83339,5.998036,-87.79583
1.0437433,144.83339,5.998036,-87.79583
1.0571539,145.72398,6.419685,-88.59651
1.0699984,147.42534,172.43158,-89.61026
1.0829954,149.12408,171.84004,-88.595474
1.093966,150.70892,171.31699,-87.56738
1.110896,153.99823,170.56227,-85.697296
1.1217983,155.57709,170.31194,-84.91652
1.1312456,156.88818,170.10219,-84.2254
1.1471778,158.24358,169.90639,-83.602196
1.1596946,160.4649,169.55865,-82.514244
1.1709074,161.37675,169.4363,-82.08474
1.1809059,162.22276,169.32762,-81.73049
1.19189,162.95485,169.2174,-81.43566
1.2012981,163.70287,169.10066,-81.196236
1.2181053,164.95518,168.81955,-80.824814
1.2282581,165.64409,168.64088,-80.71265
1.2395976,166.15779,168.44164,-80.72518
1.2497902,166.602,168.29607,-80.95748
1.2606168,166.74362,168.2689,-81.50669
1.2701914,166.7185,168.33905,-82.31308
1.2855549,166.40608,168.40836,-83.20508
1.2981219,165.98224,168.19405,-84.51536
1.3137017,165.77458,167.93127,-84.884735
1.323888,165.27191,167.64778,-85.09104
1.333888,164.06142,167.15701,-85.25059
1.342558,164.06142,167.15701,-85.25059
1.3512607,163.9321,166.95795,-85.21911
1.3626277,163.45212,166.8126,-85.09204
1.3728815,163.73224,166.75598,-84.89258
1.3841497,163.72728,166.79735,-84.66581
1.3955543,164.14409,166.9131,-84.439224
1.409131,164.65242,167.2506,-84.09427
1.4186907,164.95726,167.44182,-83.99469
1.4306482,164.94022,167.63474,-83.92859
1.4399048,165.19221,167.82954,-83.88614
1.451961,165.27103,168.02536,-83.86546
1.4692634,165.49693,168.4517,-83.929504
1.4795879,165.59125,168.685,-83.99242
1.4898741,165.58438,168.90231,-84.051094
1.5011896,165.67345,169.07817,-84.09022
1.5117254,165.709,169.21371,-84.111
1.5217254,166.09354,169.44756,-84.12954
1.5303526,166.09354,169.44756,-84.12954
1.5382217,166.42812,169.56929,-84.14169
1.5502322,166.63187,169.702,-84.158516
1.5675416,167.41606,169.99144,-84.2057
1.57836,167.92935,170.12177,-84.24584
1.5886515,168.17126,170.24399,-84.29908
1.5986515,169.41425,170.51968,-84.40523
1.607284,169.41425,170.51968,-84.40523
1.6213329,170.27167,170.6689,-84.43607
1.6357417,172.09526,170.93816,-84.45998
1.6497017,173.04616,171.05206,-84.47323
1.6611067,173.90126,171.14177,-84.493866
1.6772182,175.61208,171.24014,-84.54449
1.6895853,176.22865,171.24979,-84.57374
1.7065971,177.65178,171.22621,-84.65106
1.7165971,178.92877,171.17802,-84.78048
1.7248913,178.92877,171.17802,-84.78048
1.7383316,179.43689,171.14404,-84.86038
1.7498953,180.02992,171.11513,-84.94056
1.7661303,181.00638,171.08496,-85.076454
1.7766474,181.55994,171.08252,-85.12884
1.7934959,182.4665,171.08595,-85.19598
1.8084102,182.90123,171.09596,-85.21143
1.8184986,183.33345,171.10846,-85.21036
1.8284986,183.68092,171.16046,-85.13401
1.8369107,183.68092,171.16046,-85.13401
1.8537595,183.93393,171.25047,-84.92493
1.8693628,184.10664,171.31078,-84.7655
1.8800296,183.99188,171.38097,-84.57651
1.8963743,184.11073,171.556,-84.15944
1.9061351,183.99602,171.65419,-83.93063
1.9161352,183.11963,171.85542,-83.422325
1.9245664,183.11963,171.85542,-83.422325
1.9401624,182.0745,171.96878,-83.1545
1.9567388,182.55743,172.27214,-82.63584
1.9674661,181.8666,172.4492,-82.40763
1.9774661,182.0961,172.78773,-82.01676
1.9854697,182.0961,172.78773,-82.01676
1.9950274,180.94536,172.93819,-81.84852
2.0074065,180.93776,173.07318,-81.69653
2.0184956,179.4551,173.1954,-81.5632
2.0352445,179.17456,173.37604,-81.35089
2.046076,178.16524,173.42061,-81.26861
2.0568914,177.97049,173.4294,-81.19468
2.068534,176.87155,173.40599,-81.11871
2.080946,176.94415,173.27644,-80.91657
2.0913017,176.65555,173.17358,-80.790924
2.1072085,176.98143,173.05841,-80.66068
2.117343,176.99907,172.94382,-80.546036
2.1290321,177.41608,172.83241,-80.45461
2.1409998,178.19087,172.63484,-80.33665
2.1564424,178.67117,172.56798,-80.28916
2.167437,179.10898,172.5272,-80.24161
2.1803904,179.9547,172.48827,-80.15887
2.1900065,180.24861,172.47658,-80.128746
2.205958,180.44182,172.4596,-80.11389
2.2162442,180.56934,172.44414,-80.0991
2.228003,180.62703,172.43297,-80.07192
2.2399797,180.69388,172.40274,-79.978165
2.2507966,180.73268,172.38033,-79.917786
2.2676613,180.96448,172.33733,-79.78779
2.2787497,181.18471,172.32559,-79.721725
2.2874987,181.4494,172.32527,-79.65445
2.2992306,181.78746,172.33604,-79.590126
2.308,181.86034,172.36038,-79.529816
2.3187692,182.22203,172.39746,-79.4731
2.3274198,182.22926,172.44037,-79.422066
2.3389077,182.54633,172.4853,-79.37445
2.3481543,182.4542,172.52994,-79.32857
2.3595512,182.69951,172.57172,-79.281685
2.3682048,182.49063,172.60745,-79.23355
2.3789625,182.66483,172.6347,-79.17584
2.3877747,182.48885,172.65115,-79.11678
2.3989847,182.60162,172.65906,-79.05884
2.4077954,182.38321,172.65709,-79.00649
2.4190905,182.46584,172.64731,-78.9591
2.427539,182.25616,172.63515,-78.91735
2.4393122,182.35121,172.62187,-78.8758
2.4475973,182.19308,172.6105,-78.836
2.459066,182.31026,172.60245,-78.7957
2.4677916,182.16016,172.59923,-78.749435
2.479194,182.28877,172.5976,-78.70313
2.4878674,182.18192,172.59665,-78.657585
2.4989705,182.27008,172.59152,-78.61465
2.5074198,182.11993,172.58382,-78.57238
2.519186,182.14928,172.57239,-78.53145
2.5284858,181.9787,172.55974,-78.486404
2.5402005,181.96703,172.54796,-78.44291
2.5501733,181.58502,172.53606,-78.39856
2.56169,181.55035,172.52242,-78.35545
2.5722454,181.19235,172.50888,-78.31285
2.5841138,181.15137,172.4965,-78.26843
2.594216,181.0179,172.48537,-78.22062
2.606855,180.88702,172.45915,-78.13475
2.6174004,180.69292,172.44348,-78.09961
2.6288033,180.59549,172.42526,-78.06774
2.6393647,180.32082,172.40358,-78.04284
2.6507263,180.21143,172.38017,-78.026276
2.661865,179.92398,172.35968,-78.01434
2.67302,179.82954,172.33588,-78.00733
2.68358,179.60461,172.31288,-78.000786
2.6962986,179.49754,172.27728,-77.999794
2.7061422,179.3733,172.26082,-78.00325
2.7154949,179.34477,172.24294,-78.008865
2.72439,179.1998,172.22707,-78.01257
2.7348578,179.20143,172.21826,-78.0143
2.7438886,179.06256,172.21927,-78.011795
2.7543678,179.09047,172.23216,-78.00871
2.7643523,178.89792,172.25204,-78.00776
2.7744334,178.89268,172.27144,-78.01435
2.7831297,178.6719,172.28625,-78.02871
2.795279,178.60611,172.29607,-78.04486
2.8047185,178.37389,172.29936,-78.05871
2.815197,178.2889,172.30333,-78.06185
2.8246374,178.05836,172.31085,-78.05814
2.8341353,177.96509,172.3186,-78.0473
2.8427045,177.65225,172.3241,-78.033
2.8547018,177.52705,172.32567,-78.02266
2.8640163,177.21716,172.32494,-78.01762
2.875979,177.0603,172.32048,-78.015465
2.8860765,176.73714,172.31628,-78.012665
2.8961413,176.58493,172.31627,-78.00996
2.9061327,176.27272,172.3182,-78.00699
2.9161959,176.12297,172.31816,-78.0069
2.926228,175.87068,172.31613,-78.00723
2.9363315,175.72539,172.31142,-78.00445
2.948001,175.52043,172.30365,-78.00311
2.960021,175.36035,172.29343,-78.00288
2.9701433,175.18082,172.28452,-78.00112
2.982431,174.83781,172.26862,-78.00423
2.991961,174.6238,172.25812,-78.004845
3.003533,174.45836,172.24637,-78.00524
3.0129344,174.27522,172.23499,-78.00224
3.0246196,174.12424,172.2221,-78.000725
3.0347261,173.9865,172.20726,-77.99938
3.0460982,173.85724,172.19356,-77.99431
3.0569751,173.71819,172.17896,-77.99437
3.0681858,173.58339,172.15852,-77.99759
3.0784614,173.4298,172.1372,-78.00129
3.0907836,173.17851,172.09315,-78.01501
3.1004286,173.04976,172.07198,-78.02525
3.1122158,172.94754,172.05266,-78.0331
3.1238496,172.85777,172.04103,-78.04073
3.1358545,172.77998,172.03577,-78.04904
3.1468582,172.63855,172.03413,-78.05598
3.1579723,172.57587,172.03433,-78.0642
3.1697524,172.37903,172.0234,-78.071434
3.1789327,172.3445,172.02014,-78.072784
3.1866245,172.28685,172.0201,-78.07276
3.1966243,172.10233,172.01855,-78.07067
3.2066245,172.10233,172.01855,-78.07067
3.2215776,172.10233,172.01855,-78.07067
3.2318976,172.06635,172.02318,-78.06779
3.243201,172.0294,172.0335,-78.06396
3.2534592,171.99582,172.04665,-78.05861
3.2658908,171.99916,172.05737,-78.05898
3.2761128,171.9437,172.0642,-78.06138
3.287594,171.95169,172.06543,-78.06813
3.2982001,171.8903,172.06526,-78.07204
3.3115175,171.94579,172.07387,-78.063866
3.3214405,171.93912,172.08746,-78.0472
3.3333898,172.02908,172.10732,-78.02658
3.3430185,172.01112,172.1324,-78.01643
3.3554962,172.08102,172.15387,-78.008705
3.3645396,172.05629,172.16515,-77.991264
3.3764944,172.22023,172.1689,-77.96785
3.3865886,172.21803,172.17352,-77.93612
3.3998487,172.35121,172.18645,-77.85502
3.4101102,172.3583,172.18869,-77.82138
3.4214802,172.50838,172.17595,-77.78992
3.4326153,172.52502,172.15155,-77.757164
3.4442453,172.71663,172.13028,-77.71867
3.4543498,172.81163,172.13564,-77.66841
3.4657354,173.06767,172.1767,-77.614456
3.4763145,173.16086,172.23857,-77.559814
3.4895692,173.38562,172.3384,-77.454056
3.499531,173.1906,172.37474,-77.3892
3.5114884,173.20688,172.39984,-77.31902
3.5210109,173.13934,172.41745,-77.255356
3.5330758,173.28955,172.42656,-77.19769
3.5426135,173.27472,172.43683,-77.1534
3.5541778,173.40906,172.44753,-77.114235
3.5636876,173.42073,172.45647,-77.078705
3.5753024,173.54471,172.46376,-77.055534
3.583261,173.55356,172.47223,-77.0428
3.5973184,173.6584,172.47261,-77.00851
3.6066065,173.69029,172.46986,-76.96303
3.6179278,173.72502,172.47592,-76.898
3.6280508,173.61098,172.50748,-76.8237
3.6395075,173.45285,172.55516,-76.75349
3.649753,173.30887,172.59451,-76.69298
3.661482,173.28278,172.6131,-76.64652
3.6711822,173.3054,172.61432,-76.62636
3.6825688,173.37782,172.60402,-76.624374
3.6921835,173.48082,172.58752,-76.62597
3.7035668,173.60867,172.57007,-76.61838
3.7130573,173.73425,172.55305,-76.5952
3.7258282,174.01917,172.51958,-76.53339
3.735169,174.17532,172.49937,-76.49735
3.7468073,174.32166,172.48065,-76.462685
3.756719,174.45935,172.46072,-76.43767
3.7682335,174.58737,172.43819,-76.4153
3.7781107,174.73007,172.4133,-76.39775
3.7902896,174.87529,172.38786,-76.3863
3.7998402,175.01695,172.3624,-76.382256
3.811414,175.19902,172.33441,-76.38066
3.8209772,175.35675,172.30594,-76.3803
3.8331861,175.50774,172.27881,-76.38047
3.846143,175.68141,172.24336,-76.38044
3.860642,175.77417,172.22864,-76.37091
3.8686626,175.82329,172.21284,-76.35948
3.8781996,175.8402,172.19397,-76.35366
3.8881996,175.9125,172.16223,-76.34543
3.902436,175.9125,172.16223,-76.34543
3.9148984,175.8926,172.13826,-76.3387
3.9242046,175.90111,172.12589,-76.33738
3.9355187,175.87486,172.11406,-76.332054
3.9467995,175.87872,172.10495,-76.3268
3.9585216,175.8541,172.1026,-76.31955
3.9687338,175.81718,172.10526,-76.31111
3.980117,175.76483,172.1105,-76.30159
3.9905212,175.74686,172.1117,-76.29177
4.003713,175.78958,172.10689,-76.2582
4.0138173,175.79095,172.10606,-76.235085
4.0257874,175.84048,172.10327,-76.21034
4.035218,175.8785,172.09698,-76.186516
4.047655,175.96614,172.08832,-76.16604
4.057215,176.01324,172.0805,-76.149925
4.069191,176.05156,172.07372,-76.13675
4.078975,176.10141,172.06459,-76.123276
4.0901675,176.18622,172.0525,-76.10878
4.099528,176.25305,172.04086,-76.09732
4.112954,176.30681,172.03304,-76.07597
4.121751,176.3034,172.03276,-76.070045
4.133113,176.34718,172.0255,-76.06643
4.144582,176.39125,172.01462,-76.06504
4.156886,176.52962,172.00653,-76.05637
4.1669445,176.53241,172.00282,-76.04038
4.1783524,176.63057,172.00107,-76.02251
4.187613,176.6216,172.00015,-76.0044
4.1989717,176.69519,171.99683,-75.99001
4.2082396,176.72124,171.98982,-75.98191
4.221206,176.7667,171.97188,-75.98108
4.2311573,176.81401,171.95998,-75.9805
4.242709,176.80255,171.95471,-75.97501
4.2527742,176.79189,171.95459,-75.96285
4.2648544,176.82468,171.95462,-75.94227
4.2732997,176.82034,171.95369,-75.92029
4.2846336,176.82498,171.95238,-75.9031
4.294047,176.84819,171.94765,-75.89114
4.3056374,176.92531,171.94283,-75.88481
4.315286,176.94456,171.94034,-75.87862
4.327003,176.93567,171.9395,-75.870964
4.3349967,176.95712,171.9379,-75.86427
4.347552,176.9331,171.93094,-75.853065
4.3569236,177.00868,171.91959,-75.84051
4.3698006,177.04572,171.90442,-75.81814
4.3799305,177.06114,171.90427,-75.81091
4.3913045,177.05571,171.90088,-75.80495
4.4012947,177.09175,171.8961,-75.79772
4.4130416,177.08658,171.89389,-75.793526
4.4229426,177.09714,171.89351,-75.79186
4.4343395,177.09407,171.89337,-75.7837
4.444036,177.09761,171.89417,-75.775925
4.455434,177.13402,171.89682,-75.76842
4.4643364,177.1036,171.90303,-75.75891
4.47594,177.12375,171.9074,-75.75061
4.4877157,177.10135,171.911,-75.74652
4.5009217,177.11966,171.9114,-75.747086
4.5102286,177.13498,171.90482,-75.750465
4.522488,177.17062,171.89795,-75.75346
4.532092,177.16484,171.89433,-75.75144
4.544055,177.16566,171.89346,-75.741165
4.5533013,177.11516,171.89766,-75.72725
4.5654216,177.06396,171.90361,-75.71406
4.573294,177.02037,171.90472,-75.70798
4.58525,177.05605,171.89578,-75.69915
4.5945344,177.19286,171.86734,-75.681625
4.6065497,177.54842,171.80484,-75.65184
4.614378,177.70212,171.68147,-75.59219
4.6263857,177.81444,171.47987,-75.50321
4.6342325,177.9815,171.23251,-75.329124
4.646254,178.44098,170.96495,-75.004074
4.654682,179.30943,170.6304,-74.47027
4.668022,182.45212,169.511,-72.999115
4.6786366,184.1194,168.64723,-72.3373
4.6901755,186.2603,167.58948,-71.98035
4.700267,187.17412,166.37552,-72.148384
4.7116957,188.47867,164.96718,-72.747925
4.7222114,189.72328,163.39572,-73.27645
4.7337976,192.0803,161.43053,-73.21973
4.7441144,194.12762,159.00336,-72.52227
4.7574134,196.60577,154.19183,-70.98788
4.7669935,197.41258,151.72972,-70.60433
4.7795663,198.94627,148.93478,-70.591064
4.789101,200.90039,145.90446,-71.01837
4.801285,203.66838,142.6998,-71.80231
4.810264,206.97495,139.33318,-72.90547
4.8225627,210.74022,135.84166,-74.376465
4.831838,214.6234,132.2504,-76.32511
4.8439083,218.32031,128.5569,-78.87128
4.855841,228.04247,121.02594,-30.974113
4.8679256,233.79953,62.669144,-27.32183
4.8821793,242.50742,66.21712,-23.573614
4.895571,258.70975,72.35041,-15.795777
4.909385,265.80142,74.43245,-12.2493925
4.9218063,271.73416,75.74609,-8.702667
4.9391503,282.503,75.23048,-1.772839
4.9564524,293.49832,71.03474,5.1222816
4.9663706,298.50537,68.176125,8.596307
4.981976,303.8858,65.10786,12.057547
4.992224,309.2174,61.94964,15.495358
5.002224,318.8268,55.510498,22.325302
5.010995,318.8268,55.510498,22.325302
5.0283694,327.73007,49.148903,39.84828
5.0458746,335.41083,43.285313,41.510296
5.056427,338.62036,40.664192,41.973625
5.07184,341.86682,38.297344,42.31122
5.0838194,348.07635,34.322556,42.831066
5.0992064,350.82236,32.699295,42.971413
5.109266,353.39948,31.291681,42.9588
5.1192665,357.9255,28.96768,42.41025
5.128118,357.9255,28.96768,42.41025
5.145587,1.9222575,27.0676,41.39029
5.1595373,4.031078,26.29793,40.943874
5.1692066,6.2856293,25.64509,40.63468
5.179207,10.36192,24.616446,40.248695
5.187858,10.36192,24.616446,40.248695
5.205054,13.213086,23.807888,39.282
5.2204313,13.762189,23.502031,38.439114
5.232506,14.564554,23.218353,37.415806
5.2470307,15.547816,23.163582,37.201084
5.2579193,17.03417,23.126179,37.10356
5.26792,20.026756,23.711004,37.613792
5.276654,20.026756,23.711004,37.613792
5.2893076,21.749481,24.441635,38.153847
5.3025556,25.381218,25.850374,39.25098
5.314897,26.646072,26.271347,39.502068
5.326263,27.385635,26.486488,39.442883
5.3393445,28.104324,26.599977,39.205067
5.354669,29.246088,27.857918,38.609833
5.366715,29.95974,28.996065,38.533543
5.378746,30.846487,29.786861,38.739113
5.394554,32.809635,30.305826,39.341606
5.40879,33.745457,30.20033,39.628242
5.422148,35.375225,30.189272,39.508286
5.436272,35.756947,30.486235,38.867622
5.445884,35.87683,30.725336,38.112453
5.4629903,36.226276,31.101185,37.406918
5.475981,36.67319,31.376558,37.734447
5.4877396,37.12785,31.517601,38.257126
5.503137,37.6369,31.3953,38.795685
5.5157475,37.63382,31.39086,38.700214
5.5315824,37.580776,31.680088,38.73186
5.5449533,37.33235,31.886461,38.60881
5.554445,37.207935,31.940092,38.885487
5.570275,37.514572,31.720781,40.116264
5.580117,37.8107,31.831673,40.65708
5.5942097,37.87601,32.1217,41.089527
5.603762,37.81254,32.414974,41.292458
5.619475,37.65322,32.476894,41.526806
5.6298985,37.850086,32.310986,41.743942
5.6433964,38.291115,32.18327,42.082653
5.653105,38.555313,32.290314,42.46819
5.6687717,39.413548,32.746685,42.812138
5.678607,39.467567,32.839336,42.711872
5.6927004,39.508213,32.778484,42.389618
5.7022114,38.961422,32.66037,41.9836
5.7165904,38.840603,32.388493,41.475464
5.7286754,38.190598,31.47149,39.998077
5.7430077,37.90678,30.764719,38.79077
5.752585,37.383583,30.0671,37.35318
5.7625847,35.921078,29.40441,35.247055
5.770767,35.921078,29.40441,35.247055
5.78763,35.5204,29.639187,35.65872
5.802398,35.58177,29.891489,36.216404
5.811894,35.284138,30.132893,36.6877
5.8218937,34.66313,30.376007,36.923157
5.830067,34.66313,30.376007,36.923157
5.8469977,33.769222,30.209776,36.370968
5.8617463,33.396385,30.070711,36.05191
5.8713627,33.060783,29.95611,35.89213
5.8813624,32.917805,29.746593,36.448273
5.88965,32.917805,29.746593,36.448273
5.906625,33.03203,29.45936,37.807095
5.9213605,33.102924,29.421091,38.536274
5.9315844,33.077797,29.594278,39.137917
5.9415846,32.997997,29.83106,39.951603
5.949835,32.997997,29.83106,39.951603
5.966798,32.829372,29.692123,40.02083
5.9814878,32.731014,29.60367,39.929985
5.991737,32.557556,29.539948,39.78391
6.001737,32.16092,29.420364,39.39688
6.0100193,32.16092,29.420364,39.39688
6.0267777,30.969677,29.099503,38.50622
6.042178,30.426529,28.818016,37.940998
6.0532966,29.589354,28.474983,37.362217
6.070208,28.431679,27.381077,36.397217
6.0790014,27.28293,26.696856,35.89253
6.0890017,25.640404,25.923378,34.76307
6.0976276,25.640404,25.923378,34.76307
6.115004,24.505222,25.60259,34.16046
6.13032,24.16829,25.45135,34.10404
6.1405,23.587662,25.213245,34.118507
6.1505,23.167006,24.562212,34.370457
6.158813,23.167006,24.562212,34.370457
6.1687126,22.935137,24.270824,34.517868
6.1787133,22.058712,24.316557,34.053806
6.1874237,22.058712,24.316557,34.053806
6.2047663,20.810362,24.759447,33.78629
6.2202344,20.303226,24.94083,33.725655
6.231874,19.88686,25.054358,33.72416
6.249063,19.578268,24.962162,33.836163
6.260752,19.419512,24.824722,33.629658
6.277693,19.243364,24.51265,33.073402
6.2884064,19.134548,24.44415,32.955784
6.2984066,19.015495,24.333347,32.88361
6.3071895,19.015495,24.333347,32.88361
6.324503,18.932167,23.920565,32.834255
6.3345027,18.76059,23.75144,32.198868
6.3432803,18.76059,23.75144,32.198868
6.357281,18.699003,23.722,31.837215
6.3672814,18.575848,23.407516,31.64777
6.3762374,18.575848,23.407516,31.64777
6.385679,18.59732,23.137403,31.618395
6.395679,18.21049,22.629025,31.43052
6.403934,18.21049,22.629025,31.43052
6.4194794,17.982819,22.462465,31.313295
6.4356976,17.726889,22.257286,31.180248
6.446148,17.643793,22.165192,31.212591
6.456148,17.72089,21.852016,31.337452
6.4644375,17.72089,21.852016,31.337452
6.4813385,17.810513,21.518518,31.481485
6.497073,17.876705,21.360252,31.518215
6.508142,18.10927,21.264465,31.478516
6.5253396,18.292736,21.278276,31.320871
6.5356417,18.460068,21.22791,31.351149
6.5456414,18.675262,21.009935,31.360699
6.5539727,18.675262,21.009935,31.360699
6.5708394,18.91663,20.821272,31.243324
6.5865026,19.039484,20.787195,31.165237
6.5969534,19.267372,20.778278,31.08861
6.6134,19.478323,20.777225,30.988869
6.6231265,19.67768,20.761421,30.981968
6.6331263,19.942238,20.653612,30.975615
6.641435,19.942238,20.653612,30.975615
6.6514354,20.067509,20.38666,30.922535
6.663977,20.067509,20.38666,30.922535
6.6730266,20.146576,20.178009,30.896696
6.6875544,20.179483,19.898708,30.895466
6.703377,19.786667,19.20195,30.9854
6.7126975,19.939823,18.859972,31.066208
6.7226973,19.684885,18.374273,31.189598
6.731445,19.684885,18.374273,31.189598
6.74752,19.690096,18.271172,31.207476
6.764111,19.628767,18.250849,31.154877
6.774968,19.599188,18.22279,31.102995
6.792295,19.48191,18.010431,31.036428
6.8030868,19.46453,17.89689,31.05003
6.8130875,19.596848,17.896978,31.04973
6.8212237,19.596848,17.896978,31.04973
6.8306766,19.70695,18.011024,31.061747
6.842671,19.817768,18.118782,31.114538
6.8540964,19.970387,18.189396,31.173288
6.8657346,19.975351,18.220995,31.166248
6.875906,19.952112,18.191074,31.059452
6.8891873,19.523989,17.886318,30.756342
6.8997765,19.472069,17.702007,30.647861
6.909776,19.414843,17.608461,30.426981
6.918672,19.414843,17.608461,30.426981
6.934156,19.539194,17.76491,30.348108
6.95078,19.941845,18.268269,30.239101
6.961582,20.192091,18.503313,30.110306
6.9794817,20.42672,18.682903,29.832867
6.98875,20.355305,18.683,29.72767
6.9987497,20.298904,18.725754,29.6602
7.0075035,20.298904,18.725754,29.6602
7.0231833,20.195042,18.791704,29.635235
7.0394244,20.008791,18.946352,29.486162
7.0496483,19.783333,18.978733,29.379158
7.059648,19.454369,18.936853,29.269655
7.0680985,19.454369,18.936853,29.269655
7.083707,19.377817,18.908972,29.271732
7.100541,19.046562,18.878988,29.306398
7.1111917,18.908846,18.853853,29.29768
7.127708,18.559666,18.662552,29.19745
7.137382,18.288797,18.532177,29.166452
7.147382,17.90942,18.371843,29.192451
7.1556954,17.90942,18.371843,29.192451
7.17119,17.733828,18.356825,29.187864
7.182298,17.656929,18.401283,29.145859
7.192312,17.529898,18.469856,29.050028
7.2047133,17.386051,18.430895,28.837704
7.21432,17.30834,18.230633,28.794518
7.229445,17.307184,17.942392,28.806559
7.2399626,17.41725,17.662495,28.857214
7.2564974,17.835073,17.458214,28.920414
7.2667766,18.12292,17.5798,28.88293
7.2767763,18.62126,18.134247,28.555607
7.2853937,18.62126,18.134247,28.555607
7.301077,18.691782,18.37375,28.307371
7.3173833,18.431227,18.401836,27.945309
7.3287263,18.41193,18.268324,27.897102
7.3457203,18.303036,18.040424,27.922132
7.3565726,18.278397,17.961304,27.923172
7.3664412,18.0837,17.859102,27.908869
7.3754525,17.882168,17.714815,27.891256
7.3854527,17.561533,17.353792,27.922998
7.394244,17.561533,17.353792,27.922998
7.4097466,17.431581,17.208036,27.957106
7.426439,17.325201,17.147236,27.95883
7.438122,17.224003,17.215635,27.914516
7.455193,17.159935,17.412687,27.801357
7.4655685,17.066103,17.448109,27.826748
7.475569,16.882332,17.332844,28.063314
7.4838023,16.882332,17.332844,28.063314
7.49392,16.759048,17.204443,28.188885
7.5039196,16.39662,16.923967,28.299648
7.512726,16.39662,16.923967,28.299648
7.5282044,16.214474,16.832989,28.286274
7.544907,16.110868,16.77777,28.18619
7.556826,16.04662,16.790262,28.125544
7.5738015,16.214415,16.812622,28.119791
7.583989,16.267569,16.843422,28.143904
7.593989,16.538637,16.98217,28.170126
7.602694,16.538637,16.98217,28.170126
7.6113825,16.667902,17.079584,28.145773
7.623006,16.805975,17.190765,28.076612
7.6389956,16.946936,17.322433,27.970982
7.6560287,17.126053,17.621641,27.683659
7.6659555,17.187798,17.719692,27.501518
7.6825056,17.120356,17.6627,27.274359
7.6929603,17.041077,17.541584,27.246624
7.710891,16.787416,17.150074,27.249298
7.719372,16.631605,16.954086,27.218285
7.736619,16.51202,16.857489,27.17941
7.751472,16.507292,17.061287,27.128485
7.7630453,16.49405,17.25659,27.09042
7.773362,16.486374,17.425125,27.029535
7.785248,16.532598,17.520145,26.970602
7.7950993,16.469349,17.512651,26.93087
7.806648,16.580437,17.399359,26.924797
7.816958,16.51278,17.21364,26.951273
7.82983,16.64954,16.867273,26.999096
7.839111,16.620337,16.805544,26.987106
7.850718,16.702835,16.810413,26.95198
7.8606987,16.648848,16.84459,26.900454
7.872363,16.624731,16.85773,26.852476
7.8819942,16.50441,16.809956,26.834372
7.8940654,16.440197,16.681435,26.885626
7.908909,16.224306,16.303875,27.135668
7.9206343,16.17706,16.180222,27.276062
7.935517,16.031277,16.10636,27.442247
7.949103,15.7653675,16.007544,27.91719
7.9645114,15.65595,15.975186,28.202883
7.9813156,15.372579,15.87766,28.650608
7.9919596,15.194761,15.78385,28.747316
8.008815,14.781025,15.701333,28.703577
8.019071,14.712258,15.807602,28.580437
8.029071,14.505124,16.239422,28.211868
8.0377445,14.505124,16.239422,28.211868
8.05372,14.401584,16.475088,28.048027
8.071215,14.235495,16.943604,27.826044
8.080507,14.18627,17.218498,27.628733
8.095858,14.055694,17.499128,27.370483
8.107978,13.685464,17.789206,27.077698
8.124784,13.526131,17.810242,27.068483
8.141992,13.377118,17.753176,27.18981
8.159296,13.22604,17.631989,27.331438
8.169994,13.039499,17.518673,27.40372
8.186884,12.835474,17.25136,27.400488
8.197094,12.731415,17.123253,27.208366
8.2074995,12.708113,17.048483,26.951382
8.218195,12.755928,17.099741,26.641861
8.230839,12.8618145,17.378942,26.428036
8.246128,13.11063,18.079042,26.072065
8.257831,12.917102,18.366577,25.907667
8.268182,12.997059,18.594671,25.78678
8.280181,12.886214,18.758171,25.664999
8.295571,12.8091955,18.942484,25.390533
8.306464,12.613021,18.988039,25.246815
8.317047,12.545917,19.041275,25.11553
8.329572,12.511978,19.120657,25.013752
8.342817,12.528779,19.230116,24.957087
8.356264,12.587942,19.564596,24.903246
8.367083,12.573221,19.767458,24.870245
8.378675,12.489376,19.944443,24.822172
8.388898,12.395656,20.07911,24.762827
8.400346,12.338597,20.173548,24.684118
8.410696,12.210086,20.228487,24.589552
8.422271,12.167478,20.26684,24.500778
8.432517,12.0495405,20.282766,24.417742
8.445831,11.820296,20.196207,24.31112
8.455487,11.708306,20.102406,24.259565
8.468014,11.616954,19.996859,24.21618
8.477649,11.479681,19.883472,24.16431
8.489696,11.353177,19.769768,24.095682
8.498951,11.209654,19.659117,24.00997
8.51108,11.025284,19.57159,23.936476
8.520495,10.884291,19.484896,23.892534
8.533826,10.619875,19.249397,23.911213
8.545067,10.5446615,19.095236,23.974035
8.556713,10.467178,18.950071,24.045835
8.566848,10.389159,18.853428,24.086754
8.578316,10.345171,18.833176,24.086966
8.588878,10.20117,18.879248,24.038568
8.600467,10.057731,18.960024,23.960043
8.610779,9.86503,19.024517,23.886059
8.624076,9.470117,18.87521,23.967148
8.6334915,9.340292,18.648903,24.163172
8.646032,9.295635,18.389057,24.369898
8.655737,9.220513,18.166592,24.509005
8.667899,9.15844,18.031181,24.58023
8.676854,9.092497,17.978205,24.640041
8.68909,8.945563,17.995174,24.68502
8.698343,8.901495,18.060074,24.755777
8.711816,8.733965,18.210459,24.963942
8.723091,8.67922,18.276903,25.01445
8.7346945,8.661486,18.32368,25.036192
8.744888,8.5614195,18.327032,25.052708
8.756507,8.5444565,18.300533,25.07109
8.766853,8.458131,18.261639,25.084684
8.77846,8.386762,18.230864,25.095781
8.78874,8.309396,18.197777,25.113586
8.802033,8.063517,18.18662,25.183851
8.811493,7.949894,18.21643,25.218378
8.824037,7.9119143,18.261642,25.263157
8.833568,7.770696,18.283709,25.335238
8.845672,7.7687197,18.241789,25.461557
8.854761,7.663948,18.146688,25.633144
8.867067,7.6937785,18.01829,25.801596
8.876353,7.6056376,17.899782,25.932076
8.8884325,7.661566,17.803295,26.011395
8.900263,7.3709693,17.75145,26.039919
8.912444,7.246462,17.736744,26.078577
8.923927,7.100199,17.707216,26.154308
8.935712,7.026745,17.664515,26.270502
8.944508,6.913133,17.62855,26.385794
8.956096,6.7984686,17.58314,26.51802
8.966363,6.723483,17.533699,26.65928
8.97973,6.4666634,17.420818,26.898563
8.989501,6.355032,17.355898,26.97834
9.002024,6.2322145,17.287376,27.046257
9.011571,6.0906534,17.224625,27.104813
9.0236,6.086953,17.171406,27.160915
9.03287,5.949502,17.135818,27.213915
9.045042,5.92714,17.119911,27.261936
9.054341,5.813873,17.128235,27.308723
9.066379,5.7883334,17.171192,27.35551
9.074207,5.7120247,17.24144,27.404762
9.0855465,5.7107882,17.324915,27.455475
9.094612,5.6567063,17.415197,27.500406
9.106634,5.568662,17.524786,27.528784
9.118425,5.400748,17.767246,27.567
9.129996,5.3001204,17.846365,27.577394
9.140252,5.2325525,17.888346,27.59435
9.151731,5.1901994,17.92184,27.664047
9.162262,5.229008,17.966799,27.824944
9.173891,5.2743654,18.025047,28.054527
9.184231,5.374996,18.096952,28.287329
9.197537,5.4918523,18.279076,28.524601
9.207024,5.541671,18.387749,28.50956
9.219543,5.679296,18.523819,28.450537
9.229076,5.776253,18.704823,28.40262
9.241266,5.9863534,18.945715,28.415003
9.250279,6.1768827,19.239449,28.478682
9.262569,6.481301,19.57517,28.543325
9.271843,6.668263,19.941544,28.561256
9.284712,6.8295965,20.295969,28.54883
9.296563,6.9202185,20.827522,28.634413
9.308513,6.954981,20.973984,28.7363
9.318891,6.948774,21.019398,28.836048
9.330337,6.879998,20.94348,28.950308
9.339835,6.756415,20.76421,29.089483
9.351833,6.674159,20.531862,29.253078
9.361251,6.5786433,20.302221,29.41059
9.372657,6.4409027,20.114183,29.525549
9.382875,6.3096642,19.97945,29.583769
9.396197,5.9697337,19.794006,29.614925
9.40549,5.8649035,19.72303,29.644579
9.417932,5.7822886,19.668083,29.691498
9.427459,5.6938176,19.621756,29.743265
9.439566,5.5883813,19.569052,29.792671
9.447559,5.477422,19.497896,29.836924
9.460555,5.409852,19.422411,29.85769
9.469827,5.296467,19.359253,29.867968
9.481849,5.1585073,19.312439,29.883923
9.491779,5.0869384,19.276966,29.91362
9.505057,4.919001,19.253687,29.979698
9.515045,4.8483033,19.271173,29.995073
9.526977,4.694042,19.299284,29.984715
9.537116,4.589782,19.328074,29.955078
9.548938,4.4493227,19.35343,29.913261
9.559217,4.341971,19.37155,29.870918
9.570823,4.240286,19.377764,29.852203
9.581304,4.157193,19.37267,29.864046
9.594623,4.0817876,19.34418,29.967304
9.60388,4.0908933,19.337246,30.015919
9.6163225,4.162776,19.353098,30.029095
9.626399,4.149092,19.39153,29.995487
9.638457,4.055242,19.446653,29.918762
9.647779,3.9738202,19.495846,29.830479
9.659785,3.7922697,19.52345,29.740229
9.669051,3.7258022,19.533728,29.666021
9.681091,3.6560218,19.539692,29.619648
9.693456,3.7136781,19.63388,29.56628
9.70524,3.8132691,19.75081,29.520857
9.715994,3.8290262,19.902319,29.44292
9.727712,3.8451183,20.062582,29.349392
9.737954,3.818787,20.20689,29.262337
9.749592,3.8193069,20.30859,29.207565
9.760131,3.8144536,20.353037,29.200258
9.774637,3.9479907,20.286766,29.312672
9.784512,4.0199146,20.208515,29.404886
9.796596,3.9143417,20.09876,29.508057
9.805866,3.9210498,19.958725,29.616404
9.8179035,3.9065576,19.811756,29.734642
9.827168,3.9125202,19.699934,29.853868
9.839222,3.9191203,19.666456,29.973675
9.851688,3.769215,19.969717,30.172798
9.863386,3.7893925,20.28383,30.25698
9.87431,3.5638356,20.633226,30.325552
9.885892,3.5250819,20.926613,30.367886
9.894703,3.265025,21.093761,30.365349
9.90629,2.930926,21.06478,30.271255
9.916548,2.6389384,20.730341,30.027946
9.927968,2.0246155,20.13422,29.626936
9.939451,1.5155964,19.399021,29.107283
9.952964,358.9798,18.167263,27.895851
9.962382,357.51602,17.839083,27.243599
9.974612,355.30432,17.590118,26.556328
9.983869,353.46472,17.275623,25.810616
9.995964,350.81107,16.790968,24.978168
10.0052595,348.86636,16.10045,24.005365
10.017287,345.91565,15.232198,22.807575
10.027797,343.66223,14.256505,21.292631
10.04165,336.8719,12.3784275,17.207666
10.05228,333.76364,11.513171,14.725949
10.063922,329.679,10.62153,12.065742
10.074194,327.2589,9.629604,9.361588
10.085097,324.74615,8.533096,6.7845097
10.094275,323.53244,7.383111,4.428693
10.105748,322.26422,6.2637763,2.2487547
10.117383,321.5075,5.22824,0.12671301
10.130919,320.01773,3.489333,-4.2045016
10.140653,319.41547,2.7814734,-6.340013
10.15267,319.14835,2.135045,-8.3838415
10.169969,318.98837,0.70235103,-12.127409
10.185691,319.00214,-0.25096628,-13.81247
10.197232,319.5675,-1.432445,-15.405682
10.214119,320.3339,-3.9409807,-18.583815
10.224318,321.45667,-5.2820077,-20.189442
10.234693,322.19608,-6.866887,-21.728783
10.2512045,323.72348,-11.335193,-24.413195
10.262095,324.6027,-13.874693,-25.499432
10.2794485,325.20465,-19.490742,-26.780033
10.295734,325.04153,-22.151207,-26.84159
10.305603,324.61218,-24.241636,-26.53935
10.32257,323.80573,-25.485487,-26.063053
10.333342,324.3249,-24.730328,-26.225176
10.343342,324.60315,-22.142193,-25.98315
10.3515835,324.60315,-22.142193,-25.98315
10.3610735,324.263,-20.973166,-25.51796
10.371074,323.37732,-19.19968,-24.346746
10.379438,323.37732,-19.19968,-24.346746
10.396996,323.82468,-17.933865,-23.132467
10.412372,323.8402,-17.439318,-22.496887
10.423935,324.70984,-17.005224,-21.841064
10.440977,324.52713,-16.240677,-20.51908
10.451747,325.29904,-15.92315,-19.891264
10.461746,325.28336,-15.341682,-18.761927
10.470518,325.28336,-15.341682,-18.761927
10.479992,326.2525,-15.011919,-18.267776
10.489992,326.86508,-14.134529,-17.393604
10.498849,326.86508,-14.134529,-17.393604
10.51626,326.9895,-12.959066,-16.674944
10.532281,326.957,-12.293094,-16.392834
10.542647,327.24045,-11.592689,-16.14929
10.559812,327.432,-10.173043,-15.748159
10.570418,327.72507,-9.509576,-15.568022
10.579424,327.85852,-8.879524,-15.498652
10.596779,328.17926,-7.981828,-15.310959
10.608028,328.27737,-7.731589,-15.183906
10.617387,328.44937,-7.5668874,-15.04904
10.627386,328.66965,-7.3737707,-14.859983
10.635782,328.66965,-7.3737707,-14.859983
10.645252,328.73282,-7.3106503,-14.762006
10.656558,328.86105,-7.26654,-14.651753
10.672536,328.995,-7.2323065,-14.531775
10.685352,329.11472,-7.1316495,-14.291922
10.695036,329.2711,-7.0531206,-14.173931
10.710993,329.30164,-6.953673,-14.065274
10.720797,329.35162,-6.8122525,-13.968468
10.732482,329.3415,-6.6142163,-13.897031
10.74447,329.4003,-6.0815487,-13.824271
10.753709,329.43527,-5.895269,-13.753761
10.769212,329.41556,-5.832967,-13.663632
10.779363,329.45352,-5.9046082,-13.553622
10.7890215,329.4374,-6.08027,-13.429546
10.80628,329.40536,-6.493299,-13.210907
10.81674,329.2929,-6.6033244,-13.15169
10.8294325,329.1958,-6.605002,-13.13118
10.839268,329.15503,-6.4783173,-13.138811
10.850683,329.08047,-6.249536,-13.181068
10.860664,329.26132,-5.975544,-13.277137
10.8733835,329.25616,-5.8544617,-13.545343
10.884028,329.2282,-6.0289407,-13.464816
10.895608,329.1246,-5.9569106,-13.4988985
10.905608,329.04196,-5.20738,-14.098756
10.915345,329.04196,-5.20738,-14.098756
10.925345,328.9831,-4.3855705,-14.293781
10.9335785,328.9831,-4.3855705,-14.293781
10.947383,328.9806,-4.186267,-14.336679
10.964054,329.10413,-4.0348406,-14.465743
10.972683,329.03638,-3.958116,-14.506722
10.982523,329.02634,-3.8691626,-14.526696
10.992923,329.01855,-3.8556716,-14.506016
11.002707,329.0565,-4.0898128,-14.516795
11.014437,329.04727,-4.412896,-14.222688
11.026181,329.0708,-4.716913,-13.864302
