0.0,-0.13635385,-0.09134643,0.023702133
0.005,-0.13635385,-0.09134643,0.023702133
0.010096093,-0.13635385,-0.09134643,0.023702133
0.013473541,-0.09880328,-0.07376956,0.070307456
0.01776776,-0.09880328,-0.07376956,0.070307456
0.022105103,-0.08655274,-0.075101145,0.08229168
0.027825572,-0.08016115,-0.08442221,0.08229168
0.0313912,-0.07669904,-0.10359697,0.0727043
0.03677026,-0.07669904,-0.11930962,0.062051654
0.040943753,-0.07856325,-0.12756541,0.055926383
0.047236092,-0.08149273,-0.1257012,0.05486112
0.050849635,-0.08362326,-0.11105382,0.061252706
0.056260988,-0.08229168,-0.0974717,0.07190535
0.06110328,-0.08149273,-0.08522116,0.08335695
0.068286456,-0.07590009,-0.081226416,0.094808534
0.07152239,-0.066046394,-0.082025364,0.10146644
0.07810948,-0.054594804,-0.087884314,0.10279802
0.08322969,-0.039947417,-0.09161274,0.094009586
0.08893302,-0.039947417,-0.09161274,0.094009586
0.09784297,-0.0127831735,-0.066312715,0.06098639
0.10343698,-0.0127831735,-0.066312715,0.06098639
0.110159375,-0.007190535,-0.04926848,0.044208474
0.11515938,-0.007190535,-0.045007423,0.041279
0.120023854,-0.007190535,-0.045007423,0.041279
0.12829146,-0.010918961,-0.036218993,0.043942157
0.13521677,-0.018109497,-0.023435818,0.045007423
0.13766037,-0.02130529,-0.015978966,0.043675844
0.14618875,-0.019441076,-0.010386328,0.036218993
0.14985067,-0.017044231,-0.012250541,0.019973708
0.1551349,-0.014647386,-0.008788432,0.00958738
0.15966465,-0.009321064,-0.0026631611,0.01438107
0.16711402,-0.006657903,0.005060006,0.029827405
0.17035021,-0.0061252704,0.011451593,0.04447479
0.17661959,-0.002130529,0.018908445,0.050866377
0.18204917,0.011717909,0.02743056,0.054062173
0.1875615,0.011717909,0.02743056,0.054062173
0.19428755,0.023169503,0.03169162,0.0644485
0.19957995,0.028229509,0.029827405,0.066046394
0.20338207,0.036218993,0.024767399,0.06364955
0.21027672,0.04660532,0.018908445,0.055127434
0.21290141,0.05486112,0.011185277,0.046871636
0.22030959,0.06098639,0.0031957934,0.03568636
0.22530958,0.04873585,-0.017576864,0.007456851
0.23045813,0.04873585,-0.017576864,0.007456851
0.23747052,0.035153728,-0.026897928,-0.0055926386
0.24107464,-0.009321064,-0.04234426,-0.02396845
0.24734192,-0.03435478,-0.04580637,-0.029028457
0.25134745,-0.058056913,-0.046072688,-0.033822145
0.2600266,-0.07803062,-0.046072688,-0.038083203
0.26264507,-0.09054748,-0.045007423,-0.043675844
0.26916814,-0.0958738,-0.04527374,-0.04474111
0.27305064,-0.09534117,-0.044208474,-0.046072688
0.27805063,-0.06977482,-0.038083203,-0.040746365
0.28536806,-0.06977482,-0.038083203,-0.040746365
0.29038233,-0.03701794,-0.02876214,-0.023435818
0.2973275,-0.024767399,-0.024501082,-0.014647386
0.30111852,-0.019441076,-0.018908445,-0.008255799
0.30872214,-0.019973708,-0.016245283,-7.9894834E-4
0.31171542,-0.02609898,-0.014647386,0.0063915867
0.31933826,-0.029294772,-0.01304949,0.011451593
0.3254771,-0.03435478,-0.016245283,0.011717909
0.3304771,-0.051132694,-0.014114754,7.9894834E-4
0.33483568,-0.051132694,-0.014114754,7.9894834E-4
0.33963853,-0.08548747,-0.017310547,0.0026631611
0.34598342,-0.08548747,-0.017310547,0.0026631611
0.3498713,-0.119043306,-0.018109497,0.021571605
0.3548713,-0.13289174,-0.015978966,0.028495824
0.35887983,-0.13289174,-0.015978966,0.028495824
0.3621106,-0.14727281,-0.015180019,0.03222425
0.3680606,-0.16325177,-0.013582122,0.03195793
0.37306058,-0.21012342,-0.015446335,0.037550572
0.37805635,-0.21012342,-0.015446335,0.037550572
0.38588667,-0.23409186,-0.015446335,0.043942157
0.38949853,-0.2841593,-0.010386328,0.06711166
0.39396915,-0.2841593,-0.010386328,0.06711166
0.39804968,-0.3107909,-0.007190535,0.07989483
0.40355295,-0.33449304,-0.0077231675,0.08681905
0.4070634,-0.3587278,-0.009321064,0.092145376
0.41254956,-0.38456047,-0.012516857,0.09933591
0.41701812,-0.41412157,-0.018642128,0.10918961
0.4233498,-0.44394895,-0.025300032,0.12543489
0.43079212,-0.51265854,-0.036485307,0.16218652
0.43541563,-0.51265854,-0.036485307,0.16218652
0.4395138,-0.60533655,-0.04181163,0.20293288
0.44499725,-0.60533655,-0.04181163,0.20293288
0.45239213,-0.7193198,-0.0396811,0.25646242
0.45693094,-0.77897465,-0.036751624,0.2908172
0.46095487,-0.83889574,-0.033289514,0.32783514
0.46639574,-0.83889574,-0.033289514,0.32783514
0.47128782,-0.97072226,-0.031158986,0.40959418
0.4762878,-1.1214571,-0.032490566,0.49667954
0.48302406,-1.1214571,-0.032490566,0.49667954
0.4885458,-1.2112057,-0.028229509,0.5339638
0.4949126,-1.3062805,-0.023702133,0.56911755
0.49991262,-1.5108113,-0.0029294773,0.6306366
0.5041136,-1.5108113,-0.0029294773,0.6306366
0.51271546,-1.7302558,0.020772656,0.70680296
0.5215194,-1.9489013,0.050600063,0.8069378
0.5297997,-2.056493,0.06711166,0.861
0.532381,-2.1603563,0.08868326,0.9150622
0.537381,-2.3595607,0.133957,1.0258497
0.542381,-2.3595607,0.133957,1.0258497
0.54507804,-2.3595607,0.133957,1.0258497
0.54999894,-2.5614283,0.18722023,1.1251856
0.5573333,-2.5614283,0.18722023,1.1251856
0.55981374,-2.7672908,0.2394182,1.2247878
0.56481373,-2.9744847,0.28682247,1.3374395
0.5698138,-2.9744847,0.28682247,1.3374395
0.5730348,-2.9744847,0.28682247,1.3374395
0.5771826,-3.090865,0.30972564,1.4016217
0.58396685,-3.2141693,0.33449304,1.4753913
0.59265465,-3.466637,0.3930826,1.6437031
0.5999679,-3.593936,0.4261058,1.7326527
0.60257506,-3.8437405,0.48842376,1.9190739
0.60757506,-3.9601207,0.5294364,2.0184097
0.61257505,-3.9601207,0.5294364,2.0184097
0.6167864,-3.9601207,0.5294364,2.0184097
0.6192557,-4.1513357,0.60906494,2.2237396
0.6271682,-4.230964,0.6468818,2.3180156
0.6297423,-4.2871566,0.67990506,2.407764
0.6347423,-4.3236423,0.7126619,2.4924526
0.6389533,-4.3236423,0.7126619,2.4924526
0.641551,-4.343616,0.74728304,2.5699506
0.6490337,-4.347078,0.7850999,2.6429212
0.6516153,-4.337224,0.8277105,2.7087011
0.6566153,-4.2879558,0.91639376,2.8093686
0.6616153,-4.2879558,0.91639376,2.8093686
0.66566306,-4.2879558,0.91639376,2.8093686
0.66815746,-4.242416,0.92012215,2.7904603
0.67315745,-4.2432146,0.9150622,2.609099
0.6772305,-4.2432146,0.9150622,2.609099
0.6797696,-4.235225,0.9177253,2.4820662
0.6847696,-4.272243,1.0474212,2.5590315
0.6897696,-4.272243,1.0474212,2.5590315
0.69424593,-4.272243,1.0474212,2.5590315
0.6991624,-4.4301686,1.3310479,2.879676
0.70447797,-4.590491,1.4737934,3.0120351
0.7069961,-4.816327,1.6314526,3.0807447
0.7119961,-5.3183327,1.8916434,3.128149
0.7169961,-5.3183327,1.8916434,3.128149
0.7231532,-5.3183327,1.8916434,3.128149
0.7272943,-5.7039585,2.1310616,3.2205608
0.7333074,-5.7039585,2.1310616,3.2205608
0.7420284,-5.86215,2.3837955,3.583017
0.7470284,-5.7529607,2.6485138,4.2037997
0.7521591,-5.7529607,2.6485138,4.2037997
0.7571591,-5.5790563,2.721218,4.764129
0.76175594,-5.5790563,2.721218,4.764129
0.7702944,-5.456817,2.5497105,4.833637
0.7790443,-5.1385694,1.4839134,4.367318
0.7872138,-5.186773,1.1265172,4.0831585
0.78980964,-5.361476,0.83490103,3.7832868
0.79480964,-6.127135,0.5589975,3.303385
0.79980963,-6.127135,0.5589975,3.303385
0.80240935,-6.127135,0.5589975,3.303385
0.8073215,-7.3021216,0.5898902,3.0389333
0.81459635,-7.3021216,0.5898902,3.0389333
0.8170745,-8.573781,0.6801714,2.8434572
0.8220745,-8.673383,0.65460503,2.5845978
0.82707447,-8.673383,0.65460503,2.5845978
0.83019096,-8.673383,0.65460503,2.5845978
0.8342606,-8.673383,0.56885123,2.428803
0.84111804,-8.673383,0.42264366,2.2604911
0.8497736,-8.673383,-0.06684534,1.8748654
0.8571126,-8.673383,-0.39574575,1.6583505
0.85974187,-8.673383,-0.75607145,1.4319818
0.86474186,-8.673383,-1.5222629,0.9757822
0.8697419,-8.673383,-1.5222629,0.9757822
0.8742581,-8.673383,-1.5222629,0.9757822
0.8767962,-8.673383,-2.325206,0.535828
0.8844115,-8.673383,-2.7308054,0.32437304
0.8869844,-8.673383,-3.137204,0.11797804
0.8919844,-8.673383,-3.9318912,-0.2905509
0.8969844,-8.673383,-3.9318912,-0.2905509
0.90130895,-8.673383,-3.9318912,-0.2905509
0.90622866,-8.673383,-4.674114,-0.6942861
0.91208094,-8.673383,-4.674114,-0.6942861
0.91458887,-8.673383,-5.303685,-1.0460896
0.9219261,-8.673383,-5.303685,-1.0460896
0.93066454,-8.673383,-5.9316587,-1.4913702
0.939251,-8.673383,-6.0813284,-1.6154735
0.9479368,-8.673383,-6.322611,-1.8434402
0.95668626,-8.673383,-6.3780046,-1.8908445
0.9654646,-8.673383,-6.0094233,-1.4655375
0.97266406,-8.673383,-6.0094233,-1.4655375
0.97516894,-8.264854,-5.46241,-0.88656634
0.98016894,-7.4014573,-5.141765,-0.59202075
0.98460853,-7.4014573,-5.141765,-0.59202075
0.9871989,-6.5300713,-4.800348,-0.31318775
0.9921989,-4.837632,-4.0618534,0.19307919
0.99719894,-4.837632,-4.0618534,0.19307919
1.0001429,-4.837632,-4.0618534,0.19307919
1.0053965,-3.291401,-3.2423987,0.65886605
1.0127023,-3.291401,-3.2423987,0.65886605
1.0151777,-1.9017633,-2.3576965,1.0791129
1.0201777,-1.2530173,-1.9089539,1.2631373
1.0251777,-1.2530173,-1.9089539,1.2631373
1.0279506,-1.2530173,-1.9089539,1.2631373
1.0319948,-0.05912218,-1.0444918,1.5672703
1.0385209,0.47670585,-0.64075655,1.7060211
1.046854,1.4429007,0.07989483,1.9734024
1.0541134,1.8847191,0.38589206,2.095109
1.0568703,2.2969766,0.6564692,2.2000375
1.0618705,3.01603,1.1171961,2.351305
1.0668705,3.01603,1.1171961,2.351305
1.0710886,3.01603,1.1171961,2.351305
1.0736043,3.6005938,1.4735271,2.3979104
1.0820334,3.832289,1.6061525,2.3912523
1.0845952,4.0141826,1.7036241,2.3654196
1.0895953,4.232828,1.7718011,2.2564964
1.0945952,4.232828,1.7718011,2.2564964
1.098875,4.232828,1.7718011,2.2564964
1.1037744,4.28476,1.6732641,2.107892
1.1096116,4.28476,1.6732641,2.107892
1.118352,4.184625,1.5172029,1.9417108
1.1233519,4.063984,1.4343786,1.8527611
1.1283298,4.063984,1.4343786,1.8527611
1.1370986,3.4037862,1.1616709,1.5883093
1.1438615,3.1055121,1.0572749,1.5185345
1.1464878,2.790194,0.9515475,1.4636734
1.1514877,2.1606226,0.74248934,1.3949639
1.1564878,2.1606226,0.74248934,1.3949639
1.160765,2.1606226,0.74248934,1.3949639
1.1632377,1.6106799,0.55340487,1.347027
1.1716568,1.3915017,0.47324374,1.3222595
1.174227,1.2090752,0.40426785,1.2985574
1.1792269,0.94568855,0.2972088,1.237571
1.184227,0.94568855,0.2972088,1.237571
1.1885504,0.94568855,0.2972088,1.237571
1.1934568,0.73796195,0.21571605,1.150752
1.1987178,0.73796195,0.21571605,1.150752
1.2074414,0.50360376,0.13741912,1.026116
1.2124413,0.36218992,0.09880328,0.95208013
1.2174034,0.36218992,0.09880328,0.95208013
1.2261233,-0.11318435,0.01784318,0.691623
1.2334517,-0.2625877,0.00958738,0.60240704
1.2422663,-0.49375007,0.033822145,0.4263721
1.2508076,-0.5733786,0.059388492,0.345412
1.2533746,-0.65487134,0.1304949,0.20293288
1.2608008,-0.66206187,0.16964336,0.14301175
1.2633809,-0.6532734,0.20692763,0.08868326
1.2683808,-0.6354303,0.24208134,0.037284255
1.2756122,-0.6354303,0.24208134,0.037284255
1.2805647,-0.5840312,0.30999196,-0.0561927
1.2861754,-0.5603291,0.3422162,-0.1041296
1.2948457,-0.52464277,0.41705105,-0.19973709
1.3030103,-0.50839746,0.46339005,-0.24314661
1.3118844,-0.4812332,0.5685849,-0.32410672
1.3189902,-0.46552056,0.6287723,-0.360592
1.3214655,-0.4245079,0.75793564,-0.4282363
1.3264654,-0.39388153,0.8205199,-0.4631237
1.3313318,-0.39388153,0.8205199,-0.4631237
1.333937,-0.35606465,0.8836369,-0.49747851
1.3389369,-0.27057716,0.99762017,-0.56485647
1.343937,-0.27057716,0.99762017,-0.56485647
1.3468648,-0.27057716,0.99762017,-0.56485647
1.3517976,-0.20692763,1.0961571,-0.63409865
1.3584615,-0.20692763,1.0961571,-0.63409865
1.3609589,-0.14514229,1.1952267,-0.69295454
1.3659589,-0.123836994,1.2444952,-0.72464615
1.3728054,-0.123836994,1.2444952,-0.72464615
1.3782419,-0.103863284,1.3427658,-0.80107886
1.3868198,-0.10439592,1.3853765,-0.8359663
1.3893445,-0.10040118,1.4287859,-0.86632633
1.3943446,-0.09321064,1.5020229,-0.92651373
1.3993446,-0.09321064,1.5020229,-0.92651373
1.4018823,-0.09321064,1.5020229,-0.92651373
1.4071332,-0.058589544,1.5451661,-0.98377174
1.4156617,-0.058589544,1.5451661,-0.98377174
1.422768,0.03701794,1.5496935,-1.0407634
1.4302155,0.08681905,1.5419703,-1.0447581
1.4328165,0.14407702,1.531584,-1.0434265
1.4378165,0.2034655,1.5188009,-1.0381002
1.4428165,0.2034655,1.5188009,-1.0381002
1.4454823,0.2034655,1.5188009,-1.0381002
1.4504471,0.33795515,1.4958977,-1.0125339
1.4556996,0.41305628,1.4791197,-0.99762017
1.4629068,0.57151437,1.444765,-0.9518138
1.4716753,0.6530071,1.422927,-0.92012215
1.4791857,0.8357,1.3648701,-0.84661895
1.4863694,0.958738,1.2801815,-0.8002799
1.4888504,1.1696603,1.1377025,-0.706004
1.4938504,1.8948392,0.7888283,-0.28549087
1.4988263,1.8948392,0.7888283,-0.28549087
1.5014025,2.3409185,0.53769225,-0.018375812
1.5064026,2.790993,0.20240025,0.2644519
1.511422,2.790993,0.20240025,0.2644519
1.5162622,3.6136434,-0.7518104,0.87831056
1.524842,3.6136434,-0.7518104,0.87831056
1.5320364,4.3364253,-2.0559604,1.7896442
1.5388039,4.4259076,-2.2724755,2.08419
1.5413799,4.498612,-2.3784692,2.2439797
1.5463799,4.5481467,-2.389388,2.2202775
1.5513799,4.5481467,-2.389388,2.2202775
1.5541078,4.5481467,-2.389388,2.2202775
1.5590067,4.5505433,-2.133192,1.779258
1.5648966,4.496215,-1.8977686,1.5041534
1.5673614,4.3923516,-1.617604,1.2735237
1.5723615,4.08236,-1.0005497,1.0002834
1.5797664,4.08236,-1.0005497,1.0002834
1.5838056,3.6727655,-0.39388153,0.8764463
1.5905743,3.6727655,-0.39388153,0.8764463
1.5977975,3.2128377,0.13262543,0.77258307
1.6063578,2.9904637,0.3571299,0.72624403
1.6088566,2.6059031,0.69535136,0.6564692
1.616154,2.452505,0.8090684,0.6311692
1.6187236,2.3196135,0.87165266,0.61385864
1.6237235,2.214951,0.8836369,0.60720074
1.6301368,2.214951,0.8836369,0.60720074
1.6352041,2.0535636,0.77391464,0.64182186
1.642319,2.0535636,0.77391464,0.64182186
1.6495273,1.896437,0.3898868,0.75607145
1.657673,1.8684739,0.26418558,0.77870834
1.6602738,1.8413097,0.16218652,0.77924097
1.6652738,1.8109496,0.094009586,0.7576693
1.6701422,1.8109496,0.094009586,0.7576693
1.6750088,1.7257284,0.06231797,0.68389976
1.6835392,1.6732641,0.08575379,0.64182186
1.6860127,1.6061525,0.111852765,0.603206
1.6910129,1.4468955,0.14274544,0.55287224
1.6971291,1.4468955,0.14274544,0.55287224
1.6997132,1.3712617,0.14567491,0.5438175
1.7047132,1.3084111,0.15419704,0.5403554
1.7093872,1.3084111,0.15419704,0.5403554
1.7167435,1.220793,0.17337179,0.50999534
1.7238505,1.1968247,0.19307919,0.46658584
1.7263496,1.1792477,0.19414444,0.41785
1.7313496,1.1712582,0.1717739,0.35766253
1.7361494,1.1712582,0.1717739,0.35766253
1.7387556,1.1603394,0.06924219,0.20746025
1.7437556,1.1563445,0.00479369,0.13795175
1.7488296,1.1563445,0.00479369,0.13795175
1.7536762,1.1241204,-0.11797804,5.326322E-4
1.7622145,1.1241204,-0.11797804,5.326322E-4
1.769352,1.0002834,-0.23169503,-0.20186761
1.7761221,0.9504822,-0.24554345,-0.2580603
1.7787184,0.89322424,-0.2545982,-0.30519825
1.7837182,0.8309063,-0.25752768,-0.34860778
1.7887183,0.8309063,-0.25752768,-0.34860778
1.7913014,0.8309063,-0.25752768,-0.34860778
1.7962136,0.6894924,-0.2591256,-0.42317632
1.8020834,0.6130597,-0.26391926,-0.46019423
1.8045825,0.5371596,-0.2692456,-0.49854377
1.8118615,0.4676511,-0.28202876,-0.5368933
1.8190007,0.37151098,-0.314253,-0.5965481
1.8263502,0.3502057,-0.32490566,-0.6085323
1.8289452,0.34807515,-0.3254383,-0.6058692
1.8339453,0.36804888,-0.31318775,-0.5933523
1.8389452,0.36804888,-0.31318775,-0.5933523
1.8418852,0.36804888,-0.31318775,-0.5933523
1.8443611,0.42424157,-0.27190876,-0.551807
1.8493611,0.45380265,-0.25033715,-0.52144694
1.8533908,0.45380265,-0.25033715,-0.52144694
1.8559412,0.49881008,-0.21678132,-0.44714475
1.860941,0.5158543,-0.20612867,-0.41545314
1.8683107,0.5158543,-0.20612867,-0.41545314
1.8733205,0.5637912,-0.18429075,-0.36645097
1.8804752,0.6034723,-0.16964336,-0.34754252
1.8877664,0.7006777,-0.11984225,-0.30945933
1.8943186,0.7438209,-0.09960223,-0.28495824
1.8968202,0.783502,-0.086020105,-0.2591256
1.9058149,0.8213189,-0.07856325,-0.23329292
1.9083438,0.8511463,-0.07376956,-0.21092236
1.9149517,0.86872315,-0.072171666,-0.19574234
1.9194367,0.86872315,-0.07190535,-0.18855181
1.9244367,0.8165252,-0.060720075,-0.18295917
1.9312494,0.8165252,-0.060720075,-0.18295917
1.9348423,0.7621967,-0.049801115,-0.1818939
1.9398425,0.69721556,-0.03834952,-0.18002969
1.9441947,0.69721556,-0.03834952,-0.18002969
1.9467791,0.49801114,-0.018642128,-0.1736381
1.9517791,0.23435818,-0.0058589545,-0.17097494
1.9567791,0.23435818,-0.0058589545,-0.17097494
1.9596723,0.23435818,-0.0058589545,-0.17097494
1.9646062,0.088150635,5.326322E-4,-0.17150758
1.9712622,-0.05912218,0.011984225,-0.17044231
1.9737588,-0.20293288,0.02956109,-0.16990969
1.9787589,-0.45593318,0.08468852,-0.1717739
1.9856782,-0.45593318,0.08468852,-0.1717739
1.9909691,-0.55953014,0.120907515,-0.17417073
1.9994963,-0.6556703,0.15579493,-0.17603496
2.0081396,-0.87325054,0.26525086,-0.19361182
2.0148554,-0.933438,0.29294774,-0.19520971
2.0235548,-1.0367687,0.3334278,-0.18775286
2.0321698,-1.0743192,0.33289513,-0.18242654
2.0346494,-1.1190603,0.3107909,-0.175236
2.0425498,-1.1190603,0.3107909,-0.175236
2.0451014,-1.1424961,0.27830034,-0.17576863
2.0501015,-1.1488878,0.2591256,-0.17390442
2.0551014,-1.1488878,0.2591256,-0.17390442
2.0593097,-1.1488878,0.2591256,-0.17390442
2.0617962,-1.1480888,0.21891184,-0.16538231
2.066796,-1.1416972,0.19627498,-0.15925704
2.0709176,-1.1416972,0.19627498,-0.15925704
2.0734649,-1.1297129,0.17310548,-0.15526229
2.078465,-1.0740529,0.1272991,-0.14141385
2.0834649,-1.0740529,0.1272991,-0.14141385
2.086603,-1.0740529,0.1272991,-0.14141385
2.0918157,-0.9787117,0.1025317,-0.11371698
2.0989702,-0.92491585,0.099069595,-0.09454222
2.1014345,-0.8671253,0.10013486,-0.072171666
2.1064343,-0.73609775,0.10626013,-0.014647386
2.1114345,-0.73609775,0.10626013,-0.014647386
2.115417,-0.73609775,0.10626013,-0.014647386
2.1205664,-0.60080916,0.11744541,0.048469532
2.1262565,-0.60080916,0.11744541,0.048469532
2.134866,-0.41278997,0.14221281,0.133957
2.1398659,-0.3568636,0.14780544,0.16165388
2.1447773,-0.3568636,0.14780544,0.16165388
2.1535382,-0.25353295,0.15233281,0.21065605
2.1621075,-0.21038973,0.15419704,0.2330266
2.16468,-0.13954964,0.17097494,0.2809635
2.1696799,-0.11584751,0.18482338,0.30679616
2.17468,-0.11584751,0.18482338,0.30679616
2.1786134,-0.11584751,0.18482338,0.30679616
2.181114,-0.0793622,0.21278657,0.35792887
2.1895766,-0.06737798,0.22770028,0.38109836
2.1921437,-0.059388492,0.24074976,0.40080574
2.1971436,-0.05006743,0.2644519,0.42797
2.2021437,-0.05006743,0.2644519,0.42797
2.2051256,-0.05006743,0.2644519,0.42797
2.21002,-0.048469532,0.267914,0.44714475
2.2147937,-0.048469532,0.267914,0.44714475
2.223412,-0.059921127,0.272974,0.4607269
2.228412,-0.07376956,0.2727077,0.46339005
2.233375,-0.07376956,0.2727077,0.46339005
2.242122,-0.120907515,0.27483824,0.44368264
2.2506967,-0.12969595,0.272974,0.4314321
2.2533476,-0.13635385,0.2591256,0.41412157
2.2583475,-0.1272991,0.25726137,0.40852892
2.2633474,-0.1272991,0.25726137,0.40852892
2.2669935,-0.1272991,0.25726137,0.40852892
2.2694545,-0.08735169,0.23036344,0.39361522
2.2744548,-0.0561927,0.21544974,0.3920173
2.2791798,-0.0561927,0.21544974,0.3920173
2.2817285,-0.022104237,0.19947077,0.3901531
2.2867284,0.07403588,0.17710021,0.3832289
2.2917287,0.07403588,0.17710021,0.3832289
2.2942374,0.07403588,0.17710021,0.3832289
2.2991292,0.20293288,0.14833808,0.37923414
2.3048103,0.20293288,0.14833808,0.37923414
2.3134217,0.44927529,0.076965354,0.3885552
2.3184218,0.53795856,0.05566007,0.396811
2.3233323,0.53795856,0.05566007,0.396811
2.3319907,0.7187872,0.029294772,0.4133226
2.340692,0.81066626,0.021837922,0.4213121
2.3433762,0.97924435,-0.00479369,0.43516052
2.348376,1.0540792,-0.021837922,0.44394895
2.353376,1.0540792,-0.021837922,0.44394895
2.3573663,1.0540792,-0.021837922,0.44394895
2.3598685,1.180313,-0.060453758,0.46978164
2.3675919,1.230913,-0.0777643,0.48149952
2.3701444,1.2748553,-0.09267801,0.4908206
2.3751445,1.3507553,-0.11105382,0.48842376
2.3801444,1.3507553,-0.11105382,0.48842376
2.3830934,1.3507553,-0.11105382,0.48842376
2.3880804,1.3912354,-0.12197278,0.47324374
2.3922462,1.3912354,-0.12197278,0.47324374
2.4007766,1.4016217,-0.1403486,0.44927529
2.405777,1.3992249,-0.14833808,0.43249738
2.4107428,1.3992249,-0.14833808,0.43249738
2.4194775,1.3424995,-0.17496969,0.37230992
2.4265785,1.3153353,-0.17949706,0.3520699
2.429075,1.2905679,-0.17576863,0.3304983
2.4340749,1.2612731,-0.16724652,0.3073288
2.4388506,1.2612731,-0.16724652,0.3073288
2.4414518,1.2069446,-0.12783173,0.26525086
2.4464517,1.1773835,-0.10173275,0.24714136
2.4525263,1.1773835,-0.10173275,0.24714136
2.4573443,1.103614,-0.04261058,0.22184132
2.4659047,1.103614,-0.04261058,0.22184132
2.4683795,1.0005497,0.015446335,0.19467708
2.4733796,0.87564737,0.056991648,0.15659387
2.4802995,0.87564737,0.056991648,0.15659387
2.4854393,0.80560625,0.06977482,0.13315806
2.492339,0.73636407,0.07962852,0.10439592
2.5010035,0.5795039,0.08628642,0.04527374
2.5095649,0.5025385,0.08948222,0.015446335
2.518328,0.28708878,0.10439592,-0.06551377
2.5269291,0.22370553,0.11052119,-0.08655274
2.529407,0.16484967,0.114782244,-0.104928546
2.5373313,0.112119086,0.11371698,-0.12410331
2.5399098,0.026631612,0.10679276,-0.15978967
2.5449097,0.0018642128,0.10546118,-0.17656758
2.54991,0.0018642128,0.10546118,-0.17656758
2.5541978,0.0018642128,0.10546118,-0.17656758
2.5567,-0.029028457,0.09640643,-0.20639499
2.5653462,-0.032490566,0.08655274,-0.21944448
2.5679178,-0.0314253,0.07137272,-0.23089607
2.5729177,-0.021837922,0.029827405,-0.2559298
2.577918,-0.021837922,0.029827405,-0.2559298
2.5809026,-0.021837922,0.029827405,-0.2559298
2.5859413,-0.015180019,-0.01784318,-0.28309402
2.5906472,-0.015180019,-0.01784318,-0.28309402
2.5993063,-0.018642128,-0.064182185,-0.31771514
2.6043062,-0.029827405,-0.083090626,-0.33848777
2.6092691,-0.029827405,-0.083090626,-0.33848777
2.618016,-0.0793622,-0.11638014,-0.40293628
2.6265848,-0.1025317,-0.1257012,-0.42743737
2.6291497,-0.15632756,-0.13102753,-0.479369
2.6341496,-0.18429075,-0.13182648,-0.5052017
2.6391497,-0.18429075,-0.13182648,-0.5052017
2.6435535,-0.18429075,-0.13182648,-0.5052017
2.6460981,-0.24367924,-0.13582122,-0.5613944
2.655065,-0.2724414,-0.1371528,-0.588026
2.6576223,-0.29827404,-0.13448964,-0.61199445
2.6626225,-0.34621096,-0.12969595,-0.6593987
2.6700218,-0.34621096,-0.12969595,-0.6593987
2.6749427,-0.39068574,-0.112918034,-0.69748193
2.6796398,-0.39068574,-0.112918034,-0.69748193
2.6883118,-0.4293016,-0.090014845,-0.7275756
2.6933117,-0.45034054,-0.082558,-0.7395598
2.6983795,-0.45034054,-0.082558,-0.7395598
2.707053,-0.49375007,-0.05539375,-0.7621967
2.715639,-0.5075985,-0.050866377,-0.7653925
2.718224,-0.52863747,-0.041279,-0.76752305
2.7232244,-0.536627,-0.040746365,-0.76565886
2.7302485,-0.536627,-0.040746365,-0.76565886
2.7351906,-0.54275227,-0.037284255,-0.7592673
2.7410543,-0.54275227,-0.037284255,-0.7592673
2.7497923,-0.5342301,-0.030626353,-0.7278419
2.7547922,-0.525708,-0.023169503,-0.7105314
2.7598248,-0.525708,-0.023169503,-0.7105314
2.7685816,-0.5022722,0.0015978967,-0.6676545
2.7771688,-0.48655954,0.016245283,-0.6431534
2.7859368,-0.42690474,0.06764429,-0.5550028
2.7945452,-0.4000068,0.08175905,-0.52411014
2.7970505,-0.3717773,0.09321064,-0.48948902
2.8043633,-0.34115094,0.09986854,-0.4564658
2.806942,-0.3110572,0.10519487,-0.42344263
2.811942,-0.23489082,0.11744541,-0.35446674
2.816942,-0.23489082,0.11744541,-0.35446674
2.8199148,-0.23489082,0.11744541,-0.35446674
2.8249452,-0.15073492,0.13369069,-0.28122982
2.8320959,-0.104928546,0.14088123,-0.24261399
2.834558,-0.059921127,0.14807177,-0.20426446
2.8395581,0.033289514,0.165116,-0.11771172
2.84695,0.033289514,0.165116,-0.11771172
2.8522522,0.08069378,0.17763285,-0.07403588
2.857817,0.12863068,0.18935075,-0.033289514
2.8664186,0.21092236,0.21225394,0.043942157
2.8714187,0.24820662,0.22184132,0.07590009
2.8764374,0.24820662,0.22184132,0.07590009
2.8851912,0.3304983,0.24314661,0.16298546
2.8937294,0.35340148,0.25033715,0.18775286
2.8963327,0.37124467,0.25726137,0.20532973
2.9013326,0.37390783,0.26818034,0.21784659
2.9084697,0.37390783,0.26818034,0.21784659
2.913244,0.31691617,0.2793656,0.21012342
2.9192097,0.31691617,0.2793656,0.21012342
2.9278905,0.11771172,0.29188246,0.18136127
2.9328904,0.03222425,0.29561087,0.16564862
2.9379356,0.03222425,0.29561087,0.16564862
2.9467056,-0.16937704,0.30253512,0.116912775
2.9552581,-0.27510455,0.3073288,0.090281166
2.9640052,-0.5792375,0.30120352,-0.0026631611
2.9726775,-0.67670923,0.28895298,-0.033822145
2.9759321,-0.77151775,0.27696875,-0.06471482
2.982634,-0.8652611,0.26205507,-0.09640643
2.9852085,-0.9491506,0.24873926,-0.12676647
2.9902089,-1.0231866,0.23116238,-0.15499598
2.9943182,-1.0231866,0.23116238,-0.15499598
2.9992812,-1.1568772,0.18935075,-0.20985709
3.0038753,-1.2146678,0.16431704,-0.23382555
3.0125396,-1.30415,0.119043306,-0.2692456
3.0210383,-1.30415,0.119043306,-0.2692456
3.02352,-1.3592775,0.08042747,-0.29134983
3.0316055,-1.372327,0.06498113,-0.299073
3.0341942,-1.3736585,0.042876896,-0.30360037
3.0391943,-1.3265206,0.00479369,-0.2974751
3.0465682,-1.3265206,0.00479369,-0.2974751
3.0513728,-1.2245215,-0.042077947,-0.27403927
3.0561051,-1.2245215,-0.042077947,-0.27403927
3.064796,-1.0788466,-0.09667275,-0.24048345
3.0697958,-0.99229383,-0.12197278,-0.22343922
3.0748043,-0.99229383,-0.12197278,-0.22343922
3.0798042,-0.7142598,-0.17630127,-0.15659387
3.0841312,-0.7142598,-0.17630127,-0.15659387
3.0928864,-0.6146576,-0.18216023,-0.13102753
3.1016695,-0.32410672,-0.1784318,-0.057257965
3.1102269,-0.32410672,-0.1784318,-0.057257965
3.1127012,-0.14514229,-0.15925704,-0.012516857
3.1200964,-0.07057377,-0.15020229,0.009321064
3.1226704,-0.0034621095,-0.13981596,0.030626353
3.1276703,0.05486112,-0.12809806,0.050333746
3.131853,0.05486112,-0.12809806,0.050333746
3.134465,0.103064336,-0.11638014,0.06578008
3.1418922,0.14620754,-0.1041296,0.077231675
3.1445463,0.21331921,-0.09081379,0.0958738
3.1533923,0.21331921,-0.09081379,0.0958738
3.1582432,0.26312032,-0.090014845,0.114782244
3.1628575,0.28975195,-0.08575379,0.12330436
3.1715975,0.33129725,-0.07989483,0.13981596
3.180153,0.33129725,-0.07989483,0.13981596
3.18268,0.35659727,-0.07243799,0.15632756
3.190675,0.36005938,-0.06950851,0.1635181
3.193338,0.3587278,-0.06657903,0.17097494
3.198338,0.3470099,-0.06684534,0.17923075
3.2056246,0.3470099,-0.06684534,0.17923075
3.2104466,0.30972564,-0.06231797,0.17923075
3.2162979,0.30972564,-0.06231797,0.17923075
3.2188025,0.25246766,-0.058056913,0.17124127
3.2238023,0.21731395,-0.05752428,0.16777915
3.2288024,0.21731395,-0.05752428,0.16777915
3.234477,0.21731395,-0.05752428,0.16777915
3.2384539,0.1488707,-0.05139901,0.15845808
3.2430644,0.109988555,-0.049801115,0.15606125
3.2518117,0.007989483,-0.050600063,0.15259913
3.256812,-0.04660532,-0.049534798,0.14753912
3.2618258,-0.04660532,-0.049534798,0.14753912
3.2705479,-0.2016013,-0.017310547,0.11132014
3.2777677,-0.2016013,-0.017310547,0.11132014
3.2803364,-0.28895298,0.0063915867,0.0892159
3.2853363,-0.3257046,0.013848438,0.07962852
3.2899313,-0.3257046,0.013848438,0.07962852
3.292534,-0.3571299,0.018375812,0.072171666
3.2993684,-0.38056573,0.018642128,0.0644485
3.30395,-0.40932786,0.01571265,0.049002163
3.3113575,-0.40932786,0.01571265,0.049002163
3.3166952,-0.4167847,-0.002396845,0.03355583
3.321208,-0.41944787,-0.016777916,0.029294772
3.325765,-0.4293016,-0.03195793,0.02956109
3.332705,-0.45566687,-0.041012682,0.032490566
3.3372014,-0.49774483,-0.049002163,0.038615838
3.3416073,-0.5382249,-0.05219796,0.039414786
3.3499236,-0.5725796,-0.04314321,0.022370555
3.3549235,-0.58030283,-0.03355583,0.008255799
3.3595514,-0.58030283,-0.03355583,0.008255799
3.3621047,-0.58935755,-0.025300032,-0.0063915867
3.3671045,-0.6106629,-0.015180019,-0.023702133
3.3733156,-0.6106629,-0.015180019,-0.023702133
3.3779218,-0.6202502,-0.016245283,-0.026365295
3.3842254,-0.6250439,-0.01917476,-0.033289514
3.3924963,-0.6428871,-0.025300032,-0.058056913
3.4006288,-0.65726817,-0.029028457,-0.07536746
3.4039767,-0.68842715,-0.0396811,-0.10918961
3.4111304,-0.68842715,-0.0396811,-0.10918961
3.415757,-0.721184,-0.05352954,-0.13475595
3.420221,-0.7352988,-0.06338324,-0.1504686
3.428542,-0.74648404,-0.077231675,-0.18216023
3.4367096,-0.74648404,-0.077231675,-0.18216023
3.4390848,-0.71133035,-0.094009586,-0.20426446
3.4465942,-0.6711166,-0.10466223,-0.20852552
3.4490538,-0.619185,-0.11531488,-0.20746025
3.4571202,-0.55313855,-0.119043306,-0.20266657
3.4596057,-0.48469532,-0.12010857,-0.19600865
3.4672036,-0.4114584,-0.1206412,-0.18535602
3.469687,-0.330232,-0.123836994,-0.17204021
3.4775023,-0.23888555,-0.12676647,-0.1504686
3.4799924,-0.14274544,-0.12996227,-0.12650016
3.4875176,-0.047137953,-0.13289174,-0.10146644
3.490008,0.040213734,-0.13741912,-0.08016115
3.4981377,0.118776985,-0.14061491,-0.063116916
3.5023818,0.24554345,-0.12436963,-0.048469532
3.5074327,0.24554345,-0.12436963,-0.048469532
3.5123854,0.32996565,-0.09720538,-0.0314253
3.519534,0.32996565,-0.09720538,-0.0314253
3.524212,0.37364152,-0.06711166,-0.011451593
3.5297687,0.3864247,-0.053263225,-0.007190535
3.5344384,0.39468047,-0.044208474,-0.0010652645
3.5410597,0.39707732,-0.03542004,0.002130529
3.5457873,0.40213734,-0.025566347,0.008255799
3.5513334,0.40293628,-0.023435818,0.013315806
3.556015,0.39601207,-0.023169503,0.01917476
3.562916,0.39068574,-0.02396845,0.022903185
3.5655496,0.38589206,-0.023169503,0.025033714
3.5705497,0.36458677,-0.025566347,0.0314253
3.5758703,0.36458677,-0.025566347,0.0314253
3.5784483,0.35233623,-0.03169162,0.03169162
3.5834484,0.34088463,-0.032756884,0.030626353
3.5874724,0.34088463,-0.032756884,0.030626353
3.592413,0.31025827,-0.036485307,0.02743056
3.5969918,0.31025827,-0.036485307,0.02743056
3.6016533,0.2759035,-0.041545313,0.02743056
3.6092818,0.2759035,-0.041545313,0.02743056
3.6139524,0.23728766,-0.0396811,0.02743056
3.6185348,0.21731395,-0.041279,0.025832662
3.6232343,0.20186761,-0.04474111,0.022104237
3.6306348,0.18429075,-0.050866377,0.018109497
3.6353822,0.1667139,-0.054328486,0.012250541
3.6406612,0.14674018,-0.05672533,0.008788432
3.643967,0.1272991,-0.06178534,7.9894834E-4
3.6510787,0.105993815,-0.06711166,-0.007190535
3.6557913,0.066312715,-0.07403588,-0.026631612
3.661055,0.066312715,-0.07403588,-0.026631612
3.6643958,0.0479369,-0.07563378,-0.034621093
3.6715271,0.028495824,-0.07829694,-0.04234426
3.674007,0.011717909,-0.077231675,-0.049801115
3.679007,-0.029028457,-0.07962852,-0.05885586
3.6846561,-0.029028457,-0.07962852,-0.05885586
3.6872358,-0.04660532,-0.076965354,-0.06178534
3.6961868,-0.060453758,-0.0727043,-0.06338324
3.7010286,-0.08575379,-0.061252706,-0.06657903
3.7057557,-0.08575379,-0.061252706,-0.06657903
3.7104073,-0.098004326,-0.052996907,-0.06471482
3.717388,-0.10918961,-0.050333746,-0.06471482
3.7220488,-0.12969595,-0.03888215,-0.06764429
3.7275867,-0.14274544,-0.033289514,-0.06764429
3.7322562,-0.15499598,-0.027164243,-0.066046394
3.739166,-0.16911073,-0.024501082,-0.06498113
3.7438335,-0.1818939,-0.018109497,-0.06711166
3.7496548,-0.19467708,-0.0127831735,-0.06977482
3.754323,-0.20719394,-0.010120012,-0.07456851
3.760942,-0.21837921,-0.009321064,-0.07856325
3.7634127,-0.23355924,-0.012250541,-0.08042747
3.7684126,-0.25033715,-0.013315806,-0.08735169
3.7736423,-0.25033715,-0.013315806,-0.08735169
3.7762454,-0.25859293,-0.016245283,-0.09187906
3.7812452,-0.26498455,-0.016777916,-0.094009586
3.7854805,-0.26498455,-0.016777916,-0.094009586
3.79042,-0.2806972,-0.022104237,-0.08894958
3.7950866,-0.2806972,-0.022104237,-0.08894958
3.799754,-0.2892193,-0.026897928,-0.087085366
3.8070061,-0.2942793,-0.03435478,-0.08468852
3.8116574,-0.29614353,-0.043675844,-0.087085366
3.8162365,-0.2977414,-0.047137953,-0.08735169
3.8209326,-0.29640985,-0.05139901,-0.08681905
3.8281913,-0.29534456,-0.05539375,-0.08149273
3.8328462,-0.29348037,-0.05486112,-0.07669904
3.8381505,-0.28815404,-0.056459017,-0.07163903
3.8428168,-0.27856666,-0.057257965,-0.06764429
3.8501182,-0.27084348,-0.058056913,-0.0644485
3.8525965,-0.26365295,-0.05912218,-0.062051654
3.8575964,-0.25885928,-0.06231797,-0.056991648
3.862637,-0.25885928,-0.06231797,-0.056991648
3.865236,-0.2298308,-0.06791061,-0.0479369
3.8736763,-0.21491711,-0.072171666,-0.045540057
3.8763504,-0.19893813,-0.0743022,-0.043409526
3.884239,-0.18455707,-0.07882957,-0.04261058
3.8890727,-0.16884442,-0.08175905,-0.036751624
3.895718,-0.14940333,-0.08548747,-0.03089267
3.900375,-0.10173275,-0.07989483,-0.02263687
3.905098,-0.080960095,-0.07536746,-0.018908445
3.909762,-0.056459017,-0.070307456,-0.014913702
3.916653,-0.056459017,-0.070307456,-0.014913702
3.9213154,-0.006657903,-0.060453758,-0.0055926386
3.9269469,0.016777916,-0.05539375,-0.0013315806
3.9316645,0.037550572,-0.050866377,0.004527374
3.9382792,0.057790596,-0.0479369,0.009321064
3.9407582,0.07749799,-0.041545313,0.012516857
3.945758,0.09267801,-0.03888215,0.01784318
3.9503205,0.09267801,-0.03888215,0.01784318
3.9528918,0.11797804,-0.028229509,0.025300032
3.9578922,0.12436963,-0.025300032,0.028229509
3.963348,0.12436963,-0.025300032,0.028229509
3.9683058,0.13289174,-0.025300032,0.034621093
3.9728985,0.13289174,-0.025300032,0.034621093
3.9776256,0.1355549,-0.022104237,0.035952676
3.9849236,0.133957,-0.01784318,0.036751624
3.9890428,0.12942964,-0.017576864,0.040746365
3.9940429,0.12330436,-0.012516857,0.048203215
3.9990427,0.12330436,-0.012516857,0.048203215
4.0040426,0.12330436,-0.012516857,0.048203215
4.0090427,0.12330436,-0.012516857,0.048203215
4.011914,0.12330436,-0.012516857,0.048203215
4.0145216,0.11451593,-0.013582122,0.0479369
4.0195217,0.109988555,-0.015446335,0.046871636
4.02422,0.109988555,-0.015446335,0.046871636
4.0278296,0.10466223,-0.020772656,0.043942157
4.0318713,0.10466223,-0.020772656,0.043942157
4.037417,0.098004326,-0.02743056,0.040213734
4.044683,0.0958738,-0.030626353,0.038083203
4.0493503,0.08442221,-0.035153728,0.03568636
4.053951,0.08149273,-0.033289514,0.03195793
4.0586123,0.07882957,-0.031158986,0.033289514
4.0658717,0.07882957,-0.031158986,0.033289514
4.070539,0.07057377,-0.025566347,0.03435478
4.075787,0.06737798,-0.022104237,0.03222425
4.0804567,0.06391586,-0.018375812,0.032490566
4.0877175,0.060453758,-0.018642128,0.033822145
4.090213,0.058589544,-0.013848438,0.033822145
4.0975423,0.055127434,-0.007190535,0.034621093
4.100114,0.051931642,-0.004527374,0.035153728
4.105114,0.048469532,-0.004261058,0.036485307
4.1112447,0.048469532,-0.004261058,0.036485307
4.114721,0.041012682,-0.002396845,0.03834952
4.121934,0.036218993,-0.004261058,0.036218993
4.126909,0.02876214,-0.004261058,0.02876214
4.133552,0.02876214,-0.004261058,0.02876214
4.138228,0.024501082,-0.016777916,0.02396845
4.1437917,0.023435818,-0.018642128,0.022370555
4.148467,0.021038974,-0.019441076,0.018642128
4.1551576,0.023169503,-0.015978966,0.018908445
4.15983,0.022104237,-0.01438107,0.015978966
4.1647906,0.025566347,-0.013315806,0.016245283
4.169459,0.027963191,-0.011984225,0.01571265
4.176105,0.030626353,-0.009321064,0.014913702
4.178604,0.033023197,-0.01304949,0.017576864
4.1871166,0.03834952,-0.010386328,0.018375812
4.1896863,0.04234426,-0.009853696,0.020240024
4.1946864,0.04580637,-0.0077231675,0.023702133
4.2007494,0.04580637,-0.0077231675,0.023702133
4.2041984,0.05352954,0.0010652645,0.025566347
4.210163,0.055926383,0.0034621095,0.025832662
4.2149186,0.056459017,0.0063915867,0.03009372
4.222228,0.06018744,0.015446335,0.032490566
4.226908,0.06578008,0.033023197,0.033023197
4.2314863,0.06578008,0.033023197,0.033023197
4.236162,0.07643273,0.047670584,0.03914847
4.2445855,0.07643273,0.047670584,0.03914847
4.2471137,0.082025364,0.048203215,0.04261058
4.252952,0.08362326,0.048469532,0.040480047
4.2577367,0.084155895,0.041012682,0.039947417
4.2636995,0.083889574,0.033023197,0.03914847
4.2682514,0.081226416,0.020506341,0.03435478
4.2730103,0.07456851,0.011984225,0.02876214
4.2777843,0.06737798,0.0039947415,0.02396845
4.2850733,0.058056913,-2.663161E-4,0.018642128
4.2875514,0.043409526,-0.002130529,0.014114754
4.29588,0.03089267,-0.002396845,0.009853696
4.298432,0.019441076,-0.002396845,0.008788432
4.303432,0.012516857,-0.0018642128,0.007190535
4.308629,0.012516857,-0.0018642128,0.007190535
4.3112497,-0.002396845,0.005060006,0.00479369
4.3192854,-0.007989483,0.012250541,0.0053263223
4.324124,-0.011984225,0.025033714,0.006657903
4.3307495,-0.018375812,0.040213734,0.009853696
4.335553,-0.02263687,0.066046394,0.010386328
4.3410974,-0.02263687,0.066046394,0.010386328
4.34584,-0.009054748,0.08735169,0.010652645
4.3527303,-0.009054748,0.08735169,0.010652645
4.357459,0.019973708,0.11664646,0.013848438
4.3633213,0.045007423,0.13182648,0.018109497
4.365847,0.07163903,0.13635385,0.02263687
4.370847,0.100933805,0.14008227,0.026631612
4.375876,0.100933805,0.14008227,0.026631612
4.3784513,0.15073492,0.12436963,0.036751624
4.3834515,0.17443706,0.10679276,0.030626353
4.3880186,0.17443706,0.10679276,0.030626353
4.391495,0.19094865,0.08841695,0.014114754
4.4002976,0.20719394,0.0727043,-0.0127831735
4.4051104,0.23169503,0.08655274,-0.07137272
4.409693,0.23169503,0.08655274,-0.07137272
4.414361,0.2479403,0.1371528,-0.082025364
4.4216332,0.2580603,0.23515713,-0.072970614
4.426353,0.22343922,0.5792375,-0.010918961
4.4316483,0.15925704,0.7981494,0.01438107
4.4363203,0.063116916,1.0231866,0.02130529
4.4435654,-0.06791061,1.2298478,0.007190535
4.446046,-0.216515,1.4000238,-0.027696876
4.4541645,-0.36911413,1.5086808,-0.084155895
4.456711,-0.4908206,1.5478293,-0.15393071
4.4617105,-0.5475459,1.5249261,-0.23222765
4.465812,-0.5475459,1.5249261,-0.23222765
4.468409,-0.3158509,1.3283848,-0.39734364
4.473409,0.0039947415,1.1675298,-0.49721217
4.477803,0.0039947415,1.1675298,-0.49721217
4.4812493,0.41039312,0.9816412,-0.6109292
4.488692,0.84874946,0.7890946,-0.7214503
4.4933653,1.7022926,0.44101948,-0.83889574
4.4989104,1.7022926,0.44101948,-0.83889574
4.5036073,2.1510353,0.3190467,-0.83037364
4.510513,2.5752769,0.24501082,-0.81918836
4.515251,3.28714,0.21997711,-0.8335694
4.5211473,3.5651739,0.22450449,-0.8876316
4.524451,3.8035266,0.20799288,-0.99735385
4.530976,3.8035266,0.20799288,-0.99735385
4.5357623,4.1798315,0.04314321,-1.3385048
4.541681,4.3534694,-0.124902256,-1.5116103
4.544156,4.526575,-0.34115094,-1.6698021
4.549156,4.6996803,-0.5717807,-1.8202707
4.5539007,4.6996803,-0.5717807,-1.8202707
4.5564404,4.908472,-0.7667241,-1.9624834
4.561441,5.13058,-0.89136004,-2.08419
4.5665445,5.13058,-0.89136004,-2.08419
4.570009,5.651228,-0.96326536,-2.2660837
4.5783334,5.9399147,-0.91133374,-2.3214777
4.5829988,6.5087657,-0.721184,-2.3712788
4.587729,6.5087657,-0.721184,-2.3712788
4.5923977,6.7665596,-0.62078285,-2.3904533
4.599766,7.002516,-0.53289855,-2.4141555
4.6044307,7.4251595,-0.45673212,-2.4679515
4.6096845,7.6331525,-0.48629323,-2.5001757
4.614389,7.843276,-0.54648066,-2.5446506
4.6220245,8.059791,-0.61865234,-2.6085663
4.6245766,8.306932,-0.70467246,-2.6738138
4.632122,8.586298,-0.7917578,-2.7238812
4.6348143,8.72638,-0.8737832,-2.7758129
4.639815,8.72638,-0.9217201,-2.840794
4.6442475,8.72638,-0.9217201,-2.840794
4.6470037,8.72638,-0.8878979,-3.020291
4.652004,8.72638,-0.8157263,-3.1081753
4.656416,8.72638,-0.8157263,-3.1081753
4.6613407,8.72638,-0.72491246,-3.1917987
4.668283,8.72638,-0.6543387,-3.294064
4.672936,8.72638,-0.63250077,-3.5984633
4.678972,8.72638,-0.63250077,-3.5984633
4.6836486,8.72638,-0.73769563,-3.973969
4.6905646,8.72638,-0.8338358,-4.1742387
4.693208,8.72638,-0.9683254,-4.3795686
4.702105,8.72638,-1.1361046,-4.5833
4.7048492,8.72638,-1.325189,-4.769988
4.70985,8.530106,-1.5081482,-4.9255166
4.7151856,8.530106,-1.5081482,-4.9255166
4.7201667,8.104532,-1.8290591,-5.1047473
4.7248945,7.995609,-1.9768645,-5.1548147
4.729579,7.9205074,-2.08419,-5.2043495
4.7368946,7.8443413,-2.133192,-5.2576127
4.741579,7.77936,-2.13479,-5.3478937
4.746174,7.77936,-2.13479,-5.3478937
4.750838,7.808655,-2.1680794,-5.37852
4.7581367,7.817177,-2.2341259,-5.4067497
4.762855,7.6035914,-2.4469125,-5.5068846
4.7682376,7.3838806,-2.5827336,-5.6003613
4.776979,6.885337,-2.9044435,-5.8589544
4.781979,6.577209,-3.0655649,-6.004363
4.7870674,6.577209,-3.0655649,-6.004363
4.795848,5.7335196,-3.281547,-6.3071647
4.804468,4.9004827,-3.3129725,-6.618488
4.81322,4.5404234,-3.2370725,-6.8184915
4.822071,4.41126,-3.163303,-6.8280787
4.8246665,4.153466,-2.9260151,-6.769756
4.829666,4.121242,-2.7867317,-6.752445
4.8346667,4.121242,-2.7867317,-6.752445
4.8373084,4.121242,-2.7867317,-6.752445
4.842248,4.204865,-2.525742,-6.685866
4.8489056,4.214186,-2.4234767,-6.6246133
4.8513846,4.156928,-2.3339944,-6.575345
4.856385,3.944408,-2.2772691,-6.60677
4.861385,3.944408,-2.2772691,-6.60677
4.8647437,3.944408,-2.2772691,-6.60677
4.8701477,3.7113814,-2.2772691,-6.680007
4.8775644,3.4091127,-2.25623,-6.7772126
4.8800592,2.8485172,-2.0769994,-6.945258
4.885059,2.461826,-1.7821875,-6.890663
4.8900595,2.461826,-1.7821875,-6.890663
4.8943653,2.461826,-1.7821875,-6.890663
4.8995075,2.3611586,-1.6128104,-6.775348
4.9064083,2.337989,-1.4301175,-6.6211514
4.915122,2.6399915,-0.98803276,-6.0288644
4.9237432,2.8138962,-0.8993495,-5.871205
4.9324923,3.1116376,-0.8085357,-5.6988983
4.9374924,3.1883366,-0.8293084,-5.6626797
4.942919,3.1883366,-0.8293084,-5.6626797
4.9517946,3.0325415,-1.1408982,-5.4858456
4.9591856,2.9345372,-1.2988237,-5.350024
4.961756,2.8759477,-1.4703313,-5.158277
4.9667563,2.8682246,-1.845837,-4.6498795
4.971756,2.8682246,-1.845837,-4.6498795
4.9757524,2.8682246,-1.845837,-4.6498795
4.980666,2.967028,-2.2027006,-4.111388
4.985936,3.020291,-2.3363912,-3.875432
4.994663,3.0692933,-2.4458473,-3.4818168
4.999663,3.0700922,-2.4208136,-3.3164346
5.0047355,3.0700922,-2.4208136,-3.3164346
5.0135193,3.026949,-2.2770028,-3.069027
5.0208664,2.9752836,-2.2066953,-2.9963226
5.029728,2.5076325,-2.0714068,-2.9920616
5.0383,2.5076325,-2.0714068,-2.9920616
5.040781,2.0184097,-2.0708742,-3.1220238
5.0481215,1.7488979,-2.0967069,-3.169428
5.0506763,1.4626081,-2.1268005,-3.1840754
5.055676,0.850081,-2.1899173,-3.0799458
5.060676,0.850081,-2.1899173,-3.0799458
5.0634494,0.850081,-2.1899173,-3.0799458
5.068536,0.3089267,-2.274606,-2.8397288
5.0741057,0.3089267,-2.274606,-2.8397288
5.0813107,-0.1025317,-2.2913837,-2.5859294
5.0894494,-0.28043085,-2.2245386,-2.4881914
5.0920396,-0.48016796,-1.9534287,-2.3443809
5.0970397,-0.5123922,-1.7741979,-2.2319953
5.103493,-0.5123922,-1.7741979,-2.2319953
5.108293,-0.7299725,-1.2748553,-1.9449066
5.1156287,-0.7299725,-1.2748553,-1.9449066
5.1181054,-1.0207896,-0.6668556,-1.716141
5.123106,-1.102815,-0.4247742,-1.6362462
5.12848,-1.102815,-0.4247742,-1.6362462
5.1310477,-1.1835088,-0.23622239,-1.5813851
5.136048,-1.3078785,-0.08735169,-1.5448998
5.142155,-1.3078785,-0.08735169,-1.5448998
5.1494083,-1.8865833,0.2282329,-1.4604776
5.153925,-2.1140172,0.32357407,-1.4223944
5.15861,-2.3489082,0.44368264,-1.3544837
5.1652765,-2.3489082,0.44368264,-1.3544837
5.1677732,-2.774215,0.75127774,-1.1158645
5.1727734,-2.9648974,0.9235843,-0.9555422
5.1785536,-2.9648974,0.9235843,-0.9555422
5.181178,-3.1779501,1.0982877,-0.8064052
5.186178,-3.8165762,1.4405038,-0.5763081
5.1923947,-3.8165762,1.4405038,-0.5763081
5.198434,-4.7188554,1.7419738,-0.34115094
5.203901,-5.207812,1.881257,-0.20985709
5.2064,-5.72047,2.026133,-0.06657903
5.2114,-6.2025023,2.16515,0.084155895
5.217572,-6.2025023,2.16515,0.084155895
5.220178,-6.57428,2.282329,0.21944448
5.2251782,-6.8861356,2.4144218,0.32410672
5.23163,-6.8861356,2.4144218,0.32410672
5.236409,-6.910637,2.406166,0.23728766
5.2431784,-6.90824,2.3425164,0.05566007
5.2505198,-6.8848042,2.086054,-0.4822985
5.257878,-6.835802,1.907356,-0.76938725
5.2604785,-6.7846694,1.6913736,-1.0354371
5.265478,-6.7316723,1.1494204,-1.4559501
5.2704782,-6.7316723,1.1494204,-1.4559501
5.27302,-6.7316723,1.1494204,-1.4559501
5.275641,-6.4555025,0.45353633,-1.6556873
5.284166,-6.1417823,0.165116,-1.6413062
5.2874,-5.76095,0.002130529,-1.5353124
5.2923994,-5.350024,-0.0127831735,-1.3422332
5.2996683,-5.350024,-0.0127831735,-1.3422332
5.3046,-4.486361,0.3616573,-0.81039995
5.3100166,-4.011786,0.655404,-0.50653327
5.31687,-2.8935246,1.0761834,0.050600063
5.3231287,-2.8935246,1.0761834,0.050600063
5.325573,-1.6724652,0.95927066,0.19547603
5.330573,-1.1635351,0.73130405,0.06098639
5.3346395,-1.1635351,0.73130405,0.06098639
5.337095,-0.72917354,0.48948902,-0.15526229
5.342095,-0.3390204,0.2908172,-0.350472
5.3470945,-0.3390204,0.2908172,-0.350472
5.3497148,-0.3390204,0.2908172,-0.350472
5.354577,0.45540056,0.045007423,-0.3669836
5.35899,0.8338358,-0.007456851,-0.21491711
5.365829,1.4146712,0.07563378,0.092145376
5.3730116,1.4146712,0.07563378,0.092145376
5.3755317,1.7140105,0.39494678,0.31451932
5.383401,1.7526263,0.57550913,0.3997405
5.385857,1.72706,0.71505874,0.45992792
5.390857,1.650361,0.7795073,0.48842376
5.3971863,1.650361,0.7795073,0.48842376
5.4019504,1.4141386,0.66206187,0.48149952
5.4087343,1.3014868,0.5190501,0.4607269
5.4155817,1.124653,0.19867182,0.40053943
5.4218373,1.124653,0.19867182,0.40053943
5.42422,0.96113485,-0.053795855,0.31372038
5.42922,0.87538105,-0.14008227,0.26738137
5.4334927,0.87538105,-0.14008227,0.26738137
5.435949,0.7928231,-0.18668759,0.22583607
5.4409494,0.7190535,-0.18695392,0.2146508
5.4483733,0.7190535,-0.18695392,0.2146508
5.453123,0.6247776,-0.16751283,0.31292143
5.4576674,0.61172813,-0.16271915,0.3651194
5.464588,0.59894496,-0.1419465,0.37417415
5.47148,0.54621434,-0.11717909,0.33475935
5.473863,0.32357407,-0.1304949,0.20559604
5.4819474,0.20852552,-0.16165388,0.17576863
5.4844275,0.12676647,-0.19707392,0.18535602
5.4894276,0.09534117,-0.23542345,0.21331921
5.496353,0.09534117,-0.23542345,0.21331921
5.5014005,0.12463594,-0.26205507,0.2759035
5.5086503,0.18402444,-0.24767399,0.32144356
5.5166297,0.32863408,-0.180296,0.44368264
5.524702,0.39068574,-0.13129385,0.50147325
5.5273333,0.43809,-0.08069378,0.52650696
5.532333,0.49508166,0.021038974,0.49321744
5.537333,0.49508166,0.021038974,0.49321744
5.5400004,0.49508166,0.021038974,0.49321744
5.5425296,0.500408,0.052996907,0.4841627
5.5506773,0.51505536,0.055127434,0.48655954
5.553159,0.5566007,-0.026897928,0.45673212
5.56165,0.5267733,-0.09321064,0.40373522
5.5641994,0.48043427,-0.17044231,0.33635727
5.569199,0.43356264,-0.25166872,0.2625877
5.574199,0.43356264,-0.25166872,0.2625877
5.5785594,0.43356264,-0.25166872,0.2625877
5.5835314,0.24980451,-0.3225088,0.11052119
5.589433,0.12916331,-0.29001826,0.05486112
5.598175,-0.047137953,-0.16298546,0.03195793
5.6031756,-0.11451593,-0.10279802,0.0561927
5.6080065,-0.11451593,-0.10279802,0.0561927
5.6167336,-0.25406557,-0.072171666,0.13262543
5.623438,-0.25406557,-0.12197278,0.14567491
5.626059,-0.21731395,-0.19307919,0.1454086
5.631059,-0.101200126,-0.3139867,0.11824436
5.6360593,-0.101200126,-0.3139867,0.11824436
5.640633,-0.101200126,-0.3139867,0.11824436
5.643135,0.028229509,-0.32144356,0.07749799
5.651414,0.08628642,-0.27830034,0.041545313
5.653987,0.123038046,-0.21385184,5.326322E-4
5.6589866,0.11158645,-0.021038974,-0.060453758
5.6639867,0.11158645,-0.021038974,-0.060453758
5.668217,0.11158645,-0.021038974,-0.060453758
5.6731186,-0.008255799,0.16138756,-0.063116916
5.6784687,-0.008255799,0.16138756,-0.063116916
5.6809626,-0.05486112,0.21491711,-0.036751624
5.688735,-0.076166406,0.24208134,0.0055926386
5.691206,-0.094009586,0.2548645,0.03834952
5.699527,-0.25406557,0.2905509,-0.005060006
5.702074,-0.36938044,0.3057309,-0.07243799
5.7070737,-0.44235107,0.27084348,-0.11105382
5.712077,-0.44235107,0.27084348,-0.11105382
5.71468,-0.40879524,0.17097494,-0.04660532
5.71968,0.011984225,-0.16165388,0.39707732
5.7246804,0.011984225,-0.16165388,0.39707732
5.7273717,0.011984225,-0.16165388,0.39707732
5.7322845,0.48948902,-0.30200246,0.33475935
5.738898,0.48948902,-0.30200246,0.33475935
5.7413974,0.551807,-0.072171666,0.0077231675
5.746397,0.48016796,0.014913702,-0.0037284256
5.753552,0.48016796,0.014913702,-0.0037284256
5.758898,0.3075951,-0.017576864,0.12144015
5.7673626,0.24900557,-0.0793622,0.16085494
5.7761455,0.29880667,-0.15126756,0.15978967
5.782756,0.40080574,-0.16458336,0.11984225
5.7915926,0.5952165,-0.14567491,0.04181163
5.8000994,0.624245,-0.122771725,0.023169503
5.8025756,0.40559945,-0.042876896,0.07483483
5.810607,0.27457193,-0.03435478,0.16298546
5.8131824,0.20053603,-0.05219796,0.2394182
5.818182,-0.002396845,-0.077231675,0.22530343
5.823182,-0.002396845,-0.077231675,0.22530343
5.8277354,-0.002396845,-0.077231675,0.22530343
5.8302336,-0.12250541,-0.07590009,0.1667139
5.8385596,-0.2559298,-0.105727494,0.05912218
5.8411403,-0.26045716,-0.1520665,0.009853696
5.84614,-0.24367924,-0.22210763,-0.04181163
5.85114,-0.24367924,-0.22210763,-0.04181163
5.855292,-0.24367924,-0.22210763,-0.04181163
5.860171,-0.17230652,-0.37923414,-0.14727281
5.8660502,-0.12942964,-0.43409526,-0.18801917
5.874789,-0.054062173,-0.46472162,-0.25379926
5.879789,-0.02396845,-0.4348942,-0.27803403
5.8846984,-0.02396845,-0.4348942,-0.27803403
5.893481,0.04447479,-0.22743396,-0.16431704
5.9002023,0.09161274,-0.14088123,-0.08016115
5.902788,0.14354439,-0.061519023,-5.326322E-4
5.907788,0.18162759,0.073236935,0.12996227
5.912788,0.18162759,0.073236935,0.12996227
5.9168615,0.18162759,0.073236935,0.12996227
5.919341,0.16005598,0.12969595,0.17656758
5.9281654,0.05885586,0.21225394,0.2016013
5.9307256,-0.01438107,0.23276028,0.1784318
5.935725,-0.10146644,0.23622239,0.14966966
5.9407253,-0.10146644,0.23622239,0.14966966
5.944894,-0.10146644,0.23622239,0.14966966
5.9498,-0.24021713,0.21624869,0.09960223
5.9550986,-0.26738137,0.19281286,0.072171666
5.9638495,-0.2181129,0.1536644,0.007456851
5.96885,-0.15659387,0.13928333,-0.01784318
5.9740276,-0.15659387,0.13928333,-0.01784318
5.98289,0.049534798,0.08575379,-0.13954964
5.99033,0.07989483,0.06498113,-0.18295917
5.99378,0.08468852,0.03542004,-0.21092236
5.99878,0.07403588,-0.014114754,-0.21837921
6.0034328,0.07403588,-0.014114754,-0.21837921
6.008227,0.033023197,-0.1454086,-0.09986854
6.0135384,0.023435818,-0.18242654,0.011717909
6.018199,0.032490566,-0.16298546,0.11105382
6.025403,0.040213734,-0.095074855,0.15899073
6.027871,0.029028457,7.9894834E-4,0.14061491
6.0362935,-0.0013315806,0.09773801,0.07643273
6.038836,-0.084155895,0.21837921,0.010652645
6.043836,-0.084155895,0.21837921,0.010652645
6.0478616,-0.084155895,0.21837921,0.010652645
6.0504575,-0.17443706,0.21012342,0.072970614
6.0579805,-0.21331921,0.18295917,0.090014845
6.060558,-0.2463424,0.15339808,0.08442221
6.0693235,-0.25566345,0.1323591,0.05752428
6.0741677,-0.20453078,0.09534117,-0.032490566
6.078751,-0.20453078,0.09534117,-0.032490566
6.0834274,-0.17470337,0.072171666,-0.079095885
6.091184,-0.17257284,0.04527374,-0.12170646
6.0959845,-0.24847293,-0.033289514,-0.1635181
6.1031456,-0.2910835,-0.09187906,-0.16591494
6.107878,-0.3603257,-0.13981596,-0.16085494
6.114492,-0.43809,-0.16245283,-0.14833808
6.116967,-0.49454904,-0.16005598,-0.12942964
6.125905,-0.5001417,-0.1387507,-0.108124346
6.12844,-0.37364152,-0.08841695,-0.094009586
6.13344,-0.2625877,-0.0793622,-0.10226539
6.13844,-0.2625877,-0.0793622,-0.10226539
6.142745,-0.2625877,-0.0793622,-0.10226539
6.1478252,-0.04234426,-0.09773801,-0.072171666
6.1531177,0.0479369,-0.12463594,-0.0396811
6.1556973,0.13182648,-0.15073492,-0.03355583
6.1606975,0.21411815,-0.19813919,-0.08974853
6.165697,0.21411815,-0.19813919,-0.08974853
6.170135,0.21411815,-0.19813919,-0.08974853
6.174165,0.21225394,-0.20746025,-0.133957
6.178742,0.21225394,-0.20746025,-0.133957
6.187457,0.18881813,-0.21065605,-0.14913702
6.195784,0.18775286,-0.20453078,-0.15952335
6.198318,0.14940333,-0.17816548,-0.15792546
6.2061887,0.1272991,-0.15339808,-0.13928333
6.2087812,0.08495484,-0.119043306,-0.101999074
6.2137814,0.036485307,-0.0743022,-0.061252706
6.218781,0.036485307,-0.0743022,-0.061252706
6.222966,0.036485307,-0.0743022,-0.061252706
6.225498,-0.03089267,0.035952676,-0.023169503
6.234211,-0.051132694,0.08229168,-0.029827405
6.2369423,-0.10519487,0.13102753,-0.072970614
6.2419424,-0.12942964,0.12330436,-0.087618
6.2469425,-0.12942964,0.12330436,-0.087618
6.251187,-0.12942964,0.12330436,-0.087618
6.2562613,-0.12330436,0.058589544,-0.08282431
6.262083,-0.100933805,0.022903185,-0.07057377
6.265441,-0.07376956,-0.011451593,-0.05965481
6.274207,-0.042876896,-0.02876214,-0.060453758
6.276761,-0.009853696,-0.02743056,-0.09081379
6.2851467,-0.010652645,-0.015180019,-0.09986854
6.2877445,-0.024501082,-0.0053263223,-0.098004326
6.295966,-0.04527374,0.002130529,-0.08548747
6.2985926,-0.0644485,0.0063915867,-0.07057377
6.3064966,-0.07803062,0.007190535,-0.068176925
6.311323,-0.073236935,0.004261058,-0.070307456
6.3179984,-0.05273059,7.9894834E-4,-0.07376956
6.322741,0.025033714,-0.002130529,-0.082558
6.3284197,0.025033714,-0.002130529,-0.082558
6.3330965,0.090014845,-0.015978966,-0.094808534
6.3416805,0.090014845,-0.015978966,-0.094808534
6.3441567,0.09667275,-0.046339005,-0.06524745
6.352718,0.095074855,-0.06551377,-0.017044231
6.355353,0.101200126,-0.07989483,0.040480047
6.3642817,0.11132014,-0.08175905,0.087085366
6.366871,0.11424961,-0.041545313,0.107858025
6.3742414,0.10519487,-0.009853696,0.08149273
6.376807,0.08735169,0.011451593,0.040480047
6.385619,0.058056913,0.01917476,0.0010652645
6.3905015,0.018642128,0.0026631611,-0.025300032
6.395229,-0.024501082,-0.03435478,-0.039414786
6.3999085,-0.06950851,-0.07803062,-0.0396811
6.407681,-0.10759171,-0.12144015,-0.033289514
6.4123645,-0.1222391,-0.17230652,-0.02396845
6.417016,-0.1222391,-0.17230652,-0.02396845
6.421669,-0.032756884,-0.1488707,-0.050333746
6.43016,-0.032756884,-0.1488707,-0.050333746
6.432642,0.0,-0.07350325,-0.06364955
6.437642,-0.013848438,-0.042876896,-0.053263225
6.4423404,-0.013848438,-0.042876896,-0.053263225
6.444893,-0.036485307,-0.032756884,-0.0396811
6.453392,-0.06524745,-0.036751624,-0.026631612
6.4559712,-0.13928333,-0.040480047,-0.009853696
6.4640613,-0.1571265,-0.02130529,0.005060006
6.466688,-0.14487597,-0.0039947415,0.024234766
6.474879,-0.08282431,0.006924219,0.03435478
6.4797125,0.0018642128,0.002130529,0.03089267
6.4852824,0.083889574,-0.020240024,0.018109497
6.48994,0.15499598,-0.045007423,0.014114754
6.496842,0.21784659,-0.063116916,0.028229509
6.5014925,0.30493194,-0.09241169,0.07590009
6.5071073,0.30493194,-0.09241169,0.07590009
6.5117645,0.30812773,-0.10066749,0.07376956
6.5202627,0.30812773,-0.10066749,0.07376956
6.522742,0.21864553,-0.07590009,0.025832662
6.5307274,0.14434333,-0.056991648,0.0013315806
6.5333333,0.052464273,-0.040746365,-0.011717909
6.5423083,-0.05539375,-0.026897928,-0.01571265
6.5449076,-0.27164245,-0.0031957934,-0.0127831735
6.5522575,-0.3472762,0.007989483,-0.010918961
6.5548596,-0.39361522,0.016511599,-0.005060006
6.563653,-0.39361522,0.016511599,-0.005060006
6.5684934,-0.43516052,0.0314253,0.014647386
6.573083,-0.4282363,0.03222425,0.025033714
6.578083,-0.35952675,0.01784318,0.041545313
6.5822053,-0.35952675,0.01784318,0.041545313
6.5911517,-0.30945933,0.007456851,0.043409526
6.593692,-0.19467708,-0.007456851,0.04926848
6.601958,-0.19467708,-0.007456851,0.04926848
6.60454,-0.05912218,-0.009054748,0.06524745
6.60954,0.016777916,-0.017310547,0.068176925
6.61454,0.016777916,-0.017310547,0.068176925
6.618628,0.016777916,-0.017310547,0.068176925
6.6211247,0.14301175,-0.050600063,0.07536746
6.629673,0.16564862,-0.06578008,0.084155895
6.632223,0.16724652,-0.07403588,0.101200126
6.637223,0.13981596,-0.070307456,0.15313177
6.642223,0.13981596,-0.070307456,0.15313177
6.645359,0.13981596,-0.070307456,0.15313177
6.6502557,0.08229168,-0.038615838,0.20186761
6.6550856,0.08229168,-0.038615838,0.20186761
6.663801,0.0063915867,0.015446335,0.22956449
6.6688013,-0.02956109,0.0479369,0.24847293
6.6737785,-0.02956109,0.0479369,0.24847293
6.682521,-0.08149273,0.104928546,0.2612561
6.691128,-0.08575379,0.09720538,0.2511361
6.6937146,-0.09374327,0.05486112,0.2428803
6.7025743,-0.08868326,0.031158986,0.24367924
6.7074184,-0.0777643,0.007989483,0.2396845
6.7120147,-0.06498113,-0.014647386,0.22530343
6.7166915,-0.048469532,-0.035952676,0.2016013
6.724157,-0.019441076,-0.050866377,0.17470337
6.7288895,0.051132694,-0.06844324,0.15579493
6.7335,0.051132694,-0.06844324,0.15579493
6.7381487,0.084155895,-0.06578008,0.17230652
6.7454348,0.08974853,-0.04926848,0.19041602
6.750111,-7.9894834E-4,-0.016245283,0.23329292
6.7572236,-0.05006743,-0.022370555,0.2612561
6.7596993,-0.101200126,-0.04181163,0.2862898
6.764699,-0.15313177,-0.06391586,0.29534456
6.769009,-0.15313177,-0.06391586,0.29534456
6.7715583,-0.19867182,-0.07962852,0.28975195
6.780012,-0.22770028,-0.07456851,0.27776772
6.7825985,-0.17044231,-0.05832323,0.2428803
6.787598,-0.09161274,-0.061519023,0.21784659
6.7925987,-0.09161274,-0.061519023,0.21784659
6.7966304,-0.09161274,-0.061519023,0.21784659
6.799113,0.084155895,-0.112119086,0.18162759
6.8075976,0.16112125,-0.15792546,0.18136127
6.810144,0.21997711,-0.20080236,0.18588865
6.815144,0.2580603,-0.26844665,0.1768339
6.820144,0.2580603,-0.26844665,0.1768339
6.823184,0.2580603,-0.26844665,0.1768339
6.8282104,0.20186761,-0.28229508,0.11797804
6.832925,0.20186761,-0.28229508,0.11797804
6.8416576,0.073236935,-0.23782028,0.072171666
6.8466578,0.009853696,-0.2066613,0.07376956
6.8516717,0.009853696,-0.2066613,0.07376956
6.8604307,-0.056991648,-0.122771725,0.13768543
6.868974,-0.06524745,-0.09933591,0.1603223
6.871579,-0.072171666,-0.04926848,0.19787288
6.876579,-0.07350325,-0.023702133,0.21092236
6.881579,-0.07350325,-0.023702133,0.21092236
6.88558,-0.07350325,-0.023702133,0.21092236
6.888045,-0.08362326,0.005060006,0.20959078
6.8930454,-0.099069595,0.00479369,0.2034655
6.89722,-0.099069595,0.00479369,0.2034655
6.8997726,-0.11318435,-0.0013315806,0.19920446
6.9047723,-0.12330436,-0.016245283,0.19707392
6.9097724,-0.12330436,-0.016245283,0.19707392
6.91229,-0.12330436,-0.016245283,0.19707392
6.9171767,-0.09960223,-0.01917476,0.19574234
6.9228616,-0.09960223,-0.01917476,0.19574234
6.9317083,-0.063116916,-0.023702133,0.18935075
6.936708,-0.03914847,-0.019707393,0.1917476
6.941697,-0.03914847,-0.019707393,0.1917476
6.945199,7.9894834E-4,-0.018109497,0.19414444
6.9500556,0.013582122,-0.01571265,0.19068234
6.954785,0.019441076,-0.011717909,0.18695392
6.9620895,0.016245283,-0.011717909,0.18455707
6.9667673,0.018642128,-0.0018642128,0.19467708
6.971357,0.018642128,-0.0018642128,0.19467708
6.97603,0.029294772,0.0061252704,0.20532973
6.9833097,0.03888215,0.015978966,0.21758026
6.9879775,0.026365295,0.030626353,0.22264028
6.995076,0.007190535,0.02743056,0.21837921
6.997551,-0.011451593,0.015446335,0.20932446
7.002551,-0.032756884,-0.005060006,0.1917476
7.006839,-0.032756884,-0.005060006,0.1917476
7.009411,-0.050866377,-0.02876214,0.16777915
7.01722,-0.06391586,-0.05539375,0.1403486
7.019818,-0.0777643,-0.08175905,0.114782244
7.0286202,-0.08655274,-0.10626013,0.096939065
7.03346,-0.05006743,-0.16218652,0.103064336
7.038995,-0.007456851,-0.18322548,0.12516858
7.0436807,0.037284255,-0.18562233,0.1520665
7.0503516,0.0892159,-0.16990969,0.1818939
7.05372,0.13422333,-0.13262543,0.21092236
7.059127,0.170176,-0.07882957,0.23728766
7.0638385,0.19467708,-0.016511599,0.26365295
7.070727,0.2016013,0.04234426,0.2860235
7.07544,0.19574234,0.08894958,0.3054646
7.080973,0.17789917,0.120907515,0.31611723
7.085689,0.10146644,0.12783173,0.32037827
7.094314,0.10146644,0.12783173,0.32037827
7.096813,0.002396845,0.06364955,0.304133
7.1037674,-0.043675844,0.027164243,0.283893
7.1063185,-0.079095885,-0.0077231675,0.25300032
7.1113186,-0.09560748,-0.041279,0.21837921
7.11617,-0.09560748,-0.041279,0.21837921
7.118749,-0.08681905,-0.06870956,0.18668759
7.1256666,-0.051132694,-0.090014845,0.16831179
7.128247,0.0010652645,-0.10333065,0.16458336
7.133247,0.05006743,-0.114782244,0.17150758
7.1376863,0.05006743,-0.114782244,0.17150758
7.1411285,0.068176925,-0.13821806,0.19228023
7.147129,0.04926848,-0.16005598,0.2066613
7.1518044,0.010918961,-0.18801917,0.21518342
7.1592402,-0.04660532,-0.21038973,0.21438447
7.163927,-0.11797804,-0.2181129,0.2034655
7.1685014,-0.18722023,-0.20399815,0.18562233
7.173186,-0.25033715,-0.180296,0.16644756
7.1808662,-0.29987195,-0.15393071,0.15286545
7.184222,-0.30306774,-0.11345066,0.15899073
7.1893363,-0.30306774,-0.11345066,0.15899073
7.194069,-0.2559298,-0.10839066,0.17390442
7.201319,-0.19201392,-0.116912775,0.18908444
7.203826,-0.055127434,-0.14647387,0.19201392
7.209673,-0.055127434,-0.14647387,0.19201392
7.214359,0.0034621095,-0.1587244,0.16831179
7.2229233,0.048203215,-0.16112125,0.13182648
7.2255473,0.073236935,-0.15393071,0.03888215
7.233532,0.06737798,-0.1454086,2.663161E-4
7.2362514,0.057790596,-0.13289174,-0.021571605
7.244668,0.047404267,-0.11717909,-0.024767399
7.2472754,0.04234426,-0.09374327,-0.016511599
7.255221,0.03195793,-0.062051654,-0.0015978967
7.257853,-0.02609898,0.016511599,0.04926848
7.265698,-0.02609898,0.016511599,0.04926848
7.270655,-0.09614012,0.10652645,0.10972224
7.2767577,-0.12330436,0.13502227,0.12330436
7.2814283,-0.14966966,0.15286545,0.12703279
7.2880807,-0.18402444,0.15765914,0.11744541
7.292757,-0.21118867,0.1520665,0.10359697
7.2984414,-0.22210763,0.14168017,0.08948222
7.30311,-0.2130529,0.1272991,0.07590009
7.3100643,-0.18402444,0.10333065,0.06231797
7.3148365,-0.079095885,0.04873585,0.040746365
7.3219633,-0.023435818,0.021837922,0.03222425
7.324445,0.029827405,-0.0018642128,0.021837922
7.3333025,0.08042747,-0.018908445,0.010386328
7.335925,0.12969595,-0.03089267,-7.9894834E-4
7.343598,0.17097494,-0.038615838,-0.011717909
7.346202,0.19467708,-0.043942157,-0.015978966
7.3549867,0.20532973,-0.040213734,-0.018375812
7.359815,0.19520971,-0.032490566,-0.019973708
7.3644166,0.18375812,-0.027696876,-0.021571605
7.3690767,0.16618125,-0.024234766,-0.025033714
7.376776,0.1454086,-0.016777916,-0.029028457
7.38143,0.122771725,-0.011185277,-0.03195793
7.386019,0.096939065,-0.0053263223,-0.031158986
7.3906913,0.07190535,0.0018642128,-0.02396845
7.3979745,0.052464273,0.014913702,-0.012250541
7.4026794,0.039947417,0.050333746,0.016245283
7.4079814,0.039947417,0.050333746,0.016245283
7.412636,0.046339005,0.0743022,0.027963191
7.421266,0.05352954,0.100933805,0.03888215
7.423741,0.07803062,0.15286545,0.05539375
7.4316926,0.08974853,0.1667139,0.061252706
7.4342675,0.099069595,0.170176,0.066312715
7.442655,0.09321064,0.15739283,0.062051654
7.4452305,0.07084008,0.124902256,0.05219796
7.453188,0.037284255,0.079095885,0.036218993
7.4559507,-0.0037284256,0.022903185,0.011451593
7.464197,-0.049801115,-0.032756884,-0.016511599
7.468214,-0.11531488,-0.10679276,-0.06870956
7.47283,-0.1307612,-0.12357068,-0.081226416
7.476739,-0.12756541,-0.12623383,-0.08442221
7.4835315,-0.12756541,-0.12623383,-0.08442221
7.4873686,-0.075101145,-0.10972224,-0.07536746
7.4925895,-0.075101145,-0.10972224,-0.07536746
7.4965153,-0.03009372,-0.07856325,-0.05539375
7.503386,-0.03009372,-0.07856325,-0.05539375
7.5074244,-0.024234766,-0.034621093,-0.022903185
7.512372,-0.024234766,-0.034621093,-0.022903185
7.516566,-0.051132694,0.0127831735,0.004527374
7.5234118,-0.051132694,0.0127831735,0.004527374
7.528273,-0.092944324,0.04926848,0.014647386
7.5328875,-0.10040118,0.05219796,0.01917476
7.5371995,-0.0974717,0.048203215,0.025832662
7.5436926,-0.0974717,0.048203215,0.025832662
7.548159,-0.053263225,0.007989483,0.025566347
7.552768,-0.035952676,-0.021837922,0.011451593
7.5572453,-0.026897928,-0.04474111,-0.0127831735
7.5637927,-0.026897928,-0.04474111,-0.0127831735
7.568301,-0.03195793,-0.06391586,-0.079095885
7.573567,-0.03355583,-0.061519023,-0.10972224
7.578071,-0.02130529,-0.058056913,-0.13475595
7.584401,-0.0077231675,-0.05352954,-0.14966966
7.588943,-0.0010652645,-0.053795855,-0.15286545
7.5942035,0.008255799,-0.05273059,-0.14247912
7.5987096,0.024234766,-0.04580637,-0.12250541
7.6050267,0.033822145,-0.03435478,-0.09773801
7.609522,0.04234426,-0.019707393,-0.075101145
7.6148057,0.0479369,0.0010652645,-0.060453758
7.6193433,0.052996907,0.03089267,-0.053263225
7.6256814,0.052996907,0.05752428,-0.056991648
7.6301737,0.054062173,0.07856325,-0.06524745
7.6356125,0.058589544,0.09241169,-0.07536746
7.640116,0.06684534,0.09720538,-0.08522116
7.646477,0.08628642,0.09321064,-0.09667275
7.6488876,0.09933591,0.08335695,-0.10466223
7.6538873,0.11957593,0.0727043,-0.10226539
7.659656,0.11957593,0.0727043,-0.10226539
7.662141,0.1403486,0.07829694,-0.09347696
7.6708903,0.16405073,0.08628642,-0.08442221
7.6734,0.18775286,0.098004326,-0.07669904
7.6803813,0.21278657,0.11158645,-0.073236935
7.682861,0.23835292,0.11930962,-0.07403588
7.691274,0.2615224,0.11664646,-0.07563378
7.6960125,0.3043993,0.09667275,-0.083889574
7.7004323,0.3043993,0.09667275,-0.083889574
7.704979,0.27004454,0.052996907,-0.094009586
7.7124124,0.27004454,0.052996907,-0.094009586
7.71644,0.19201392,0.020240024,-0.084155895
7.72177,0.16298546,0.022104237,-0.070307456
7.7265797,0.13369069,0.034621093,-0.05566007
7.733961,0.1123854,0.060720075,-0.04314321
7.7386413,0.08894958,0.09267801,-0.03355583
7.7439313,0.07243799,0.123038046,-0.020240024
7.7486787,0.070307456,0.15446335,-0.004527374
7.755919,0.073236935,0.17230652,0.014114754
7.758398,0.06391586,0.15925704,0.037550572
7.763398,0.048469532,0.13129385,0.03888215
7.7687025,0.048469532,0.13129385,0.03888215
7.7713037,0.028229509,0.09827065,0.0314253
7.7797537,0.0039947415,0.06364955,0.020772656
7.784658,-0.042077947,0.0010652645,-0.016511599
7.7913694,-0.042077947,0.0010652645,-0.016511599
7.7960634,-0.06977482,-0.048469532,-0.05566007
7.8029714,-0.062051654,-0.063116916,-0.06364955
7.8077817,-0.043942157,-0.06737798,-0.059921127
7.813375,-0.019707393,-0.061519023,-0.04527374
7.818067,0.005060006,-0.047670584,-0.028229509
7.8247075,0.02396845,-0.025300032,-0.014647386
7.827176,0.03195793,7.9894834E-4,-0.0039947415
7.8321757,0.012516857,0.026365295,7.9894834E-4
7.837368,0.012516857,0.026365295,7.9894834E-4
7.8399053,-0.09454222,0.047670584,0.022903185
7.8449054,-0.16564862,0.040213734,0.03914847
7.849717,-0.16564862,0.040213734,0.03914847
7.8531685,-0.3190467,0.0,0.054594804
7.8591785,-0.3190467,0.0,0.054594804
7.863868,-0.40053943,-0.029294772,0.043409526
7.8711867,-0.40053943,-0.029294772,0.043409526
7.875928,-0.35127094,-0.03568636,-0.0013315806
7.880528,-0.28309402,-0.045007423,-0.037550572
7.885264,-0.19600865,-0.06551377,-0.07403588
7.8925395,-0.09454222,-0.09241169,-0.09960223
7.8972096,0.0055926386,-0.120907515,-0.10839066
7.901795,0.08894958,-0.14487597,-0.10546118
7.9064646,0.14514229,-0.1587244,-0.08868326
7.913745,0.17869811,-0.15978967,-0.06737798
7.916232,0.19254655,-0.15020229,-0.048469532
7.9244957,0.19307919,-0.12809806,-0.04314321
7.927064,0.14434333,-0.06870956,-0.055926383
7.932064,0.11824436,-0.03701794,-0.06471482
7.938208,0.11824436,-0.03701794,-0.06471482
7.9416695,0.09374327,-0.008788432,-0.0644485
7.948893,0.06551377,0.01571265,-0.049534798
7.9535775,0.016245283,0.06364955,-0.0031957934
7.9604673,0.016245283,0.06364955,-0.0031957934
7.9638734,-0.02263687,0.09827065,0.010386328
7.9692893,-0.02263687,0.09827065,0.010386328
7.9739695,-0.071106404,0.12809806,0.0061252704
7.9808645,-0.1073254,0.14727281,0.002130529
7.9842668,-0.1486044,0.16724652,0.0037284256
7.989685,-0.19228023,0.18429075,0.01304949
7.994353,-0.22370553,0.2031992,0.027696876
8.000974,-0.2412824,0.21891184,0.044208474
8.005708,-0.25060347,0.22956449,0.05672533
8.011259,-0.25672874,0.23648871,0.05566007
8.016045,-0.25246766,0.24474451,0.046072688
8.022678,-0.24501082,0.25859293,0.03542004
8.025935,-0.2394182,0.27537087,0.030360037
8.033855,-0.23435818,0.29028457,0.03701794
8.036392,-0.20559604,0.31025827,0.07803062
8.041392,-0.18695392,0.3057309,0.10146644
8.047351,-0.18695392,0.3057309,0.10146644
8.050801,-0.16325177,0.29960564,0.119043306
8.057009,-0.14674018,0.28895298,0.12170646
8.061673,-0.13182648,0.24154872,0.06524745
8.068931,-0.13182648,0.24154872,0.06524745
8.073602,-0.11424961,0.1257012,-2.663161E-4
8.078192,-0.08974853,0.048203215,0.010386328
8.082861,-0.061252706,-0.034088463,0.047670584
8.090335,-0.036218993,-0.10705908,0.09134643
8.095063,-0.009321064,-0.15606125,0.11558119
8.09964,0.011185277,-0.17949706,0.11451593
8.104371,0.027963191,-0.17816548,0.09853696
8.111666,0.03781689,-0.16112125,0.08335695
8.114163,0.043409526,-0.13156016,0.08016115
8.122259,0.040746365,-0.09614012,0.087618
8.124806,0.028229509,-0.06844324,0.10279802
8.1298065,0.014647386,-0.04234426,0.12170646
8.135994,0.014647386,-0.04234426,0.12170646
8.139446,-0.002130529,-0.015180019,0.1504686
8.146676,5.326322E-4,-0.009853696,0.15339808
8.151342,0.03435478,-0.009321064,0.15180019
8.157971,0.03435478,-0.009321064,0.15180019
8.16264,0.10146644,-0.006657903,0.14620754
8.168202,0.14407702,-0.0058589545,0.1438107
8.172869,0.18881813,-0.0015978967,0.1403486
8.17991,0.23062976,0.0029294773,0.13182648
8.184592,0.262854,0.010120012,0.12037488
8.190449,0.272974,0.018375812,0.11105382
8.192923,0.26072347,0.028495824,0.11025487
8.197923,0.22876555,0.04181163,0.1222391
8.205203,0.22876555,0.04181163,0.1222391
8.2086525,0.14247912,0.06364955,0.17044231
8.215505,0.10359697,0.06764429,0.19094865
8.220167,0.0727043,0.06524745,0.1984055
8.227428,0.0727043,0.06524745,0.1984055
8.232146,0.055926383,0.030360037,0.1768339
8.236756,0.01784318,-0.018109497,0.16085494
8.241433,-0.0037284256,-0.09960223,0.13688648
8.24876,-0.0037284256,-0.09960223,0.13688648
8.253442,-0.051931642,-0.33955306,0.0727043
8.258692,-0.087884314,-0.42663842,0.042876896
8.262717,-0.11158645,-0.4543353,0.02609898
8.270114,-0.12250541,-0.41971418,0.017044231
8.272639,-0.11345066,-0.340352,0.004261058
8.280479,-0.09241169,-0.24181503,-0.009054748
8.283022,-0.06498113,-0.14514229,-0.013582122
8.288021,-0.038083203,-0.06551377,0.0053263223
8.294244,-0.038083203,-0.06551377,0.0053263223
8.297711,0.024501082,0.03914847,0.12650016
8.304877,0.049002163,0.06364955,0.20373182
8.309842,0.055926383,0.079095885,0.31372038
8.316743,0.055926383,0.079095885,0.31372038
8.321463,-0.009054748,0.083889574,0.3158509
8.327054,-0.05566007,0.084155895,0.2860235
8.331742,-0.09054748,0.08468852,0.24394555
8.338379,-0.11584751,0.07190535,0.1949434
8.343042,-0.12783173,0.046072688,0.14114754
8.349057,-0.12330436,0.012250541,0.08681905
8.351553,-0.108124346,-0.03355583,0.03488741
8.356553,-0.07882957,-0.082558,-0.008522116
8.363561,-0.07882957,-0.082558,-0.008522116
8.367032,-0.019973708,-0.15339808,-0.05486112
8.373526,7.9894834E-4,-0.16751283,-0.058056913
8.37819,0.0063915867,-0.170176,-0.05219796
8.385441,0.00958738,-0.16245283,-0.036218993
8.39017,0.01917476,-0.15819177,0.0061252704
8.394887,0.01917476,-0.15819177,0.0061252704
8.399554,0.021038974,-0.17949706,0.048469532
8.406806,0.021038974,-0.17949706,0.048469532
8.411477,-0.01304949,-0.2034655,0.055926383
8.416073,-0.03701794,-0.21012342,0.048469532
8.420728,-0.06231797,-0.21038973,0.036218993
8.428003,-0.08681905,-0.20240025,0.02876214
8.43048,-0.113983296,-0.18695392,0.023435818
8.43871,-0.13688648,-0.16378441,0.017576864
8.441251,-0.1555286,-0.12916331,0.008522116
8.446251,-0.17337179,-0.08948222,-0.0015978967
8.452426,-0.17337179,-0.08948222,-0.0015978967
8.455888,-0.19254655,0.0077231675,-0.015978966
8.4631605,-0.19387813,0.053263225,-0.01304949
8.468026,-0.17710021,0.13102753,0.01304949
8.474711,-0.17710021,0.13102753,0.01304949
8.479371,-0.1419465,0.1520665,0.05219796
8.484936,-0.1419465,0.1520665,0.05219796
8.489586,-0.07803062,0.13901702,0.09241169
8.496495,-0.0396811,0.12463594,0.0974717
8.501176,0.0010652645,0.112119086,0.09081379
8.507012,0.039414786,0.10626013,0.07456851
8.50949,0.07590009,0.10519487,0.05486112
8.51449,0.10439592,0.11584751,0.032490566
8.521662,0.10439592,0.11584751,0.032490566
8.525108,0.11371698,0.16884442,0.0013315806
8.531938,0.08362326,0.21704763,0.0061252704
8.5366125,0.019973708,0.26312032,0.01571265
8.543867,-0.05006743,0.2977414,0.01571265
8.548518,-0.16378441,0.252734,0.034621093
8.553107,-0.16378441,0.252734,0.034621093
8.55796,-0.11531488,-0.010386328,0.14434333
8.565234,-0.11531488,-0.010386328,0.14434333
8.569898,-0.053795855,-0.3139867,0.1536644
8.575227,-0.04234426,-0.39468047,0.11638014
8.579897,-0.033023197,-0.41785,0.07590009
8.587147,-0.01438107,-0.39707732,0.0396811
8.589626,0.023702133,-0.35579833,0.013315806
8.59693,0.070307456,-0.3073288,5.326322E-4
8.599488,0.11504856,-0.26658243,0.0026631611
8.604487,0.165116,-0.23568976,0.024501082
8.610673,0.165116,-0.23568976,0.024501082
8.61412,0.294013,-0.19201392,0.10066749
8.621327,0.33955306,-0.17337179,0.12996227
8.626001,0.36245623,-0.15765914,0.13901702
8.632912,0.37097836,-0.14487597,0.12996227
8.6376915,0.33662358,-0.13342437,0.08548747
8.643333,0.33662358,-0.13342437,0.08548747
8.648037,0.2905509,-0.133957,0.043675844
8.654947,0.26977822,-0.13662016,0.021038974
8.659622,0.23861924,-0.1355549,-0.008788432
8.66549,0.20399815,-0.12463594,-0.039414786
8.667985,0.16644756,-0.112918034,-0.05912218
8.672985,0.1323591,-0.09267801,-0.061519023
8.679969,0.1323591,-0.09267801,-0.061519023
8.683431,0.066312715,-0.02609898,-0.017576864
8.689889,0.007190535,0.015446335,0.008788432
8.694581,-0.08974853,0.04234426,0.025033714
8.701838,-0.1917476,0.034621093,0.018642128
8.706564,-0.37017938,-0.07829694,-0.033023197
8.711149,-0.37017938,-0.07829694,-0.033023197
8.715883,-0.52863747,-0.16112125,-0.08175905
8.723165,-0.52863747,-0.16112125,-0.08175905
8.727951,-0.603206,-0.118776985,-0.1304949
8.732548,-0.5784386,-0.0892159,-0.14008227
8.737282,-0.49667954,-0.07989483,-0.13901702
8.743128,-0.3640541,-0.08974853,-0.13102753
8.748128,0.053795855,-0.19627498,-0.13102753
8.754997,0.053795855,-0.19627498,-0.13102753
8.760716,0.053795855,-0.19627498,-0.13102753
8.764659,0.1587244,-0.24580978,-0.14221281
8.771212,0.1587244,-0.24580978,-0.14221281
8.775924,0.11265171,-0.2298308,-0.13528858
8.78147,0.11265171,-0.2298308,-0.13528858
8.786141,-0.018109497,-0.1685781,-0.1307612
8.792792,-0.018109497,-0.1685781,-0.1307612
8.797611,-0.14620754,-0.09853696,-0.12623383
8.803521,-0.19201392,-0.066312715,-0.12250541
8.806001,-0.2197108,-0.03568636,-0.12197278
8.811001,-0.23462449,-0.0026631611,-0.1222391
8.81646,-0.23462449,-0.0026631611,-0.1222391
8.81904,-0.23568976,0.05006743,-0.11451593
8.826829,-0.23568976,0.05006743,-0.11451593
8.829405,-0.2031992,0.08282431,-0.101999074
8.834405,-0.17496969,0.09081379,-0.09134643
8.840034,-0.17496969,0.09081379,-0.09134643
8.843474,-0.14008227,0.101200126,-0.073236935
8.848173,-0.10466223,0.11105382,-0.04873585
8.852839,-0.06657903,0.12117383,-0.022104237
8.860164,-0.027963191,0.13954964,0.0037284256
8.864923,0.010120012,0.1571265,0.015180019
8.869525,0.048469532,0.17443706,0.016245283
8.874201,0.07643273,0.1933455,0.0055926386
8.881472,0.094808534,0.22237396,-0.008522116
8.886149,0.036485307,0.30652985,-0.03355583
8.890728,-0.03222425,0.3435478,-0.07643273
8.895539,-0.114782244,0.35420042,-0.1272991
8.90285,-0.114782244,0.35420042,-0.1272991
8.9053955,-0.170176,0.23675503,-0.10466223
8.913411,-0.13662016,0.10333065,-0.043942157
8.915979,-0.08868326,-0.041545313,-0.0039947415
8.9209795,-0.05752428,-0.16138756,-0.002396845
8.925832,-0.05752428,-0.16138756,-0.002396845
8.928433,-0.041279,-0.2396845,-0.05352954
8.935424,-0.041279,-0.2396845,-0.05352954
8.938013,0.034621093,-0.18668759,-0.08468852
8.943013,0.034621093,-0.18668759,-0.08468852
8.948645,0.034621093,-0.18668759,-0.08468852
8.952086,0.13502227,-0.12756541,-0.076166406
8.957581,0.17337179,-0.11265171,-0.053795855
8.962265,0.21438447,-0.10040118,-0.017310547
8.9689,0.24580978,-0.09667275,0.019973708
8.973568,0.2761698,-0.09614012,0.04660532
8.979112,0.30333406,-0.09880328,0.062051654
8.983787,0.3392867,-0.10279802,0.04474111
8.990419,0.3392867,-0.10279802,0.04474111
8.993739,0.35926044,-0.10865697,-0.025033714
8.999578,0.35926044,-0.10865697,-0.025033714
9.004278,0.3358246,-0.11025487,-0.090281166
9.011037,0.3358246,-0.11025487,-0.090281166
9.013541,0.28842035,-0.108124346,-0.113983296
9.018541,0.25300032,-0.10040118,-0.1107875
9.022682,0.25300032,-0.10040118,-0.1107875
9.025251,0.20772657,-0.083889574,-0.10279802
9.030251,0.16271915,-0.057257965,-0.09267801
9.034349,0.16271915,-0.057257965,-0.09267801
9.036928,0.12197278,-0.027164243,-0.07829694
9.044528,0.08149273,0.007989483,-0.063116916
9.047132,0.021837922,0.06950851,-0.038083203
9.052132,0.021837922,0.06950851,-0.038083203
9.0578165,0.021837922,0.06950851,-0.038083203
9.061316,-0.004527374,0.103863284,-0.035952676
9.065953,-0.023169503,0.11451593,-0.04261058
9.070648,-0.06870956,0.11797804,-0.059921127
9.07792,-0.112119086,0.09667275,-0.09241169
9.082604,-0.133957,0.04447479,-0.133957
9.087199,-0.15153387,-0.028495824,-0.175236
9.09187,-0.17257284,-0.088150635,-0.19121496
9.099201,-0.19467708,-0.11052119,-0.1717739
9.103896,-0.21438447,-0.05352954,-0.08575379
9.109156,-0.21438447,-0.05352954,-0.08575379
9.113855,-0.16378441,0.041279,-0.05219796
9.12111,-0.16378441,0.041279,-0.05219796
9.123605,-0.057257965,0.07137272,-0.06258429
9.130905,5.326322E-4,0.055926383,-0.061519023
9.133482,0.040213734,0.02743056,-0.05539375
9.138481,0.047670584,-0.008788432,-0.050866377
9.143411,0.047670584,-0.008788432,-0.050866377
9.145997,0.03568636,-0.047137953,-0.054328486
9.152912,0.0127831735,-0.083090626,-0.06657903
9.155558,-0.017044231,-0.109988555,-0.0892159
9.160558,-0.050600063,-0.13022858,-0.11584751
9.166196,-0.050600063,-0.13022858,-0.11584751
9.169652,-0.10439592,-0.14008227,-0.15339808
9.175162,-0.11717909,-0.1323591,-0.15978967
9.179823,-0.120907515,-0.114782244,-0.15526229
9.186472,-0.11797804,-0.084155895,-0.13928333
9.191144,-0.11824436,-0.048203215,-0.114782244
9.195884,-0.12783173,-0.0063915867,-0.08468852
9.200562,-0.1555286,0.031158986,-0.05486112
9.207269,-0.18748654,0.06764429,-0.029028457
9.211945,-0.26178873,0.111852765,-0.015978966
9.217527,-0.26178873,0.111852765,-0.015978966
9.222202,-0.33262882,0.11851067,-0.02396845
9.228831,-0.33262882,0.11851067,-0.02396845
9.231328,-0.3635215,0.107858025,-0.019707393
9.24029,-0.36272255,0.1041296,-0.007989483
9.242842,-0.3472762,0.105727494,0.010652645
9.247842,-0.32011196,0.112119086,0.032756884
9.252041,-0.32011196,0.112119086,0.032756884
9.254645,-0.2910835,0.12436963,0.054594804
9.262196,-0.26312032,0.14434333,0.076166406
9.265793,-0.23915187,0.17230652,0.101999074
9.270792,-0.21624869,0.21172132,0.13102753
9.275583,-0.21624869,0.21172132,0.13102753
9.279088,-0.21411815,0.32117724,0.2031992
9.283595,-0.2548645,0.3832289,0.23089607
9.288298,-0.32623723,0.42237735,0.22929817
9.295579,-0.41278997,0.4263721,0.19574234
9.300235,-0.47990164,0.37444046,0.1571265
9.305172,-0.5067996,0.2609898,0.14221281
9.309906,-0.5089301,0.09374327,0.15313177
9.317305,-0.51052797,-0.09161274,0.16325177
9.320627,-0.53289855,-0.3637878,0.12996227
9.325742,-0.53289855,-0.3637878,0.12996227
9.3304,-0.53316486,-0.4034689,0.072970614
9.337638,-0.53316486,-0.4034689,0.072970614
9.340104,-0.44528055,-0.31984565,0.066312715
9.347983,-0.40746364,-0.28575718,0.087085366
9.350531,-0.3821636,-0.26738137,0.12596752
9.355532,-0.37097836,-0.2615224,0.18482338
9.360936,-0.37097836,-0.2615224,0.18482338
9.36354,-0.36991307,-0.2647182,0.25513083
9.370592,-0.3800331,-0.27377295,0.32783514
9.373176,-0.40426785,-0.2860235,0.38695732
9.378175,-0.44315,-0.29800773,0.43036684
9.38426,-0.44315,-0.29800773,0.43036684
9.387766,-0.53263223,-0.34248254,0.46951532
9.39317,-0.56885123,-0.37284255,0.4788364
9.3979025,-0.60507023,-0.40906155,0.49215218
9.404807,-0.6269081,-0.4498079,0.5219796
9.409456,-0.6356966,-0.4924185,0.57577544
9.415012,-0.6314355,-0.5371596,0.6508766
9.419664,-0.6058692,-0.63889235,0.83063996
9.426528,-0.6058692,-0.63889235,0.83063996
9.429008,-0.53103435,-0.7368967,1.0173275
9.434008,-0.47351006,-0.7781757,1.1033477
9.438054,-0.47351006,-0.7781757,1.1033477
9.44061,-0.40266997,-0.80533993,1.1792477
9.44561,-0.32144356,-0.82105255,1.247691
9.4498825,-0.32144356,-0.82105255,1.247691
9.452462,-0.2263687,-0.82105255,1.3225259
9.460119,-0.1257012,-0.8026768,1.4096112
9.462702,-0.02130529,-0.76938725,1.5086808
9.467702,0.09134643,-0.7238472,1.6152072
9.4735,0.09134643,-0.7238472,1.6152072
9.476973,0.32783514,-0.5784386,1.8535602
9.481454,0.4165184,-0.47404268,1.9923109
9.486143,0.48363006,-0.34301516,2.143312
9.493499,0.52411014,-0.20586236,2.2897859
9.498151,0.5203817,-0.0777643,2.416286
9.502734,0.47963533,0.029827405,2.511361
9.507527,0.4146542,0.1073254,2.5704832
9.514844,0.34993938,0.16165388,2.5992453
9.519524,0.24394555,0.20639499,2.611762
9.52484,0.24394555,0.20639499,2.611762
9.529531,0.17044231,0.19947077,2.672216
9.536797,0.17044231,0.19947077,2.672216
9.539292,0.20266657,0.17070863,2.8035097
9.546246,0.2657835,0.15153387,2.8663604
9.548817,0.34487936,0.12969595,2.91483
9.553817,0.42397526,0.10359697,2.943592
9.558776,0.42397526,0.10359697,2.943592
9.561361,0.4892227,0.080960095,2.9630332
9.56832,0.5267733,0.05752428,2.979012
9.570898,0.5342301,0.038083203,3.001649
9.575898,0.509729,0.024234766,3.0274816
9.580287,0.509729,0.024234766,3.0274816
9.583736,0.36591834,5.326322E-4,3.0778153
9.591749,0.36591834,5.326322E-4,3.0778153
9.596421,0.14407702,-0.017310547,3.1068437
9.603069,0.012516857,-0.028229509,3.1033816
9.607797,-0.10865697,-0.036218993,3.0823426
9.613351,-0.20532973,-0.038083203,3.0570426
9.618047,-0.28655612,-0.011451593,3.0240195
9.624666,-0.28655612,-0.011451593,3.0240195
9.627162,-0.1486044,0.058056913,3.0248184
9.635911,-0.00479369,0.10439592,3.021889
9.638476,0.16138756,0.14913702,3.0075078
9.643476,0.33475935,0.19014971,2.9888659
9.647621,0.33475935,0.19014971,2.9888659
9.650221,0.509729,0.22397186,2.9734194
9.657693,0.6831008,0.25220135,2.9720879
9.660276,0.83889574,0.27324033,2.9838057
9.669165,0.9622001,0.2828277,3.0037794
9.673997,1.0615361,0.27031085,3.0136333
9.681113,1.0077401,0.25060347,2.9792783
9.685916,0.8839032,0.23169503,2.918292
9.693214,0.6892261,0.21331921,2.842392
9.697949,0.18136127,0.20266657,2.6945865
9.703214,0.18136127,0.20266657,2.6945865
9.705786,-0.07803062,0.22610238,2.6349316
9.710786,-0.5917544,0.32730252,2.5422537
9.715896,-0.5917544,0.32730252,2.5422537
9.71854,-0.81253046,0.39121836,2.4975126
9.72577,-0.98590225,0.44687843,2.4522388
9.72832,-1.107076,0.4860269,2.403503
9.73332,-1.1784488,0.5070659,2.3510387
9.737748,-1.1784488,0.5070659,2.3510387
9.741211,-1.1424961,0.49721217,2.2540996
9.748192,-1.1424961,0.49721217,2.2540996
9.752852,-0.8625979,0.44687843,2.1739385
9.761533,-0.8625979,0.44687843,2.1739385
9.766234,-0.3640541,0.41039312,2.1209416
9.771797,-0.051665325,0.4079963,2.10949
9.776475,0.58269966,0.4561995,2.091114
9.783192,0.58269966,0.4561995,2.091114
9.78573,1.1808456,0.55287224,2.0141487
9.79407,1.4562165,0.608266,1.9616845
9.796623,1.6945695,0.67484504,1.9102855
9.801622,1.8847191,0.7504788,1.8626149
9.8058,1.8847191,0.7504788,1.8626149
9.808369,2.0104203,0.8242484,1.8114822
9.815926,2.067412,0.8924253,1.7560885
9.818523,2.052232,0.9464875,1.6967
9.827296,1.9672772,0.98403805,1.6354473
9.832128,1.6245283,1.0106697,1.4972292
9.837694,1.6245283,1.0106697,1.4972292
9.842361,1.2088089,0.9872338,1.3273195
9.850885,1.2088089,0.9872338,1.3273195
9.854225,0.8335694,0.922519,1.1140003
9.859393,0.664725,0.8860337,0.9984191
9.8640785,0.5025385,0.85354316,0.8905611
9.871355,0.34647727,0.83250415,0.79894835
9.873873,0.19867182,0.82371575,0.7273093
9.882447,0.061519023,0.81732416,0.67724186
9.884997,-0.1536644,0.8002799,0.6247776
9.8899975,-0.23462449,0.77897465,0.6048039
9.895007,-0.23462449,0.77897465,0.6048039
9.897612,-0.29880667,0.74781567,0.5800365
9.904549,-0.35579833,0.71106404,0.5411543
9.907134,-0.4114584,0.6649913,0.4825648
9.912135,-0.46232477,0.6165218,0.41252366
9.916502,-0.46232477,0.6165218,0.41252366
9.919955,-0.5566007,0.49827746,0.27403927
9.926135,-0.5566007,0.49827746,0.27403927
9.93081,-0.6399576,0.34594464,0.1667139
9.939288,-0.6399576,0.34594464,0.1667139
9.943978,-0.7166567,0.170176,0.08522116
9.949625,-0.74648404,0.08362326,0.053263225
9.954319,-0.77205044,0.0031957934,0.024501082
9.960966,-0.7912252,-0.062051654,0.004261058
9.963428,-0.80773675,-0.112918034,-0.0055926386
9.972007,-0.8098673,-0.1488707,-0.0037284256
9.974565,-0.73982614,-0.20639499,0.028495824
9.979565,-0.67031765,-0.23515713,0.046871636
9.983683,-0.67031765,-0.23515713,0.046871636
9.986279,-0.59867865,-0.26498455,0.060453758
9.993823,-0.5270396,-0.2926814,0.07084008
9.996408,-0.46179214,-0.32304144,0.080960095
10.005244,-0.40613207,-0.35340148,0.08522116
10.010091,-0.32197618,-0.41918156,0.07989483
10.015657,-0.32197618,-0.41918156,0.07989483
10.020325,-0.29960564,-0.48016796,0.06471482
10.028847,-0.29960564,-0.48016796,0.06471482
10.03353,-0.31318775,-0.5254417,0.061519023
10.0387945,-0.32410672,-0.5438175,0.05832323
10.0435095,-0.32730252,-0.5526059,0.05539375
10.050718,-0.3323625,-0.5566007,0.047404267
10.053195,-0.33449304,-0.54275227,0.0314253
10.060449,-0.33449304,-0.54275227,0.0314253
10.063017,-0.33262882,-0.5238438,0.029827405
10.068017,-0.31318775,-0.46845004,0.037284255
10.072902,-0.31318775,-0.46845004,0.037284255
10.075629,-0.2977414,-0.43729106,0.044208474
10.08255,-0.27057716,-0.40959418,0.049801115
10.085148,-0.23595607,-0.3821636,0.05273059
10.090148,-0.19734024,-0.3603257,0.047404267
10.094512,-0.19734024,-0.3603257,0.047404267
10.097958,-0.11824436,-0.32091093,0.019707393
10.104,-0.11824436,-0.32091093,0.019707393
10.108665,-0.043409526,-0.29667616,-0.025832662
10.117201,-0.043409526,-0.29667616,-0.025832662
10.121876,0.0063915867,-0.2894856,-0.09054748
10.1274605,0.018375812,-0.29161614,-0.12117383
10.132153,0.018109497,-0.29667616,-0.14753912
10.138774,0.018375812,-0.2926814,-0.16484967
10.141248,0.007456851,-0.2860235,-0.17470337
10.150043,-0.0058589545,-0.27643612,-0.1784318
10.1525955,-0.03089267,-0.2559298,-0.17044231
10.157596,-0.03701794,-0.24873926,-0.1635181
10.161766,-0.03701794,-0.24873926,-0.1635181
10.164346,-0.036751624,-0.24021713,-0.1555286
10.171917,-0.026631612,-0.2314287,-0.14993598
10.174501,-0.011185277,-0.22050974,-0.14354439
10.183311,0.0058589545,-0.20772657,-0.14141385
10.188155,0.022370555,-0.19947077,-0.14274544
10.193724,0.03701794,-0.19361182,-0.14940333
10.198419,0.045007423,-0.1949434,-0.16298546
10.206945,0.045007423,-0.1949434,-0.16298546
10.210252,0.0037284256,-0.20373182,-0.17470337
10.215371,-0.033023197,-0.21038973,-0.17789917
10.22004,-0.07749799,-0.21997711,-0.18056233
10.22726,-0.12197278,-0.2282329,-0.18136127
10.229784,-0.16405073,-0.23568976,-0.180296
10.235653,-0.20879184,-0.24314661,-0.18136127
10.240337,-0.24421188,-0.24474451,-0.18242654
10.247578,-0.267914,-0.24234766,-0.18136127
10.250054,-0.2724414,-0.23542345,-0.175236
10.258797,-0.2511361,-0.22184132,-0.1667139
10.261345,-0.12916331,-0.18136127,-0.15073492
10.266345,-0.12916331,-0.18136127,-0.15073492
10.2703705,-0.12916331,-0.18136127,-0.15073492
10.272968,0.054594804,-0.1304949,-0.12916331
10.279702,0.15632756,-0.098004326,-0.111852765
10.28224,0.25539714,-0.06711166,-0.092944324
10.291108,0.34807515,-0.038615838,-0.07243799
10.293727,0.42770368,-0.014114754,-0.050866377
10.299613,0.4908206,0.0039947415,-0.03435478
10.302191,0.5299691,0.015446335,-0.025566347
10.309851,0.5299691,0.015446335,-0.025566347
10.312433,0.54408383,0.02743056,-0.03888215
10.319415,0.5225122,0.030626353,-0.05539375
10.321869,0.47723848,0.028229509,-0.075101145
10.330267,0.47723848,0.028229509,-0.075101145
10.332753,0.33182988,0.017576864,-0.09933591
10.339716,0.24154872,0.009054748,-0.10066749
10.3422,0.14940333,0.0031957934,-0.10013486
10.350884,0.064182185,-0.0010652645,-0.09560748
10.3533945,-0.009321064,-0.0034621095,-0.09667275
10.360335,-0.066046394,-0.0031957934,-0.101999074
10.362839,-0.10173275,0.0018642128,-0.11025487
10.371235,-0.11584751,0.00958738,-0.12250541
10.376031,-0.11265171,0.015446335,-0.13289174
10.380609,-0.09534117,0.020772656,-0.14008227
10.385356,-0.06924219,0.028229509,-0.14141385
10.392536,-0.035153728,0.03222425,-0.13475595
10.39705,0.041545313,0.04926848,-0.10679276
10.401467,0.041545313,0.04926848,-0.10679276
10.405979,0.07483483,0.058589544,-0.09081379
10.412878,0.10519487,0.06870956,-0.076166406
10.417444,0.14514229,0.090014845,-0.064182185
10.424252,0.14514229,0.090014845,-0.064182185
10.428753,0.14487597,0.094808534,-0.071106404
10.435061,0.13422333,0.08841695,-0.07856325
10.437473,0.11531488,0.07163903,-0.0892159
10.443478,0.09427591,0.048203215,-0.101999074
10.4479885,0.075101145,0.025832662,-0.11797804
10.4543,0.05672533,0.005060006,-0.13768543
10.4587965,0.03834952,-0.0127831735,-0.16298546
10.464233,0.021571605,-0.024234766,-0.18455707
10.468782,0.0034621095,-0.027696876,-0.19920446
10.475342,-0.008522116,-0.025300032,-0.20799288
10.477768,-0.010386328,-0.02130529,-0.21145499
10.486008,-7.9894834E-4,-0.013582122,-0.21225394
10.488452,0.013848438,-0.008522116,-0.20879184
10.4962435,0.03009372,-0.0026631611,-0.20240025
10.500585,0.046871636,0.004527374,-0.19121496
10.507456,0.060453758,0.015446335,-0.17550232
10.510054,0.084155895,0.025832662,-0.14780544
10.518838,0.095074855,0.02876214,-0.14061491
10.52146,0.09933591,0.027164243,-0.13981596
10.528862,0.100933805,0.027963191,-0.14514229
10.533722,0.098004326,0.02396845,-0.15100123
10.540618,0.09454222,0.01784318,-0.16005598
10.543994,0.08655274,-0.0037284256,-0.18242654
10.549469,0.08655274,-0.0037284256,-0.18242654
10.554226,0.07882957,-0.018109497,-0.1933455
10.560864,0.072171666,-0.027696876,-0.2034655
10.565602,0.05672533,-0.03169162,-0.21331921
10.571158,0.05672533,-0.03169162,-0.21331921
10.575907,0.010652645,0.023702133,-0.20799288
10.584504,0.010652645,0.023702133,-0.20799288
10.586979,-0.022370555,-0.05885586,-0.16831179
10.594455,-0.010386328,-0.054594804,-0.1784318
10.596992,-0.055127434,-0.02876214,-0.20080236
10.601993,-0.101200126,0.029827405,-0.20106867
10.607029,-0.101200126,0.029827405,-0.20106867
10.612028,-0.39148468,0.02263687,-0.17763285
10.617028,-0.39148468,0.02263687,-0.17763285
10.622028,-0.39148468,0.02263687,-0.17763285
10.626268,-0.39148468,0.02263687,-0.17763285
10.633047,-0.39787626,0.018908445,-0.1949434
10.641933,-0.29188246,0.037550572,-0.20772657
10.649292,-0.19734024,0.03834952,-0.20453078
10.656602,0.028495824,0.029028457,-0.1917476
10.664167,0.14221281,0.019441076,-0.17923075
10.666639,0.24873926,0.006657903,-0.16538231
10.674102,0.33981937,-0.009853696,-0.14993598
10.679235,0.45220476,-0.047137953,-0.12010857
10.684457,0.45220476,-0.047137953,-0.12010857
10.688064,0.41758367,-0.07803062,-0.08149273
10.694616,0.41758367,-0.07803062,-0.08149273
10.697096,0.34594464,-0.09560748,-0.08149273
10.704949,0.2146508,-0.13156016,-0.11132014
10.707425,0.18242654,-0.14301175,-0.11558119
10.712424,0.16964336,-0.14647387,-0.105727494
10.717882,0.16964336,-0.14647387,-0.105727494
10.721174,0.16271915,-0.14514229,-0.091080114
