0.003813489,29.0,14.0,-38.0
0.011594427,29.0,14.0,-37.0
0.021974323,29.0,14.0,-37.0
0.031606562,30.0,15.0,-37.0
0.043273386,30.0,15.0,-37.0
0.05114281,30.0,16.0,-36.0
0.061142813,30.0,16.0,-36.0
0.07165552,30.0,16.0,-36.0
0.08548255,30.0,16.0,-36.0
0.095791765,30.0,16.0,-36.0
0.10549656,29.0,16.0,-36.0
0.11134979,29.0,16.0,-35.0
0.12260562,29.0,16.0,-35.0
0.13297328,30.0,16.0,-35.0
0.14297327,30.0,16.0,-35.0
0.15297328,30.0,16.0,-35.0
0.16484635,30.0,16.0,-35.0
0.17097938,31.0,16.0,-35.0
0.18097937,32.0,17.0,-33.0
0.19097938,32.0,17.0,-33.0
0.20097938,32.0,17.0,-33.0
0.21380223,32.0,17.0,-33.0
0.23148207,32.0,18.0,-32.0
0.24148208,33.0,19.0,-31.0
0.25053197,33.0,19.0,-31.0
0.26478943,33.0,19.0,-30.0
0.27478945,34.0,19.0,-30.0
0.2832176,34.0,19.0,-30.0
0.29527056,35.0,19.0,-29.0
0.29985103,36.0,20.0,-28.0
0.3097901,37.0,20.0,-26.0
0.32275063,37.0,20.0,-25.0
0.32890135,38.0,20.0,-23.0
0.34552443,38.0,20.0,-22.0
0.35552442,40.0,20.0,-19.0
0.3655244,40.0,20.0,-19.0
0.37078208,40.0,20.0,-19.0
0.38078207,42.0,19.0,-15.0
0.3899259,42.0,19.0,-15.0
0.40562242,43.0,18.0,-14.0
0.40985942,44.0,18.0,-11.0
0.4198594,48.0,13.0,-4.0
0.42985943,48.0,13.0,-4.0
0.43985942,48.0,13.0,-4.0
0.45185536,48.0,13.0,-4.0
0.46185535,49.0,10.0,-2.0
0.46999687,49.0,10.0,-2.0
0.47999686,50.0,6.0,-2.0
0.48999685,50.0,6.0,-2.0
0.50446534,50.0,6.0,-2.0
0.51993924,50.0,6.0,-3.0
0.52993923,47.0,-6.0,-9.0
0.5399393,47.0,-6.0,-9.0
0.5499393,47.0,-6.0,-9.0
0.55993927,47.0,-6.0,-9.0
0.5733648,47.0,-6.0,-9.0
0.57741666,46.0,-7.0,-12.0
0.58741665,43.0,-10.0,-20.0
0.60154974,43.0,-10.0,-20.0
0.61154974,40.0,-11.0,-25.0
0.6215498,40.0,-11.0,-25.0
0.6274629,40.0,-11.0,-25.0
0.6374629,37.0,-14.0,-28.0
0.6474629,37.0,-14.0,-28.0
0.6574629,37.0,-14.0,-28.0
0.6723554,37.0,-14.0,-28.0
0.6823554,37.0,-16.0,-25.0
0.6923554,37.0,-16.0,-25.0
0.6986563,37.0,-16.0,-25.0
0.7086563,38.0,-19.0,-21.0
0.71759754,38.0,-19.0,-21.0
0.7275976,38.0,-22.0,-16.0
0.73886645,38.0,-22.0,-16.0
0.74886644,38.0,-25.0,-12.0
0.7588664,38.0,-25.0,-12.0
0.7688664,38.0,-25.0,-12.0
0.7788664,38.0,-25.0,-12.0
0.78760934,38.0,-25.0,-12.0
0.801493,37.0,-26.0,-12.0
0.81545204,36.0,-27.0,-14.0
0.8308679,35.0,-26.0,-15.0
0.8359459,35.0,-26.0,-16.0
0.8459459,34.0,-25.0,-20.0
0.85594594,34.0,-25.0,-20.0
0.864969,34.0,-25.0,-20.0
0.8805634,34.0,-25.0,-22.0
0.88562703,34.0,-24.0,-23.0
0.895627,33.0,-21.0,-27.0
0.90648305,33.0,-21.0,-27.0
0.91648304,33.0,-19.0,-29.0
0.9251721,33.0,-19.0,-29.0
0.9351721,34.0,-18.0,-29.0
0.9458132,34.0,-18.0,-29.0
0.9594097,34.0,-17.0,-28.0
0.9694097,36.0,-16.0,-26.0
0.97940975,36.0,-16.0,-26.0
0.9848485,36.0,-16.0,-26.0
1.0027925,38.0,-15.0,-24.0
1.0127925,40.0,-14.0,-23.0
1.0239964,40.0,-14.0,-23.0
1.0381888,41.0,-14.0,-22.0
1.0431551,41.0,-14.0,-21.0
1.0531551,43.0,-14.0,-19.0
1.063155,43.0,-14.0,-19.0
1.0730393,43.0,-14.0,-19.0
1.0885339,43.0,-13.0,-17.0
1.0936333,44.0,-12.0,-15.0
1.1036333,45.0,-12.0,-12.0
1.114942,45.0,-12.0,-12.0
1.1239239,46.0,-12.0,-12.0
1.1339239,46.0,-12.0,-11.0
1.1430194,46.0,-12.0,-11.0
1.1530194,47.0,-13.0,-7.0
1.1630194,47.0,-13.0,-7.0
1.1730194,47.0,-13.0,-7.0
1.1865927,47.0,-13.0,-7.0
1.1920382,47.0,-13.0,-5.0
1.2020382,46.0,-15.0,-5.0
1.2120382,46.0,-15.0,-5.0
1.2267956,46.0,-15.0,-5.0
1.2422343,44.0,-18.0,-5.0
1.2522343,43.0,-19.0,-4.0
1.2622343,43.0,-19.0,-4.0
1.270838,43.0,-19.0,-4.0
1.280838,42.0,-22.0,-2.0
1.290838,42.0,-22.0,-2.0
1.300838,42.0,-22.0,-2.0
1.310838,42.0,-22.0,-2.0
1.320838,42.0,-22.0,-2.0
1.3326442,42.0,-22.0,-2.0
1.3414662,42.0,-22.0,-2.0
1.3514663,42.0,-22.0,-1.0
1.359984,42.0,-22.0,-1.0
1.369984,42.0,-21.0,-1.0
1.379984,42.0,-21.0,-1.0
1.389984,42.0,-21.0,-1.0
1.399984,42.0,-21.0,-1.0
1.4056044,42.0,-21.0,-1.0
1.4156044,43.0,-20.0,-1.0
1.4256043,43.0,-20.0,-1.0
1.4356043,43.0,-20.0,-1.0
1.4421369,43.0,-20.0,-1.0
1.4521369,44.0,-20.0,-2.0
1.4621369,44.0,-20.0,-2.0
1.4701133,44.0,-20.0,-2.0
1.4801133,44.0,-21.0,-1.0
1.4901133,44.0,-21.0,-1.0
1.5001132,44.0,-21.0,-1.0
1.5115981,44.0,-21.0,-1.0
1.515641,44.0,-21.0,-1.0
1.525641,44.0,-21.0,-1.0
1.5394173,44.0,-21.0,-1.0
1.5494173,44.0,-20.0,-2.0
1.5594172,44.0,-20.0,-2.0
1.5674788,44.0,-20.0,-2.0
1.5774788,44.0,-19.0,-2.0
1.5874788,44.0,-19.0,-2.0
1.5974787,44.0,-19.0,-2.0
1.6074787,44.0,-19.0,-2.0
1.6130193,44.0,-19.0,-2.0
1.6291348,44.0,-19.0,-2.0
1.6391348,43.0,-19.0,-1.0
1.6491348,43.0,-19.0,-1.0
1.655848,43.0,-19.0,-1.0
1.665848,43.0,-20.0,-1.0
1.675848,43.0,-20.0,-1.0
1.6858481,43.0,-20.0,-1.0
1.6958481,43.0,-20.0,-1.0
1.7021499,43.0,-20.0,-1.0
1.7175853,43.0,-22.0,-1.0
1.7275853,43.0,-21.0,-1.0
1.7375853,43.0,-21.0,-1.0
1.7455142,43.0,-21.0,-1.0
1.7555141,43.0,-20.0,-1.0
1.7655141,43.0,-20.0,-1.0
1.7755141,43.0,-20.0,-1.0
1.7897948,43.0,-20.0,-1.0
1.7938404,43.0,-20.0,-1.0
1.8038404,43.0,-21.0,-1.0
1.8138404,43.0,-21.0,-1.0
1.8259823,43.0,-21.0,-1.0
1.8359823,43.0,-21.0,-1.0
1.8459823,43.0,-21.0,-1.0
1.8536046,43.0,-21.0,-1.0
1.8636047,43.0,-21.0,-1.0
1.8740457,43.0,-21.0,-1.0
1.8840457,43.0,-21.0,-1.0
1.8980324,43.0,-21.0,-1.0
1.9154204,43.0,-21.0,-1.0
1.9254204,43.0,-21.0,-1.0
1.9354204,43.0,-21.0,-1.0
1.9432045,43.0,-21.0,-1.0
1.9543973,43.0,-21.0,-1.0
1.964976,43.0,-20.0,-1.0
1.9759129,43.0,-20.0,-1.0
1.9807026,43.0,-20.0,-1.0
1.9899781,42.0,-20.0,-1.0
2.0002546,42.0,-21.0,-1.0
2.0102546,42.0,-22.0,-1.0
2.0202546,42.0,-22.0,-1.0
2.0329025,42.0,-22.0,-1.0
2.0429025,42.0,-22.0,-1.0
2.0529025,42.0,-22.0,-1.0
2.0629025,42.0,-22.0,-1.0
2.0759506,42.0,-22.0,-1.0
2.0813582,42.0,-22.0,-1.0
2.0913582,42.0,-22.0,-1.0
2.1013582,42.0,-22.0,-1.0
2.1122365,42.0,-22.0,-1.0
2.1222365,42.0,-22.0,-1.0
2.1322365,42.0,-22.0,-1.0
2.1410992,42.0,-22.0,-1.0
2.1510994,42.0,-21.0,-1.0
2.1609285,42.0,-21.0,-1.0
2.1709285,42.0,-22.0,1.0
2.1809285,42.0,-22.0,1.0
2.1909285,42.0,-22.0,1.0
2.2026966,42.0,-22.0,1.0
2.2126966,42.0,-21.0,2.0
2.2226965,42.0,-21.0,2.0
2.2296329,42.0,-21.0,2.0
2.2396326,42.0,-21.0,3.0
2.2502813,42.0,-21.0,3.0
2.2602813,42.0,-21.0,2.0
2.2737384,42.0,-21.0,2.0
2.2789779,41.0,-22.0,2.0
2.2889779,42.0,-23.0,1.0
2.303251,42.0,-23.0,1.0
2.320499,42.0,-22.0,1.0
2.331292,42.0,-22.0,2.0
2.3361857,42.0,-21.0,2.0
2.3478196,42.0,-20.0,3.0
2.3594067,42.0,-20.0,4.0
2.3694065,42.0,-21.0,3.0
2.3797147,42.0,-21.0,3.0
2.3894227,42.0,-21.0,3.0
2.4013858,42.0,-22.0,3.0
2.404833,42.0,-22.0,3.0
2.4153116,42.0,-22.0,3.0
2.427585,42.0,-22.0,3.0
2.4369805,42.0,-22.0,2.0
2.4469802,42.0,-23.0,1.0
2.4574585,42.0,-23.0,1.0
2.4674582,42.0,-23.0,2.0
2.4765952,42.0,-23.0,2.0
2.4881294,43.0,-23.0,2.0
2.498163,43.0,-23.0,2.0
2.5095813,42.0,-22.0,3.0
2.5130377,42.0,-22.0,3.0
2.524888,41.0,-22.0,4.0
2.5365138,41.0,-22.0,3.0
2.5467381,41.0,-22.0,3.0
2.5567384,41.0,-22.0,2.0
2.5650365,41.0,-22.0,2.0
2.577543,42.0,-22.0,2.0
2.5870867,41.0,-22.0,2.0
2.599139,41.0,-22.0,3.0
2.6026137,41.0,-22.0,3.0
2.6131425,41.0,-22.0,4.0
2.6252623,41.0,-22.0,3.0
2.6346786,42.0,-22.0,3.0
2.6446786,42.0,-23.0,3.0
2.6546786,42.0,-23.0,3.0
2.6659505,42.0,-23.0,3.0
2.6762967,42.0,-23.0,3.0
2.6877,42.0,-23.0,3.0
2.691177,42.0,-22.0,3.0
2.7028546,42.0,-22.0,3.0
2.7145572,42.0,-22.0,3.0
2.7248335,42.0,-22.0,3.0
2.7348337,42.0,-22.0,2.0
2.743031,42.0,-22.0,2.0
2.7555501,42.0,-22.0,2.0
2.765093,42.0,-22.0,2.0
2.7772846,41.0,-22.0,3.0
2.7807527,41.0,-22.0,3.0
2.7909653,41.0,-21.0,4.0
2.8032188,41.0,-21.0,4.0
2.812592,41.0,-22.0,3.0
2.8246298,41.0,-22.0,3.0
2.8339543,41.0,-22.0,2.0
2.843954,41.0,-23.0,2.0
2.8523939,41.0,-23.0,2.0
2.8639874,41.0,-23.0,2.0
2.8741868,41.0,-23.0,2.0
2.8856213,41.0,-22.0,3.0
2.8904617,41.0,-22.0,3.0
2.900775,41.0,-22.0,4.0
2.9123998,41.0,-22.0,4.0
2.9218056,41.0,-22.0,3.0
2.9333751,42.0,-22.0,3.0
2.943375,42.0,-23.0,2.0
2.9533753,42.0,-23.0,2.0
2.9616039,42.0,-23.0,2.0
2.9741783,43.0,-23.0,1.0
2.9776545,43.0,-22.0,1.0
2.9899094,43.0,-22.0,2.0
3.0018404,42.0,-21.0,2.0
3.011174,42.0,-21.0,2.0
3.021174,42.0,-22.0,1.0
3.031174,42.0,-22.0,1.0
3.041174,42.0,-22.0,1.0
3.0517008,42.0,-22.0,1.0
3.0635786,42.0,-22.0,2.0
3.0670443,42.0,-22.0,2.0
3.0787365,42.0,-21.0,2.0
3.0899332,42.0,-21.0,2.0
3.099933,42.0,-22.0,2.0
3.1099331,42.0,-22.0,2.0
3.1193461,42.0,-22.0,2.0
3.1315455,43.0,-22.0,2.0
3.1415315,42.0,-22.0,2.0
3.1535785,42.0,-21.0,2.0
3.1570535,42.0,-21.0,3.0
3.1663806,42.0,-21.0,3.0
3.179056,42.0,-21.0,3.0
3.1883724,43.0,-21.0,2.0
3.2003787,43.0,-21.0,2.0
3.2103784,43.0,-22.0,1.0
3.2203786,43.0,-22.0,1.0
3.2294638,43.0,-22.0,1.0
3.2412639,43.0,-22.0,1.0
3.2447164,43.0,-22.0,1.0
3.2566729,43.0,-21.0,2.0
3.2682488,43.0,-21.0,2.0
3.278534,43.0,-22.0,2.0
3.288534,43.0,-21.0,1.0
3.298534,43.0,-21.0,1.0
3.308534,43.0,-21.0,1.0
3.3184428,43.0,-21.0,1.0
3.3309436,44.0,-21.0,1.0
3.334389,43.0,-21.0,2.0
3.344883,43.0,-20.0,2.0
3.3571484,43.0,-21.0,3.0
3.3664613,43.0,-21.0,2.0
3.3785236,43.0,-21.0,2.0
3.3885238,43.0,-22.0,1.0
3.3985236,43.0,-22.0,1.0
3.405589,43.0,-22.0,1.0
3.420452,43.0,-22.0,1.0
3.4239304,43.0,-22.0,1.0
3.4344401,42.0,-21.0,1.0
3.4458683,42.0,-21.0,1.0
3.4561222,42.0,-22.0,1.0
3.466122,43.0,-22.0,1.0
3.4761221,43.0,-22.0,1.0
3.486122,43.0,-22.0,1.0
3.4951842,43.0,-22.0,1.0
3.508842,43.0,-22.0,1.0
3.5123045,43.0,-22.0,1.0
3.5229647,43.0,-22.0,1.0
3.5349565,43.0,-22.0,2.0
3.544329,43.0,-22.0,1.0
3.5563684,43.0,-22.0,1.0
3.5656383,42.0,-22.0,1.0
3.5835652,42.0,-22.0,1.0
3.5962594,42.0,-22.0,1.0
3.601912,42.0,-22.0,1.0
3.6113157,42.0,-22.0,1.0
3.620983,42.0,-21.0,1.0
3.6320286,43.0,-21.0,1.0
3.642847,43.0,-21.0,1.0
3.652585,43.0,-21.0,1.0
3.663418,43.0,-21.0,1.0
3.6731896,43.0,-22.0,1.0
3.6840684,43.0,-22.0,1.0
3.6939526,43.0,-23.0,1.0
3.7039523,43.0,-23.0,1.0
3.7139525,43.0,-23.0,1.0
3.7239523,43.0,-23.0,1.0
3.732323,43.0,-23.0,1.0
3.7454617,42.0,-23.0,1.0
3.7544703,42.0,-23.0,1.0
3.7659721,42.0,-23.0,1.0
3.769322,42.0,-22.0,1.0
3.7799463,42.0,-22.0,2.0
3.7917426,42.0,-22.0,2.0
3.8007047,42.0,-22.0,2.0
3.8124812,42.0,-22.0,1.0
3.8213046,42.0,-22.0,1.0
3.8313048,42.0,-23.0,1.0
3.8413045,42.0,-23.0,1.0
3.8513048,42.0,-23.0,1.0
3.860473,42.0,-23.0,1.0
3.8742154,42.0,-22.0,1.0
3.8776917,42.0,-22.0,1.0
3.8897436,43.0,-22.0,1.0
3.9013157,43.0,-22.0,1.0
3.9115777,43.0,-22.0,1.0
3.9215775,43.0,-23.0,1.0
3.9315777,43.0,-23.0,1.0
3.9434445,43.0,-23.0,1.0
3.946892,43.0,-23.0,1.0
3.9584734,43.0,-22.0,1.0
3.970397,43.0,-22.0,1.0
3.9798532,43.0,-22.0,1.0
3.990391,43.0,-23.0,1.0
3.9998336,43.0,-23.0,1.0
4.0098333,42.0,-23.0,1.0
4.0198336,42.0,-23.0,1.0
4.0298333,42.0,-23.0,1.0
4.0384398,42.0,-23.0,1.0
4.052378,41.0,-24.0,1.0
4.055842,40.0,-24.0,2.0
4.067629,40.0,-24.0,3.0
4.077629,38.0,-26.0,5.0
4.0903535,38.0,-26.0,5.0
4.1003537,37.0,-29.0,7.0
4.1103535,37.0,-29.0,7.0
4.1181784,37.0,-29.0,7.0
4.128178,32.0,-28.0,19.0
4.1381783,32.0,-28.0,19.0
4.148178,32.0,-28.0,19.0
4.1581783,32.0,-28.0,19.0
4.1644316,32.0,-28.0,19.0
4.1744313,26.0,-25.0,32.0
4.1844316,26.0,-25.0,32.0
4.1927567,26.0,-25.0,32.0
4.208893,23.0,-23.0,38.0
4.218893,19.0,-21.0,41.0
4.228893,19.0,-21.0,41.0
4.23683,19.0,-21.0,41.0
4.2468305,9.0,-20.0,44.0
4.2568307,9.0,-20.0,44.0
4.2668304,9.0,-20.0,44.0
4.2768307,9.0,-20.0,44.0
4.2831078,9.0,-20.0,44.0
4.3005214,6.0,-20.0,45.0
4.3173504,4.0,-19.0,46.0
4.32735,1.0,-20.0,45.0
4.337351,1.0,-20.0,45.0
4.3473506,1.0,-20.0,45.0
4.360877,1.0,-20.0,45.0
4.3649564,1.0,-21.0,45.0
4.3749566,1.0,-22.0,44.0
4.3893585,1.0,-22.0,44.0
4.406968,1.0,-21.0,44.0
4.4169683,3.0,-17.0,47.0
4.426968,3.0,-17.0,47.0
4.436968,3.0,-17.0,47.0
4.4497514,3.0,-17.0,47.0
4.4551735,3.0,-16.0,47.0
4.4651737,2.0,-16.0,47.0
4.4794164,2.0,-16.0,47.0
4.4846034,1.0,-16.0,46.0
4.494603,-2.0,-19.0,44.0
4.508859,-2.0,-19.0,44.0
4.526338,-7.0,-23.0,42.0
4.536338,-11.0,-29.0,38.0
4.5463376,-11.0,-29.0,38.0
4.554707,-11.0,-29.0,38.0
4.564707,-17.0,-36.0,28.0
4.5747066,-17.0,-36.0,28.0
4.5847073,-17.0,-36.0,28.0
4.5980697,-17.0,-36.0,28.0
4.602134,-18.0,-39.0,24.0
4.612134,-18.0,-43.0,18.0
4.6249337,-18.0,-43.0,18.0
4.634934,-19.0,-44.0,14.0
4.6449337,-19.0,-44.0,14.0
4.65213,-19.0,-44.0,14.0
4.6621304,-20.0,-44.0,13.0
4.6721306,-20.0,-44.0,13.0
4.6821303,-20.0,-44.0,13.0
4.69213,-20.0,-44.0,13.0
4.6982994,-20.0,-44.0,13.0
4.708299,-19.0,-45.0,12.0
4.718299,-19.0,-45.0,12.0
4.726477,-19.0,-45.0,12.0
4.7426596,-19.0,-44.0,12.0
4.7526593,-19.0,-43.0,12.0
4.7626595,-19.0,-43.0,12.0
4.770817,-19.0,-43.0,12.0
4.780817,-20.0,-44.0,14.0
4.790817,-20.0,-44.0,14.0
4.800817,-20.0,-44.0,14.0
4.8108172,-20.0,-44.0,14.0
4.820817,-20.0,-44.0,14.0
4.8326426,-20.0,-44.0,14.0
4.8426423,-20.0,-43.0,14.0
4.8526425,-20.0,-43.0,14.0
4.8607454,-20.0,-43.0,14.0
4.8707457,-19.0,-43.0,15.0
4.8807454,-19.0,-43.0,15.0
4.890745,-19.0,-43.0,15.0
4.9007454,-19.0,-43.0,15.0
4.906078,-19.0,-43.0,15.0
4.9160776,-17.0,-45.0,15.0
4.926078,-17.0,-45.0,15.0
4.9350758,-17.0,-45.0,15.0
4.950612,-16.0,-45.0,14.0
4.960612,-17.0,-44.0,14.0
4.9706116,-17.0,-44.0,14.0
4.97909,-17.0,-44.0,14.0
4.9890904,-17.0,-45.0,13.0
4.9990907,-17.0,-45.0,13.0
5.0090904,-17.0,-45.0,13.0
5.0190907,-17.0,-45.0,13.0
5.0246997,-17.0,-45.0,13.0
5.0347,-17.0,-46.0,13.0
5.0446997,-17.0,-46.0,13.0
5.0516577,-17.0,-46.0,13.0
5.061658,-16.0,-46.0,13.0
5.071658,-16.0,-46.0,13.0
5.079467,-16.0,-46.0,13.0
5.089467,-15.0,-45.0,13.0
5.099467,-15.0,-45.0,13.0
5.1094666,-15.0,-45.0,13.0
5.1208925,-15.0,-45.0,13.0
5.1261873,-15.0,-45.0,13.0
5.1361876,-14.0,-47.0,11.0
5.1461873,-14.0,-47.0,11.0
5.1561875,-14.0,-47.0,11.0
5.1661873,-14.0,-47.0,11.0
5.176369,-14.0,-47.0,11.0
5.1863694,-14.0,-47.0,13.0
5.196369,-14.0,-47.0,13.0
5.2063694,-14.0,-47.0,13.0
5.221077,-14.0,-47.0,13.0
5.2266984,-14.0,-47.0,13.0
5.236698,-14.0,-47.0,14.0
5.249131,-14.0,-47.0,14.0
5.259131,-13.0,-48.0,13.0
5.2691307,-13.0,-48.0,13.0
5.275751,-13.0,-48.0,13.0
5.2871246,-13.0,-48.0,13.0
5.2968597,-13.0,-48.0,12.0
5.30686,-14.0,-47.0,11.0
5.3190627,-14.0,-47.0,11.0
5.3290625,-14.0,-47.0,11.0
5.339062,-14.0,-47.0,11.0
5.3457174,-14.0,-47.0,11.0
5.355717,-14.0,-47.0,12.0
5.365717,-14.0,-47.0,12.0
5.3746057,-14.0,-47.0,12.0
5.384606,-14.0,-45.0,15.0
5.394606,-14.0,-45.0,15.0
5.404606,-14.0,-45.0,15.0
5.4146056,-14.0,-45.0,15.0
5.426867,-14.0,-45.0,15.0
5.430885,-14.0,-45.0,16.0
5.440885,-14.0,-46.0,16.0
5.4508853,-14.0,-46.0,16.0
5.456145,-14.0,-46.0,16.0
5.4649696,-14.0,-47.0,15.0
5.4749694,-14.0,-47.0,15.0
5.4835596,-14.0,-47.0,15.0
5.4935594,-14.0,-46.0,17.0
5.503559,-14.0,-46.0,17.0
5.513559,-14.0,-46.0,17.0
5.52715,-14.0,-46.0,17.0
5.5311546,-14.0,-45.0,17.0
5.5411544,-14.0,-46.0,16.0
5.555411,-14.0,-46.0,16.0
5.5654106,-13.0,-46.0,16.0
5.575411,-13.0,-46.0,16.0
5.583126,-13.0,-46.0,16.0
5.593126,-13.0,-45.0,16.0
5.6021976,-13.0,-45.0,16.0
5.6121974,-13.0,-45.0,16.0
5.624596,-13.0,-45.0,16.0
5.6296496,-14.0,-45.0,16.0
5.6396494,-14.0,-45.0,15.0
5.654296,-14.0,-45.0,15.0
5.664296,-15.0,-45.0,14.0
5.674296,-15.0,-45.0,14.0
5.6816506,-15.0,-45.0,14.0
5.691651,-16.0,-45.0,14.0
5.701651,-16.0,-45.0,14.0
5.7108665,-16.0,-45.0,14.0
5.720866,-17.0,-45.0,15.0
5.730866,-17.0,-45.0,15.0
5.740866,-17.0,-45.0,15.0
5.7508664,-17.0,-45.0,15.0
5.760866,-17.0,-45.0,15.0
5.7727427,-17.0,-45.0,15.0
5.7827425,-17.0,-43.0,15.0
5.7927427,-17.0,-43.0,15.0
5.799974,-17.0,-43.0,15.0
5.8099737,-18.0,-43.0,14.0
5.8204436,-18.0,-43.0,14.0
5.830444,-18.0,-43.0,14.0
5.8436136,-18.0,-43.0,14.0
5.848842,-18.0,-43.0,13.0
5.858842,-17.0,-44.0,12.0
5.8730807,-17.0,-44.0,12.0
5.890369,-17.0,-44.0,12.0
5.9003696,-17.0,-43.0,14.0
5.9103694,-17.0,-43.0,14.0
5.9178905,-17.0,-43.0,14.0
5.929655,-18.0,-43.0,15.0
5.939827,-18.0,-42.0,15.0
5.9514604,-18.0,-42.0,15.0
5.956455,-19.0,-42.0,15.0
5.965802,-19.0,-42.0,15.0
5.9779253,-19.0,-43.0,15.0
5.986914,-19.0,-44.0,14.0
5.9969144,-19.0,-45.0,13.0
6.006914,-19.0,-45.0,13.0
6.0216446,-19.0,-45.0,13.0
6.0269575,-19.0,-45.0,13.0
6.0369573,-20.0,-45.0,13.0
6.0512033,-20.0,-45.0,13.0
6.0685005,-20.0,-44.0,14.0
6.0785003,-19.0,-43.0,15.0
6.0885,-19.0,-43.0,15.0
6.0958824,-19.0,-43.0,15.0
6.105882,-19.0,-43.0,15.0
6.1164727,-19.0,-43.0,15.0
6.1264725,-20.0,-43.0,14.0
6.1399126,-20.0,-43.0,14.0
6.1572742,-20.0,-43.0,13.0
6.167274,-20.0,-43.0,14.0
6.1772738,-20.0,-43.0,14.0
6.1872735,-20.0,-43.0,14.0
6.1996317,-20.0,-43.0,14.0
6.2050014,-20.0,-43.0,14.0
6.215001,-20.0,-44.0,14.0
6.228514,-20.0,-44.0,14.0
6.238514,-20.0,-44.0,14.0
6.248514,-20.0,-44.0,14.0
6.255669,-20.0,-44.0,14.0
6.2656693,-20.0,-44.0,15.0
6.2743506,-20.0,-44.0,15.0
6.284351,-19.0,-43.0,16.0
6.298198,-19.0,-43.0,16.0
6.308198,-19.0,-42.0,16.0
6.3169923,-19.0,-42.0,16.0
6.326993,-19.0,-42.0,16.0
6.3369927,-19.0,-42.0,16.0
6.345672,-19.0,-42.0,16.0
6.355672,-19.0,-42.0,16.0
6.364238,-19.0,-42.0,16.0
6.3742375,-20.0,-42.0,16.0
6.384238,-20.0,-42.0,16.0
6.391648,-20.0,-42.0,16.0
6.4016476,-21.0,-43.0,14.0
6.4156613,-21.0,-43.0,14.0
6.4256616,-22.0,-44.0,13.0
6.435662,-22.0,-44.0,13.0
6.4435782,-22.0,-44.0,13.0
6.4535785,-23.0,-43.0,13.0
6.463578,-23.0,-43.0,13.0
6.473578,-23.0,-43.0,13.0
6.4883175,-23.0,-43.0,13.0
6.5056815,-24.0,-42.0,11.0
6.5156813,-25.0,-40.0,11.0
6.524499,-25.0,-40.0,11.0
6.534499,-27.0,-40.0,10.0
6.5444994,-27.0,-40.0,10.0
6.554499,-27.0,-40.0,10.0
6.564499,-27.0,-40.0,10.0
6.570506,-27.0,-40.0,10.0
6.5805063,-28.0,-41.0,9.0
6.59471,-28.0,-41.0,9.0
6.60471,-28.0,-41.0,9.0
6.613839,-28.0,-41.0,9.0
6.6238394,-27.0,-40.0,11.0
6.6338396,-27.0,-40.0,11.0
6.6431837,-27.0,-40.0,11.0
6.653184,-26.0,-40.0,12.0
6.6631837,-26.0,-40.0,12.0
6.673184,-26.0,-40.0,12.0
6.6831837,-26.0,-40.0,12.0
6.689182,-26.0,-40.0,12.0
6.6991816,-26.0,-41.0,11.0
6.7133036,-26.0,-41.0,11.0
6.723304,-25.0,-41.0,10.0
6.732132,-25.0,-41.0,10.0
6.7421317,-24.0,-40.0,12.0
6.7521315,-24.0,-40.0,12.0
6.7617974,-24.0,-40.0,12.0
6.7717977,-24.0,-41.0,12.0
6.781798,-24.0,-41.0,12.0
6.7917976,-24.0,-41.0,12.0
6.801798,-24.0,-41.0,12.0
6.8076663,-24.0,-41.0,12.0
6.817666,-24.0,-42.0,11.0
6.8316584,-24.0,-42.0,11.0
6.8416586,-25.0,-42.0,11.0
6.851659,-25.0,-42.0,11.0
6.8595133,-25.0,-42.0,11.0
6.869513,-26.0,-41.0,11.0
6.8795133,-26.0,-41.0,11.0
6.889513,-26.0,-41.0,11.0
6.903737,-26.0,-41.0,11.0
6.913737,-26.0,-41.0,11.0
6.9237366,-26.0,-41.0,11.0
6.931828,-26.0,-41.0,11.0
6.9491262,-25.0,-41.0,12.0
6.959126,-25.0,-40.0,12.0
6.9691257,-25.0,-40.0,12.0
6.9778395,-25.0,-40.0,12.0
6.9891796,-26.0,-40.0,12.0
6.9940042,-26.0,-39.0,12.0
7.0040045,-25.0,-40.0,11.0
7.014004,-25.0,-40.0,11.0
7.02712,-25.0,-40.0,11.0
7.0371203,-23.0,-42.0,12.0
7.0471206,-23.0,-42.0,12.0
7.0571203,-23.0,-42.0,12.0
7.06712,-23.0,-42.0,12.0
7.0771203,-23.0,-42.0,12.0
7.0891995,-23.0,-42.0,12.0
7.0991993,-23.0,-41.0,14.0
7.1080313,-23.0,-41.0,14.0
7.1180315,-22.0,-41.0,16.0
7.1280317,-22.0,-41.0,16.0
7.13763,-22.0,-41.0,16.0
7.14763,-22.0,-42.0,16.0
7.15763,-22.0,-42.0,16.0
7.16763,-22.0,-42.0,16.0
7.1790333,-22.0,-42.0,16.0
7.1844583,-21.0,-42.0,16.0
7.1944585,-21.0,-42.0,16.0
7.208663,-21.0,-42.0,16.0
7.2186627,-21.0,-41.0,16.0
7.227542,-21.0,-41.0,16.0
7.243621,-20.0,-41.0,17.0
7.2536206,-20.0,-41.0,19.0
7.2636213,-20.0,-41.0,19.0
7.273621,-20.0,-41.0,19.0
7.28733,-20.0,-41.0,19.0
7.2973304,-20.0,-41.0,20.0
7.311821,-20.0,-41.0,20.0
7.3218207,-18.0,-42.0,19.0
7.3364797,-18.0,-42.0,19.0
7.339932,-18.0,-42.0,18.0
7.351559,-17.0,-42.0,18.0
7.361559,-17.0,-43.0,18.0
7.3759236,-17.0,-43.0,18.0
7.3913665,-16.0,-43.0,19.0
7.4013667,-16.0,-42.0,20.0
7.4113665,-16.0,-42.0,20.0
7.4213667,-16.0,-42.0,20.0
7.4313664,-16.0,-42.0,20.0
7.4413953,-16.0,-42.0,20.0
7.451395,-15.0,-43.0,20.0
7.461395,-15.0,-43.0,20.0
7.4713955,-15.0,-43.0,20.0
7.4813952,-15.0,-43.0,20.0
7.487031,-15.0,-43.0,20.0
7.5018196,-14.0,-43.0,20.0
7.5118194,-13.0,-43.0,20.0
7.520511,-13.0,-43.0,20.0
7.533615,-13.0,-43.0,20.0
7.5385747,-12.0,-43.0,21.0
7.546605,-12.0,-43.0,21.0
7.5598297,-12.0,-43.0,21.0
7.5691085,-12.0,-43.0,20.0
7.579108,-12.0,-44.0,19.0
7.589109,-12.0,-44.0,19.0
7.5991087,-12.0,-44.0,19.0
7.6088657,-12.0,-44.0,19.0
7.6220026,-12.0,-44.0,19.0
7.62711,-12.0,-44.0,20.0
7.6374264,-12.0,-44.0,21.0
7.649022,-12.0,-44.0,21.0
7.6592684,-12.0,-44.0,21.0
7.6692686,-12.0,-44.0,21.0
7.6792684,-12.0,-44.0,21.0
7.6889267,-12.0,-44.0,21.0
7.6998963,-12.0,-44.0,21.0
7.712644,-11.0,-44.0,21.0
7.7177434,-11.0,-43.0,21.0
7.7271094,-10.0,-43.0,22.0
7.7371097,-10.0,-43.0,21.0
7.7491035,-10.0,-43.0,21.0
7.767081,-10.0,-43.0,21.0
7.7785573,-9.0,-44.0,21.0
7.7886114,-9.0,-43.0,21.0
7.8013754,-10.0,-43.0,22.0
7.806343,-10.0,-43.0,22.0
7.816608,-9.0,-43.0,23.0
7.8266077,-8.0,-44.0,23.0
7.8366075,-8.0,-44.0,23.0
7.8466077,-8.0,-44.0,23.0
7.856791,-8.0,-44.0,23.0
7.8698955,-7.0,-44.0,23.0
7.8748612,-7.0,-44.0,23.0
7.8842783,-7.0,-43.0,23.0
7.8963523,-7.0,-43.0,23.0
7.9056487,-7.0,-43.0,22.0
7.915649,-8.0,-43.0,21.0
7.9256487,-8.0,-43.0,21.0
7.935649,-8.0,-43.0,21.0
7.9450717,-8.0,-43.0,21.0
7.957025,-8.0,-43.0,21.0
7.9671054,-8.0,-43.0,22.0
7.979897,-8.0,-43.0,22.0
7.9842553,-8.0,-42.0,23.0
7.993539,-8.0,-42.0,23.0
8.004824,-8.0,-42.0,23.0
8.0151205,-8.0,-43.0,22.0
8.02512,-7.0,-44.0,21.0
8.035121,-7.0,-44.0,21.0
8.04512,-7.0,-44.0,21.0
8.053879,-7.0,-44.0,21.0
8.065734,-8.0,-44.0,21.0
8.075918,-8.0,-44.0,20.0
8.089262,-8.0,-44.0,20.0
8.09277,-9.0,-43.0,21.0
8.102091,-9.0,-43.0,21.0
8.114566,-9.0,-43.0,21.0
8.12386,-9.0,-44.0,20.0
8.13386,-10.0,-44.0,20.0
8.142297,-10.0,-44.0,20.0
8.154815,-9.0,-45.0,20.0
8.1643915,-9.0,-45.0,20.0
8.177818,-9.0,-45.0,21.0
8.1812725,-9.0,-44.0,21.0
8.191451,-9.0,-44.0,21.0
8.203078,-9.0,-44.0,21.0
8.213444,-9.0,-44.0,20.0
8.223444,-9.0,-45.0,20.0
8.231892,-9.0,-45.0,20.0
8.24365,-9.0,-45.0,19.0
8.253768,-9.0,-45.0,19.0
8.267149,-9.0,-44.0,20.0
8.27065,-9.0,-44.0,20.0
8.279966,-9.0,-43.0,21.0
8.291978,-9.0,-43.0,21.0
8.30176,-9.0,-44.0,20.0
8.31176,-8.0,-44.0,20.0
8.32218,-8.0,-44.0,20.0
8.332179,-8.0,-44.0,20.0
8.34063,-8.0,-44.0,20.0
8.352076,-8.0,-45.0,20.0
8.362127,-8.0,-44.0,20.0
8.37369,-8.0,-44.0,20.0
8.378531,-9.0,-44.0,20.0
8.390419,-9.0,-43.0,21.0
8.400419,-8.0,-44.0,20.0
8.410419,-8.0,-44.0,20.0
8.420419,-8.0,-44.0,20.0
8.430226,-8.0,-44.0,20.0
8.441545,-8.0,-44.0,20.0
8.452216,-8.0,-44.0,20.0
8.46505,-9.0,-43.0,21.0
8.470027,-9.0,-43.0,21.0
8.479298,-9.0,-42.0,21.0
8.489298,-9.0,-44.0,21.0
8.499298,-9.0,-44.0,21.0
8.509297,-9.0,-44.0,21.0
8.518637,-9.0,-44.0,21.0
8.530566,-9.0,-44.0,20.0
8.540662,-9.0,-44.0,20.0
8.552508,-9.0,-44.0,21.0
8.557582,-9.0,-43.0,22.0
8.56941,-10.0,-43.0,22.0
8.579411,-9.0,-43.0,22.0
8.588471,-9.0,-43.0,22.0
8.599615,-9.0,-44.0,22.0
8.610181,-10.0,-44.0,22.0
8.619643,-10.0,-43.0,23.0
8.629707,-10.0,-43.0,23.0
8.640167,-10.0,-43.0,22.0
8.650198,-10.0,-43.0,22.0
8.660557,-10.0,-42.0,22.0
8.665214,-10.0,-42.0,22.0
8.675105,-10.0,-43.0,22.0
8.687993,-9.0,-43.0,21.0
8.696979,-9.0,-44.0,21.0
8.706979,-9.0,-44.0,21.0
8.717965,-9.0,-44.0,21.0
8.735915,-9.0,-44.0,21.0
8.747355,-9.0,-44.0,21.0
8.75682,-9.0,-43.0,22.0
8.767745,-9.0,-43.0,23.0
8.777199,-9.0,-42.0,24.0
8.788137,-9.0,-42.0,24.0
8.797602,-9.0,-42.0,25.0
8.808624,-9.0,-42.0,25.0
8.813235,-9.0,-42.0,25.0
8.823142,-9.0,-41.0,25.0
8.833143,-8.0,-42.0,25.0
8.8431425,-8.0,-42.0,25.0
8.853143,-8.0,-42.0,25.0
8.863142,-8.0,-42.0,25.0
8.875571,-8.0,-42.0,25.0
8.886751,-7.0,-42.0,25.0
8.897997,-8.0,-42.0,25.0
8.902833,-8.0,-41.0,26.0
8.913153,-8.0,-41.0,26.0
8.923152,-7.0,-41.0,25.0
8.933153,-7.0,-41.0,25.0
8.943152,-7.0,-41.0,25.0
8.953736,-7.0,-41.0,25.0
8.965652,-7.0,-40.0,25.0
8.975754,-7.0,-40.0,26.0
8.986278,-7.0,-39.0,28.0
8.996192,-7.0,-38.0,30.0
9.007678,-7.0,-36.0,32.0
9.012532,-7.0,-34.0,34.0
9.021875,-6.0,-32.0,36.0
9.031876,-4.0,-31.0,38.0
9.041876,-4.0,-31.0,38.0
9.053534,-4.0,-31.0,38.0
9.064538,-3.0,-31.0,38.0
9.075468,-2.0,-31.0,38.0
9.080303,-2.0,-31.0,38.0
9.090913,1.0,-31.0,37.0
9.100914,9.0,-34.0,35.0
9.110914,9.0,-34.0,35.0
9.1209135,9.0,-34.0,35.0
9.131741,9.0,-34.0,35.0
9.143623,11.0,-34.0,33.0
9.153717,12.0,-34.0,32.0
9.16525,13.0,-34.0,32.0
9.170219,13.0,-34.0,32.0
9.179557,13.0,-33.0,33.0
9.191622,13.0,-33.0,33.0
9.201622,11.0,-33.0,33.0
9.211621,11.0,-33.0,33.0
9.221386,11.0,-33.0,33.0
9.232661,10.0,-33.0,33.0
9.243321,9.0,-32.0,34.0
9.25423,7.0,-32.0,35.0
9.259086,6.0,-31.0,36.0
9.269317,4.0,-31.0,37.0
9.280909,3.0,-31.0,38.0
9.290909,2.0,-31.0,37.0
9.300909,2.0,-31.0,37.0
9.309191,2.0,-31.0,37.0
9.322122,2.0,-30.0,37.0
9.331803,2.0,-30.0,37.0
9.343873,2.0,-29.0,37.0
9.361255,3.0,-26.0,39.0
9.371255,6.0,-24.0,41.0
9.381254,6.0,-24.0,41.0
9.388201,6.0,-24.0,41.0
9.400209,8.0,-23.0,42.0
9.410317,10.0,-23.0,41.0
9.420318,15.0,-24.0,39.0
9.430318,15.0,-24.0,39.0
9.439086,15.0,-24.0,39.0
9.449085,21.0,-24.0,36.0
9.459086,21.0,-24.0,36.0
9.469086,26.0,-24.0,31.0
9.483509,26.0,-24.0,31.0
9.500862,31.0,-23.0,27.0
9.510861,36.0,-21.0,23.0
9.520863,36.0,-21.0,23.0
9.528093,36.0,-21.0,23.0
9.538093,40.0,-18.0,18.0
9.54859,40.0,-18.0,18.0
9.558589,43.0,-16.0,14.0
9.57162,43.0,-16.0,14.0
9.576967,45.0,-14.0,11.0
9.5869665,47.0,-11.0,5.0
9.601219,47.0,-11.0,5.0
9.618628,48.0,-7.0,1.0
9.628628,49.0,-1.0,-1.0
9.638627,49.0,-1.0,-1.0
9.645968,49.0,-1.0,-1.0
9.655968,48.0,3.0,-6.0
9.666459,48.0,3.0,-6.0
9.676459,46.0,7.0,-12.0
9.68989,46.0,7.0,-12.0
9.707264,45.0,9.0,-17.0
9.717263,42.0,12.0,-21.0
9.727263,42.0,12.0,-21.0
9.737263,42.0,12.0,-21.0
9.74968,42.0,12.0,-21.0
9.754981,41.0,12.0,-23.0
9.764982,39.0,11.0,-27.0
9.77781,39.0,11.0,-27.0
9.785183,38.0,11.0,-29.0
9.794583,37.0,11.0,-30.0
9.804584,35.0,10.0,-33.0
9.817673,35.0,10.0,-33.0
9.825039,34.0,10.0,-34.0
9.835039,34.0,10.0,-34.0
9.843734,34.0,10.0,-34.0
9.85782,34.0,11.0,-35.0
9.862772,33.0,11.0,-35.0
9.874806,33.0,11.0,-35.0
9.884808,32.0,11.0,-35.0
9.893886,32.0,11.0,-35.0
9.907318,32.0,11.0,-35.0
9.912312,31.0,11.0,-35.0
9.924338,31.0,12.0,-35.0
9.93434,31.0,12.0,-36.0
9.942715,31.0,12.0,-36.0
9.956792,31.0,12.0,-36.0
9.961795,30.0,12.0,-36.0
9.9737425,30.0,12.0,-36.0
9.983742,30.0,13.0,-36.0
9.992928,30.0,13.0,-36.0
10.0054,29.0,13.0,-36.0
10.010402,29.0,13.0,-36.0
10.023301,29.0,14.0,-36.0
10.0333,29.0,14.0,-36.0
10.044045,29.0,14.0,-36.0
10.054046,28.0,14.0,-37.0
10.062451,28.0,14.0,-37.0
10.072451,27.0,14.0,-37.0
10.082452,27.0,14.0,-37.0
10.092994,27.0,14.0,-37.0
10.102994,27.0,15.0,-37.0
10.111106,27.0,15.0,-37.0
10.121106,27.0,16.0,-36.0
10.13396,27.0,16.0,-36.0
10.14137,27.0,17.0,-37.0
10.150679,27.0,17.0,-37.0
10.160678,26.0,17.0,-37.0
10.173853,26.0,17.0,-37.0
10.181224,26.0,17.0,-38.0
10.191224,26.0,17.0,-38.0
10.201601,26.0,17.0,-38.0
10.211601,27.0,18.0,-37.0
10.221601,27.0,18.0,-37.0
10.231601,27.0,18.0,-37.0
10.242008,27.0,18.0,-37.0
10.252008,27.0,19.0,-36.0
10.262009,27.0,19.0,-36.0
10.272008,27.0,19.0,-36.0
10.280816,27.0,19.0,-36.0
10.291052,27.0,20.0,-35.0
10.3069105,27.0,22.0,-35.0
10.316911,27.0,20.0,-37.0
10.32691,27.0,20.0,-37.0
10.33691,27.0,20.0,-37.0
10.350558,27.0,20.0,-37.0
10.360558,27.0,19.0,-37.0
10.370558,27.0,19.0,-37.0
10.379999,27.0,19.0,-37.0
