0.0,230.48508,-57.349937,-4.0044994
0.009198802,230.57875,-57.338654,-3.8965921
0.020407708,230.53795,-57.306625,-3.7662027
0.028738542,230.69359,-57.252926,-3.6679592
0.040583335,230.68677,-57.13834,-3.5877948
0.04854646,230.8006,-56.92355,-3.5289207
0.06439703,230.67508,-56.429,-3.3806272
0.07790547,230.6691,-56.277397,-3.292363
0.089937344,230.54349,-56.207077,-3.197076
0.09792526,230.45815,-56.193726,-3.091806
0.11463594,230.2422,-56.15728,-2.8755333
0.12756182,230.16464,-56.075275,-2.7970953
0.13962719,230.0569,-55.95823,-2.7308478
0.14747265,230.0335,-55.819366,-2.661336
0.16284792,229.7683,-55.519817,-2.5032609
0.17695224,229.67729,-55.371735,-2.404989
0.1888461,229.52643,-55.231472,-2.2935977
0.19672228,229.33524,-55.094135,-2.174629
0.21297479,228.85753,-54.752827,-1.9261699
0.22472912,228.63681,-54.517937,-1.7852503
0.2380413,228.338,-54.23143,-1.6291777
0.24569526,228.37643,-53.892834,-1.4481314
0.26176158,227.7621,-53.055668,-0.9579552
0.27404937,227.66713,-52.525375,-0.6277085
0.287155,227.58722,-51.893135,-0.21871643
0.29517496,227.10973,-51.133167,0.34940228
0.31156218,226.09154,-49.152363,1.8272576
0.3231299,225.46974,-47.887333,2.6421304
0.33564213,224.94255,-46.40327,3.4710164
0.34400308,224.24889,-44.698517,4.2872024
0.3616185,223.9843,-40.658905,5.8396783
0.37561965,223.19511,-38.35355,6.55425
0.38705644,224.08527,-35.875076,7.2267356
0.39533323,223.20236,-33.2193,7.85333
0.4056897,224.4878,-30.386204,8.421131
0.41422698,223.54968,-27.37222,8.916216
0.42543626,224.72273,-24.15871,9.329653
0.43390015,223.73692,-20.727669,9.645835
0.44524258,225.09679,-17.090902,9.853574
0.45340762,223.97209,-13.298556,9.935786
0.46722594,225.98474,-9.448574,9.856995
0.47639212,224.64856,-5.643187,9.60053
0.48782426,227.51108,-1.9094603,9.194929
0.49839386,225.83385,1.8182222,8.623186
0.51057804,225.71709,9.540261,6.701173
0.5200432,223.41501,13.611351,5.258869
0.5320148,225.19533,17.885042,3.459975
0.5404919,222.26501,22.378115,1.2381974
0.5525979,227.31891,27.078499,-1.5163945
0.5630499,223.89822,31.451502,-4.152817
0.57544404,231.8944,35.854042,-7.360986
0.5849642,227.74347,40.051598,-11.225837
0.59743166,236.73712,43.82724,-15.808043
0.605566,231.96529,47.035458,-21.15474
0.6200431,233.73845,51.454227,-34.21869
0.63609135,240.3918,52.52745,-27.001535
0.65192354,228.95758,52.290493,-32.80661
0.66247636,234.29547,51.196045,-63.143063
0.6765423,228.7776,49.63402,-68.95445
0.6887251,229.20897,45.629196,-77.82473
0.703971,233.34677,43.422935,-80.92332
0.7164814,229.63133,41.23547,-83.27401
0.7298914,230.5633,37.192795,-86.42143
0.74350715,228.36292,35.99728,-87.35435
0.7557322,233.15372,34.979153,-88.066086
0.77023584,229.00417,33.475147,-89.02481
0.7824985,234.18646,33.00468,-89.28062
0.7950974,231.5566,31.941643,-89.585175
0.80840945,236.5354,30.261124,-89.491745
0.82234794,245.54596,29.679682,-89.09273
0.8375792,242.3557,29.173063,-87.9034
0.84838754,255.42438,29.306747,-87.33392
0.86361516,272.64166,29.70035,-86.92737
0.878168,271.80502,31.2122,-86.59993
0.8918942,292.56763,32.29984,-86.518684
0.90389115,293.29605,33.588905,-86.42802
0.91716975,312.65836,36.724743,-86.311935
0.93035007,329.04236,38.563187,-86.39083
0.94123346,331.82394,41.28433,-86.68771
0.94970274,345.95636,44.095695,-87.09481
0.9613267,349.36304,46.958332,-87.57097
0.9717681,0.068448745,49.839046,-88.04781
0.98684734,8.551359,55.530453,-34.460922
0.99620694,17.616175,58.313908,-31.675724
1.0120988,24.620695,61.048107,-28.934057
1.0267882,35.63747,66.325325,-23.604446
1.0396245,40.92267,68.15044,-21.754162
1.0523949,46.7951,70.55643,-19.251621
1.0657059,58.035442,74.768585,-14.557819
1.0804328,62.391335,76.43417,-12.37485
1.0972679,72.0432,78.443054,-8.35792
1.1080226,70.21886,78.69801,-6.48556
1.1246809,76.88909,77.798744,-2.9790914
1.1349185,84.03257,76.84591,-1.3595031
1.1449184,111.35372,74.54394,1.5211054
1.1536504,111.35372,74.54394,1.5211054
1.1697332,107.31453,73.40049,2.7600062
1.1862478,110.559105,71.4164,4.8541694
1.1964514,126.70558,70.62551,5.7045145
1.2132293,128.36552,69.406395,6.903349
1.224054,157.21182,68.9576,7.2084537
1.234054,188.48741,68.476166,7.179248
1.242657,188.48741,68.476166,7.179248
1.258104,220.76567,68.49406,6.832588
1.2750832,218.44992,69.16929,5.330739
1.2860888,245.91168,69.83165,4.118667
1.3029417,241.38724,71.637924,0.7388712
1.3131374,262.69095,72.60932,-1.4389656
1.3251094,259.392,73.41597,-3.9364653
1.3348994,270.87442,73.84135,-6.736214
1.3519691,261.09808,72.66003,-13.188339
1.3628343,266.57977,70.79436,-16.798025
1.3752545,259.5522,68.12499,-20.635746
1.3863271,260.3023,64.80313,-24.670105
1.3971345,252.34917,60.97682,-28.872654
1.4078867,250.06902,56.77809,-33.209675
1.4188534,243.5543,127.60601,-37.595203
1.4291592,240.79434,132.77576,-85.38649
1.4424263,232.44855,140.9523,-83.02594
1.4536161,230.66278,144.75986,-82.58912
1.4651134,227.5829,148.36763,-82.46148
1.4751688,226.5859,151.75186,-82.51604
1.4865648,224.32007,154.89114,-82.59081
1.496006,225.1585,157.77203,-82.61721
1.5085009,223.67068,159.78557,-82.5085
1.5204198,221.07823,163.60661,-82.309494
1.531854,219.5478,165.4783,-82.24976
1.5431683,219.53485,167.10294,-82.22677
1.5542562,218.32306,168.48161,-82.26835
1.5648183,230.39189,169.65662,-82.40143
1.5756392,229.49054,170.64209,-82.63409
1.5861663,250.3966,171.45769,-82.943924
1.5994427,248.67429,172.61902,-83.68522
1.6094065,273.49365,172.23944,-84.11955
1.6212996,272.30338,171.73297,-84.588
1.6316028,296.9385,171.85712,-85.16714
1.6433518,295.50403,171.8343,-85.707504
1.6535015,317.08063,171.66747,-86.15133
1.664857,316.05112,171.35327,-86.468636
1.6742898,332.00342,170.86148,-86.68211
1.6865239,331.58102,170.18045,-86.83308
1.6983694,343.84796,168.25917,-87.043144
1.7082956,344.23236,167.03703,-87.07904
1.7188818,352.2852,165.65764,-87.023705
1.731349,353.18652,164.13426,-86.86343
1.7424046,358.77106,161.74617,-86.45372
1.753247,0.62586814,159.26833,-85.962746
1.7638602,3.632917,156.70953,-85.43101
1.7751988,6.0717316,154.0921,-84.88826
1.7854589,8.804684,151.44014,-84.344055
1.7987235,14.8785515,146.08098,-83.29817
1.8095553,17.590122,143.3654,-82.833885
1.8210988,21.11631,140.62732,-82.44225
1.8311023,23.593996,137.88972,-82.14277
1.8425052,27.376562,135.17781,-81.9402
1.8519608,28.945206,132.50618,-81.832886
1.8644495,32.87227,129.88521,-81.80061
1.8737558,36.600735,127.31891,-37.036453
1.8869375,44.644257,122.34521,-32.097298
1.899148,49.1485,120.901985,-30.666222
1.9101914,53.115856,118.53269,-28.336018
1.9207532,56.812103,116.237885,-26.089529
1.9316498,60.61274,114.04813,-23.953577
1.9420285,62.516216,111.99035,-21.946623
1.9533067,66.00885,110.09249,-20.084753
1.9627522,73.37505,71.61206,-18.383873
1.9759824,81.23331,74.33311,-15.483146
1.9875358,92.4227,75.30694,-14.279134
1.9992945,95.26039,75.99488,-13.245125
2.0093687,104.446976,76.392456,-12.393278
2.0207405,106.19124,76.521904,-11.741623
2.0303261,115.84344,76.42932,-11.3064165
2.0412953,116.53776,76.17273,-11.099039
2.0507438,134.1754,75.80866,-11.121606
2.0627978,133.91641,75.36947,-11.376481
2.0746224,150.93489,74.2683,-12.5829115
2.0862868,149.31512,73.57344,-13.526461
2.0969682,167.46188,72.748276,-14.699395
2.108122,164.8996,71.74468,-16.116714
2.1187518,184.92436,70.51077,-17.792475
2.1300597,181.3429,68.99567,-19.73864
2.1405172,201.1932,67.15272,-21.968014
2.1523592,191.67241,62.426388,-27.259443
2.1610353,186.38846,59.539646,-30.317076
2.1691513,204.99214,59.53956,-30.317102
2.1783693,199.46434,56.32291,-33.636208
2.1890025,209.29224,52.808765,-37.18998
2.1981716,204.93448,130.95473,-88.143456
2.2088165,212.3011,135.91685,-85.51632
2.2189314,208.61748,140.69382,-83.319954
2.2297595,214.9385,144.80661,-81.85964
2.2395048,212.37659,148.90897,-80.578995
2.2503946,217.22127,152.88853,-79.51087
2.2602525,215.34029,156.6219,-78.67716
2.2731543,217.11713,163.36508,-77.76401
2.28343,215.75722,166.4264,-77.62065
2.295842,221.59953,169.14252,-77.63176
2.3048968,220.98022,171.49457,-77.738
2.3164194,225.46237,173.47284,-77.8973
2.3254642,218.48317,175.08136,-78.094604
2.3368723,232.68631,176.33081,-78.30579
2.3459466,229.82562,177.25497,-78.52691
2.3587825,251.43173,177.909,-78.76975
2.3678484,249.79066,178.36166,-79.04728
2.3792858,274.8166,178.6548,-79.36429
2.3881466,273.60736,178.83339,-79.719185
2.3989058,298.38583,178.88136,-80.148895
2.4069762,297.76993,178.77524,-80.6636
2.4190629,319.13516,178.52228,-81.23489
2.4309163,323.50342,176.09111,-82.53564
2.443821,344.89963,174.73947,-83.2547
2.4540093,344.72623,173.30936,-83.969955
2.4654195,355.07468,171.80727,-84.64816
2.4758463,354.05893,170.20633,-85.246284
2.4875867,1.2012006,168.4615,-85.69679
2.4978185,0.7987215,167.34662,-86.015
2.5110753,5.1938653,164.73956,-86.25444
2.5210073,5.7757254,163.24031,-86.32597
2.533416,7.8369303,161.60258,-86.36505
2.5430024,8.925414,159.82234,-86.33224
2.5549595,9.356033,157.908,-86.19519
2.5644248,11.49389,155.14478,-85.7948
2.5764582,11.931866,152.3034,-85.31722
2.5857077,14.647472,149.398,-84.786385
2.5977209,15.244255,146.44913,-84.23206
2.6095693,21.984995,140.50427,-83.18631
2.6219118,23.65128,137.54681,-82.70513
2.632197,27.530365,134.61528,-82.24962
2.6435318,29.141283,131.71768,-81.83418
2.6541045,33.307697,128.88159,-81.49191
2.6655061,35.21378,126.13794,-35.82158
2.6757498,39.20779,123.695,-33.387997
2.6890097,45.5863,119.27565,-29.029312
2.6989403,49.574413,117.033775,-26.833801
2.7114081,52.606556,114.927,-24.781876
2.7209623,56.266346,112.97665,-22.890282
2.7329066,61.095898,111.21231,-21.178253
2.7426093,64.20314,109.65668,-19.653687
2.7545474,73.21534,71.67611,-18.314356
2.7638774,76.68493,72.773605,-17.160585
2.7757344,87.912315,73.633095,-16.193253
2.7876055,92.40953,74.69353,-14.8183775
2.7998457,105.42526,74.90946,-14.443578
2.8100529,106.3363,74.93514,-14.291647
2.8214269,114.434616,74.780525,-14.366615
2.8318198,114.28825,74.45414,-14.664821
2.843392,128.9215,73.9578,-15.182617
2.8527641,127.76424,73.28116,-15.9257965
2.8643646,143.67976,72.400795,-16.906681
2.874585,141.5007,71.28523,-18.145008
2.8877594,154.43083,68.24942,-21.44429
2.897106,150.75665,66.30027,-23.509506
2.9093828,170.7709,64.05913,-25.843218
2.9189842,166.29652,61.527596,-28.437775
2.9309123,185.69315,58.713673,-31.282755
2.940192,181.35942,124.37334,-34.368526
2.952256,194.6122,127.71381,-37.676224
2.9615924,190.9475,131.27354,-85.20071
2.97349,202.54883,135.00926,-83.49976
2.9828763,198.93826,139.49118,-81.744705
2.9960713,204.91577,147.17053,-79.73426
3.00613,202.74515,150.79684,-79.120125
3.0176384,213.50252,154.11919,-78.775475
3.0277324,212.02536,157.06932,-78.62193
3.039265,222.19867,160.17471,-78.55022
3.0497322,221.23259,162.98792,-78.54872
3.0614038,226.07878,165.5143,-78.593094
3.0708141,225.56819,167.74257,-78.66982
3.0822265,229.83098,169.66882,-78.763756
3.092493,229.18791,171.32376,-78.8706
3.1057346,240.60092,172.44432,-79.229515
3.1150863,238.85242,172.73314,-79.497246
3.127455,257.2883,173.61482,-79.81776
3.1365905,252.90005,174.32947,-80.24794
3.1476097,275.119,174.90413,-80.799965
3.1568298,272.5401,175.33627,-81.483574
3.169707,296.4166,175.6356,-82.26714
3.1786623,297.45346,175.06354,-83.130424
3.1902037,320.74564,174.37991,-84.0042
3.1991055,318.61658,173.54666,-84.833855
3.2105255,335.23456,172.55692,-85.58419
3.2194936,333.43048,172.14462,-86.31381
3.2309349,346.13776,171.57875,-86.90487
3.239764,344.98602,170.84814,-87.34535
3.2524827,353.56946,168.8769,-87.86276
3.2630668,353.56238,167.64423,-88.02162
3.2742414,358.8611,166.2475,-88.13007
3.2836962,359.4432,164.69142,-88.18108
3.2945457,1.629732,162.99115,-88.152695
3.3040571,2.6995885,161.15862,-88.04057
3.3149037,3.4185271,158.48679,-87.654755
3.3243616,5.4621487,155.74792,-87.20177
3.3342073,5.277972,152.95956,-86.6946
3.345243,7.8279653,150.1276,-86.15664
3.3566058,7.399636,147.26599,-85.58601
3.3658748,10.413362,144.4118,-84.98351
3.3773003,11.629571,141.57745,-84.37656
3.3875608,15.037657,138.75952,-83.7787
3.399131,17.147312,135.97125,-83.189186
3.4096737,20.839283,133.24483,-82.60732
3.4213238,28.453592,128.02719,-37.725605
3.4312937,31.5981,125.54365,-35.22253
3.4431427,34.886402,123.586235,-33.270874
3.4532697,37.917492,121.363655,-31.056717
3.4646769,41.57202,119.29354,-29.014122
3.4741287,44.463573,117.37094,-27.139069
3.4862359,47.777836,115.60394,-25.436562
3.495525,53.117035,114.0095,-23.91272
3.507436,55.932625,112.61085,-22.574316
3.5173895,63.13754,111.43495,-21.431763
3.5306647,68.72895,70.23503,-19.714394
3.5412729,77.50532,70.7573,-19.120468
3.5521514,79.26565,71.088875,-18.707582
3.5627494,85.59274,71.24756,-18.479303
3.5735404,86.282486,71.25039,-18.43428
3.5840793,93.661446,71.09454,-18.579967
3.595453,93.35338,70.76979,-18.922638
3.6056933,98.96444,70.25569,-19.476143
3.6171188,97.697685,69.52802,-20.255207
3.6289392,111.79055,67.35966,-22.529211
3.6403697,109.23703,65.89748,-24.035717
3.650731,137.76355,64.18424,-25.783386
3.6621625,134.49089,62.217457,-27.772623
3.6716175,165.48854,59.98919,-30.010496
3.6839871,162.28844,122.50764,-32.502613
3.6934247,182.34184,125.27386,-35.24903
3.7054038,179.07619,128.30528,-86.24689
3.7153175,189.27774,131.57893,-84.95483
3.7285237,182.5245,139.56755,-82.228905
3.7389586,194.17035,143.25949,-81.14441
3.7499053,191.79349,146.97801,-80.18348
3.760462,204.01079,150.64928,-79.4317
3.7714362,202.17969,154.18343,-78.92111
3.781857,214.96957,157.48726,-78.59157
3.7934902,213.87117,160.54945,-78.37776
3.8037834,222.07848,163.39096,-78.235596
3.8173022,221.15099,168.26334,-78.06992
3.8271623,229.59853,170.26138,-78.0429
3.8387392,229.43489,171.93674,-78.055084
3.8489048,240.87827,173.29846,-78.10895
3.8603506,235.64319,174.401,-78.18789
3.869894,254.24994,175.2534,-78.287704
3.881914,251.66641,175.88582,-78.39661
3.8911805,274.99237,176.34477,-78.54129
3.9032376,273.65646,176.63481,-78.748405
3.9131837,297.47363,176.78473,-79.02422
3.9263604,296.25674,176.72607,-79.76941
3.9367604,317.9445,176.54411,-80.20714
3.9480956,317.93765,176.2463,-80.66052
3.9587185,335.7015,175.82016,-81.13035
3.9701436,336.5349,175.26822,-81.61991
3.9804041,350.6022,174.58752,-82.11206
3.9922118,351.46506,173.77797,-82.58043
4.0027103,358.37857,172.85522,-83.009705
4.015918,356.22736,170.66046,-83.68826
4.02575,0.8244593,169.4047,-83.94489
4.0374804,0.6809784,168.02635,-84.18414
4.0477347,2.3128152,166.50694,-84.41965
4.0597672,2.9102664,164.84608,-84.66312
4.0690384,3.983161,163.0822,-84.91987
4.0810304,5.052911,161.24725,-85.16932
4.0910163,6.3935575,159.33218,-85.36866
4.1043158,9.142668,155.16853,-85.457886
4.114316,9.864508,152.90814,-85.31469
4.1252913,11.623798,150.54814,-85.03687
4.135852,12.566527,148.10112,-84.65582
4.1467056,14.812372,145.55579,-84.22811
4.157476,15.757974,142.9124,-83.78515
4.1690307,18.58738,140.1993,-83.35042
4.179248,20.77997,137.4625,-82.95228
4.1905856,24.07727,134.74577,-82.605995
4.201236,26.826374,132.07437,-82.3106
4.2153306,34.188923,126.92347,-36.635178
4.225668,34.983154,124.46349,-34.160873
4.237773,38.835377,122.05218,-31.73938
4.2472267,41.846024,119.686676,-29.371874
4.2594066,45.736988,117.39069,-27.085205
4.2693586,50.088287,115.19546,-24.913902
4.2825484,55.613846,112.30038,-22.138947
4.292945,57.548813,111.71409,-21.625372
4.3041406,60.54824,110.15966,-20.122238
4.3147364,65.56042,108.79094,-18.786444
4.32644,68.587654,72.37256,-17.61915
4.3366957,81.01433,73.30867,-16.624197
4.3482666,83.72916,74.00493,-15.804329
4.3588796,101.88552,74.45311,-15.173697
4.372101,104.763405,74.62966,-14.549432
4.381967,122.86516,74.40029,-14.56465
4.3936987,123.07422,73.99205,-14.789813
4.403393,146.32147,73.422226,-15.22226
4.41574,145.65106,72.70224,-15.869639
4.4250937,168.61913,71.83256,-16.74714
4.436953,167.05505,70.8086,-17.860298
4.44695,187.9676,69.61168,-19.211802
4.458829,185.46202,68.22214,-20.797525
4.471509,200.66016,64.818146,-24.617336
4.4825234,196.90558,62.77086,-26.850863
4.4939737,213.73064,60.478622,-29.298462
4.5053096,227.58957,57.92721,-31.966497
4.5155973,221.20276,53.99529,-35.99113
4.527154,227.04501,129.04605,-89.71422
4.5402412,220.42212,135.63736,-86.1429
4.5524235,226.48569,139.10435,-84.66526
4.5621724,223.70561,142.62135,-83.41651
4.5741563,226.86153,146.12286,-82.443306
4.5835686,224.77888,149.52394,-81.75729
4.595546,227.25945,152.75082,-81.28779
4.6054554,226.23749,155.78247,-80.930885
4.617524,227.91656,158.58102,-80.61031
4.629188,228.2916,163.44632,-79.94727
4.6413517,234.42139,165.45352,-79.57164
4.65174,235.15677,167.12856,-79.17886
4.663297,240.20845,168.48157,-78.77767
4.6726913,240.82336,169.53137,-78.37354
4.684038,249.32338,170.3282,-77.994316
4.6943226,249.43173,170.92688,-77.632774
4.705663,269.3879,171.35167,-77.34008
4.718191,267.24542,171.46982,-77.23654
4.730686,288.8981,171.26234,-77.50826
4.73971,286.21167,170.89348,-77.96216
4.752047,308.93964,170.97102,-78.34081
4.7613297,306.57355,170.91791,-78.86368
4.773328,326.93097,170.05125,-79.56129
4.782718,324.94482,169.06606,-80.259674
4.7946677,342.23505,167.97617,-80.93331
4.80526,341.16095,166.77223,-81.53877
4.8190355,353.64285,164.05122,-82.50597
4.82965,353.4621,162.5253,-82.895744
4.8409867,3.032803,160.83092,-83.21112
4.8512635,3.2943854,158.94379,-83.40813
4.862877,9.663787,156.86288,-83.47598
4.873334,10.58861,154.59685,-83.42919
4.888285,16.50728,149.64053,-83.1999
4.898429,18.403465,147.01587,-83.11009
4.9104447,22.417011,144.31189,-83.035225
4.9197674,24.873554,141.5333,-82.93448
4.93173,27.103832,138.69252,-82.77128
4.94169,30.089542,135.80533,-82.532585
4.953617,31.941961,132.87718,-82.21136
4.963489,35.449234,129.92197,-81.811516
4.977268,40.701733,124.06883,-33.725544
4.9878845,44.762474,121.240776,-30.870213
4.999513,47.10403,118.483925,-28.091785
5.0097327,51.32537,115.83599,-25.43077
5.021073,53.378532,113.32062,-22.914911
5.0315576,57.51162,110.915535,-20.530493
5.046479,65.880684,106.369,-16.123682
5.056763,67.27276,105.68633,-15.56116
5.069091,69.35655,105.12771,-15.098333
5.0783305,72.76577,76.5293,-13.469196
5.0903425,81.01476,77.85368,-12.074376
5.099479,84.56568,78.82125,-10.902042
5.1113806,100.59874,79.43662,-9.934095
5.121856,102.874344,79.72816,-9.166764
5.1355786,122.92384,79.52592,-8.29862
5.146118,123.47374,79.136215,-8.259278
5.157765,145.6906,78.60817,-8.499346
5.168042,145.20793,77.976364,-8.989862
5.1794434,168.15417,77.2605,-9.711827
5.1902432,166.7058,76.451225,-10.672152
5.204713,184.09,74.404594,-13.409473
5.21479,180.95361,73.03862,-15.24245
5.226695,197.24973,71.36582,-17.378578
5.235977,192.8914,69.351654,-19.804607
5.24791,205.51425,66.98508,-22.504198
5.257248,200.1827,64.27744,-25.459703
5.2691355,208.92804,59.961323,-29.974241
5.2799473,201.28983,55.351185,-34.647785
5.2936797,208.17598,132.23582,-86.07224
5.3043413,204.26265,136.39359,-84.34093
5.315731,212.79283,140.71408,-82.885475
5.3260694,209.5456,145.092,-81.69466
5.3376684,216.07234,149.45305,-80.72647
5.3467135,213.62102,153.77005,-79.93508
5.358064,219.56264,157.99904,-79.2871
5.3695297,217.9205,162.07137,-78.80611
5.3833175,222.35544,169.82465,-78.549904
5.392605,218.10603,173.46327,-78.751755
5.404957,212.88841,176.7404,-79.09843
5.414204,208.57733,179.60005,-79.503235
5.426531,215.31216,-177.98552,-79.8743
5.4364467,211.13594,-176.0319,-80.18417
5.4484534,220.28293,-174.52719,-80.42696
5.4579234,216.14027,-173.45804,-80.619965
5.4716697,236.2144,-172.3805,-81.06246
5.4824543,235.86853,-172.2362,-81.380844
5.493783,261.46204,-172.28093,-81.75702
5.503156,261.0031,-172.49136,-82.163445
5.514542,286.066,-172.87213,-82.57118
5.5248103,286.0342,-173.44386,-82.970695
5.5361004,307.65503,-174.22345,-83.36458
5.5475335,310.31354,-175.20815,-83.7382
5.561151,332.5555,-177.7367,-84.333115
5.570651,334.53467,-179.25902,-84.53218
5.5827427,346.30988,179.05467,-84.6666
5.5920215,348.93893,177.20941,-84.72663
5.6040497,0.6562343,175.2151,-84.698
5.6134152,1.3776112,173.08513,-84.57824
5.6252904,5.406055,170.82692,-84.38873
5.635966,6.5671644,167.7143,-84.03501
5.648233,11.499817,161.29878,-83.25092
5.658233,16.319403,154.79536,-82.45398
5.6708026,16.319403,154.79536,-82.45398
5.680523,19.56736,151.54053,-82.058075
5.688274,22.573675,148.29529,-81.65448
5.698274,28.794636,141.91403,-80.8553
5.7075424,28.794636,141.91403,-80.8553
5.7155423,32.27939,138.81992,-80.47897
5.7254863,35.259655,135.81259,-80.09542
5.732277,35.259655,135.81259,-80.09542
5.747143,42.345448,130.0479,-79.36483
5.7530055,42.345448,130.0479,-79.36483
5.766928,50.259735,124.64576,-34.15116
5.7727976,50.259735,124.64576,-34.15116
5.786674,58.252197,119.733284,-29.33208
5.7925367,58.252197,119.733284,-29.33208
5.8065343,63.19014,117.733284,-27.534632
5.8123794,63.19014,117.733284,-27.534632
5.826191,71.68196,114.17758,-24.133526
5.832031,71.68211,114.177505,-24.133581
5.8459864,81.30885,68.40636,-21.586248
5.8518453,81.30915,68.406525,-21.586275
5.865763,94.88969,69.94601,-19.917442
5.8716025,94.88969,69.94601,-19.917442
5.88554,109.84929,70.55245,-19.104458
5.8913827,109.84929,70.55245,-19.104458
5.905352,121.73304,70.36603,-19.15399
5.9112015,121.73304,70.36603,-19.15399
5.9251304,130.38202,69.34081,-20.188791
5.9309826,130.38202,69.34081,-20.188791
5.9449162,140.19179,67.396774,-22.255333
5.9508023,140.19179,67.396774,-22.255333
5.9646473,149.83415,64.43178,-25.373507
5.9705467,149.83415,64.43178,-25.373507
5.9844337,157.59694,60.31474,-29.617474
5.9902864,157.59694,60.31474,-29.617474
6.005769,157.16782,55.052986,-34.94282
6.016274,152.00748,129.0454,-88.9383
6.0270033,162.14742,133.31004,-87.127045
6.0360737,158.88925,136.7867,-85.93038
6.0477104,172.24455,140.45538,-84.82591
6.056587,169.3108,144.28275,-83.82041
6.068158,182.2964,148.20996,-82.9209
6.0770116,179.94722,152.17871,-82.13968
6.0883737,191.5227,156.13536,-81.50226
6.098677,189.87172,160.0222,-81.03503
6.1100574,199.69203,163.81746,-80.71123
6.121812,198.90889,167.48447,-80.48229
6.135806,209.9638,174.18993,-80.16444
6.1438704,199.79065,177.23955,-80.08011
6.156215,211.95851,-179.3118,-80.10729
6.165527,205.43448,-176.07895,-80.17428
6.177454,217.96072,-173.09666,-80.26586
6.1857586,218.14427,-170.40146,-80.357254
6.1978736,242.93001,-168.0016,-80.43627
6.2062845,242.5502,-165.90167,-80.50616
6.2182856,266.22388,-164.10854,-80.58266
6.2292457,265.4994,-162.60567,-80.695175
6.241756,286.61493,-161.37125,-80.89833
6.252368,285.17352,-159.61803,-81.706245
6.263731,302.28455,-159.797,-82.322296
6.2733364,301.99115,-160.17029,-83.07328
6.284709,316.3069,-159.9605,-83.97212
6.29495,316.03787,-159.89964,-84.93347
6.306702,326.9425,-159.98376,-85.89193
6.317242,327.0513,-160.21577,-86.796906
6.330163,334.90524,-160.60368,-87.6133
6.340511,335.31448,-161.13925,-88.325195
6.353854,341.11142,-164.13098,-89.208626
6.3618994,341.669,-165.84314,-89.43042
6.37383,344.7036,-166.93715,-89.602356
6.3832793,344.98886,-168.16501,-89.66315
6.3952193,346.62863,-169.51651,-89.61696
6.4045815,346.83707,-170.97925,-89.46516
6.416573,347.13583,-172.53874,-89.214836
6.4270177,347.22644,-174.1772,-88.87813
6.439594,345.93173,-176.58968,-88.31334
6.451067,350.07785,178.49841,-86.99986
6.4627666,353.3841,176.01259,-86.27973
6.4730377,355.5139,173.51968,-85.53333
6.4845943,356.1744,171.02686,-84.76799
6.4935822,358.30856,168.54631,-83.99812
6.5049167,359.6306,166.09062,-83.23242
6.5166335,2.1448288,163.67772,-82.48917
6.530567,6.22401,159.02466,-81.1141
6.539585,9.124883,156.78375,-80.52265
6.551765,11.272412,154.60591,-80.016685
6.5610375,14.2712555,152.49963,-79.61175
6.5730624,16.63259,150.47409,-79.31139
6.582504,19.628668,148.54065,-79.13008
6.5944104,22.860937,146.7088,-79.07838
6.605052,25.777277,144.99216,-79.14882
6.6174555,28.741795,143.38008,-79.33968
6.6270266,31.524708,141.86534,-79.651634
6.6402373,36.83808,139.11421,-80.65689
6.6492043,39.3354,137.8595,-81.350975
6.6608186,44.06159,136.68533,-82.18222
6.6711802,46.38443,135.58893,-83.20216
6.6831627,53.875202,134.56085,-84.439514
6.6946135,56.094593,133.61797,-85.90977
6.7061763,61.50946,132.78937,-87.64802
6.716365,63.6831,132.10071,-89.6653
6.7296557,76.72072,48.719597,-85.48909
6.7377095,80.47741,48.77699,-82.71456
6.7499094,96.47439,48.66938,-79.14852
6.759148,100.385925,48.316788,-75.465965
6.7711062,124.0131,47.702488,-71.69104
6.7795296,127.26938,46.594284,-68.5488
6.7915525,154.94026,45.195835,-65.536705
6.7999606,157.81808,43.540604,-62.697853
6.811948,184.659,41.67493,-60.077007
6.822566,187.20442,39.652386,-57.708412
6.835086,210.25336,37.525135,-55.606693
6.844679,212.4846,35.346275,-53.73365
6.857928,232.85011,30.969,-50.604294
6.867023,234.68405,28.82514,-49.27874
6.8786173,246.2504,26.720545,-48.047726
6.888876,247.90349,24.636786,-46.890198
6.900423,254.4591,22.572716,-45.77894
6.9121847,255.92813,20.546093,-44.706535
6.9237647,259.53656,18.578215,-43.658333
6.933947,260.78723,16.689215,-42.631565
6.9471865,262.1723,13.223976,-40.609604
6.9552426,263.096,11.656526,-39.601948
6.9671445,259.72717,10.170525,-38.59697
6.976459,260.54675,8.710792,-37.59914
6.9884057,255.49615,7.235223,-36.590183
6.996214,256.30203,5.7241006,-35.56407
7.008257,249.97546,4.180281,-34.51721
7.016068,250.75269,2.6208231,-33.44384
7.028135,244.40022,1.0613432,-32.360447
7.035841,245.104,-0.4920947,-31.283916
7.0478005,240.2622,-2.033918,-30.21244
7.0557246,240.88388,-3.5527537,-29.142864
7.067843,237.0976,-5.014117,-28.060108
7.076265,237.6374,-6.400019,-26.978226
7.0881443,235.33693,-7.71222,-25.907944
7.0965734,235.8443,-8.978437,-24.832674
7.1085367,234.17664,-10.223035,-23.753387
7.119248,234.67313,-11.45745,-22.690409
7.131685,233.26288,-12.690658,-21.650146
7.141083,233.75604,-13.921318,-20.620016
7.154348,232.95328,-16.37005,-18.616179
7.1624846,233.43025,-17.581587,-17.642797
7.1741633,231.66127,-18.777046,-16.683096
7.184512,232.13956,-19.943903,-15.744667
7.1959352,230.8226,-21.070803,-14.835788
7.2061768,231.30424,-22.159233,-13.960386
7.216759,229.9364,-23.224226,-13.112813
7.226759,230.89926,-25.296133,-11.492808
7.2366385,230.89926,-25.296133,-11.492808
7.2463236,229.6004,-26.291634,-10.739087
7.2637897,228.6001,-28.189491,-9.339635
7.2748814,229.06842,-29.094769,-8.69032
7.285261,228.1276,-29.978859,-8.082726
7.2952614,227.70189,-31.70063,-6.979259
7.3038764,227.70189,-31.70063,-6.979259
7.3124905,228.18521,-32.546646,-6.4704733
7.3244047,227.29475,-33.38901,-5.99091
7.3397255,226.35185,-34.229767,-5.5316343
7.352483,227.30444,-35.884457,-4.679237
7.3630037,226.87578,-36.687702,-4.317778
7.379652,226.28952,-37.468002,-4.0021467
7.3898697,226.76717,-38.220734,-3.7386165
7.403377,227.01979,-39.669693,-3.3394785
7.4187417,226.26202,-40.368973,-3.189972
7.4328847,227.24567,-41.742847,-2.9723506
7.4426923,226.77547,-42.41497,-2.8600197
7.452692,226.74677,-43.679928,-2.6539192
7.4618073,226.74677,-43.679928,-2.6539192
7.469855,227.22173,-44.262142,-2.5637367
7.48248,226.83261,-44.814793,-2.4715579
7.491795,227.29535,-45.3349,-2.3729918
7.5038733,227.0904,-45.81461,-2.2732446
7.514772,227.50735,-46.25489,-2.1639674
7.527291,226.77716,-46.663982,-2.0393665
7.536934,227.1293,-47.052185,-1.8988421
7.5501475,226.3474,-47.791386,-1.5738965
7.5591116,226.65027,-48.134563,-1.392065
7.5703936,226.0206,-48.457478,-1.2115296
7.5806837,226.28754,-48.76186,-1.0296878
7.5924497,225.8949,-49.053513,-0.84902793
7.603019,226.12434,-49.33509,-0.67569906
7.615676,225.56836,-49.59903,-0.5093054
7.6260185,225.81604,-49.83693,-0.3475852
7.639297,225.7761,-50.219395,-0.104145125
7.6473017,226.00702,-50.393982,0.001309781
7.659288,225.87215,-50.57599,0.100946695
7.6685686,226.07031,-50.76672,0.18842828
7.680777,225.96687,-50.96163,0.25996667
7.6907268,226.14061,-51.15999,0.30335054
7.7028303,226.12985,-51.363567,0.3250117
7.712546,226.28154,-51.56818,0.33757916
7.7249537,226.21031,-51.769573,0.2762736
7.734481,226.34148,-51.951626,0.28299424
7.7464175,226.24118,-52.101658,0.28018546
7.7579637,226.4563,-52.294697,0.24302773
7.769703,226.37726,-52.36775,0.21212234
7.7799344,226.45831,-52.44792,0.18751085
7.7912793,226.3539,-52.539597,0.1648076
7.8021736,226.4067,-52.64332,0.14372072
7.813817,226.20804,-52.752666,0.13537996
7.823891,226.22289,-52.862743,0.1396444
7.8371234,225.9491,-53.042625,0.14884856
7.845237,225.92035,-53.104477,0.1584534
7.857324,225.64334,-53.154552,0.1791748
7.866606,225.58633,-53.198975,0.20714715
7.878527,225.31062,-53.24249,0.2392139
7.88781,225.24582,-53.285923,0.27302104
7.899878,225.038,-53.330124,0.29326674
7.910307,225.00711,-53.378494,0.30849624
7.922764,224.85399,-53.435802,0.32659453
7.9322615,224.85454,-53.501,0.3373434
7.9443893,224.7238,-53.567215,0.34409073
7.9537745,224.75194,-53.629204,0.3470269
7.9670663,224.64897,-53.70111,0.33306703
7.97734,224.70122,-53.701035,0.31544453
7.9887037,224.4906,-53.697464,0.2867881
7.999876,224.54811,-53.696835,0.26229742
8.011508,224.41762,-53.714733,0.24210712
8.021644,224.46027,-53.750378,0.22987069
8.03323,224.34454,-53.798843,0.21934922
8.045096,224.44742,-53.913017,0.18449189
8.057016,224.38368,-53.96249,0.15890965
8.066963,224.4423,-54.006134,0.13281651
8.078886,224.47183,-54.04273,0.108938776
8.088318,224.52484,-54.074852,0.0895836
8.100803,224.53067,-54.09934,0.07373964
8.110391,224.57426,-54.11679,0.054498542
8.121823,224.58757,-54.130684,0.030260896
8.132073,224.62816,-54.148098,0.003935307
8.1438055,224.69946,-54.239567,-0.044370636
8.152564,224.7365,-54.313683,-0.06003786
8.163508,224.87352,-54.38722,-0.0811124
8.173261,224.90662,-54.449936,-0.10432172
8.184073,224.95644,-54.50046,-0.1267717
8.193903,224.97188,-54.542896,-0.14956911
8.205002,225.03429,-54.583714,-0.16896006
8.21492,225.03073,-54.632195,-0.18214893
8.225702,225.09471,-54.689365,-0.19059928
8.236976,225.07147,-54.74916,-0.19290498
8.248347,224.98975,-54.801113,-0.19253704
8.257245,224.96704,-54.848022,-0.19768456
8.26809,224.83041,-54.895218,-0.20253335
8.2775955,224.81065,-54.94373,-0.20438415
8.288825,224.7004,-54.995262,-0.20192055
8.298548,224.6765,-55.040283,-0.18841277
8.309526,224.59303,-55.070206,-0.17378786
8.318956,224.57121,-55.084835,-0.16077548
8.329843,224.45303,-55.092594,-0.13995533
8.339953,224.42203,-55.09985,-0.12186302
8.352777,224.35938,-55.13638,-0.09342946
8.360748,224.33055,-55.18644,-0.0846687
8.37318,224.41878,-55.258064,-0.075981945
8.38308,224.4035,-55.339046,-0.067118
8.394969,224.50798,-55.409306,-0.060763907
8.404851,224.49915,-55.45598,-0.061206605
8.417221,224.56458,-55.482418,-0.065029375
8.426875,224.56276,-55.49698,-0.07144127
8.438947,224.51425,-55.51227,-0.07675229
8.448198,224.51202,-55.53723,-0.07596306
8.461887,224.55153,-55.617317,-0.054721996
8.472131,224.54527,-55.655197,-0.042660892
8.483465,224.64886,-55.691387,-0.029273825
8.494334,224.63995,-55.726788,-0.012982838
8.5059595,224.61275,-55.7698,-0.0010863414
8.516058,224.60036,-55.82634,0.0127962
8.527455,224.52928,-55.894745,0.03195636
8.537931,224.50818,-55.96742,0.053798724
8.551647,224.45563,-56.088825,0.093656406
8.5616,224.42375,-56.129135,0.11504136
8.57356,224.4688,-56.159206,0.12990555
8.582799,224.44151,-56.18483,0.13985491
8.5952,224.45267,-56.211433,0.15092868
8.6047125,224.41626,-56.237602,0.1665438
8.61666,224.29158,-56.268337,0.17903733
8.626429,224.25174,-56.308113,0.18573913
8.639997,224.15237,-56.384373,0.1783551
8.65055,224.11609,-56.41668,0.16593911
8.660457,224.07921,-56.448784,0.14507908
8.670999,224.07292,-56.479435,0.12397239
8.683112,224.03662,-56.510647,0.09998085
8.694239,224.12402,-56.534904,0.07100604
8.705089,224.09703,-56.56054,0.03867448
8.715767,224.03735,-56.58889,0.0018328587
8.729448,224.00871,-56.65138,-0.080612324
8.7395,224.04489,-56.681614,-0.119597256
8.751567,224.02983,-56.70415,-0.15730245
8.761345,224.01692,-56.71751,-0.19316824
8.773111,223.99783,-56.72824,-0.22867239
8.78319,223.94894,-56.73838,-0.26667097
8.794596,223.93219,-56.756744,-0.30082014
8.804005,223.8962,-56.781704,-0.32960045
8.817858,223.86081,-56.837708,-0.37686172
8.828541,223.91324,-56.862366,-0.39017725
8.838368,223.88705,-56.880978,-0.398447
8.848966,224.01175,-56.90004,-0.4016523
8.861106,223.97932,-56.92276,-0.39890972
8.8722315,223.99838,-56.947083,-0.3908526
8.883065,223.96716,-56.96873,-0.3816833
8.893656,223.93051,-56.985718,-0.37059358
8.907225,223.84637,-56.985897,-0.33895132
8.917174,223.86041,-56.972687,-0.3251045
8.929077,223.81229,-56.959923,-0.30944115
8.939298,223.9282,-56.958492,-0.2908328
8.951152,223.89217,-56.96574,-0.27407488
8.961208,223.90198,-56.97416,-0.26174372
8.972721,223.86316,-56.97977,-0.24327485
8.982184,223.85335,-56.980343,-0.22210453
8.99587,223.7677,-56.959194,-0.17460965
9.006623,223.79987,-56.944366,-0.14894888
9.018013,223.7575,-56.9306,-0.12171507
9.02889,223.79076,-56.920002,-0.09613015
9.040114,223.75537,-56.913284,-0.07032599
9.050662,223.88966,-56.911385,-0.047955688
9.061657,223.86508,-56.9136,-0.029551214
9.072172,223.90828,-56.91786,-0.019127881
9.0857525,223.89418,-56.929043,-0.017855989
9.095743,223.94945,-56.937492,-0.022935702
9.1089115,223.94391,-56.95528,-0.026371647
9.119256,223.99039,-56.985237,-0.02886333
9.131118,223.99043,-57.02231,-0.033834115
9.140548,223.95508,-57.06398,-0.04071323
9.152579,223.95583,-57.099487,-0.046456408
9.164433,224.04066,-57.16064,-0.06423159
9.176161,224.03769,-57.191948,-0.06279292
9.18713,224.11093,-57.218307,-0.06226859
9.198358,224.10506,-57.23404,-0.061187435
9.209033,224.06496,-57.24455,-0.057478786
9.219939,224.0442,-57.25359,-0.047746263
9.230341,223.95213,-57.26782,-0.035683207
9.2436495,223.8904,-57.311367,0.008756675
9.253557,223.84119,-57.34372,0.035770513
9.265877,223.80565,-57.38088,0.06411162
9.275628,223.64003,-57.42153,0.09828387
9.2884865,223.59758,-57.460163,0.13177186
9.2981825,223.53384,-57.493076,0.1644721
9.310701,223.48979,-57.512302,0.19789496
9.322391,223.4255,-57.543217,0.26001677
9.3324995,223.3961,-57.56118,0.2854957
9.343013,223.52124,-57.57946,0.30735672
9.355929,223.50046,-57.60212,0.32418162
9.366934,223.50125,-57.626995,0.33984348
9.377773,223.48814,-57.663723,0.35085267
9.388361,223.51163,-57.7093,0.3613915
9.39917,223.50383,-57.76024,0.37350085
9.409404,223.56403,-57.810764,0.38512453
9.422652,223.55092,-57.86978,0.41247594
9.433762,223.6362,-57.87838,0.4235497
9.445734,223.62524,-57.882896,0.4343767
9.455774,223.56099,-57.89286,0.4456961
9.467254,223.5439,-57.919437,0.45879588
9.476731,223.53087,-57.96001,0.47611445
9.488749,223.50578,-58.007923,0.49525654
9.500634,223.535,-58.07938,0.5358859
9.51208,223.50754,-58.094654,0.55316406
9.523341,223.58882,-58.097496,0.566644
9.53478,223.56577,-58.095375,0.5788209
9.545283,223.57518,-58.098923,0.5887456
9.556126,223.55626,-58.113407,0.59766746
9.56654,223.52983,-58.134617,0.60645574
9.578097,223.51923,-58.158295,0.61586875
9.590065,223.45894,-58.204918,0.6180408
9.603169,223.45677,-58.227753,0.6161611
9.612939,223.40933,-58.250893,0.61308163
9.624931,223.4057,-58.27924,0.61367893
9.6345215,223.34,-58.31444,0.61644375
9.646964,223.33052,-58.350506,0.62233365
9.656269,223.32141,-58.379158,0.6294282
9.6695175,223.29027,-58.41421,0.64196855
9.6815605,223.37093,-58.42817,0.646281
9.692668,223.35258,-58.452282,0.653747
9.703331,223.30048,-58.487015,0.6650173
9.714535,223.29144,-58.52118,0.6781153
9.724973,223.20934,-58.54841,0.6878988
9.736551,223.20593,-58.55696,0.701718
9.748378,223.18784,-58.551533,0.73161525
9.761579,223.19012,-58.555416,0.7490007
9.771738,223.16849,-58.568832,0.7692541
9.78237,223.16992,-58.588947,0.7933159
9.792326,223.15369,-58.612232,0.8191313
9.804098,223.14961,-58.631943,0.84661144
9.813686,223.0621,-58.651157,0.8742683
9.825656,223.0571,-58.674763,0.8976369
9.837527,223.05598,-58.722313,0.9355623
9.850014,223.04659,-58.74267,0.9513202
9.860814,223.01176,-58.760754,0.9636484
9.871729,222.99168,-58.77233,0.97875416
9.882234,222.93933,-58.784077,0.9923612
9.89417,222.91411,-58.801865,1.0015501
9.903622,222.86057,-58.82586,1.0095342
9.917929,222.80505,-58.883976,1.025096
9.92818,222.8022,-58.91552,1.0303028
9.939726,222.78345,-58.946793,1.0344114
9.949679,222.84094,-58.96866,1.0384549
9.961173,222.8298,-58.979652,1.0411257
9.970586,222.83376,-58.985966,1.0463408
9.983554,222.82472,-58.98727,1.0508475
9.992872,222.83035,-58.99009,1.0603166
10.006155,222.80672,-59.00735,1.0839995
10.017919,222.8883,-59.010487,1.0963387
10.029131,222.87802,-59.00909,1.1065078
10.039671,222.85313,-59.00511,1.1173842
10.055518,222.82704,-59.01372,1.1408511
10.066052,222.81401,-59.030903,1.1571183
10.07943,222.8886,-59.04848,1.1732016
10.088987,222.8775,-59.057533,1.1882027
10.100852,223.03055,-59.060368,1.1999719
10.11001,223.0102,-59.063046,1.2128985
10.120373,223.1822,-59.079975,1.2301278
10.129604,223.16115,-59.112186,1.247691
10.1405325,223.38269,-59.15176,1.2636763
10.15078,223.36168,-59.187687,1.2789859
10.165088,223.69012,-59.221264,1.3071506
10.174283,223.66814,-59.221394,1.3217869
10.186754,224.01175,-59.216183,1.3377725
10.197019,223.98744,-59.209198,1.3543409
10.206639,224.21631,-59.200447,1.3696392
10.216013,224.19609,-59.19853,1.380874
10.228184,224.44315,-59.204845,1.3888651
10.239257,224.43945,-59.21772,1.3951529
10.254358,224.6969,-59.24085,1.4034048
10.262687,224.71,-59.241116,1.4047533
10.277069,224.93025,-59.236763,1.4031128
10.285487,224.94232,-59.23239,1.4032242
10.297628,225.10712,-59.238163,1.4023736
10.306994,225.12488,-59.248287,1.4011279
10.31967,225.31894,-59.260525,1.4028125
10.327329,225.32744,-59.26842,1.4057987
10.339643,225.53288,-59.270115,1.4093196
10.348825,225.53992,-59.26811,1.4116598
10.362394,225.7334,-59.279465,1.4147432
10.371791,225.73961,-59.296806,1.4107001
10.384677,225.8566,-59.317852,1.4042772
10.395411,225.87286,-59.339066,1.3955077
10.406763,225.87721,-59.36332,1.385477
10.41572,225.90147,-59.383224,1.3731533
10.428641,226.19705,-59.394035,1.3639367
10.437954,226.22705,-59.39467,1.3516622
10.449287,226.51062,-59.388783,1.3388631
10.460202,226.53464,-59.383442,1.3252615
10.474981,226.76707,-59.395092,1.3110635
10.485778,226.90565,-59.41594,1.3110929
10.49707,226.91248,-59.442448,1.3114957
10.509923,227.00182,-59.485203,1.3168083
10.519381,227.0114,-59.49582,1.317142
10.529052,227.1349,-59.504467,1.3233293
10.541142,227.13605,-59.511105,1.3295786
10.55192,227.22049,-59.51596,1.3354098
10.560974,227.21855,-59.519745,1.342992
10.571791,227.20206,-59.522785,1.3486806
10.582475,227.19972,-59.52696,1.3524009
10.591258,227.17549,-59.536137,1.3522182
10.601754,227.1823,-59.555,1.3452239
10.611746,227.19743,-59.580658,1.336402
10.621774,227.20103,-59.6097,1.325691
10.63132,227.16269,-59.6376,1.31463
10.640699,227.16356,-59.662045,1.3035918
10.651348,227.08849,-59.68599,1.2921726
10.661348,227.09398,-59.721024,1.2669501
10.671176,227.09398,-59.721024,1.2669501
10.678999,227.1558,-59.735306,1.2535539
10.691885,227.15935,-59.750523,1.2408692
10.701781,227.18483,-59.763874,1.2319117
10.713703,227.19434,-59.781578,1.2205619
10.723717,227.202,-59.802856,1.210602
10.735636,227.20456,-59.818592,1.2071785
10.7450075,227.14546,-59.83088,1.2073636
10.758216,227.12233,-59.86646,1.2164484
10.769298,227.0543,-59.88806,1.2286894
10.778988,227.03372,-59.91569,1.2413586
10.789274,226.92105,-59.94506,1.2568777
10.798612,226.90369,-59.975113,1.2670664
10.807873,226.92067,-60.006104,1.2762717
10.817707,226.90317,-60.036674,1.2862154
10.827297,226.88383,-60.058422,1.2955674
10.838809,226.8663,-60.06739,1.3051261
10.849768,226.94835,-60.064247,1.3124009
10.8616,226.93362,-60.056316,1.3155859
10.871362,226.96393,-60.055504,1.3162998
10.881298,226.95602,-60.066147,1.3154441
10.890474,227.09143,-60.092735,1.3148193
10.901211,227.0936,-60.122578,1.312369
10.911074,227.25113,-60.146667,1.3070562
10.920986,227.25584,-60.16205,1.3023199
10.930219,227.46013,-60.16924,1.2984626
10.9413185,227.45972,-60.176617,1.2950088
10.9513,227.57567,-60.18616,1.2905302
10.961303,227.57942,-60.205387,1.285464
10.970654,227.74904,-60.230618,1.2786891
10.981015,227.75558,-60.25457,1.2697228
10.991016,227.83505,-60.276638,1.26602
11.001017,227.83505,-60.276638,1.26602
11.006148,227.83505,-60.276638,1.26602
11.015474,227.83115,-60.267895,1.2645284
11.025024,227.86037,-60.257774,1.2620044
11.035607,227.85576,-60.25332,1.2541896
11.044792,227.85788,-60.251537,1.243339
11.055041,227.85258,-60.25446,1.2317499
11.065968,227.80614,-60.253315,1.2155992
11.076829,227.81155,-60.24891,1.19273
11.087366,227.71925,-60.24425,1.1686895
11.09831,227.73328,-60.241093,1.1431466
11.108803,227.518,-60.237995,1.1182443
11.120593,227.53261,-60.233486,1.0958958
11.131096,227.37283,-60.22913,1.0791675
11.144367,227.39813,-60.217915,1.0477558
11.154385,227.27153,-60.215324,1.0325205
11.165981,227.28746,-60.217045,1.0202714
11.176074,227.10303,-60.222054,1.0079442
11.188626,227.12982,-60.22863,0.9979742
11.198326,226.919,-60.23087,0.9927406
11.21069,226.94456,-60.224155,0.9902386
11.220683,226.78168,-60.20355,0.98977757
11.234021,226.81134,-60.152035,0.99335593
11.244444,226.62195,-60.141716,0.99924165
11.255471,226.62772,-60.14502,1.0063394
11.266018,226.47366,-60.15454,1.0119251
11.2769,226.48103,-60.163967,1.0160842
11.287356,226.25246,-60.169712,1.0211891
11.299179,226.26071,-60.16845,1.0293701
11.309454,226.09113,-60.164745,1.0366931
11.3227215,226.11475,-60.160217,1.0551947
11.332513,226.06233,-60.158905,1.0692239
11.344098,226.07663,-60.15441,1.082727
11.352915,225.97644,-60.144844,1.0964698
11.364416,225.99013,-60.132496,1.1107125
11.37441,225.8147,-60.11773,1.1236337
11.386221,225.82848,-60.10346,1.1348556
11.396004,225.68356,-60.08964,1.1465248
11.408308,225.6974,-60.07815,1.1557378
11.418278,225.60294,-60.0673,1.1668303
11.431622,225.6426,-60.052006,1.1760255
11.441993,225.62547,-60.04542,1.1774844
11.453014,225.65387,-60.04358,1.1737297
11.463585,225.66803,-60.042152,1.1634235
11.474822,225.6975,-60.042698,1.1515003
11.485448,225.66954,-60.042664,1.1397591
11.49702,225.6878,-60.04235,1.1281923
11.508673,225.67834,-60.044212,1.1161616
11.523005,225.70973,-60.049706,1.0867018
11.533189,225.63176,-60.04575,1.066516
11.544655,225.64711,-60.048252,1.0446174
11.55411,225.50108,-60.055107,1.0256414
11.566459,225.5175,-60.062668,1.0089815
11.575749,225.43658,-60.064724,0.99684817
11.587778,225.44861,-60.05311,0.9851343
11.601382,225.47577,-60.010117,0.9596053
11.612521,225.50237,-59.995857,0.940427
11.622927,225.41408,-59.99127,0.9214508
11.634495,225.45345,-59.99222,0.90005654
11.644749,225.3838,-59.991055,0.8769524
11.656499,225.41771,-59.98759,0.8601622
11.667026,225.34477,-59.981842,0.8469725
11.681257,225.38254,-59.975586,0.8309363
11.691545,225.30331,-59.974224,0.82408786
11.703854,225.31279,-59.966133,0.8167168
11.713188,225.38297,-59.95814,0.80521995
11.725162,225.39357,-59.950874,0.791047
11.734283,225.40228,-59.943573,0.77522695
11.746604,225.41083,-59.93828,0.7603183
11.759459,225.36653,-59.930244,0.7267088
11.770556,225.3734,-59.928413,0.7089472
11.781097,225.38985,-59.931194,0.6904916
11.792409,225.40378,-59.93394,0.67197603
11.8027,225.39656,-59.93616,0.654098
11.814279,225.40416,-59.933655,0.6368508
11.82587,225.4285,-59.925095,0.6190191
11.839788,225.43379,-59.920895,0.5930641
11.84958,225.32294,-59.920948,0.5826696
11.86204,225.32268,-59.923813,0.5745101
11.87133,225.31683,-59.924023,0.56979924
11.883303,225.31458,-59.919125,0.5638134
11.893191,225.34389,-59.914127,0.55835044
11.905147,225.34132,-59.910664,0.55691564
11.917807,225.35812,-59.894653,0.5579729
11.929324,225.34897,-59.875957,0.5642532
11.939716,225.36572,-59.855125,0.57359666
11.951329,225.3497,-59.837574,0.5831815
11.961556,225.37396,-59.83043,0.59411913
11.973327,225.36356,-59.832985,0.60382974
11.986902,225.38795,-59.837814,0.6220604
11.997526,225.3824,-59.830776,0.6318131
12.007544,225.39912,-59.813374,0.6393633
12.018283,225.3987,-59.78835,0.64966303
12.027742,225.35817,-59.756725,0.6606863
12.039102,225.35973,-59.72785,0.67106545
12.048377,225.30148,-59.708046,0.6802687
12.058612,225.31126,-59.693096,0.6878912
12.067937,225.26308,-59.6797,0.6917925
12.078641,225.27711,-59.6662,0.6940203
12.087934,225.28171,-59.64732,0.69412446
12.099594,225.2965,-59.630817,0.69326603
12.108869,225.28746,-59.611923,0.6899661
12.119473,225.3056,-59.594673,0.6836584
12.129559,225.27585,-59.57756,0.6768208
12.141482,225.28642,-59.566135,0.67140514
12.154958,225.27649,-59.561817,0.656694
12.166248,225.28732,-59.56343,0.64478403
12.1766815,225.29181,-59.561142,0.6270043
12.188026,225.30011,-59.55783,0.60824585
12.198412,225.3433,-59.560276,0.592893
12.209126,225.34457,-59.567978,0.5810879
12.219372,225.36336,-59.572323,0.5710289
12.230006,225.36426,-59.57205,0.5613002
12.240622,225.42986,-59.56406,0.54960716
12.254177,225.44017,-59.54692,0.5275801
12.264475,225.46335,-59.5441,0.51699466
12.275656,225.46808,-59.538338,0.508676
12.2851715,225.41972,-59.534485,0.5028881
12.296489,225.42331,-59.528473,0.4942818
12.305761,225.37381,-59.52194,0.48318866
12.317479,225.38416,-59.510723,0.47198007
12.326732,225.40182,-59.502144,0.4574253
12.338015,225.42238,-59.499294,0.43958393
12.34801,225.54655,-59.50342,0.42212933
12.359772,225.56412,-59.51107,0.4064765
12.372551,225.63446,-59.5285,0.38357162
12.383032,225.64851,-59.528645,0.3716211
12.392932,225.64268,-59.521343,0.36217463
12.40324,225.65875,-59.50904,0.3528142
12.413815,225.61673,-59.492916,0.34363535
12.424557,225.63232,-59.476986,0.3316718
12.435124,225.67361,-59.467754,0.32181334
12.446113,225.6912,-59.46933,0.30820537
12.456973,225.77878,-59.475834,0.2930407
12.4663105,225.79422,-59.489124,0.27914885
12.476023,225.91136,-59.50721,0.2678238
12.485533,225.93164,-59.52429,0.2522578
12.495795,226.02347,-59.535706,0.23723601
12.506529,226.04323,-59.54081,0.22443287
12.5170145,226.005,-59.541702,0.21503152
12.528183,226.01646,-59.544155,0.20728894
12.540651,225.97594,-59.562107,0.19650666
12.552162,225.98521,-59.572502,0.19036867
12.561644,225.99817,-59.578274,0.18705651
12.573439,226.00156,-59.582363,0.18245688
12.582848,225.96126,-59.58988,0.17914823
12.594427,225.95801,-59.60317,0.18025424
12.603695,225.9805,-59.617855,0.18137518
12.615456,225.97758,-59.63328,0.17960303
12.625362,225.98294,-59.645473,0.17801738
12.636727,225.97887,-59.650284,0.17543435
12.649427,226.03896,-59.652584,0.17463282
12.660253,226.03592,-59.654434,0.17276171
12.670776,225.97385,-59.65783,0.16712081
12.681617,225.97874,-59.652584,0.1587581
12.691829,225.95335,-59.641582,0.15287296
12.703117,225.95567,-59.635475,0.14803196
12.712516,225.95996,-59.63202,0.14333692
12.723243,225.96327,-59.62681,0.1415435
12.733596,226.0204,-59.616966,0.13955264
12.744275,226.02531,-59.5982,0.13336894
12.754745,226.10442,-59.58164,0.12736021
12.76952,226.11375,-59.575123,0.11404574
12.779309,226.19328,-59.58293,0.10455999
12.791304,226.19684,-59.58668,0.09698841
12.800571,226.27072,-59.588142,0.087774165
12.812302,226.26694,-59.586845,0.07969299
12.82166,226.44185,-59.58313,0.075015135
12.833231,226.43442,-59.579098,0.06959855
12.843148,226.56934,-59.566345,0.066377595
12.854494,226.5567,-59.551968,0.06352328
12.867121,226.5679,-59.531853,0.06081236
12.878354,226.55846,-59.524975,0.059225705
12.888793,226.50775,-59.51652,0.0567501
12.899453,226.50201,-59.501305,0.05388546
12.909716,226.48894,-59.482494,0.049943533
12.920464,226.49289,-59.462513,0.04209903
12.930813,226.49942,-59.437084,0.03250813
12.941546,226.51588,-59.40678,0.020031098
12.951999,226.48715,-59.376583,0.0022680415
12.963167,226.51248,-59.345406,-0.020796089
12.975765,226.59488,-59.28792,-0.07858834
12.987112,226.62642,-59.264404,-0.11127895
12.9966,226.60905,-59.244835,-0.14366163
13.008523,226.63922,-59.22895,-0.18054798
13.017898,226.56578,-59.216537,-0.22150104
13.029541,226.5926,-59.20711,-0.26569834
13.038831,226.60333,-59.199257,-0.30888706
13.05064,226.61815,-59.192047,-0.3513585
13.06065,226.64662,-59.179737,-0.39244914
13.072164,226.64758,-59.16249,-0.42904624
13.082688,226.65306,-59.141563,-0.46351206
13.096331,226.6405,-59.108273,-0.5266961
13.106857,226.54721,-59.096485,-0.5512585
13.117521,226.53558,-59.088936,-0.5713337
13.128091,226.46938,-59.08592,-0.586552
13.139451,226.4577,-59.08776,-0.5964431
13.14994,226.39694,-59.091507,-0.60267025
13.160796,226.38841,-59.09746,-0.60334516
13.1723,226.46906,-59.10174,-0.59966105
13.184949,226.47519,-59.10727,-0.58189875
13.19448,226.48418,-59.109585,-0.56359226
13.206291,226.49265,-59.109436,-0.541021
13.215622,226.52509,-59.107502,-0.5127129
13.227344,226.53696,-59.10117,-0.48074645
13.236619,226.5878,-59.089607,-0.44565165
13.248202,226.59898,-59.080673,-0.407424
13.258234,226.63542,-59.078876,-0.36582345
13.2687235,226.64586,-59.084103,-0.3234926
13.27871,226.6968,-59.098587,-0.27955282
13.293118,226.71005,-59.13516,-0.19818996
13.304191,226.74196,-59.151077,-0.1658093
13.31544,226.74626,-59.161938,-0.13924736
13.325694,226.74153,-59.171432,-0.120112136
13.337431,226.74214,-59.18294,-0.1054422
13.347911,226.78049,-59.19553,-0.095297486
13.362344,226.77577,-59.222378,-0.08800077
13.372658,226.75139,-59.22827,-0.09289217
13.384903,226.75008,-59.226463,-0.09901502
13.394206,226.68816,-59.218082,-0.1114458
13.406592,226.6894,-59.208088,-0.12576719
13.416553,226.67511,-59.196136,-0.14190544
13.426953,226.6826,-59.192135,-0.16518572
13.43691,226.74513,-59.195004,-0.18824567
13.451349,226.7594,-59.196743,-0.23259969
13.462357,226.71785,-59.192245,-0.25373363
13.473307,226.71495,-59.181713,-0.271791
13.482685,226.7772,-59.171124,-0.28800517
13.494443,226.76884,-59.16758,-0.30246857
13.504734,226.77344,-59.16915,-0.31495935
13.516302,226.76196,-59.17601,-0.3225304
13.528279,226.81213,-59.179615,-0.32845926
13.541365,226.78943,-59.16711,-0.3372536
13.550925,226.7407,-59.15276,-0.33913973
13.562918,226.73235,-59.13891,-0.34053937
13.572178,226.66687,-59.127922,-0.34215194
13.584506,226.65941,-59.118465,-0.34112927
13.594423,226.67323,-59.10986,-0.3412773
13.6063595,226.6646,-59.10473,-0.34113443
13.616686,226.6685,-59.10673,-0.3381227
13.629945,226.64279,-59.105385,-0.32205766
13.640471,226.5172,-59.091602,-0.3176462
13.652105,226.5045,-59.069744,-0.31018844
13.662338,226.48601,-59.049915,-0.3006483
13.674071,226.46875,-59.03551,-0.29177266
13.684567,226.53616,-59.02719,-0.28114972
13.69854,226.49318,-59.01968,-0.25370932
13.708981,226.50731,-59.016483,-0.24571918
13.722216,226.48479,-59.00407,-0.23625942
13.731607,226.49382,-58.9815,-0.22385067
13.743511,226.46286,-58.95188,-0.21055287
13.755121,226.4776,-58.917343,-0.19877629
13.768388,226.40096,-58.859653,-0.16642842
13.779034,226.48262,-58.839794,-0.1479178
13.790381,226.44308,-58.82219,-0.13076743
13.800673,226.48885,-58.80274,-0.1194618
13.812288,226.4592,-58.781307,-0.11698107
13.822947,226.5222,-58.75621,-0.11569998
13.835148,226.50017,-58.730167,-0.11806126
13.847276,226.49908,-58.67245,-0.12665123
13.859926,226.49171,-58.640938,-0.13671985
13.869312,226.4822,-58.60686,-0.1486676
13.881353,226.48798,-58.576393,-0.16400962
13.891245,226.5477,-58.55246,-0.18102038
13.903189,226.55899,-58.53537,-0.19423178
13.913344,226.61351,-58.51977,-0.20614928
13.926278,226.6472,-58.47257,-0.23168026
13.936804,226.60887,-58.43927,-0.2439528
13.948559,226.62207,-58.408924,-0.25521374
13.958898,226.58989,-58.392017,-0.2653028
13.970532,226.61075,-58.38894,-0.27107996
13.9810505,226.62477,-58.39242,-0.2738647
13.993391,226.64499,-58.390858,-0.27701706
14.005519,226.62915,-58.360832,-0.29680744
14.017771,226.64438,-58.337173,-0.30664876
14.027169,226.56516,-58.309353,-0.32066715
14.040594,226.57225,-58.275654,-0.33578318
14.051786,226.58731,-58.241463,-0.35272145
14.063316,226.58794,-58.214127,-0.37408227
14.075091,226.71667,-58.182945,-0.4419173
14.086368,226.74615,-58.172558,-0.4865178
14.096595,226.86403,-58.158173,-0.53500366
14.108198,226.89745,-58.1359,-0.5857813
14.118698,227.0519,-58.108513,-0.6384841
14.129487,227.08629,-58.08,-0.6918453
14.141526,227.27513,-58.05327,-0.74664056
14.154694,227.33937,-58.020695,-0.85001993
14.164291,227.45274,-58.018112,-0.9004724
14.176252,227.48584,-58.01958,-0.94664
14.18553,227.52715,-58.019596,-0.9889084
14.197443,227.55931,-58.01011,-1.0249165
14.207364,227.57475,-57.991394,-1.0601482
14.219622,227.60588,-57.961937,-1.0935208
14.229789,227.615,-57.918884,-1.1215297
14.241646,227.64334,-57.873486,-1.1507112
14.253564,227.69212,-57.81951,-1.198225
14.264579,227.72672,-57.816044,-1.2195202
14.274848,227.72792,-57.819088,-1.2390885
14.286464,227.7674,-57.82665,-1.2604076
14.296936,227.84438,-57.834232,-1.2867788
14.308655,227.89084,-57.84447,-1.3126596
14.319376,227.89816,-57.857803,-1.3364247
14.332468,227.96428,-57.88067,-1.3734882
14.3420315,227.89023,-57.884926,-1.3890858
14.355111,227.90489,-57.89286,-1.4037145
14.364332,227.85187,-57.90557,-1.4132104
14.376236,227.85504,-57.91884,-1.420856
14.386178,227.818,-57.931076,-1.4289949
14.396902,227.81088,-57.94121,-1.4362625
14.407224,227.79832,-57.94655,-1.4437231
14.419737,227.7586,-57.955685,-1.4481388
14.431091,227.69112,-57.97869,-1.4519536
14.442874,227.61914,-57.98741,-1.4532545
14.453181,227.5733,-57.990616,-1.4567354
14.464169,227.56845,-57.986305,-1.467611
14.474466,227.51927,-57.976654,-1.4830378
14.486144,227.53133,-57.97032,-1.4980772
14.496796,227.4914,-57.9685,-1.5157692
14.510741,227.45049,-57.950394,-1.5557299
14.519778,227.44234,-57.928257,-1.5912591
14.531978,227.41498,-57.90254,-1.6337942
14.54124,227.42319,-57.881428,-1.6745391
14.553198,227.44427,-57.870125,-1.7105882
14.562584,227.45697,-57.862667,-1.7436543
14.574882,227.42242,-57.852947,-1.7700894
14.585239,227.43016,-57.83247,-1.7918303
14.597674,227.34167,-57.801487,-1.8100507
14.607251,227.35623,-57.766544,-1.8284581
14.620607,227.27896,-57.706425,-1.8517123
14.629636,227.31413,-57.6856,-1.860649
14.641209,227.24881,-57.673073,-1.86782
14.651466,227.29088,-57.668518,-1.869757
14.6632185,227.2867,-57.668327,-1.863301
14.6759205,227.31873,-57.66364,-1.8520839
14.689346,227.32135,-57.63432,-1.8209169
14.697303,227.3352,-57.624313,-1.8022066
14.709965,227.38399,-57.630684,-1.7784774
14.719207,227.38791,-57.65033,-1.7496612
14.7311535,227.47993,-57.68033,-1.7173452
14.740388,227.46925,-57.711983,-1.6791426
14.752827,227.55151,-57.74013,-1.6372924
14.763237,227.52515,-57.767635,-1.5892392
14.775831,227.43097,-57.793926,-1.5319877
14.78534,227.39526,-57.81898,-1.474593
14.798529,227.2062,-57.860603,-1.353904
14.807615,227.16176,-57.879917,-1.2943603
14.818973,227.087,-57.90078,-1.2338512
14.829219,227.0391,-57.925564,-1.178419
14.84097,226.98659,-57.95119,-1.1249679
14.8499775,226.93344,-57.976974,-1.0754429
14.861314,226.89233,-58.00552,-1.0331717
14.872574,226.84447,-58.037647,-0.9968869
14.884354,226.84131,-58.073944,-0.96654326
14.894428,226.80145,-58.11562,-0.940489
14.90765,226.75713,-58.19716,-0.89238197
14.915754,226.72414,-58.2389,-0.8697107
14.928137,226.7249,-58.28267,-0.84601593
14.937514,226.68918,-58.323784,-0.8198396
14.949427,226.72957,-58.365273,-0.79038286
14.959339,226.68884,-58.40357,-0.75908846
14.971279,226.67761,-58.44067,-0.7281194
14.980774,226.65111,-58.477962,-0.69940054
14.994336,226.48465,-58.50517,-0.6714016
15.006391,226.43317,-58.54007,-0.6090211
15.018109,226.33817,-58.55169,-0.576704
15.026883,226.30588,-58.569023,-0.54887766
15.038468,226.24785,-58.593353,-0.52431935
15.048974,226.20406,-58.62156,-0.501347
15.06191,226.17589,-58.650192,-0.48002565
15.072228,226.12595,-58.674946,-0.46403697
15.085658,226.00302,-58.723236,-0.45752424
15.0936575,225.96866,-58.757504,-0.46268427
15.106011,225.98096,-58.79529,-0.4758742
15.115357,225.95773,-58.836624,-0.48572913
15.126801,225.99382,-58.87371,-0.50033903
15.13609,225.97433,-58.903458,-0.5177011
15.148128,226.08772,-58.925533,-0.5396326
15.158768,226.07745,-58.953835,-0.5660389
15.171291,226.10587,-58.994324,-0.5945688
15.180812,226.10088,-59.042793,-0.61667126
15.194528,226.0056,-59.113773,-0.6417546
15.202697,225.995,-59.125916,-0.6504875
15.214268,225.99359,-59.131195,-0.6557406
15.224571,225.98576,-59.140068,-0.654242
15.236162,226.01729,-59.156227,-0.64654934
15.246741,226.01486,-59.17204,-0.6333959
15.259694,226.0807,-59.18786,-0.6184437
15.270011,226.07507,-59.202057,-0.5989886
15.283624,226.06857,-59.21562,-0.5483446
15.291666,226.06792,-59.216827,-0.52409935
15.304748,226.03296,-59.214066,-0.4972199
15.314022,226.0347,-59.20363,-0.46918556
15.325929,226.08469,-59.187584,-0.44576707
15.336785,226.09515,-59.164494,-0.42536843
15.349251,226.04353,-59.144093,-0.40871766
15.358783,226.06288,-59.120274,-0.39905488
15.372429,226.05995,-59.091457,-0.39402667
15.381432,226.08644,-59.08789,-0.39694098
15.393015,226.13255,-59.08807,-0.4050421
15.403323,226.16618,-59.083515,-0.4188796
15.414803,226.22925,-59.074444,-0.4411304
15.426349,226.27975,-59.064465,-0.47180796
15.437978,226.34448,-59.061665,-0.5079561
15.448112,226.40875,-59.0634,-0.5472053
15.461876,226.4348,-59.05884,-0.62698656
15.469859,226.4986,-59.041283,-0.6635863
15.481847,226.54466,-59.016586,-0.6983615
15.4904995,226.6005,-58.995117,-0.7326016
15.502659,226.61409,-58.98818,-0.76658845
15.511942,226.67618,-58.99119,-0.80296606
15.523948,226.71782,-58.998825,-0.8385292
15.53372,226.78308,-59.000774,-0.872057
15.547403,226.73828,-58.991653,-0.89849967
15.557057,226.78864,-58.976444,-0.9203286
15.570418,226.70952,-58.949512,-0.95154214
15.57939,226.75383,-58.94,-0.9658039
15.59095,226.69289,-58.932827,-0.98022574
15.601172,226.73135,-58.928173,-0.99818075
15.61253,226.7107,-58.925114,-1.0136608
15.62524,226.74123,-58.91889,-1.0345694
15.63921,226.74281,-58.891594,-1.0848321
15.64718,226.76907,-58.879086,-1.1129491
15.659304,226.786,-58.87367,-1.1395861
15.668579,226.81088,-58.87798,-1.1673244
15.680662,226.78047,-58.886784,-1.1928401
15.689991,226.80588,-58.89343,-1.2232759
15.701998,226.84267,-58.893635,-1.2556816
15.712556,226.8672,-58.88693,-1.2881621
15.725543,226.87912,-58.874996,-1.3229799
15.735045,226.9078,-58.852394,-1.3552723
15.748306,226.88762,-58.78752,-1.4139291
15.757379,226.9044,-58.758404,-1.4359406
15.769055,226.91681,-58.80247,-1.4317325
15.779056,226.86714,-58.641895,-1.8355783
15.792133,226.86714,-58.641895,-1.8355783
15.809331,227.20828,-58.19734,-2.1449034
15.82097,227.1941,-58.025646,-2.2728817
15.832161,227.30827,-57.916557,-2.3449013
15.840252,227.24161,-57.858124,-2.3613312
15.852349,227.44566,-57.85727,-2.3343291
15.860192,227.40607,-57.921227,-2.2337825
15.87137,227.36275,-58.035778,-2.0093558
15.879826,227.27838,-58.143448,-1.7830836
