-9.38906E-4,218.04636,-22.234705,1.5136857
0.008327761,218.04636,-22.234705,1.5136857
0.018999793,218.03455,-22.163013,1.4240705
0.027304688,217.98236,-22.067904,1.333265
0.038762342,217.9501,-21.949177,1.2420142
0.051483694,217.99382,-21.806728,1.1485595
0.06651286,217.92009,-21.46811,0.9109067
0.07459109,217.81425,-21.258753,0.74995106
0.088375725,217.65665,-21.017572,0.5571661
0.10080672,217.49744,-20.742714,0.32813874
0.11213641,217.36234,-20.43319,0.05736744
0.12229255,217.13942,-20.074932,-0.25780204
0.1389199,216.55353,-19.137686,-1.0236077
0.14961655,216.19012,-18.522131,-1.4775242
0.16187026,215.80339,-17.772621,-1.985514
0.1711499,215.31033,-16.863628,-2.5536537
0.18727656,214.28764,-14.521752,-3.8691702
0.19993532,213.53677,-13.058568,-4.6213794
0.21085702,212.84915,-11.384493,-5.44869
0.22112167,211.85378,-9.507885,-6.3617854
0.23644996,210.04767,-5.2109427,-8.462806
0.24840781,208.55696,-2.8090606,-9.6697235
0.26044655,207.40112,-0.25360405,-11.001932
0.27004272,205.48961,2.4365265,-12.47715
0.28514355,201.94356,8.087393,-15.952778
0.29826507,199.30006,10.995067,-17.999603
0.30922106,196.0839,13.93741,-20.288048
0.31748557,192.86374,16.920218,-22.87074
0.3342749,186.05705,22.958876,-29.113262
0.34688804,181.95264,25.898355,-32.835823
0.3596542,177.4056,28.679428,-36.966076
0.37404007,167.6381,33.42597,-46.32896
0.38423288,162.6023,35.11537,-51.435318
0.3980313,157.18219,36.193054,-56.640175
0.4079976,152.20497,36.605232,-61.725903
0.42287505,142.00987,35.718468,-71.08753
0.43635568,136.41017,34.62517,-75.19566
0.4445248,132.44655,33.334522,-79.37525
0.45787427,127.03092,31.605738,-82.56324
0.46787426,118.540695,27.511816,-87.317566
0.47628996,118.540695,27.511816,-87.317566
0.48767105,114.29446,25.257317,-88.933075
0.5049206,108.83336,159.25859,-88.946815
0.5149206,106.23531,163.3039,-87.7534
0.52367663,106.23531,163.3039,-87.7534
0.5398023,105.76975,165.07707,-87.38903
0.55644834,104.23251,168.10931,-87.03477
0.5667149,104.30363,169.35759,-86.9855
0.5767149,104.035324,171.31586,-86.96055
0.58533156,104.035324,171.31586,-86.96055
0.60262054,104.62436,172.62643,-86.9173
0.61262053,105.02093,173.36581,-86.81658
0.62141734,105.02093,173.36581,-86.81658
0.63600576,104.963936,173.5636,-86.74882
0.6474807,105.050476,173.6783,-86.67342
0.662906,104.70832,173.72417,-86.51793
0.67569715,104.11847,173.68074,-86.45155
0.6925084,103.59116,173.50539,-86.37169
0.7044007,101.12423,173.39613,-86.35606
0.72175914,99.324745,173.16324,-86.39403
0.7317592,97.65344,172.92467,-86.51854
0.74049014,97.65344,172.92467,-86.51854
0.75515026,97.53716,172.81052,-86.60428
0.7696865,96.61383,172.57137,-86.8329
0.7815403,96.55827,172.43405,-86.98563
0.7937662,95.975235,172.27591,-87.157364
0.8095639,95.62691,171.87328,-87.505104
0.8235805,95.546715,171.6283,-87.66426
0.83431864,95.33276,171.35564,-87.80336
0.85069865,95.15693,170.73177,-88.02329
0.8607163,94.850624,170.38026,-88.10867
0.8752367,94.75542,170.00592,-88.17798
0.8852491,94.33975,169.60803,-88.23209
0.90078366,94.153435,168.74948,-88.32656
0.9115491,93.3512,168.2982,-88.37013
0.92872363,92.7642,167.36992,-88.44652
0.94087845,92.7411,166.9035,-88.482086
0.95280844,92.67137,166.44244,-88.52324
0.96803063,92.75088,165.56184,-88.62337
0.9799554,92.431015,165.14738,-88.67917
0.99307007,92.40251,164.75476,-88.735016
1.0075346,92.64065,164.0456,-88.8603
1.0157355,92.649925,163.73322,-88.93087
1.0286634,92.75859,163.45506,-89.0023
1.037477,92.85156,163.2104,-89.07054
1.0521033,92.937035,162.99693,-89.13505
1.0630313,92.96472,162.81155,-89.19844
1.0782608,93.03336,162.50883,-89.31046
1.0890023,93.03375,162.38962,-89.35069
1.1061351,93.1464,162.20691,-89.39794
1.1182419,93.15479,162.1366,-89.40686
1.1302562,93.27154,162.07361,-89.40471
1.1459771,93.56139,161.95207,-89.372635
1.1599736,93.676094,161.90125,-89.34923
1.1705222,93.93303,161.86378,-89.32507
1.1844754,94.358925,161.83553,-89.27689
1.1949792,94.521126,161.84766,-89.25476
1.2096349,94.8133,161.87665,-89.241646
1.221295,95.15285,161.92625,-89.234764
1.2374268,95.841934,162.09496,-89.215805
1.2480668,95.48106,162.21622,-89.192474
1.2580668,95.92928,162.503,-89.09698
1.2668165,95.92928,162.503,-89.09698
1.2841545,97.09404,162.7295,-88.975365
1.2995272,97.254234,162.82948,-88.942635
1.3109099,97.90233,162.9256,-88.927155
1.3276879,97.945045,163.12357,-88.92739
1.3378794,98.22572,163.23357,-88.9322
1.3478794,98.4499,163.47786,-88.91908
1.356692,98.4499,163.47786,-88.91908
1.3738743,98.38409,163.75131,-88.89278
1.3899639,98.3375,163.90285,-88.88664
1.3998706,98.51131,164.05971,-88.889145
1.412741,98.567154,164.37927,-88.91111
1.4233068,98.54332,164.53516,-88.93093
1.4386749,98.635216,164.68471,-88.95181
1.4493532,98.74356,164.82858,-88.975136
1.4662157,99.00445,165.09917,-89.02893
1.4764912,99.09522,165.22902,-89.058426
1.4864913,99.3504,165.46753,-89.11939
1.495064,99.3504,165.46753,-89.11939
1.5122674,99.57598,165.66956,-89.183556
1.5282778,99.69916,165.75508,-89.219894
1.5380938,99.78252,165.82689,-89.257835
1.5549868,99.98025,165.93103,-89.33898
1.5658705,100.02874,165.96063,-89.38029
1.5758705,100.17954,165.9801,-89.46336
1.5839115,100.17954,165.9801,-89.46336
1.5933923,100.253136,165.97383,-89.50822
1.6033922,100.48029,165.93085,-89.59294
1.6120021,100.48029,165.93085,-89.59294
1.6280487,100.54866,165.89758,-89.63013
1.640821,100.66597,165.81757,-89.695496
1.6504617,100.82221,165.77359,-89.725006
1.6624929,100.87791,165.72853,-89.75273
1.6717772,101.001656,165.68335,-89.77636
1.6836531,101.06821,165.63914,-89.79552
1.6937118,101.39486,165.59773,-89.81202
1.7056572,101.46939,165.55882,-89.82482
1.7157193,101.73008,165.5258,-89.83519
1.7288153,101.88616,165.46942,-89.84283
1.7393873,102.01705,165.44588,-89.84128
1.7507155,102.0953,165.42459,-89.83843
1.7601174,102.298775,165.40623,-89.83285
1.7714367,102.37366,165.38841,-89.825165
1.7817339,102.580696,165.37057,-89.81669
1.7930803,102.653076,165.35262,-89.80583
1.8053389,102.789795,165.33359,-89.79366
1.8183992,102.928185,165.28207,-89.76726
1.8280255,102.93197,165.2508,-89.759026
1.8400023,102.98797,165.21405,-89.74982
1.8493046,102.99867,165.17375,-89.738625
1.8612357,103.04859,165.1302,-89.72543
1.8712673,103.11185,165.08368,-89.712
1.883176,103.15448,165.03389,-89.69526
1.8937286,103.23298,164.98314,-89.678764
1.9051219,103.2753,164.9336,-89.6584
1.9170243,103.22462,164.8462,-89.6146
1.9282732,103.26814,164.81042,-89.59131
1.9386562,103.228165,164.77928,-89.569756
1.9499916,103.27105,164.75333,-89.548004
1.960496,103.21847,164.73286,-89.52766
1.9718142,103.25927,164.71893,-89.50643
1.9844514,103.185715,164.71202,-89.483765
1.9976932,103.25906,164.71674,-89.42852
2.007303,103.12619,164.7235,-89.39801
2.0192103,103.1507,164.73495,-89.37221
2.0291204,103.095436,164.75053,-89.352066
2.0410836,103.109215,164.77042,-89.336426
2.0505362,103.11879,164.79474,-89.32038
2.064864,103.16703,164.8571,-89.29426
2.0754216,103.167854,164.89255,-89.284615
2.0862193,103.20277,164.9306,-89.2774
2.0966058,103.199356,164.9712,-89.27421
2.1081898,103.24329,165.01448,-89.27474
2.1188447,103.28694,165.06197,-89.27554
2.1301944,103.33822,165.1114,-89.279915
2.1415615,103.51452,165.16353,-89.28425
2.1546,103.633354,165.27296,-89.30173
2.1641607,103.71209,165.32823,-89.3127
2.1761682,103.767746,165.38461,-89.323654
2.1855733,103.836174,165.43744,-89.33369
2.1975977,103.88153,165.48718,-89.34003
2.2075768,104.05149,165.53378,-89.34563
2.2195456,104.07716,165.5763,-89.35153
2.2299392,104.29602,165.61281,-89.35736
2.2429454,104.31149,165.6642,-89.36669
2.2536037,104.32363,165.68018,-89.37345
2.2652571,104.31862,165.68723,-89.38137
2.275517,104.42968,165.68759,-89.38677
2.2871437,104.42361,165.68167,-89.3937
2.2987788,104.63133,165.66847,-89.39911
2.3099535,104.63213,165.65114,-89.403404
2.3219779,104.71315,165.60707,-89.41438
2.3340557,104.62254,165.58276,-89.419685
2.3435245,104.633804,165.55818,-89.42518
2.3555405,104.5947,165.53357,-89.43174
2.364911,104.60388,165.51097,-89.43896
2.3768528,104.656975,165.48813,-89.44519
2.387597,104.666306,165.4648,-89.45055
2.4008176,104.66607,165.42534,-89.461174
2.4109602,104.67349,165.40332,-89.46326
2.4223998,104.67574,165.38109,-89.46371
2.431433,104.68787,165.36244,-89.464806
2.442782,104.73294,165.3437,-89.465775
2.452057,104.748024,165.32762,-89.46788
2.463391,104.78565,165.31227,-89.46915
2.4736927,104.804,165.29881,-89.4701
2.4853072,104.88118,165.28642,-89.47052
2.4969554,104.90742,165.27309,-89.46839
2.5105715,104.8928,165.24763,-89.464676
2.5201478,104.92458,165.23602,-89.458496
2.5321202,104.95623,165.22414,-89.449615
2.5413938,104.990456,165.21468,-89.44198
2.553373,105.09671,165.20595,-89.43505
2.5627446,105.12969,165.19942,-89.4293
2.5746722,105.19538,165.19258,-89.42224
2.5853693,105.23012,165.18677,-89.4146
2.599128,105.241394,165.1775,-89.39557
2.6109135,105.2736,165.17397,-89.38623
2.6223457,105.32737,165.16971,-89.377
2.632605,105.36469,165.16576,-89.36532
2.6439319,105.46325,165.16333,-89.35262
2.6552012,105.50526,165.15944,-89.340416
2.6687462,105.603455,165.15292,-89.31486
2.678416,105.64108,165.14925,-89.29962
2.690503,105.701866,165.14468,-89.2858
2.6998014,105.73994,165.14127,-89.273125
2.7117379,105.873764,165.13957,-89.2614
2.7210553,105.90941,165.13841,-89.251366
2.7329495,105.98577,165.13887,-89.242256
2.7436144,106.02023,165.1414,-89.2341
2.7573295,105.99936,165.14752,-89.219696
2.7680075,106.02576,165.15135,-89.2164
2.7796385,106.037636,165.15375,-89.2162
2.7898514,106.054405,165.15576,-89.21497
2.8012,106.0507,165.159,-89.21742
2.8117125,106.05863,165.16473,-89.22014
2.8266866,106.09831,165.17818,-89.237656
2.8365717,106.09478,165.18755,-89.24667
2.8485665,106.16622,165.19833,-89.25187
2.8578422,106.16016,165.20894,-89.25493
2.8706539,106.16062,165.2212,-89.25597
2.8806348,106.15523,165.2324,-89.25517
2.8925853,106.23279,165.24188,-89.25415
2.9018283,106.23437,165.25157,-89.253784
2.915547,106.27927,165.26985,-89.24939
2.927347,106.293144,165.27554,-89.24972
2.9389482,106.246574,165.2795,-89.25048
2.949202,106.26305,165.28084,-89.25026
2.9605563,106.320526,165.27896,-89.24738
2.9716403,106.33839,165.2724,-89.24217
2.9851322,106.28851,165.25417,-89.231186
2.9947436,106.30248,165.24211,-89.227615
3.0067449,106.35889,165.22969,-89.22681
3.0160244,106.371925,165.21568,-89.22691
3.028007,106.36309,165.20287,-89.23061
3.0373306,106.369545,165.1929,-89.235695
3.0493171,106.33986,165.18268,-89.23938
3.0600412,106.34197,165.17336,-89.24476
3.0737557,106.22068,165.15329,-89.24921
3.084459,106.217415,165.1448,-89.2504
3.095827,106.31739,165.13945,-89.25172
3.106146,106.3101,165.1326,-89.25712
3.1176875,106.47793,165.12788,-89.26308
3.1268551,106.47376,165.12473,-89.26934
3.138291,106.61622,165.12479,-89.27543
3.149631,106.612724,165.12628,-89.28579
3.163179,106.64218,165.13455,-89.30137
3.1728532,106.639885,165.14072,-89.304955
3.1851292,106.69396,165.14874,-89.31053
3.1944208,106.69211,165.15916,-89.31394
3.2063925,106.807236,165.17029,-89.3182
3.2148688,106.80511,165.18161,-89.32257
3.2268348,106.845985,165.19525,-89.32508
3.2367916,106.842926,165.20985,-89.32839
3.252891,106.87009,165.23912,-89.336716
3.2621796,106.861626,165.25096,-89.34017
3.2735622,106.90734,165.26224,-89.34307
3.2839406,106.90095,165.27446,-89.34378
3.2955387,106.93275,165.28548,-89.345695
3.3045468,106.92616,165.29736,-89.347244
3.3159735,106.86785,165.30803,-89.34552
3.3275852,106.86115,165.31845,-89.34177
3.3411267,106.71989,165.34091,-89.32874
3.3509479,106.71989,165.35052,-89.32467
3.3629603,106.72066,165.36162,-89.321236
3.372231,106.72287,165.37115,-89.31934
3.3841705,106.64332,165.37982,-89.317
3.393449,106.65129,165.38971,-89.309166
3.405549,106.476295,165.39708,-89.300446
3.4160376,106.47854,165.4035,-89.29301
3.4297795,106.23537,165.40865,-89.28051
3.440447,106.233025,165.4102,-89.278595
3.4520438,106.24696,165.4141,-89.27703
3.4625673,106.24887,165.41888,-89.27364
3.4739413,106.29735,165.42593,-89.270256
3.4844651,106.296394,165.43442,-89.26801
3.4989655,106.26832,165.45497,-89.253136
3.5092762,106.2644,165.4645,-89.24327
3.521224,106.280495,165.47258,-89.235054
3.5305572,106.28002,165.48056,-89.22606
3.5425608,106.398186,165.48593,-89.219025
3.5524476,106.40522,165.49088,-89.212685
3.5655043,106.58749,165.49478,-89.20943
3.5747976,106.59631,165.49777,-89.20691
3.5885282,106.64286,165.49911,-89.205635
3.5986474,106.64748,165.49873,-89.20687
3.6102884,106.7271,165.49767,-89.207344
3.6205304,106.729195,165.49557,-89.20746
3.6321266,106.80453,165.49466,-89.20618
3.6426723,106.80266,165.49251,-89.20745
3.6572127,106.8332,165.49258,-89.21412
3.667501,106.83332,165.49548,-89.21667
3.6795177,106.86536,165.4991,-89.223976
3.688795,106.8601,165.50195,-89.23009
3.7007127,106.89073,165.50586,-89.23881
3.7106383,106.88338,165.5089,-89.24419
3.722546,106.826195,165.51053,-89.24951
3.7324862,106.82163,165.51144,-89.2538
3.7461884,106.74121,165.5105,-89.265274
3.756882,106.74762,165.50888,-89.269844
3.7684925,106.66054,165.50581,-89.27939
3.7787423,106.67275,165.50407,-89.28821
3.7903173,106.631584,165.50264,-89.295555
3.8008525,106.64922,165.50258,-89.3012
3.8158073,106.63347,165.50325,-89.31092
3.8251438,106.65048,165.5056,-89.31143
3.8374052,106.581955,165.50926,-89.308105
3.8466816,106.60004,165.51625,-89.30665
3.8586469,106.58875,165.52747,-89.301796
3.8679285,106.61064,165.54115,-89.29986
3.8811564,106.654495,165.5587,-89.29437
3.8907087,106.68471,165.57915,-89.28821
3.904322,106.66118,165.62566,-89.27758
3.9150753,106.69623,165.65128,-89.27302
3.9263701,106.65556,165.67401,-89.2692
3.9351676,106.69178,165.69551,-89.2647
3.9465184,106.67156,165.71468,-89.2631
3.9567528,106.70286,165.731,-89.26256
3.968054,106.63669,165.74387,-89.26154
3.978649,106.66256,165.75291,-89.25805
3.9933782,106.6851,165.76526,-89.25633
4.00364,106.7013,165.7684,-89.25894
4.015732,106.81113,165.76854,-89.266106
4.025054,106.82734,165.76736,-89.27603
4.0369716,106.89111,165.76488,-89.28462
4.0469074,106.91012,165.76195,-89.291916
4.0588145,106.90411,165.75746,-89.29439
4.0687,106.92489,165.75067,-89.296165
4.0811133,106.90493,165.73045,-89.309715
4.097509,106.91942,165.72092,-89.321014
4.111973,106.96636,165.70457,-89.34638
4.122243,106.98076,165.698,-89.36184
4.134105,107.011665,165.69333,-89.37781
4.143388,107.02464,165.68896,-89.389336
4.1554794,106.9582,165.68373,-89.39959
4.164847,106.96771,165.67871,-89.40816
4.1768413,106.86249,165.67155,-89.41556
4.1873474,106.87473,165.6647,-89.42377
4.2021585,106.66786,165.6471,-89.44194
4.211594,106.6883,165.63852,-89.45185
4.2229958,106.54165,165.62778,-89.46182
4.23326,106.56364,165.6162,-89.47376
4.2445984,106.5244,165.60356,-89.48621
4.255077,106.53713,165.59088,-89.50265
4.266422,106.58047,165.57709,-89.515045
4.2769485,106.59649,165.56322,-89.52634
4.290572,106.66975,165.53731,-89.544014
4.300102,106.68578,165.52525,-89.554245
4.312333,106.75698,165.51317,-89.56745
4.3216443,106.773346,165.50081,-89.57863
4.3335342,106.85938,165.48705,-89.59194
4.3428755,106.871025,165.47333,-89.60607
4.3548255,106.89664,165.4567,-89.62058
4.3653407,106.905464,165.43918,-89.633606
4.379029,106.83378,165.39832,-89.66134
4.3897767,106.8364,165.37743,-89.67825
4.401356,106.714935,165.3548,-89.696365
4.410743,106.7151,165.32779,-89.71392
4.4226055,106.68298,165.2881,-89.72865
4.4331264,106.687035,165.22699,-89.73597
4.4444833,106.76321,165.13904,-89.729256
4.4549313,106.77343,165.01059,-89.71502
4.4687576,106.66586,164.574,-89.636375
4.477825,106.66744,164.23772,-89.56927
4.490136,106.508095,163.80786,-89.490555
4.4986286,106.51488,163.28136,-89.39861
4.5108204,106.609955,162.65816,-89.289696
4.5181475,106.58258,161.92813,-89.16998
4.5285106,106.59209,161.08858,-89.04259
4.5371437,106.732,160.16946,-88.93629
4.549221,107.08076,159.1957,-88.88623
4.5581245,107.43333,158.19193,-88.899376
4.5696163,108.089386,157.15738,-88.95995
4.5785193,108.610466,156.08405,-89.039536
4.5899305,109.60177,154.96739,-89.107285
4.5988517,110.29573,153.79301,-89.129395
4.6103487,111.21999,152.52788,-89.066185
4.619326,112.07043,151.11989,-88.85472
4.6307507,113.38023,149.5318,-88.43303
4.640106,114.455826,147.73831,-87.73246
4.651486,115.45636,145.73105,-86.722534
4.661767,116.94585,143.52467,-85.41111
4.6755843,118.45275,138.5951,-81.89308
4.689516,121.13431,135.94601,-79.62485
4.70027,121.74847,133.26517,-76.91685
4.716854,128.0316,128.10648,-36.30195
4.7268543,135.73239,123.78756,-29.688398
4.735287,135.73239,123.78756,-29.688398
4.7499104,141.01912,122.10634,-26.199112
4.7648706,152.79143,119.695145,-18.75993
4.7789135,159.26135,118.998726,-14.789007
4.7908516,167.11172,118.74415,-10.641266
4.8063064,183.23929,119.86268,-1.8387777
4.8172545,194.45486,121.163666,2.7756474
4.834661,212.64003,124.68573,12.362487
4.8506746,220.44917,126.74313,17.270935
4.860449,228.88972,129.01149,30.224062
4.8773327,243.57658,134.05905,40.043526
4.8880596,251.36603,136.71034,44.40546
4.89806,265.52646,141.91814,52.23559
4.9066415,265.52646,141.91814,52.23559
4.9161277,273.04752,144.44633,55.81517
4.926128,286.74454,149.071,62.498848
4.9348545,286.74454,149.071,62.498848
4.950942,293.54773,151.05632,65.64229
4.96758,305.90176,154.34686,71.63279
4.979029,312.2654,155.67297,74.415855
4.9958887,321.956,157.66118,79.39298
5.006138,325.66864,158.34561,81.569756
5.0161376,331.56458,159.11198,85.095184
5.025857,331.56458,159.11198,85.095184
5.036144,333.7333,159.26645,86.37774
5.052414,335.7092,159.30305,88.00792
5.06471,336.1875,159.26707,88.472046
5.0765696,336.3294,159.22238,88.77107
5.091919,336.67413,159.17935,88.96193
5.1032486,336.61472,159.18356,88.89187
5.120277,336.92474,159.29146,88.565926
5.1357164,337.21918,159.39882,88.35572
5.147276,338.38773,159.54675,88.13276
5.163634,339.2526,159.94691,87.72826
5.171587,340.40857,160.20178,87.55853
5.1815867,341.87036,160.68419,87.32018
5.189963,341.87036,160.68419,87.32018
5.2053146,342.4839,160.88927,87.23672
5.21776,343.38632,161.05775,87.12845
5.2339053,343.87183,161.35135,86.81192
5.246959,344.38394,161.4888,86.611946
5.2608685,344.19986,161.71844,86.11084
5.2722583,344.3199,161.80318,85.8445
5.287631,344.28333,161.87741,85.600174
5.3037186,344.13297,161.96356,85.23725
5.315228,344.19955,161.96437,85.13882
5.3327646,344.14438,161.91922,85.06496
5.3425756,344.06186,161.86612,85.06389
5.3525753,343.83728,161.74086,85.066284
5.3613214,343.83728,161.74086,85.066284
5.3787184,343.69427,161.61981,85.07788
5.3930225,343.68652,161.56053,85.09485
5.404938,343.42526,161.51096,85.11666
5.4149632,343.4707,161.46869,85.14757
5.425588,343.44742,161.43164,85.190125
5.4363775,343.65405,161.39705,85.326965
5.4459496,343.60324,161.39276,85.40421
5.457091,343.7416,161.39207,85.473656
5.467167,343.79932,161.39365,85.53412
5.4782577,343.94702,161.392,85.56978
5.487217,343.9062,161.38892,85.589264
5.4990582,344.03662,161.38725,85.585464
5.5077868,343.76224,161.38467,85.57008
5.518833,343.88724,161.37941,85.549774
5.528059,343.64935,161.3758,85.53135
5.538183,343.77075,161.37251,85.51188
5.547018,343.53983,161.37163,85.49482
5.5589943,343.6605,161.37457,85.479485
5.567666,343.39352,161.3842,85.46796
5.5789213,343.50897,161.39171,85.453026
5.587732,343.3628,161.39844,85.437706
5.597257,343.45135,161.40424,85.41251
5.607047,343.3855,161.4059,85.37975
5.617907,343.44794,161.40294,85.343765
5.6267457,343.38937,161.39441,85.29928
5.638567,343.41794,161.37532,85.24552
5.6485567,343.21652,161.35095,85.19138
5.660235,343.2225,161.32161,85.13784
5.6707015,342.97473,161.29518,85.08593
5.68147,342.9773,161.27484,85.032745
5.6902547,342.84766,161.26163,84.98078
5.702343,342.87677,161.25154,84.93174
5.7124386,342.90768,161.24167,84.88542
5.7251816,342.9898,161.22662,84.81934
5.7358737,343.15344,161.22118,84.807274
5.7473,343.18347,161.22076,84.80266
5.7560453,343.12,161.22282,84.80456
5.76667,343.14832,161.22896,84.80329
5.7775345,343.0334,161.23608,84.7975
5.789332,343.05807,161.23729,84.78839
5.7993836,342.9004,161.23476,84.77539
5.809291,342.9043,161.22823,84.75978
5.8199506,342.78415,161.21713,84.74006
5.8292966,342.76953,161.20627,84.72074
5.8388033,342.6366,161.19716,84.70693
5.8487997,342.62665,161.19128,84.69395
5.859389,342.5551,161.18822,84.68287
5.869276,342.55582,161.18915,84.669304
5.8803215,342.47644,161.19383,84.65959
5.8930173,342.50046,161.21837,84.64672
5.9024286,342.57687,161.23837,84.646805
5.914387,342.6194,161.26534,84.65685
5.925003,342.54388,161.29765,84.67773
5.93501,342.60892,161.32997,84.70649
5.942843,342.5957,161.3612,84.73981
5.953758,342.66498,161.3912,84.781586
5.9637575,342.79364,161.47739,84.923195
5.9737573,342.79364,161.47739,84.923195
5.985183,342.79364,161.47739,84.923195
5.9942265,342.83612,161.50108,84.95575
6.001877,342.80615,161.51913,84.97278
6.011846,342.82758,161.53221,84.98178
6.020279,342.82822,161.54015,84.98311
6.0327315,342.8443,161.5402,84.98096
6.042088,342.7902,161.53865,84.978806
6.0540423,342.81683,161.53441,84.979935
6.064022,342.90115,161.52934,84.98093
6.0759716,342.92758,161.52289,84.98326
6.086558,342.96628,161.5182,84.98754
6.099113,342.99802,161.5148,84.986374
6.1111946,343.32288,161.5117,84.9695
6.121205,343.3443,161.51091,84.95202
6.1306148,343.53687,161.5094,84.928246
6.1419992,343.54425,161.50833,84.9033
6.152328,343.59094,161.50713,84.88124
6.1636786,343.5913,161.50719,84.86119
6.1743603,343.575,161.50961,84.84099
6.186314,343.58087,161.5114,84.82304
6.1972766,343.76486,161.5122,84.80448
6.209995,343.78638,161.51353,84.768974
6.219949,344.13223,161.51196,84.74265
6.2319584,344.1212,161.5091,84.71293
6.2418666,344.29907,161.50761,84.67999
6.2538347,344.27008,161.50444,84.64983
6.264547,344.30875,161.50479,84.63381
6.276057,344.30524,161.5093,84.632965
6.286141,344.59106,161.518,84.64935
6.298873,344.65613,161.55106,84.72099
6.3094673,344.99146,161.57272,84.762856
6.321087,345.03043,161.59091,84.80071
6.3316693,345.09018,161.60567,84.82902
6.3430204,345.10156,161.61533,84.843666
6.3541646,345.10046,161.61967,84.84832
6.3653626,345.08606,161.61949,84.84219
6.3772745,345.22293,161.61464,84.814064
6.3887544,345.21643,161.61171,84.79618
6.3980145,345.26013,161.60971,84.78501
6.410145,345.28094,161.6095,84.78089
6.420253,345.49365,161.61081,84.78471
6.4321136,345.5241,161.61119,84.78824
6.4425564,345.68738,161.61145,84.79304
6.454332,345.71448,161.61368,84.79955
6.4643946,345.96152,161.61845,84.80339
6.4770775,345.97354,161.61937,84.77787
6.487682,346.22485,161.61667,84.75659
6.49908,346.20517,161.6153,84.728584
6.5096016,346.27255,161.61288,84.697426
6.520951,346.24747,161.60982,84.66259
6.532174,346.16266,161.60666,84.63198
6.5433884,346.149,161.60632,84.60489
6.5539317,346.21115,161.60623,84.5777
6.566617,346.2077,161.60559,84.54152
6.5762415,346.43506,161.60187,84.53044
6.5867543,346.43668,161.5986,84.52783
6.5960455,346.50723,161.59424,84.52886
6.6080523,346.515,161.58942,84.53579
6.6180387,346.57175,161.58267,84.54472
6.630055,346.57553,161.57729,84.55067
6.640326,346.55307,161.56674,84.55177
6.652398,346.54395,161.55103,84.54672
6.6643147,346.6005,161.51006,84.54961
6.6749034,346.5848,161.48967,84.55717
6.6851907,346.65256,161.4692,84.561386
6.695143,346.65167,161.44801,84.56358
6.705382,346.7249,161.4244,84.56868
6.717039,346.73367,161.40051,84.577324
6.7276974,346.669,161.37651,84.585945
6.7402525,346.66766,161.35365,84.59313
6.751124,346.73398,161.33398,84.59691
6.7638307,346.699,161.29993,84.59812
6.7734103,346.91678,161.28519,84.59834
6.7855167,346.9001,161.26843,84.59919
6.7954855,346.95892,161.25075,84.597755
6.807518,346.93582,161.22966,84.59291
6.818314,347.0073,161.20616,84.58768
6.829944,346.98352,161.18098,84.58508
6.840046,347.12393,161.15543,84.58697
6.8528004,347.0858,161.10585,84.61845
6.863329,347.33627,161.08258,84.646225
6.8750324,347.32495,161.06097,84.68102
6.885597,347.39902,161.04346,84.72018
6.8954206,347.39825,161.0337,84.762184
6.9060464,347.50317,161.02628,84.8038
6.9180946,347.524,161.01894,84.84041
6.9293804,347.69232,161.00984,84.87622
6.9421153,347.7208,160.97978,84.94354
6.9516997,347.88885,160.96283,84.97204
6.9636993,347.87915,160.94623,84.99622
6.973744,347.84793,160.92899,85.01775
6.9857626,347.84073,160.90834,85.0372
6.9963064,347.6263,160.88826,85.056244
7.007806,347.6219,160.86957,85.073746
7.01779,347.69452,160.8509,85.09267
7.0305643,347.7064,160.8051,85.12895
7.0412283,347.84943,160.7804,85.13941
7.0528502,347.8353,160.7556,85.142365
7.0633225,347.77844,160.73004,85.14017
7.074766,347.74194,160.70781,85.12916
7.0859404,347.63605,160.68819,85.115746
7.0973363,347.61346,160.67143,85.10911
7.107917,347.79123,160.65616,85.102936
7.120773,347.78812,160.63147,85.11927
7.1304054,348.0381,160.62158,85.134186
7.1423554,348.0459,160.61195,85.147545
7.152304,348.0586,160.60197,85.152596
7.1642733,348.056,160.59134,85.153
7.1743217,347.9224,160.58174,85.15031
7.1861744,347.91373,160.57124,85.14824
7.1963663,347.93982,160.56125,85.146515
7.209383,347.93018,160.54608,85.145
7.2201095,348.06827,160.5396,85.14254
7.2317524,348.0661,160.53366,85.14141
7.242311,347.9608,160.52739,85.14129
7.253038,347.9601,160.52325,85.14083
7.263952,347.69507,160.51979,85.14059
7.2747803,347.69528,160.51535,85.13859
7.2854896,347.6572,160.50905,85.13863
7.2983747,347.64713,160.49408,85.13575
7.3080096,347.73752,160.48546,85.12876
7.3200526,347.7177,160.47502,85.116394
7.3299747,347.583,160.46523,85.106415
7.3418717,347.57245,160.45778,85.10453
7.3523207,347.4405,160.44972,85.10922
7.364341,347.4396,160.4449,85.12109
7.374567,347.39737,160.44048,85.135086
7.387365,347.3938,160.43599,85.14819
7.3979173,347.55872,160.43382,85.148674
7.409601,347.55127,160.43169,85.14773
7.4201274,347.51932,160.43008,85.14753
7.432358,347.51697,160.43062,85.14814
7.443305,347.63394,160.43268,85.146225
7.453305,347.65207,160.43335,85.119255
7.4662957,347.65207,160.43335,85.119255
7.478123,347.49493,160.43266,85.1084
7.489744,347.48465,160.43437,85.10016
7.501273,347.33304,160.44131,85.093056
7.512339,347.32693,160.4512,85.08684
7.5229435,347.3302,160.46454,85.08201
7.535641,347.34903,160.49355,85.073746
7.5453396,347.5117,160.50737,85.06825
7.55739,347.51797,160.52022,85.06073
7.5673037,347.5707,160.53209,85.05579
7.5792403,347.57956,160.54018,85.04966
7.5896354,347.54135,160.5465,85.04533
7.6014996,347.54855,160.55368,85.04145
7.6116133,347.6358,160.55939,85.03587
7.6243653,347.63348,160.5685,85.010735
7.634931,347.83386,160.57178,84.995895
7.6465206,347.8246,160.57693,84.98388
7.6570086,347.99966,160.58372,84.97308
7.668388,347.9958,160.59387,84.96413
7.6794133,347.96286,160.60605,84.95587
7.6907926,347.96753,160.62111,84.94669
7.701328,348.11047,160.63528,84.93751
7.714042,348.1138,160.66992,84.91577
7.7236314,348.39902,160.68803,84.90527
7.7357864,348.4024,160.70709,84.89648
7.7457643,348.50366,160.7268,84.88747
7.7561994,348.51,160.74464,84.877235
7.7676215,348.60712,160.75996,84.86494
7.7798057,348.60507,160.7761,84.84522
7.789888,348.73956,160.78763,84.82551
7.802625,348.7225,160.8067,84.77832
7.81318,348.9506,160.81754,84.75456
7.8247294,348.94843,160.82732,84.73457
7.8353157,349.02835,160.83618,84.71741
7.8476515,349.0343,160.8484,84.70273
7.858625,349.0794,160.85765,84.68958
7.8713303,349.07617,160.87708,84.66569
7.8809743,349.20416,160.8868,84.65341
7.8924775,349.18896,160.89656,84.6387
7.9017744,349.22482,160.9064,84.62653
7.9137864,349.20724,160.91574,84.61331
7.9237456,349.23755,160.92648,84.60109
7.935891,349.2262,160.93633,84.58982
7.9457135,349.03012,160.94261,84.57523
7.9576106,349.00916,160.94482,84.555885
7.9677095,348.92044,160.94655,84.530785
7.98045,348.8493,160.94984,84.47216
7.9911003,348.89984,160.95157,84.44555
8.002758,348.87137,160.95686,84.42196
8.013227,348.83417,160.96402,84.404755
8.025677,348.8259,160.97122,84.3912
8.0366745,348.85083,160.98146,84.379074
8.049408,348.85416,161.0038,84.35563
8.059012,348.95993,161.01628,84.34592
8.0710335,348.96906,161.02762,84.3426
8.080979,348.9651,161.03775,84.34114
8.092986,348.97122,161.04909,84.34397
8.103872,348.90457,161.05997,84.34859
8.115464,348.9003,161.07292,84.34946
8.125585,348.96866,161.08836,84.34788
8.138394,348.969,161.11908,84.339424
8.149073,349.0608,161.13287,84.334366
8.160659,349.0708,161.14447,84.334816
8.1711855,348.96606,161.15591,84.34113
8.182602,348.9785,161.16795,84.350296
8.193449,348.7631,161.18011,84.35833
8.204699,348.76413,161.19212,84.36081
8.215386,348.69025,161.20537,84.3614
8.228207,348.67807,161.23772,84.35728
8.237887,348.76962,161.25336,84.36148
8.248829,348.78265,161.26758,84.36908
8.258905,348.66873,161.28067,84.380005
8.27088,348.68274,161.28993,84.39097
8.281868,348.46326,161.29668,84.40182
8.293748,348.46057,161.30432,84.41165
8.303843,348.44855,161.3103,84.41936
8.316834,348.4213,161.321,84.42955
8.327376,348.53845,161.32825,84.43342
8.338981,348.53372,161.33545,84.4375
8.349495,348.50293,161.34354,84.44632
8.361894,348.50455,161.35112,84.45367
8.372817,348.60727,161.35997,84.45898
8.385534,348.6008,161.37262,84.46976
8.395248,348.80566,161.37802,84.47941
8.407304,348.81198,161.3821,84.4908
8.417264,348.87164,161.38472,84.49912
8.42929,348.87784,161.38666,84.50404
8.440068,348.83286,161.38818,84.50649
8.450885,348.82516,161.38885,84.50381
8.460175,348.73538,161.38872,84.49753
8.471637,348.7277,161.38718,84.49238
8.481649,348.83713,161.38496,84.48419
8.49436,348.83383,161.37976,84.472496
8.50488,349.0058,161.3749,84.47546
8.516455,349.01654,161.37099,84.48456
8.526996,349.01514,161.36679,84.49726
8.538394,349.0287,161.36452,84.510796
8.549461,348.90308,161.3629,84.52279
8.560694,348.90714,161.36237,84.53277
8.571283,348.89774,161.36145,84.539185
8.584036,348.88547,161.3622,84.54151
8.593622,349.0241,161.36082,84.540276
8.605767,349.02484,161.35405,84.53508
8.61576,348.97403,161.34373,84.53381
8.626388,348.98453,161.33318,84.537735
8.6379795,349.01645,161.32478,84.541405
8.650043,349.03558,161.31558,84.54706
8.660143,349.18228,161.30908,84.553825
8.672841,349.25305,161.30319,84.55636
8.683366,349.48752,161.30833,84.53824
8.695079,349.55243,161.3141,84.509476
8.70564,349.4148,161.31662,84.46504
8.717879,349.48602,161.31818,84.41159
8.728889,349.67725,161.31773,84.365265
8.741602,349.79922,161.30165,84.30945
8.751173,350.00146,161.29018,84.30691
8.763154,350.02307,161.28146,84.315704
8.772379,349.99985,161.27713,84.32958
8.784363,350.01617,161.27527,84.34334
8.792712,350.04187,161.27551,84.356094
8.80466,349.97375,161.27097,84.36422
8.815283,349.99893,161.26485,84.366844
8.827764,349.94443,161.25716,84.36631
8.837303,349.9478,161.24629,84.35742
8.850616,349.86823,161.22134,84.32844
8.8596,349.85385,161.21149,84.319885
8.871192,349.57303,161.2045,84.320015
8.880577,349.57632,161.19925,84.32713
8.892267,349.3621,161.19559,84.33784
8.902843,349.37344,161.19415,84.35721
8.914189,349.24564,161.19418,84.37755
8.92465,349.2496,161.19484,84.39718
8.936524,349.21994,161.19807,84.41208
8.946751,349.20963,161.20227,84.41551
8.959997,349.21494,161.20657,84.407776
8.968009,349.20703,161.20554,84.40667
8.980029,349.22168,161.20224,84.406006
8.989372,349.23004,161.19547,84.40695
9.001327,349.14166,161.18704,84.405945
9.0112505,349.15253,161.17702,84.40665
9.02315,348.93375,161.16756,84.40736
9.032848,348.93372,161.1596,84.40525
9.045306,348.77884,161.15529,84.40176
9.05496,348.778,161.1536,84.40095
9.068227,348.76227,161.15323,84.41169
9.077403,348.77493,161.15494,84.42171
9.08902,348.69873,161.15723,84.43327
9.099286,348.70502,161.16023,84.44215
9.110887,348.53912,161.16295,84.445595
9.122429,348.53824,161.161,84.443375
9.134084,348.41687,161.15846,84.43425
9.144212,348.40686,161.15611,84.4246
9.1574745,348.44553,161.15434,84.4009
9.165461,348.46,161.15422,84.39421
9.177488,348.45053,161.1545,84.395386
9.186789,348.47794,161.15929,84.402626
9.19876,348.31665,161.16405,84.41189
9.208022,348.33105,161.1701,84.41863
9.220099,348.24127,161.17682,84.42395
9.230622,348.2391,161.18227,84.42561
9.243084,348.24933,161.18988,84.4207
9.25265,348.23453,161.19571,84.40896
9.266038,348.21588,161.20311,84.37136
9.275125,348.20148,161.20459,84.35124
9.287047,348.17664,161.2084,84.33217
9.297304,348.1759,161.21423,84.31862
9.308667,348.0117,161.21947,84.31081
9.319849,348.02362,161.2263,84.3091
9.331623,347.7844,161.23389,84.31268
9.341734,347.79684,161.24301,84.3165
9.354983,347.7617,161.26144,84.30671
9.363125,347.75467,161.26866,84.2953
9.375136,347.59583,161.27654,84.277374
9.384424,347.58148,161.28372,84.25826
9.396513,347.31183,161.2938,84.24018
9.405776,347.30826,161.30579,84.22991
9.417906,347.03708,161.31914,84.23054
9.428386,347.053,161.3344,84.23362
9.4408865,346.91522,161.35013,84.24177
9.450334,346.9446,161.3646,84.25224
9.46354,346.83777,161.39145,84.25894
9.472499,346.85336,161.40163,84.24551
9.48411,346.62286,161.41182,84.22752
9.494346,346.6445,161.42111,84.21451
9.505966,346.4955,161.42844,84.20583
9.515002,346.5306,161.43597,84.20487
9.526365,346.5021,161.44351,84.204575
9.536613,346.54242,161.4516,84.20632
9.5479145,346.50085,161.45818,84.21003
9.55733,346.54306,161.46307,84.2165
9.568594,346.6693,161.4698,84.21956
9.578205,346.70673,161.47699,84.21806
9.589208,346.8732,161.48398,84.21405
9.598639,346.91348,161.48634,84.21389
9.609499,347.1817,161.4877,84.218475
9.618976,347.21164,161.48947,84.228355
9.631659,347.4473,161.49619,84.244896
9.639315,347.4514,161.49213,84.24494
9.651757,347.42133,161.47606,84.2379
9.66077,347.38034,161.44504,84.22513
9.672199,347.22476,161.39825,84.20046
9.681116,347.12262,161.3339,84.162506
9.692548,346.8765,161.25491,84.11073
9.70146,346.68878,161.16603,84.052155
9.712876,346.3305,161.07199,83.97784
9.721796,346.02988,160.97154,83.87466
9.733188,345.64288,160.85875,83.74597
9.740099,345.2344,160.73567,83.584076
9.751895,344.90714,160.60234,83.39909
9.76121,344.41974,160.451,83.197716
9.773156,344.38153,160.28406,82.96752
9.783095,343.8053,160.10411,82.71259
9.794972,342.9251,159.90302,82.43947
9.804245,342.30505,159.66838,82.154434
9.816727,342.01718,159.38673,81.85989
9.826213,341.32892,159.04066,81.560196
9.839612,340.62845,158.07083,80.911644
9.848596,339.60812,157.3999,80.5116
9.860178,339.1319,156.58655,80.05768
9.8704195,337.62933,155.62459,79.563255
9.881733,336.79926,154.52164,79.07524
9.8923855,334.6932,153.28294,78.697464
9.905051,332.97388,151.89,78.56123
9.915549,330.44482,150.33238,78.76971
9.928925,324.58157,146.7676,80.56871
9.936945,321.58032,144.8782,82.26222
9.94895,317.46112,143.03069,84.51469
9.958195,314.28897,141.26003,87.2842
9.970634,310.05627,40.380486,89.41112
9.980539,303.9434,41.78795,85.52667
9.992516,297.1517,42.83187,81.046585
10.0021,291.21027,43.407696,76.11498
10.014717,283.79803,43.49,70.97931
10.024587,278.6989,43.045174,65.70983
10.038092,267.10364,40.56682,55.322388
10.054597,261.77438,38.5653,50.52667
10.071381,254.57353,33.128613,42.133316
10.081675,250.18977,29.981127,38.627853
10.098512,245.06381,24.11932,33.044586
10.1092415,243.21506,21.6997,30.834381
10.119242,239.968,18.189583,27.31918
10.128052,239.968,18.189583,27.31918
10.143543,239.09616,17.07516,25.914658
10.160739,237.87686,15.706626,23.537548
10.171417,237.43478,15.190715,22.43289
10.188284,236.20184,13.817955,20.250599
10.198665,235.76797,12.792724,19.191847
10.208664,234.32874,10.207316,17.26079
10.216932,234.32874,10.207316,17.26079
10.226982,233.74692,8.905431,16.388845
10.242199,233.17786,7.7647505,15.554036
10.256117,232.51433,6.228446,13.992582
10.268292,232.32901,5.8421154,13.287261
10.2813425,232.20874,5.671363,12.638129
10.294786,231.75725,5.6118565,11.49667
10.308026,231.6481,5.547847,10.991076
10.319311,231.35172,5.3783073,10.526985
10.33209,231.19664,5.112898,10.104789
10.345518,230.49023,4.4368253,9.394848
10.358859,230.13513,4.1304917,9.104432
10.374122,229.91196,3.822851,8.615018
10.384753,229.81506,3.8464694,8.403027
10.397498,229.76208,3.9624865,8.204885
10.408551,229.72789,4.136359,8.016105
10.423919,229.66948,4.5167165,7.6368647
10.433577,229.6474,4.6884646,7.4440894
10.449419,229.61351,4.820001,7.2585797
10.463308,229.62125,4.979972,6.9160247
10.474884,229.85439,5.041539,6.7604513
10.489352,229.99939,5.101005,6.6142983
10.504542,230.06084,5.2092605,6.3547373
10.514718,230.19012,5.26516,6.242264
10.53193,230.33707,5.399418,6.0354176
10.545093,230.37907,5.461979,5.9335794
10.557693,230.43689,5.511588,5.830699
10.568045,230.47241,5.548175,5.7324724
10.581268,230.6113,5.573285,5.553109
10.58927,230.64046,5.5748873,5.470404
10.6012945,230.63004,5.580213,5.3889265
10.610744,230.65715,5.580504,5.3135643
10.622611,230.55583,5.5715337,5.242265
10.631914,230.5861,5.557796,5.175191
10.64382,230.49493,5.540477,5.0662594
10.653522,230.5018,5.573702,4.990119
10.670986,230.61264,5.6291294,4.914321
10.684018,230.59277,5.667419,4.866518
10.694018,230.62708,5.673984,4.692065
10.706724,230.62708,5.673984,4.692065
10.718382,230.69077,5.612861,4.6435328
10.729817,230.68153,5.5851316,4.61399
10.739386,230.71129,5.5748296,4.570107
