0.0,-0.80147445,3.8751009,8.972825
0.012730156,-0.8003091,3.8610144,8.978999
0.02368526,-0.79576933,3.8465352,8.985615
0.036328226,-0.78694475,3.8115447,9.001289
0.04909453,-0.7816077,3.7921278,9.009951
0.06307984,-0.77569926,3.7725496,9.018676
0.07054917,-0.76979774,3.7535126,9.027122
0.085589215,-0.76177275,3.7105935,9.045527
0.100852184,-0.7594493,3.6838388,9.056652
0.11085218,-0.7615494,3.6146562,9.08431
0.11917187,-0.7615494,3.6146562,9.08431
0.13431203,-0.77190423,3.511842,9.123679
0.15004428,-0.78085893,3.4409752,9.14988
0.16438912,-0.80680555,3.2427158,9.219774
0.17664458,-0.82350916,3.1080685,9.264563
0.18402395,-0.84317625,2.9442961,9.316145
0.20164469,-0.86742646,2.744734,9.374667
0.21879584,-0.9347144,2.2135754,9.507722
0.23539037,-1.0339634,1.4888932,9.63766
0.24726349,-1.0981292,1.0579723,9.687372
0.26428083,-1.2559618,0.07582352,9.7255945
0.27428085,-1.4637594,-1.0419289,9.640653
0.2832789,-1.4637594,-1.0419289,9.640653
0.29643574,-1.5960578,-1.6325017,9.537187
0.31245825,-1.9363703,-2.8173366,9.191487
0.32304132,-2.1508777,-3.3877177,8.948043
0.3400429,-2.4018154,-3.9331777,8.656313
0.3547254,-3.0195951,-4.9118733,7.9325824
0.36577594,-3.3961723,-5.3226457,7.5037174
0.37577593,-4.2615166,-5.919527,6.5550747
0.3869787,-4.2615166,-5.919527,6.5550747
0.39642927,-4.7199216,-6.095835,6.060803
0.41290814,-5.6506405,-6.243939,5.0253096
0.42107454,-6.103427,-6.22441,4.491677
0.4344658,-6.5275373,-6.147299,3.9714224
0.4424685,-6.919913,-6.015945,3.47755
0.4572925,-7.2824407,-5.832183,3.0202463
0.4706215,-7.909115,-5.3670835,2.19329
0.48740384,-8.174555,-5.1122584,1.7920341
0.50095314,-8.626215,-4.5568295,0.9969341
0.5120995,-8.81751,-4.24587,0.6277971
0.5275862,-8.986086,-3.915892,0.29327393
0.54526144,-9.252304,-3.239428,-0.26646557
0.5560044,-9.351434,-2.9116666,-0.49273998
0.57282126,-9.494307,-2.308275,-0.8366715
0.58305115,-9.543576,-2.0424948,-0.9582544
0.59305114,-9.611274,-1.5985228,-1.112693
0.6012955,-9.611274,-1.5985228,-1.112693
0.61141086,-9.633853,-1.4247482,-1.1527798
0.6214109,-9.664072,-1.173653,-1.1824442
0.6302693,-9.664072,-1.173653,-1.1824442
0.64580244,-9.673333,-1.0936139,-1.1834078
0.6623143,-9.681742,-1.0127932,-1.1865275
0.6744063,-9.681247,-1.0072951,-1.1953151
0.6913063,-9.671502,-1.0580288,-1.2298335
0.7014816,-9.662812,-1.1093045,-1.2528096
0.7114816,-9.639514,-1.2453879,-1.3034248
0.72025734,-9.639514,-1.2453879,-1.3034248
0.7366532,-9.625446,-1.3244071,-1.3291625
0.7539232,-9.59436,-1.4903511,-1.377337
0.7637691,-9.578352,-1.5728277,-1.3968875
0.78056085,-9.548725,-1.7240558,-1.4210703
0.7914179,-9.536345,-1.789164,-1.4236898
0.80898035,-9.518402,-1.8923879,-1.4102473
0.81818205,-9.513286,-1.9292098,-1.3948507
0.8355556,-9.510826,-1.9554234,-1.3749677
0.8514047,-9.513092,-1.977036,-1.3275291
0.86306983,-9.516837,-1.9741657,-1.304784
0.878573,-9.526503,-1.9497902,-1.2704265
0.89076155,-9.531628,-1.9323984,-1.2586267
0.90455645,-9.53625,-1.9149238,-1.2502037
0.9183818,-9.542159,-1.8900154,-1.2430066
0.93436426,-9.542798,-1.886239,-1.2437507
0.95170444,-9.53974,-1.8983963,-1.248746
0.96154785,-9.536093,-1.9146912,-1.2517338
0.978325,-9.524741,-1.9681028,-1.2553251
0.9880368,-9.517243,-2.004286,-1.2549562
0.9980368,-9.498723,-2.0932882,-1.249941
1.0067482,-9.498723,-2.0932882,-1.249941
1.0219375,-9.488041,-2.1435707,-1.2459087
1.0384022,-9.464261,-2.2517893,-1.2357731
1.0501422,-9.45126,-2.30836,-1.2308524
1.0669936,-9.423729,-2.4232764,-1.2211407
1.077314,-9.409654,-2.4797173,-1.2163237
1.087314,-9.381541,-2.589718,-1.2041923
1.0959212,-9.381541,-2.589718,-1.2041923
1.1119267,-9.367615,-2.6434617,-1.1958176
1.1293024,-9.341117,-2.7441328,-1.1761229
1.1391217,-9.328776,-2.7900357,-1.1659201
1.1557255,-9.305902,-2.874137,-1.1443688
1.1664847,-9.295192,-2.9128664,-1.1334856
1.1764847,-9.275414,-2.983821,-1.1106539
1.1846455,-9.275414,-2.983821,-1.1106539
1.1933453,-9.266547,-3.015489,-1.099066
1.2106355,-9.2584505,-3.0444467,-1.0873902
1.2259737,-9.24463,-3.0932105,-1.0671511
1.2388,-9.239141,-3.1127977,-1.0577275
1.2542155,-9.231656,-3.141087,-1.0393703
1.2664616,-9.229696,-3.1494882,-1.0312959
1.2803069,-9.228893,-3.1543224,-1.023518
1.2941736,-9.230827,-3.1532156,-1.0094612
1.3101645,-9.233511,-3.147447,-1.0028979
1.3275273,-9.241478,-3.1273541,-0.99240184
1.3373989,-9.246729,-3.1131995,-0.9879577
1.3490745,-9.252673,-3.0968797,-0.9835157
1.3592027,-9.259224,-3.0784907,-0.9796701
1.3727216,-9.273441,-3.037374,-0.97356534
1.3832226,-9.280802,-3.0156868,-0.9709046
1.394483,-9.28821,-2.9935896,-0.96819216
1.4061062,-9.295411,-2.9719863,-0.965705
1.4173406,-9.302456,-2.9506605,-0.9633462
1.4279653,-9.309333,-2.9295647,-0.9612086
1.4406604,-9.3225,-2.8882384,-0.95873225
1.4502562,-9.328676,-2.8684108,-0.9582123
1.4623437,-9.334397,-2.8497577,-0.95803404
1.4722933,-9.339917,-2.8316345,-0.9579694
1.4841897,-9.345217,-2.8141818,-0.9578736
1.4944887,-9.350215,-2.7974381,-0.957951
1.5062124,-9.354996,-2.7812696,-0.9583622
1.5162746,-9.359622,-2.7655404,-0.95868546
1.5276495,-9.364129,-2.7500691,-0.9592235
1.5397172,-9.372923,-2.7192361,-0.96125126
1.5510037,-9.377249,-2.7037547,-0.9626526
1.5615369,-9.381508,-2.688243,-0.9645637
1.5728567,-9.385708,-2.6727357,-0.9669287
1.5842165,-9.389889,-2.657008,-0.96967506
1.5953628,-9.39404,-2.6410103,-0.9732006
1.6058246,-9.398156,-2.6248348,-0.9771371
1.6165887,-9.402245,-2.6088471,-0.98066586
1.6286213,-9.410151,-2.5774152,-0.98784727
1.6405871,-9.413977,-2.5619657,-0.99158704
1.6505164,-9.417701,-2.546864,-0.9951602
1.66239,-9.421219,-2.5321336,-0.99950004
1.672495,-9.424431,-2.5183053,-1.0041159
1.684228,-9.427373,-2.5052457,-1.0090996
1.6944396,-9.43018,-2.4929538,-1.0134134
1.7058109,-9.432763,-2.4813855,-1.0177201
1.7178016,-9.437321,-2.4612122,-1.0244302
1.7279582,-9.439387,-2.452264,-1.0268145
1.7382505,-9.441328,-2.4439766,-1.0287279
1.7499001,-9.443111,-2.4364147,-1.0304066
1.76212,-9.444634,-2.4298286,-1.0318918
1.773157,-9.445967,-2.4240127,-1.0334356
1.7837148,-9.447009,-2.419312,-1.0348516
1.794557,-9.447854,-2.4153352,-1.0364482
1.8065583,-9.448763,-2.4106464,-1.0390192
1.8185594,-9.448885,-2.4098003,-1.0399069
1.8285222,-9.448836,-2.4098573,-1.0402219
1.840553,-9.44859,-2.410721,-1.0402993
1.8505082,-9.448119,-2.4127624,-1.0399574
1.8622799,-9.44744,-2.415631,-1.0394986
1.8723508,-9.446589,-2.4193225,-1.0386647
1.8837903,-9.445479,-2.4241498,-1.0374384
1.895898,-9.442982,-2.435421,-1.0339137
1.9074378,-9.441546,-2.441968,-1.0315481
1.9180604,-9.439968,-2.4490442,-1.0291511
1.9305093,-9.43828,-2.4566627,-1.0264608
1.9414166,-9.436497,-2.4647722,-1.0235335
1.95224,-9.434626,-2.4730747,-1.0207199
1.9628015,-9.432605,-2.481866,-1.0180036
1.975979,-9.428025,-2.501591,-1.012071
1.9864006,-9.42548,-2.5123868,-1.0091137
1.9983466,-9.422876,-2.5235062,-1.005646
2.0087063,-9.420234,-2.5346544,-1.0023545
2.0205243,-9.417467,-2.5460973,-0.9993404
2.030672,-9.414698,-2.557557,-0.9962112
2.042251,-9.412044,-2.5686417,-0.99278295
2.054342,-9.40697,-2.5897472,-0.98604167
2.065403,-9.404642,-2.5994446,-0.98276925
2.0760598,-9.402389,-2.6087008,-0.97964
2.0874622,-9.400198,-2.6175165,-0.97711194
2.0983157,-9.398096,-2.6258402,-0.97497404
2.1096225,-9.395969,-2.633957,-0.97369015
2.120189,-9.393751,-2.6422763,-0.9724878
2.1329875,-9.389465,-2.658624,-0.9693746
2.1425812,-9.38757,-2.6661277,-0.9671219
2.154537,-9.385816,-2.6732204,-0.9644702
2.1644514,-9.384228,-2.6799521,-0.9614535
2.1763635,-9.38287,-2.6857266,-0.95846105
2.1866922,-9.381669,-2.6908839,-0.9557974
2.19852,-9.380742,-2.6949282,-0.9533891
2.2085905,-9.379959,-2.6983905,-0.9513237
2.2211192,-9.379238,-2.7013867,-0.94995093
2.2331634,-9.377988,-2.7058592,-0.9495348
2.2446635,-9.377568,-2.7074125,-0.9494489
2.256561,-9.377302,-2.7082796,-0.9493407
2.267641,-9.3771515,-2.7088704,-0.94924396
2.278245,-9.377134,-2.7091866,-0.9485087
2.2911701,-9.377572,-2.7082834,-0.94672585
2.3007054,-9.378078,-2.7067947,-0.9461168
2.312653,-9.378666,-2.7047,-0.94626933
2.3225832,-9.379284,-2.7023728,-0.9466943
2.334502,-9.379923,-2.6998196,-0.94758743
2.3449214,-9.38066,-2.6968367,-0.94882196
2.3566787,-9.381518,-2.6935413,-0.94967943
2.3668754,-9.38253,-2.689767,-0.950506
2.37835,-9.38377,-2.6852474,-0.9509201
2.3903122,-9.3867235,-2.6749432,-0.95080084
2.400829,-9.38837,-2.6690907,-0.9510855
2.4100993,-9.390153,-2.6626096,-0.9516323
2.4217658,-9.391866,-2.6562066,-0.9525533
2.4323056,-9.393555,-2.6498623,-0.9535876
2.4447124,-9.395188,-2.6434915,-0.9552073
2.4556427,-9.396944,-2.6368198,-0.95641315
2.4664502,-9.398586,-2.6305656,-0.9575252
2.4769616,-9.400195,-2.6244583,-0.95844203
2.490305,-9.403449,-2.6123528,-0.9595909
2.5002825,-9.4049835,-2.6065524,-0.9602719
2.5123255,-9.406438,-2.6010582,-0.96094346
2.5229332,-9.407775,-2.595866,-0.9618296
2.5344462,-9.409068,-2.5908184,-0.96280867
2.5444052,-9.410203,-2.586225,-0.96417207
2.5557845,-9.411213,-2.5819168,-0.96576726
2.567815,-9.412829,-2.5748377,-0.96902156
2.5779681,-9.413375,-2.5720863,-0.9708903
2.5882785,-9.41375,-2.5700283,-0.9729028
2.5999606,-9.413942,-2.5684552,-0.97499156
2.6105769,-9.4139805,-2.56732,-0.9776564
2.6227202,-9.413806,-2.5668542,-0.98059016
2.6336482,-9.413493,-2.566819,-0.98355544
2.6445177,-9.413147,-2.5670197,-0.98639125
2.6550474,-9.412687,-2.5673676,-0.989863
2.6684167,-9.412001,-2.56742,-0.99625856
2.6783867,-9.411696,-2.5672967,-0.99947137
2.6903868,-9.411492,-2.5666099,-1.0031328
2.7009254,-9.41134,-2.5656548,-1.007011
2.7123585,-9.411296,-2.5644677,-1.0105466
2.7223256,-9.411273,-2.563302,-1.0135946
2.7337508,-9.411304,-2.5620513,-1.0165014
2.745816,-9.411307,-2.559525,-1.0228233
2.7573984,-9.411093,-2.5588856,-1.0262796
2.7680848,-9.410809,-2.5587177,-1.0293401
2.7779107,-9.410369,-2.5593035,-1.0320281
2.788505,-9.409711,-2.5609188,-1.0338982
2.8007104,-9.4090805,-2.562938,-1.0347636
2.8118737,-9.408324,-2.5655782,-1.0349667
2.8226833,-9.407622,-2.5682366,-1.0347955
2.8347914,-9.406414,-2.5732188,-1.0334525
2.8478281,-9.405994,-2.5749376,-1.0329723
2.8591297,-9.40558,-2.5764093,-1.0329733
2.8706377,-9.405209,-2.5775125,-1.0336971
2.8806605,-9.40488,-2.5783308,-1.0345141
2.8920927,-9.404671,-2.578626,-1.0357333
2.9040837,-9.404554,-2.5778873,-1.0386387
2.9156506,-9.404655,-2.5769668,-1.0399886
2.9262846,-9.404966,-2.5756354,-1.0405688
2.937605,-9.405346,-2.5739877,-1.0410849
2.9487581,-9.405877,-2.5719922,-1.0413375
2.9599543,-9.406455,-2.5696507,-1.0417641
2.9705992,-9.407115,-2.5669858,-1.0424767
2.983256,-9.4084015,-2.5612862,-1.0448964
2.9929318,-9.409033,-2.5585215,-1.0459107
3.0048606,-9.4098425,-2.5552375,-1.046654
3.014758,-9.410722,-2.5517478,-1.047387
3.0266483,-9.411617,-2.5483637,-1.0474712
3.037135,-9.412566,-2.545058,-1.047055
3.0490007,-9.413674,-2.5413713,-1.0459929
3.0591106,-9.414838,-2.5377553,-1.0443735
3.0722787,-9.417018,-2.531627,-1.0395672
3.082788,-9.418051,-2.5287704,-1.0370488
3.0942268,-9.419053,-2.526278,-1.034137
3.1053436,-9.419957,-2.5241866,-1.0309771
3.1171248,-9.420674,-2.5228817,-1.0276208
3.1280835,-9.421322,-2.5219245,-1.0239465
3.1389177,-9.422024,-2.520996,-1.0198396
3.14949,-9.4227705,-2.5200002,-1.0154113
3.163973,-9.42406,-2.5185845,-1.006798
3.1755898,-9.424567,-2.5183935,-1.0025296
3.1872084,-9.424993,-2.5183113,-0.9987983
3.1973994,-9.425397,-2.5182729,-0.99503165
3.208866,-9.425787,-2.5185208,-0.99078333
3.2208579,-9.426379,-2.5195553,-0.9824092
3.2325232,-9.426699,-2.5200734,-0.9779139
3.2430296,-9.426951,-2.5209584,-0.973333
3.2555814,-9.427138,-2.5217466,-0.96940035
3.2665174,-9.427281,-2.5227323,-0.96548694
3.2773557,-9.427394,-2.5237577,-0.9617843
3.2879667,-9.427545,-2.524542,-0.95817083
3.3010437,-9.427894,-2.5257697,-0.9514225
3.3110569,-9.428148,-2.526086,-0.9481635
3.323031,-9.428367,-2.526198,-0.9457807
3.3338273,-9.428499,-2.526493,-0.9435233
3.345334,-9.42856,-2.5269308,-0.9417355
3.3553126,-9.428607,-2.5274303,-0.93984866
3.3667514,-9.428615,-2.5282197,-0.93777657
3.3786998,-9.428414,-2.530597,-0.933354
3.390226,-9.428173,-2.532111,-0.931637
3.4012845,-9.427685,-2.5343034,-0.93064946
3.4138103,-9.427057,-2.5369263,-0.9298674
3.4246783,-9.42625,-2.5401404,-0.9292332
3.4355495,-9.425461,-2.5435984,-0.9278195
3.4460912,-9.424784,-2.5467262,-0.9260823
3.4594734,-9.423831,-2.551977,-0.9211413
3.4693937,-9.423737,-2.5533998,-0.9183485
3.4824784,-9.4237795,-2.5542002,-0.9156404
3.4922621,-9.423919,-2.5545852,-0.91305125
3.5038416,-9.424087,-2.5546682,-0.911291
3.5139043,-9.4242735,-2.5544293,-0.9098928
3.525319,-9.42443,-2.554202,-0.9089701
3.537383,-9.424528,-2.5544086,-0.9074369
3.5490115,-9.4244995,-2.5548632,-0.9063643
3.5595255,-9.424428,-2.555522,-0.90532535
3.5720294,-9.424212,-2.5566797,-0.9042121
3.5829258,-9.423915,-2.5581343,-0.9032918
3.5937767,-9.42352,-2.559859,-0.90241617
3.6043234,-9.423108,-2.5616035,-0.9018299
3.6174443,-9.422331,-2.5645607,-0.901381
3.6275132,-9.421953,-2.5660956,-0.9011492
3.6395655,-9.421679,-2.5671396,-0.9009525
3.650221,-9.4214945,-2.5679252,-0.9006047
3.6616557,-9.421448,-2.568265,-0.9001532
3.6716075,-9.421576,-2.5681252,-0.8993042
3.683055,-9.421798,-2.5676258,-0.89837974
3.6951215,-9.422402,-2.5653837,-0.8984078
3.706709,-9.4227915,-2.5639076,-0.89853114
3.717201,-9.423105,-2.5625768,-0.89906514
3.7285306,-9.423431,-2.561102,-0.899832
3.7398431,-9.423717,-2.5596933,-0.9007845
3.751004,-9.424079,-2.5581226,-0.90140116
3.7615762,-9.424461,-2.5565445,-0.9019737
3.7743125,-9.425438,-2.5526564,-0.9028265
3.7838452,-9.425992,-2.5504653,-0.90308076
3.7969046,-9.426566,-2.5482495,-0.90351593
3.8084521,-9.427119,-2.5461323,-0.90364546
3.820069,-9.427657,-2.543933,-0.9043027
3.8301773,-9.428249,-2.5417104,-0.9043165
3.841693,-9.428812,-2.5395813,-0.90442604
3.8536012,-9.429886,-2.5357077,-0.9041051
3.8653433,-9.430485,-2.5336838,-0.9035446
3.8758986,-9.4309845,-2.5320494,-0.9029937
3.888448,-9.431324,-2.5309007,-0.9026824
3.899391,-9.431532,-2.530148,-0.90262926
3.91021,-9.431653,-2.5297773,-0.90235454
3.9208686,-9.431638,-2.5298014,-0.90234226
3.9339082,-9.4312525,-2.5314102,-0.90200204
3.943979,-9.431,-2.5323348,-0.901924
3.9559746,-9.430684,-2.5334857,-0.90214205
3.966688,-9.430297,-2.534794,-0.9022984
3.9783459,-9.429967,-2.535925,-0.90279233
3.988466,-9.429622,-2.536853,-0.90359426
3.9998534,-9.42933,-2.5377445,-0.9040619
4.011864,-9.428993,-2.5386612,-0.90512955
4.023472,-9.428993,-2.538441,-0.9057044
4.0339847,-9.42907,-2.5378964,-0.9064655
4.043823,-9.429103,-2.5372853,-0.9078619
4.052933,-9.429049,-2.5367782,-0.90988815
4.0629334,-9.428561,-2.537144,-0.9138085
4.070937,-9.428561,-2.537144,-0.9138085
4.0799828,-9.428373,-2.5374982,-0.9148241
4.0909166,-9.428229,-2.5378144,-0.91555387
4.0999217,-9.428241,-2.5375826,-0.9159426
4.113103,-9.428461,-2.5366967,-0.9161662
4.123119,-9.428908,-2.534966,-0.9163243
4.136215,-9.42947,-2.5325794,-0.91705555
4.146546,-9.430175,-2.5294313,-0.91848266
4.1579456,-9.430907,-2.5258982,-0.92069066
4.1699758,-9.432277,-2.5187395,-0.9263401
4.181623,-9.432974,-2.5149791,-0.9293547
4.192106,-9.4337225,-2.5110216,-0.9324621
4.2019334,-9.434505,-2.5069468,-0.93562055
4.212442,-9.435263,-2.5029917,-0.9384739
4.224679,-9.436095,-2.4989738,-0.9408991
4.2361097,-9.436868,-2.495241,-0.9430226
4.248805,-9.4383335,-2.488536,-0.9461156
4.2583566,-9.438896,-2.485528,-0.94828564
4.268884,-9.439393,-2.482933,-0.9501941
4.2781305,-9.439937,-2.4803739,-0.9514301
4.2901335,-9.44053,-2.477701,-0.9526932
4.300224,-9.441112,-2.4750416,-0.9537539
4.3121996,-9.441853,-2.47188,-0.954507
4.322685,-9.442766,-2.468536,-0.95433456
4.3344674,-9.443673,-2.4650095,-0.95431995
4.344565,-9.444587,-2.4617066,-0.95380825
4.3559813,-9.4453945,-2.4587543,-0.95335114
4.367931,-9.446766,-2.4542828,-0.95133775
4.378116,-9.447311,-2.452729,-0.9499571
4.3883915,-9.447803,-2.4516807,-0.9478014
4.3999104,-9.448254,-2.4508903,-0.9453549
4.412303,-9.448642,-2.450516,-0.9423528
4.4233556,-9.449002,-2.4503348,-0.93936205
4.4350524,-9.449317,-2.450295,-0.9360846
4.4480643,-9.450091,-2.4500098,-0.92904115
4.4582176,-9.450421,-2.450148,-0.9254484
4.4702425,-9.45074,-2.4504385,-0.9213763
4.4809055,-9.451118,-2.4505682,-0.91703594
4.49133,-9.451489,-2.4507892,-0.9127719
4.5020676,-9.451868,-2.451043,-0.90813166
4.5117373,-9.452258,-2.4513102,-0.903257
4.519613,-9.452609,-2.4517558,-0.8983283
4.531505,-9.452948,-2.4522936,-0.8933748
4.5409455,-9.453215,-2.4530528,-0.8883713
4.5508885,-9.453427,-2.454078,-0.8832237
4.560444,-9.4535475,-2.4555614,-0.87795013
4.5713425,-9.453513,-2.4574292,-0.8728572
4.580819,-9.453434,-2.4595947,-0.86773914
4.591648,-9.453357,-2.4617853,-0.8623101
4.601114,-9.453226,-2.463956,-0.85755354
4.6119647,-9.453287,-2.4655304,-0.8523358
4.6214085,-9.45327,-2.4672763,-0.84744275
4.637437,-9.453217,-2.4707353,-0.8379396
4.6476426,-9.453219,-2.4723158,-0.8333032
4.6600075,-9.45315,-2.4739788,-0.82915336
4.669334,-9.453089,-2.4757438,-0.8245999
4.6809063,-9.453057,-2.4774334,-0.819775
4.6904936,-9.452992,-2.4792366,-0.81507456
4.703186,-9.4527855,-2.4826922,-0.806988
4.710417,-9.45251,-2.484664,-0.8038681
4.7238874,-9.452113,-2.4871829,-0.8008397
4.733174,-9.451577,-2.4902546,-0.79781777
4.7463727,-9.451,-2.493606,-0.7941411
4.757214,-9.450484,-2.496731,-0.79037476
4.770011,-9.450012,-2.4995615,-0.78704673
4.7796044,-9.449692,-2.5019212,-0.78346103
4.7905464,-9.449528,-2.503505,-0.7802105
4.802677,-9.449486,-2.5051289,-0.7755092
4.81202,-9.44943,-2.5057237,-0.7744512
4.8222623,-9.449327,-2.5063093,-0.7737547
4.8325605,-9.449234,-2.5066142,-0.77380735
4.8428063,-9.449097,-2.507005,-0.7743571
4.852207,-9.448932,-2.5074694,-0.7747151
4.8624516,-9.448721,-2.5081136,-0.77512574
4.8716955,-9.448464,-2.5089004,-0.77580816
4.881948,-9.448118,-2.5098832,-0.7768012
4.8936706,-9.447815,-2.5106952,-0.7778648
4.9041786,-9.447482,-2.5116246,-0.7791025
4.9154344,-9.447078,-2.5125625,-0.78080374
4.925919,-9.446697,-2.5134387,-0.7828078
4.936516,-9.446307,-2.5141325,-0.78512573
4.9465466,-9.445924,-2.5147238,-0.7877695
4.956784,-9.445677,-2.5149794,-0.78997606
4.9668407,-9.445618,-2.5146582,-0.7917896
4.9803987,-9.445794,-2.5132217,-0.79406774
4.988557,-9.446044,-2.512113,-0.7946549
5.0001683,-9.446411,-2.5108223,-0.79437727
5.009484,-9.44693,-2.5091093,-0.7937144
5.0207725,-9.447555,-2.5070124,-0.792837
5.0300374,-9.448185,-2.50497,-0.791784
5.0415044,-9.448732,-2.503294,-0.7905115
5.050766,-9.449253,-2.5016692,-0.78942984
5.0632396,-9.449725,-2.5003772,-0.78803635
5.073679,-9.450049,-2.4997096,-0.786196
5.0854783,-9.450348,-2.499352,-0.7836776
5.095009,-9.450524,-2.4996536,-0.7806182
5.105231,-9.450608,-2.5004199,-0.7772557
5.114763,-9.450566,-2.5017607,-0.77329123
5.1261764,-9.450458,-2.5035179,-0.7688889
5.13573,-9.450166,-2.505938,-0.764474
5.1471415,-9.449827,-2.5088758,-0.75909084
5.15866,-9.448972,-2.5155232,-0.7476874
5.1695514,-9.448502,-2.5192542,-0.7411103
5.179805,-9.448024,-2.5230992,-0.73411447
5.190564,-9.447584,-2.5268998,-0.7268001
5.1995506,-9.447025,-2.5310996,-0.7192951
5.2101846,-9.446273,-2.5358367,-0.7123314
5.220861,-9.445338,-2.5413072,-0.7051757
5.2332973,-9.444146,-2.5476665,-0.69818187
5.243857,-9.442646,-2.554979,-0.6917171
5.2546535,-9.440595,-2.5641994,-0.6856474
5.264691,-9.437697,-2.576158,-0.68081665
5.2773137,-9.428814,-2.6103895,-0.6734087
5.285434,-9.42153,-2.636797,-0.67238784
5.297083,-9.411472,-2.6719112,-0.67454267
5.3063526,-9.398174,-2.7166855,-0.68118894
5.317979,-9.381042,-2.773112,-0.68996996
5.3273063,-9.359574,-2.8420577,-0.7007181
5.339009,-9.333396,-2.9239025,-0.71312344
5.348948,-9.301918,-3.019463,-0.72612554
5.3603306,-9.264363,-3.1302762,-0.73688424
5.370329,-9.220746,-3.2559028,-0.73957044
5.38235,-9.171572,-3.3941574,-0.72921705
5.390927,-9.117301,-3.5424173,-0.7044915
5.4012995,-9.056945,-3.7005508,-0.66910046
5.410765,-8.9891,-3.8694491,-0.62711716
5.422182,-8.911646,-4.0514793,-0.5814158
5.431634,-8.823003,-4.247394,-0.53321636
5.4430995,-8.722211,-4.456385,-0.48336336
5.4525313,-8.607735,-4.6785684,-0.43345308
5.4653254,-8.326929,-5.1683397,-0.34752136
5.4774513,-8.154374,-5.438361,-0.31682608
5.486245,-7.9586134,-5.722246,-0.2939213
5.494476,-7.7397175,-6.0160246,-0.2724483
5.5031133,-7.4968185,-6.31728,-0.24434623
5.5131135,-6.932153,-6.9347706,-0.15558599
5.5275774,-6.932153,-6.9347706,-0.15558599
5.540656,-6.607648,-7.2455745,-0.10344255
5.5564275,-5.866984,-7.858027,-0.0040706107
5.567538,-5.4507,-8.152212,0.03550912
5.58384,-4.594526,-8.663351,-0.081220485
5.5960436,-4.089735,-8.9129505,-0.059506085
5.613394,-3.012854,-9.332352,0.011022914
5.629727,-2.4583383,-9.493156,0.08216917
5.6449623,-1.3489219,-9.706969,0.35346332
5.6567035,-0.8045146,-9.758338,0.5455448
5.6727843,0.2702955,-9.753591,0.9820669
5.6842337,0.8057336,-9.6980915,1.2115672
5.700294,1.3348327,-9.608078,1.4398142
5.7171354,2.3567593,-9.333743,1.8699896
5.7270255,2.8458216,-9.154726,2.0645905
5.7433753,3.7535424,-8.741669,2.379982
5.7531757,4.1553283,-8.524589,2.4969559
5.769471,4.512202,-8.312327,2.5914183
5.785475,5.081091,-7.928927,2.7358325
5.7975817,5.293891,-7.7646112,2.8028088
5.8131537,5.5936747,-7.4877777,2.968854
5.824268,5.689748,-7.3712935,3.0758455
5.8409147,5.7942815,-7.1688385,3.3472738
5.8517785,5.8044534,-7.0828576,3.5087783
5.867344,5.787601,-7.0086036,3.6814704
5.883534,5.7030635,-6.891273,4.0194025
5.895607,5.6689153,-6.8368406,4.158276
5.9120193,5.6705265,-6.7164607,4.3479285
5.922225,5.7015615,-6.6575046,4.397723
5.932225,5.7850165,-6.5591283,4.436392
5.9402986,5.7850165,-6.5591283,4.436392
5.956495,5.8235884,-6.524936,4.4363546
5.972497,5.8700395,-6.486991,4.4307766
5.9840508,5.8841763,-6.4741726,4.4307866
5.998985,5.907349,-6.452049,4.432217
6.0097866,5.9178677,-6.4579115,4.4095907
6.024629,5.928554,-6.472209,4.3741183
6.0384374,5.9451303,-6.491721,4.322416
6.0503387,5.968256,-6.4918056,4.290292
6.0643964,6.011274,-6.485732,4.2391057
6.079122,6.1174836,-6.4725575,4.1051745
6.0897026,6.154872,-6.472441,4.0491085
6.1045165,6.178278,-6.472327,4.0134897
6.118373,6.1914887,-6.470046,3.9967802
6.130051,6.185899,-6.472152,4.002007
6.1439896,6.177999,-6.4772024,4.006038
6.1586757,6.1720066,-6.4926453,3.9902542
6.169419,6.177112,-6.498473,3.9728243
6.184208,6.1859126,-6.5026493,3.952251
6.1944613,6.1935344,-6.5059285,3.9348612
6.2073946,6.207868,-6.501962,3.9188037
6.2155147,6.2124166,-6.5001636,3.9145803
6.227556,6.216208,-6.500754,3.907577
6.236912,6.2213464,-6.5024805,3.8965092
6.248877,6.229346,-6.503778,3.881539
6.258818,6.238808,-6.5053353,3.863704
6.2708325,6.2487736,-6.5073056,3.8442092
6.2801394,6.2592926,-6.508878,3.824386
6.2926545,6.2713585,-6.509431,3.8036327
6.302202,6.2848887,-6.5092053,3.781622
6.31548,6.3123016,-6.509355,3.7354112
6.324442,6.3254485,-6.509512,3.7128139
6.33602,6.338143,-6.5097947,3.6906219
6.3462477,6.349713,-6.5102324,3.6698976
6.3579307,6.360084,-6.51047,3.6514878
6.3669887,6.3697824,-6.510172,3.635078
6.3783054,6.3785152,-6.5095525,3.620854
6.390011,6.3852367,-6.5098367,3.6084585
6.4013205,6.390122,-6.5114093,3.5969427
6.411901,6.393398,-6.5143094,3.585879
6.4246416,6.3955483,-6.5259676,3.5607505
6.4341803,6.394574,-6.534312,3.5471551
6.446221,6.3934093,-6.5421624,3.5347662
6.456146,6.3938675,-6.54791,3.5232897
6.468155,6.3952875,-6.5522037,3.5127215
6.478425,6.3967447,-6.5555024,3.5038772
6.490265,6.3976846,-6.5583515,3.4968228
6.5004206,6.397003,-6.5612116,3.4927
6.5131836,6.3906245,-6.56886,3.4900076
6.522877,6.3865533,-6.5730586,3.4895473
6.5343013,6.382562,-6.576678,3.4900477
6.5451436,6.379035,-6.57933,3.4914856
6.5564966,6.375971,-6.581187,3.4935892
6.568012,6.3734746,-6.5822873,3.496064
6.579326,6.371949,-6.583243,3.4970522
6.5898647,6.370427,-6.5845547,3.497377
6.602577,6.3664417,-6.5898757,3.494597
6.612218,6.364477,-6.5931654,3.4919624
6.6242256,6.363112,-6.59618,3.4887724
6.634155,6.3615174,-6.5994253,3.4855318
6.647254,6.3598437,-6.6025815,3.4825864
6.6571693,6.3583117,-6.6051617,3.4804945
6.6689773,6.356712,-6.6078763,3.478247
6.679101,6.354736,-6.611313,3.475344
6.6918344,6.352193,-6.620271,3.4628997
6.7024517,6.351643,-6.6257,3.453537
6.7140203,6.351073,-6.6309457,3.4444928
6.7262692,6.350761,-6.63508,3.4370992
6.7373323,6.3509655,-6.637442,3.4321644
6.747914,6.351535,-6.638699,3.4286547
6.7606535,6.35241,-6.640324,3.4239075
6.770238,6.3527455,-6.641374,3.4212646
6.782283,6.3534613,-6.6424675,3.4177794
6.792275,6.354145,-6.643668,3.4142013
6.804246,6.3541336,-6.645301,3.4110374
6.814646,6.353538,-6.6470895,3.4086497
6.826458,6.3528438,-6.6485896,3.4070241
6.8365426,6.3520584,-6.6498585,3.4060059
6.8492265,6.3500075,-6.6506615,3.4082713
6.8600273,6.3487763,-6.650809,3.4102802
6.8717036,6.3470554,-6.651288,3.4125438
6.8823013,6.34516,-6.652439,3.413832
6.89467,6.344224,-6.653738,3.4130306
6.9055543,6.3438425,-6.655465,3.4103782
6.916421,6.3436275,-6.658172,3.4054685
6.928219,6.3425283,-6.6653767,3.3934293
6.93896,6.3414435,-6.6688437,3.3886366
6.948237,6.340481,-6.6715894,3.385031
6.9614143,6.3399067,-6.6736817,3.3819847
6.9728594,6.339561,-6.674968,3.3800924
6.9843893,6.3394785,-6.675817,3.378557
6.994355,6.3399014,-6.6768236,3.3757818
7.0057855,6.340233,-6.6782002,3.3724356
7.017737,6.3398824,-6.682761,3.364054
7.027886,6.3394175,-6.685103,3.3602576
7.038205,6.339427,-6.6870527,3.3563452
7.049826,6.340079,-6.688738,3.3517609
7.0604444,6.3412304,-6.6898193,3.3474386
7.072704,6.3430405,-6.690363,3.3429012
7.0836873,6.3458147,-6.69042,3.3375232
7.0963974,6.3507013,-6.6897135,3.3296359
7.1059475,6.3522177,-6.6886454,3.3289042
7.1179385,6.353151,-6.6877203,3.3289642
7.1273355,6.353479,-6.6872673,3.3292348
7.1393957,6.354018,-6.6871805,3.3284054
7.1508827,6.354589,-6.687361,3.3269565
7.162632,6.3549614,-6.6881514,3.3246396
7.172722,6.3548064,-6.6898026,3.3216305
7.185564,6.3534145,-6.6943464,3.3150976
7.1954584,6.352421,-6.697082,3.3115
7.2071004,6.351266,-6.6999426,3.3079343
7.2176185,6.3492427,-6.7031813,3.3052497
7.2276735,6.3470554,-6.7060294,3.3036895
7.238522,6.3452735,-6.7078147,3.3034723
7.2506895,6.344375,-6.7085176,3.3037791
7.2618375,6.3438196,-6.7088056,3.3042629
7.275663,6.3418345,-6.710723,3.304172
7.285239,6.3405833,-6.711838,3.304306
7.2973466,6.3397613,-6.712535,3.3044548
7.305822,6.339285,-6.713259,3.3039014
7.317816,6.338659,-6.714227,3.3031414
7.328304,6.337996,-6.71557,3.3016648
7.3407984,6.3378453,-6.716801,3.2994726
7.350355,6.3383355,-6.717556,3.2969687
7.363824,6.3398623,-6.717577,3.293993
7.372824,6.340089,-6.71769,3.2933133
7.3844366,6.3391542,-6.7180295,3.2944238
7.3949466,6.3374305,-6.718574,3.296662
7.4057236,6.335511,-6.7192574,3.2989464
7.4163795,6.3331056,-6.720682,3.3006725
7.429251,6.330094,-6.7225823,3.3025649
7.439748,6.327109,-6.724423,3.3045564
7.4530535,6.3228273,-6.727068,3.3073652
7.4610987,6.321534,-6.728169,3.3075747
7.4731593,6.3202586,-6.729024,3.3082848
7.4826183,6.3189654,-6.7298846,3.3089905
7.4948378,6.317474,-6.7309914,3.3096094
7.504736,6.316112,-6.7319646,3.3102043
7.516744,6.31469,-6.732802,3.3112097
7.526059,6.313833,-6.7333,3.31186
7.5386066,6.313585,-6.733412,3.3120952
7.548127,6.313801,-6.733288,3.311924
7.561456,6.314752,-6.733671,3.3093586
7.57039,6.315319,-6.7344403,3.306708
7.5820994,6.3162737,-6.7352114,3.3032997
7.593739,6.318007,-6.735483,3.299437
7.6052427,6.3195877,-6.7356873,3.295992
7.6156325,6.3204865,-6.7356067,3.2944052
7.627359,6.3204775,-6.735793,3.2940543
7.637584,6.319808,-6.735989,3.294924
7.651001,6.3184304,-6.7347603,3.300111
7.659025,6.317026,-6.734247,3.3038416
7.6710677,6.3151126,-6.7339196,3.3081706
7.680402,6.312676,-6.7338305,3.312978
7.6925626,6.310099,-6.733903,3.3177376
7.7024794,6.3078046,-6.73393,3.3220522
7.7144775,6.306028,-6.7337203,3.3258312
7.7238646,6.3042216,-6.733727,3.3292542
7.7363987,6.302079,-6.734525,3.3316813
7.7458954,6.2999945,-6.7357125,3.3332365
7.7592993,6.2971826,-6.737979,3.333967
7.7682743,6.2963243,-6.739045,3.3334212
7.7798953,6.2954435,-6.7403574,3.3324404
7.790174,6.2945576,-6.741433,3.3319502
7.801914,6.293612,-6.742673,3.331203
7.8135705,6.292877,-6.7437162,3.3304954
7.825255,6.2924414,-6.7447104,3.3292985
7.8354316,6.2923136,-6.7461424,3.3266447
7.848746,6.293182,-6.748978,3.3192394
7.8567443,6.2931967,-6.750523,3.3160634
7.868744,6.293389,-6.7515383,3.313622
7.8780622,6.2936597,-6.752142,3.3118787
7.890248,6.293353,-6.752833,3.3110597
7.900217,6.2923594,-6.753593,3.3114042
7.913493,6.2913084,-6.75451,3.311548
7.9227457,6.290162,-6.755553,3.3115637
7.9351797,6.289605,-6.7568965,3.3099034
7.947296,6.290219,-6.7612605,3.2998056
7.9589944,6.289551,-6.764814,3.2937984
7.9692574,6.2878695,-6.7691317,3.2881098
7.980676,6.2858443,-6.7739267,3.2821126
7.9914384,6.2839613,-6.779065,3.2751026
8.003116,6.282461,-6.784071,3.2675815
8.013246,6.2811623,-6.788477,3.2609446
8.026545,6.2779603,-6.7969284,3.2495084
8.034629,6.276405,-6.8008633,3.2442598
8.046662,6.2748165,-6.8042746,3.2401493
8.055948,6.273144,-6.807976,3.2356274
8.067994,6.271655,-6.811685,3.230695
8.07646,6.269617,-6.81519,3.2272787
8.088484,6.2670345,-6.8185673,3.225146
8.096893,6.2640605,-6.8220325,3.2236185
8.108914,6.2610617,-6.825105,3.2228994
8.119969,6.2591496,-6.8271546,3.2223072
8.131832,6.258127,-6.828158,3.2221472
8.141927,6.2577186,-6.8281755,3.2229087
8.154708,6.2593675,-6.826178,3.2239335
8.165203,6.2609625,-6.8252735,3.2227309
8.176795,6.2628856,-6.8248024,3.2200146
8.187365,6.265188,-6.8245225,3.2161095
8.200025,6.26802,-6.8244233,3.2108223
8.210973,6.270964,-6.8243947,3.2051356
8.224393,6.2751975,-6.8243723,3.1968563
8.23399,6.2769656,-6.824026,3.1941183
8.24597,6.2789607,-6.8237104,3.1908844
8.255902,6.2813563,-6.8233657,3.1869192
8.268232,6.28359,-6.8235407,3.1821365
8.278181,6.286032,-6.8238316,3.176686
8.290089,6.288906,-6.823975,3.1706617
8.300259,6.291595,-6.824572,3.1640706
8.313086,6.2957463,-6.826369,3.1519067
8.322721,6.297214,-6.8277426,3.1459653
8.334386,6.2979174,-6.829392,3.1409707
8.344892,6.298438,-6.830988,3.1364772
8.356306,6.2996163,-6.831801,3.1323292
8.367796,6.301113,-6.832016,3.1288416
8.379287,6.3027086,-6.832246,3.1251388
8.389819,6.304624,-6.8323345,3.1210818
8.402671,6.3074737,-6.8317375,3.116622
8.412265,6.3082747,-6.8317127,3.1150563
8.424304,6.3086805,-6.8319716,3.1136754
8.434241,6.3087726,-6.8324533,3.1124237
8.446389,6.308603,-6.833252,3.1110027
8.456222,6.308681,-6.8341913,3.108799
8.4681225,6.30894,-6.835086,3.1062906
8.478309,6.3093247,-6.835627,3.1043017
8.491114,6.3099337,-6.8371706,3.0996816
8.501604,6.3100142,-6.8383603,3.096872
8.513179,6.3103604,-6.8392706,3.0941634
8.523714,6.310974,-6.839702,3.0919666
8.536237,6.311337,-6.840162,3.0902047
8.548431,6.3113894,-6.841029,3.0881815
8.561876,6.310538,-6.843147,3.0852132
8.571904,6.3105397,-6.844063,3.0832067
8.583923,6.3105536,-6.8456087,3.0797176
8.594623,6.3105316,-6.8473206,3.0759554
8.606237,6.3107452,-6.8489695,3.071848
8.616349,6.310603,-6.8505116,3.0687153
8.629068,6.3095446,-6.8527207,3.0659547
8.639564,6.308658,-6.8536015,3.0657942
8.651156,6.3080144,-6.854035,3.0661497
8.661664,6.307745,-6.8540897,3.0665882
8.67309,6.307945,-6.8540635,3.066234
8.684245,6.30788,-6.854182,3.0661132
8.695541,6.307507,-6.8544426,3.0663087
8.706088,6.3072515,-6.8545394,3.0665936
8.718864,6.3067565,-6.8529816,3.0710778
8.728402,6.3057175,-6.852145,3.0750756
8.738971,6.304458,-6.851037,3.0801303
8.74823,6.30318,-6.8503904,3.0842094
8.760502,6.301314,-6.8507094,3.0873
8.77074,6.299074,-6.8521423,3.0886796
8.781165,6.297116,-6.8543572,3.0877569
8.79185,6.295332,-6.857053,3.0854082
8.804344,6.2937417,-6.8596406,3.0829103
8.813878,6.292774,-6.8611755,3.0814693
8.82713,6.2924466,-6.862412,3.0793788
8.836202,6.293282,-6.8623433,3.0778391
8.847762,6.2941995,-6.861705,3.0773711
8.859458,6.294492,-6.86118,3.0779297
8.870894,6.2943177,-6.860529,3.0797591
8.881393,6.293745,-6.85994,3.0822425
8.893109,6.2928286,-6.859447,3.0852034
8.903221,6.2915764,-6.8588476,3.089099
8.916525,6.288187,-6.8581896,3.09744
8.9246435,6.287019,-6.8575606,3.1011884
8.936648,6.2862864,-6.856882,3.1041603
8.945933,6.2856736,-6.856759,3.105673
8.957935,6.284715,-6.8572497,3.1065388
8.9663925,6.2838526,-6.857969,3.1067235
8.978383,6.2832685,-6.8584485,3.1068144
8.986881,6.2829323,-6.8588705,3.1065798
8.998864,6.282596,-6.859579,3.105701
9.009386,6.2820005,-6.8602605,3.1054025
9.021921,6.281257,-6.860949,3.1053877
9.031478,6.2806473,-6.8615727,3.1052139
9.04475,6.28157,-6.861508,3.1035018
9.05289,6.28236,-6.8610487,3.1029365
9.064254,6.2832065,-6.860634,3.1021025
9.074613,6.283988,-6.860084,3.101745
9.086188,6.2845383,-6.859937,3.10097
9.096461,6.2848682,-6.859973,3.1002142
9.107826,6.2848897,-6.8602495,3.0995765
9.11873,6.285082,-6.8603735,3.0989013
9.13041,6.2852907,-6.860353,3.0985222
9.140614,6.285167,-6.860439,3.0985944
9.157603,6.2843523,-6.8610992,3.098792
9.166772,6.2835927,-6.8618646,3.098598
9.180689,6.2829866,-6.8625536,3.0983346
9.192558,6.2826495,-6.8628597,3.0983398
9.202877,6.282199,-6.8632164,3.0984316
9.212309,6.281829,-6.8636537,3.098216
9.223935,6.281949,-6.863791,3.0976753
9.2341795,6.2834396,-6.8633122,3.0957174
9.245793,6.285393,-6.8625946,3.093343
9.257786,6.2869744,-6.862087,3.0912588
9.268107,6.288255,-6.86182,3.089238
9.278755,6.2895117,-6.8615513,3.0872884
9.291406,6.2927904,-6.859896,3.084273
9.301396,6.294564,-6.8588977,3.0828626
9.313431,6.295777,-6.858352,3.0816283
9.3233595,6.2969584,-6.8576694,3.0807054
9.335438,6.2979302,-6.857054,3.080107
9.346175,6.29951,-6.856331,3.0784874
9.357759,6.3013415,-6.8555565,3.0764692
9.367899,6.3028154,-6.854837,3.075041
9.380708,6.305743,-6.8538904,3.0711474
9.39061,6.307474,-6.8536687,3.0680897
9.400856,6.309676,-6.853319,3.0643382
9.410967,6.311832,-6.852925,3.0607808
9.422574,6.3139806,-6.8523817,3.057559
9.433082,6.315519,-6.8517675,3.0557733
9.449142,6.316283,-6.8522387,3.053135
9.457763,6.3165956,-6.8532257,3.050267
9.47084,6.3174205,-6.8543153,3.0461078
9.479565,6.3187394,-6.8548064,3.0422792
9.492337,6.3204293,-6.8545804,3.0392444
9.502002,6.322445,-6.8533177,3.0379117
9.512763,6.325004,-6.851395,3.0369215
9.522314,6.327788,-6.84962,3.0351222
9.5355015,6.33044,-6.847921,3.0334022
9.542993,6.332638,-6.846534,3.0319643
9.5556345,6.3340716,-6.8456693,3.0309284
9.565225,6.3350983,-6.845174,3.029888
9.57535,6.336189,-6.844278,3.0296454
9.583832,6.336908,-6.843173,3.030619
9.596326,6.3374257,-6.8418856,3.0324488
9.603606,6.3382316,-6.8402905,3.0343943
9.615624,6.339627,-6.8381796,3.0361836
9.623968,6.3412127,-6.835571,3.0387747
9.635437,6.3428726,-6.8330054,3.0410964
9.644397,6.343852,-6.831198,3.0430996
9.657105,6.34459,-6.8291955,3.0460527
9.666094,6.34434,-6.8288026,3.0474534
9.676316,6.3441696,-6.828339,3.0488591
9.686165,6.344272,-6.827512,3.0504963
9.69696,6.343883,-6.8265915,3.0533328
9.705245,6.3431153,-6.8261623,3.0559132
9.715895,6.3422112,-6.8256955,3.058826
9.725927,6.3417997,-6.8249116,3.061437
9.736776,6.3403606,-6.82485,3.0645356
9.746472,6.3373976,-6.8259945,3.0681093
9.75727,6.333283,-6.827651,3.072926
9.767552,6.3291564,-6.829306,3.0777314
9.77733,6.325942,-6.830636,3.0813894
9.78755,6.3229866,-6.832207,3.0839696
9.798284,6.319667,-6.8340297,3.0867429
9.809003,6.3154945,-6.8366117,3.089556
9.820934,6.3096604,-6.8400917,3.0937762
9.830167,6.301852,-6.844422,3.1001008
9.841364,6.2928042,-6.8493085,3.1077113
9.852057,6.2840056,-6.853733,3.1157153
9.862266,6.2760034,-6.857721,3.1230867
9.874782,6.2622943,-6.8641644,3.136417
9.886165,6.2568336,-6.8663177,3.1426005
9.894726,6.25231,-6.867872,3.1482089
9.905596,6.2486362,-6.869136,3.1527195
9.915493,6.245857,-6.86968,3.1570477
9.926055,6.2441645,-6.8693995,3.1610138
9.934788,6.243215,-6.868069,3.1657755
9.945427,6.2428913,-6.8662853,3.170246
9.954831,6.2434497,-6.863759,3.1746454
9.965539,6.245142,-6.860472,3.1783886
9.974898,6.2470026,-6.8573246,3.1815498
9.985525,6.2488933,-6.854882,3.1831148
9.994993,6.2511554,-6.852632,3.1835036
10.0057125,6.253808,-6.8505406,3.1827972
10.014813,6.256484,-6.8487387,3.1813915
10.024541,6.259256,-6.8471875,3.1792877
10.033749,6.2618594,-6.8458514,3.177044
10.045759,6.2639923,-6.8448606,3.174973
10.05486,6.2659583,-6.843974,3.1729941
10.065535,6.2678957,-6.84287,3.1715395
10.07464,6.2693477,-6.8416586,3.1712916
10.085498,6.2703195,-6.840878,3.1710582
10.093445,6.2710204,-6.840343,3.1708314
10.10425,6.2711735,-6.8402376,3.1707544
10.114214,6.2709627,-6.840469,3.1706812
10.127027,6.27057,-6.84137,3.1695292
10.13723,6.2701225,-6.843144,3.1665497
10.148928,6.269879,-6.8452997,3.1623986
10.158191,6.2696977,-6.8472505,3.1585026
10.171422,6.2714095,-6.848773,3.15178
10.180947,6.2738266,-6.848454,3.1476984
10.190237,6.276864,-6.8481917,3.1421845
10.200834,6.280095,-6.8481836,3.1357398
10.210877,6.282647,-6.848196,3.1306
10.220116,6.285033,-6.847467,3.1274025
10.230014,6.288187,-6.845315,3.1257808
10.2392025,6.2921376,-6.8415794,3.1260016
10.249876,6.296127,-6.837503,3.1269011
10.260221,6.29985,-6.8341475,3.1267178
10.269875,6.303222,-6.8315816,3.1255555
10.279766,6.30654,-6.8294005,3.1236079
10.2915325,6.310049,-6.827488,3.120718
10.300519,6.313344,-6.8262396,3.1167603
10.31117,6.316689,-6.8255343,3.1115382
10.320198,6.3198667,-6.824707,3.1068947
10.332308,6.323112,-6.823723,3.102446
10.342333,6.3262553,-6.8225155,3.0986993
10.353529,6.3289065,-6.821457,3.0955944
10.36529,6.3307247,-6.8206573,3.0936677
10.37983,6.333599,-6.8184853,3.0925686
10.38983,6.3379135,-6.816146,3.0888848
10.401245,6.3379135,-6.816146,3.0888848
10.4097185,6.339826,-6.815048,3.087359
10.417836,6.3415303,-6.814027,3.0861218
10.427614,6.3434033,-6.812826,3.084935
10.437717,6.345802,-6.8113623,3.0832431
10.447701,6.3479266,-6.810416,3.0809379
10.457954,6.349379,-6.81049,3.077783
10.468867,6.350332,-6.8109274,3.074858
10.479174,6.3517323,-6.8109174,3.0719697
10.490822,6.3534,-6.8108425,3.0687137
10.501408,6.3549743,-6.81081,3.0654962
10.51401,6.356301,-6.8109064,3.0625255
10.524936,6.357287,-6.8107967,3.0607355
10.537674,6.3595304,-6.8094077,3.0591671
10.547441,6.361127,-6.808326,3.0582364
10.558201,6.3633404,-6.8066764,3.0573196
10.567602,6.3654246,-6.804665,3.0574427
10.579731,6.3670154,-6.802144,3.0597603
10.589699,6.3682604,-6.7994184,3.0632026
10.600188,6.3696537,-6.7959046,3.0680914
10.611929,6.371523,-6.791776,3.0733702
10.623893,6.373996,-6.787495,3.0776937
10.635875,6.380719,-6.7786517,3.083229
10.646576,6.384358,-6.774317,3.0852401
10.656909,6.388207,-6.7696624,3.0874903
10.668554,6.392886,-6.7642655,3.089623
10.679055,6.3981767,-6.7587566,3.0907464
10.690517,6.4036765,-6.753236,3.0914195
10.701531,6.4091296,-6.7477045,3.0922015
10.712788,6.414447,-6.742385,3.092756
10.723389,6.420007,-6.737109,3.0927243
10.736166,6.4312696,-6.726353,3.0927434
10.745769,6.437174,-6.7201996,3.093853
10.759026,6.443642,-6.712828,3.0963557
10.770137,6.449656,-6.7048216,3.1011968
10.781792,6.454785,-6.697161,3.107071
10.791854,6.459004,-6.690449,3.1127698
10.804596,6.4679904,-6.679136,3.1183896
10.815186,6.4729095,-6.6745906,3.117901
10.826778,6.4776373,-6.6700916,3.1177413
10.837288,6.4819636,-6.66499,3.1196377
10.847222,6.485608,-6.6599774,3.1227646
10.857776,6.488908,-6.654751,3.1270382
10.869964,6.4926934,-6.648894,3.1316626
10.881367,6.4971166,-6.64233,3.1364315
10.89407,6.5046363,-6.6265683,3.1541355
10.903742,6.5050135,-6.618128,3.1710188
10.915741,6.5019956,-6.608612,3.1969323
10.926075,6.4954305,-6.5964494,3.2351863
10.938086,6.4843135,-6.5806465,3.2892332
10.948164,6.466862,-6.560832,3.3623395
10.960029,6.442292,-6.535662,3.4572027
10.972167,6.373235,-6.4674416,3.704621
10.982772,6.331563,-6.4271164,3.843644
10.99304,6.2834616,-6.3913746,3.9797735
11.004396,6.227736,-6.3618727,4.1124325
11.014896,6.166117,-6.3335185,4.2468543
11.02632,6.1017714,-6.3010664,4.385785
11.037782,6.0366335,-6.2644963,4.5260663
11.049126,5.9720373,-6.2257123,4.6632066
11.0597315,5.9069123,-6.18579,4.797358
11.072581,5.7618866,-6.1015253,5.073687
11.0823,5.6698284,-6.044306,5.2430496
11.094258,5.558502,-5.9618564,5.4524717
11.104237,5.425177,-5.8437934,5.708569
11.114689,5.2716084,-5.681295,6.008605
11.126221,5.103759,-5.4705076,6.3399897
11.138289,4.9285274,-5.2113237,6.687452
11.150334,4.5716333,-4.5609355,7.380268
11.160786,4.385226,-4.1862936,7.7081146
11.171036,4.1814127,-3.802663,8.014107
11.185056,3.9535995,-3.4335194,8.291583
11.196006,3.7032318,-3.0974817,8.535924
11.211507,3.1776574,-2.5295937,8.92603
11.221193,2.9274657,-2.2896543,9.075119
11.237134,2.69183,-2.0800567,9.197705
11.250976,2.2386754,-1.7603106,9.384029
11.262608,2.0105286,-1.6370988,9.457698
11.277065,1.787585,-1.5199188,9.521805
11.292391,1.3909531,-1.2657242,9.624634
11.301002,1.2218729,-1.1190709,9.665666
11.312925,1.0653541,-0.95511633,9.701709
11.326124,0.9158528,-0.7736777,9.733089
11.3400135,0.6344241,-0.37051272,9.779091
11.354746,0.5102861,-0.16375203,9.791996
11.370168,0.29544958,0.206491,9.800023
11.380572,0.19643155,0.35377875,9.798298
11.390573,0.005821272,0.56183887,9.790541
11.398585,0.005821272,0.56183887,9.790541
11.414609,-0.084866315,0.6317026,9.785915
11.431125,-0.24698961,0.7349815,9.7759495
11.442654,-0.31481537,0.77820945,9.770654
11.459569,-0.42163447,0.85830605,9.759914
11.4703045,-0.46398255,0.8957978,9.754622
11.480305,-0.53755563,0.9522085,9.745497
11.488798,-0.53755563,0.9522085,9.745497
11.498247,-0.57043505,0.9649943,9.74237
11.508246,-0.6307684,0.9700891,9.738144
11.517255,-0.6307684,0.9700891,9.738144
11.532326,-0.6560204,0.96743876,9.736739
11.548562,-0.6910087,0.9522242,9.735818
11.559102,-0.7019496,0.94293916,9.735939
11.569102,-0.71777177,0.9309891,9.735936
11.577508,-0.71777177,0.9309891,9.735936
11.593532,-0.7244696,0.9247076,9.736039
11.609813,-0.73652166,0.90846795,9.736663
11.620574,-0.7410854,0.899957,9.737107
11.637385,-0.7554895,0.8860744,9.737274
11.648246,-0.7684778,0.8811692,9.736702
11.658037,-0.7857369,0.87749237,9.735657
11.668662,-0.80662555,0.8749723,9.734175
11.68075,-0.8308966,0.87330383,9.732284
11.696242,-0.8856219,0.86572766,9.728133
11.706146,-0.91400814,0.85680073,9.726297
11.713241,-0.9411513,0.8461489,9.724641
11.723525,-0.96628606,0.83585024,9.723067
11.732499,-0.9879183,0.8288094,9.721496
11.744734,-1.0042031,0.82615066,9.720054
11.754014,-1.0152178,0.8261149,9.718912
11.765971,-1.0224335,0.8253292,9.718223
11.775274,-1.027133,0.8217524,9.71803
11.787405,-1.0309964,0.8142112,9.718256
11.79802,-1.0344585,0.8044995,9.718697
11.810421,-1.0382147,0.7956619,9.719024
11.820007,-1.0434523,0.789923,9.71893
11.833275,-1.0586433,0.7938253,9.7169695
11.842263,-1.0672525,0.8030741,9.715268
11.853846,-1.0840276,0.8138124,9.712517
11.864097,-1.1119933,0.8134387,9.709386
11.875675,-1.1261582,0.81106454,9.707952
11.886338,-1.1263189,0.8135638,9.707724
11.898845,-1.1269203,0.813421,9.707666
11.909198,-1.1358658,0.8068923,9.707169
11.922404,-1.1523764,0.7810174,9.707338
11.930414,-1.1529219,0.76788044,9.708322
11.942507,-1.1490725,0.7586508,9.709504
11.951824,-1.1410904,0.75462854,9.710759
11.963883,-1.1302152,0.75501484,9.712
11.973155,-1.1173886,0.75864667,9.7132015
11.985061,-1.1033844,0.7636577,9.71441
11.995796,-1.0905148,0.76768893,9.715545
12.00823,-1.0806371,0.7689257,9.716551
12.017798,-1.0745074,0.7672232,9.717365
12.031145,-1.0713606,0.7617937,9.71814
12.040117,-1.0730194,0.7602663,9.718077
12.051842,-1.0769727,0.76015687,9.717648
12.062088,-1.0834163,0.7627139,9.716731
12.073681,-1.0922774,0.76990896,9.715171
12.085387,-1.1024952,0.78018343,9.713198
12.097007,-1.1134564,0.7907482,9.711093
12.107241,-1.1251988,0.7996516,9.709009
12.120524,-1.1514133,0.8053319,9.705466
12.12852,-1.165928,0.8029103,9.703934
12.140684,-1.181665,0.80019265,9.702254
12.149971,-1.196988,0.79780525,9.700573
12.162049,-1.2113147,0.7965396,9.698898
12.171989,-1.2237957,0.7965919,9.697327
12.1838875,-1.2336376,0.7972999,9.696022
12.1935835,-1.2407925,0.7985119,9.695009
12.205991,-1.2473354,0.7994114,9.694095
12.215542,-1.2543044,0.7985938,9.693263
12.228975,-1.2682049,0.7910135,9.692077
12.23794,-1.2732785,0.7852714,9.691878
12.249397,-1.276874,0.7794343,9.691875
12.259648,-1.2794462,0.7739271,9.691978
12.2709675,-1.2807794,0.7706005,9.692067
12.28151,-1.2817001,0.7705701,9.691948
12.294423,-1.2820694,0.7728585,9.691717
12.304816,-1.2815326,0.7756961,9.691562
12.31831,-1.2817401,0.77444285,9.691634
12.326467,-1.2828937,0.77042395,9.691801
12.338481,-1.2856923,0.76639056,9.691751
12.347707,-1.2889345,0.7630128,9.691586
12.359351,-1.2914698,0.76086134,9.691418
12.368668,-1.2930374,0.7602182,9.691259
12.380613,-1.2946614,0.76090693,9.690989
12.391512,-1.2969832,0.7620591,9.690587
12.403919,-1.3000768,0.76260656,9.69013
12.413463,-1.3044772,0.76183605,9.689599
12.426664,-1.3155357,0.7579228,9.688412
12.435686,-1.3198718,0.7565108,9.687931
12.447128,-1.3229853,0.7565163,9.687506
12.457402,-1.3254378,0.7563031,9.687187
12.468792,-1.3275787,0.7552644,9.6869755
12.479339,-1.3290598,0.7533493,9.686921
12.492558,-1.330179,0.7501655,9.687016
12.502912,-1.3307785,0.74633735,9.687228
12.516138,-1.3348626,0.73795116,9.687309
12.524116,-1.3455865,0.73593783,9.685978
12.536046,-1.3793186,0.72665393,9.681933
12.546046,-1.4136133,0.7087124,9.678317
12.556046,-1.4136133,0.7087124,9.678317
12.56112,-1.4136133,0.7087124,9.678317
12.577491,-1.4032956,0.71421534,9.679413
12.587491,-1.3866186,0.723336,9.681139
12.596345,-1.3866186,0.723336,9.681139
12.609835,-1.3885099,0.72447556,9.680783
