0.0,-0.07959175,0.0035059452,0.5225792
0.012730156,0.13472104,0.031957626,0.43021393
0.02368526,0.1708827,0.06319618,0.30867577
0.036328226,0.10699147,0.11494613,0.17568588
0.04909453,0.1279906,0.06971955,-0.13703918
0.06307984,0.11250538,0.077326775,-0.35884857
0.07054917,0.11857486,0.12988257,-0.561224
0.085589215,0.11054987,0.17280173,-0.5796299
0.100852184,0.06991923,0.110970736,-1.2036705
0.11085218,0.07201934,0.18015337,-1.231328
0.11917187,0.07201934,0.18015337,-1.231328
0.13431203,0.008153915,0.1871996,-2.2930217
0.15004428,-0.05471748,0.20060563,-3.2673268
0.16438912,-0.019194007,0.3126738,-3.8232436
0.17664458,-0.014461458,0.33958197,-4.4354577
0.18402395,0.0052056313,0.5033543,-4.48704
0.20164469,0.012696445,0.5832064,-6.1568604
0.21879584,-0.09000391,0.61397696,-7.1542215
0.23539037,-0.17510843,0.9531926,-7.5786467
0.24726349,-0.5682353,0.7328906,-8.243669
0.26428083,-0.41040266,1.7150394,-8.281891
0.27428085,-0.20260501,2.8327918,-8.196949
0.2832789,-0.20260501,2.8327918,-8.196949
0.29643574,-1.5930189,1.2757657,-8.955396
0.31245825,-1.2527064,2.4606004,-8.609696
0.32304132,-2.5273926,1.4627795,-7.8275566
0.3400429,-2.276455,2.0082395,-7.5358267
0.3547254,-3.3633466,0.38922644,-6.1465077
0.36577594,-5.1607046,-3.6627936,-3.9459336
0.37577593,-5.892293,-3.8392391,-2.13059
0.3869787,-5.892293,-3.8392391,-2.13059
0.39642927,-5.6062703,-3.8736205,-2.5197787
0.41290814,-4.6755514,-3.7255168,-1.4842854
0.42107454,-4.222765,-3.7450457,-0.9506526
0.4344658,-3.7986546,-3.822157,-0.43039823
0.4424685,-3.406279,-3.9535108,0.06347418
0.4572925,-5.56724,-2.2051525,-1.7632904
0.4706215,-4.940566,-2.6702518,-0.93633413
0.48740384,-6.9160986,-3.8348737,-0.3626957
0.50095314,-6.4644384,-4.3903027,0.43240434
0.5120995,-7.791068,-5.1896787,0.71295583
0.5275862,-7.557848,-5.3736105,0.034731716
0.54526144,-7.1264305,-5.9279704,0.33829162
0.5560044,-6.189329,-5.4584627,-0.34044224
0.57282126,-6.0464563,-6.0618544,0.003489256
0.58305115,-4.711501,-6.262991,0.28787792
0.59305114,-4.6438036,-6.706963,0.44231647
0.6012955,-4.6438036,-6.706963,0.44231647
0.61141086,-4.6212244,-6.8807373,0.48240334
0.6214109,-4.5910053,-7.1318326,0.51206774
0.6302693,-4.5910053,-7.1318326,0.51206774
0.64580244,-1.2705631,-5.2582035,1.0613035
0.6623143,-1.2621546,-5.339024,1.0644232
0.6744063,-0.64973354,-3.6206965,0.82181966
0.6913063,-0.6594782,-3.569963,0.856338
0.7014816,-0.5939474,-2.9057717,0.7643925
0.7114816,-0.4328928,-2.5781522,0.7862773
0.72025734,-0.4328928,-2.5781522,0.7862773
0.7366532,-0.44696045,-2.499133,0.81201494
0.7539232,0.06543732,-2.1129227,0.66386485
0.7637691,0.17153358,-2.0495996,0.6044068
0.78056085,0.14190674,-1.8983715,0.6285896
0.7914179,0.35936928,-1.8093213,0.73176557
0.80898035,0.34142685,-1.7060974,0.71832305
0.81818205,0.3363104,-1.6692754,0.70292646
0.8355556,0.36736965,-1.4898329,0.7955709
0.8514047,0.40076065,-1.3102028,0.70024824
0.86306983,0.39253426,-1.190969,0.6344076
0.878573,0.40219975,-1.2153444,0.60005003
0.89076155,0.2756443,-1.0340174,0.3703779
0.90455645,0.28026676,-1.0514921,0.36195493
0.9183818,0.28138733,-0.93993115,0.055482507
0.93436426,0.2341423,-0.94849586,0.051438212
0.95170444,0.13292122,-0.98422265,0.12347126
0.96154785,0.028717995,-0.9511683,0.10969961
0.978325,0.01736641,-0.8977567,0.113290906
0.9880368,0.009868622,-0.86157346,0.11292207
0.9980368,-0.24328327,-0.7103219,0.14142561
1.0067482,-0.24328327,-0.7103219,0.14142561
1.0219375,-0.32339764,-0.46132088,0.17330635
1.0384022,-0.3184471,-0.31000638,0.1535939
1.0501422,-0.1877966,-0.09781265,0.19416308
1.0669936,-0.21532726,0.017103672,0.18445146
1.077314,-0.3443241,0.16452432,0.2777967
1.087314,-0.37722492,0.26494837,0.36861587
1.0959212,-0.37722492,0.26494837,0.36861587
1.1119267,-0.39115143,0.31869197,0.36024117
1.1293024,-0.10640335,0.680331,0.37645954
1.1391217,-0.090013504,0.79327154,0.30161333
1.1557255,-0.112888336,0.87737274,0.28006196
1.1664847,-0.03740692,1.009476,0.2165063
1.1764847,-0.05718422,1.0804305,0.19367462
1.1846455,-0.05718422,1.0804305,0.19367462
1.1933453,-0.06605148,1.1120987,0.18208677
1.2106355,0.02640915,1.2248534,0.24223697
1.2259737,0.005405426,1.2640404,0.23157465
1.2388,-0.016841888,1.2429262,0.2556699
1.2542155,-0.024327278,1.2712156,0.23731273
1.2664616,-0.026287079,1.2796167,0.22923833
1.2803069,-0.027090073,1.2844509,0.2214604
1.2941736,-0.046704292,1.1708167,0.15712535
1.3101645,-0.039232254,1.1602597,0.15056205
1.3275273,-0.117456436,1.0348217,0.15443122
1.3373989,-0.19121456,0.9919367,0.1523813
1.3490745,-0.18287563,0.94209814,0.08329582
1.3592027,-0.17632484,0.92131495,0.03396046
1.3727216,-0.19323254,0.86822724,0.03743249
1.3832226,-0.18587208,0.84654,0.03477174
1.394483,-0.17367554,0.7574053,0.099096954
1.4061062,-0.118590355,0.65439916,0.14449382
1.4173406,-0.08281517,0.6211021,0.15171182
1.4279653,-0.07833195,0.6191602,0.13042057
1.4406604,-0.05079937,0.5802281,0.12076163
1.4502562,-0.044623375,0.5604005,0.1202417
1.4623437,-0.046085358,0.52977633,0.115275025
1.4722933,-0.038170815,0.5260184,0.12478721
1.4841897,-0.023294449,0.50138307,0.12947977
1.4944887,-0.025479317,0.46548557,0.122374594
1.5062124,-0.032669067,0.43495178,0.08447862
1.5162746,-0.013677597,0.4072516,0.115926445
1.5276495,-0.016353607,0.38459778,0.080551505
1.5397172,-0.03150177,0.33700538,0.11609805
1.5510037,-0.027175903,0.3239181,0.1342588
1.5615369,-0.022916794,0.30840635,0.13616991
1.5728567,-0.030687332,0.22825575,0.1289581
1.5842165,-0.0025644302,0.188586,0.12212765
1.5953628,-0.01038456,0.15582895,0.1304416
1.6058246,-0.008662224,0.11331725,0.14156067
1.6165887,2.1457672E-4,0.08775282,0.1690315
1.6286213,0.022485733,0.053926706,0.1857897
1.6405871,0.05743599,0.04326558,0.23501933
1.6505164,0.049189568,0.035346508,0.2361983
1.66239,0.07186127,0.03498125,0.19504827
1.672495,0.04634285,0.011576176,0.23557717
1.684228,-0.0033874512,0.0033049583,0.22380143
1.6944396,0.004207611,-0.04011154,0.23769206
1.7058109,0.0043964386,-0.05407405,0.27072918
1.7178016,0.0041656494,-0.093400955,0.25349718
1.7279582,0.025385857,-0.123897076,0.29418874
1.7382505,0.027326584,-0.1321845,0.29610217
1.7499001,0.029109955,-0.13974643,0.29778087
1.76212,0.013874054,-0.1702745,0.2992661
1.773157,0.029571533,-0.15214849,0.27926207
1.7837148,0.009065628,-0.19755054,0.26391858
1.794557,-0.0092430115,-0.21349835,0.28466892
1.8065583,-0.015516281,-0.2205813,0.2824515
1.8185594,-0.0010290146,-0.22621584,0.35277098
1.8285222,0.015681267,-0.21179366,0.34111506
1.840553,0.01064682,-0.18938208,0.30049098
1.8505082,0.014964104,-0.17058134,0.29536068
1.8622799,0.009496689,-0.18926048,0.31644964
1.8723508,-0.012901306,-0.17838645,0.29167378
1.8837903,-0.025982857,-0.16637659,0.27368808
1.895898,-0.047634125,-0.13834572,0.2869228
1.9074378,-0.04188633,-0.10067415,0.28455722
1.9180604,-0.041070938,-0.0648675,0.26300657
1.9305093,-0.018816948,-0.033307076,0.27707565
1.9414166,-0.030177116,0.005927086,0.2334469
1.95224,-0.01289463,0.050142527,0.24978691
1.9628015,-0.0029439926,0.06851053,0.20158082
1.975979,0.0044469833,0.097812414,0.20522505
1.9864006,0.021055222,0.113396645,0.2357865
1.9983466,-0.0030956268,0.12691021,0.24907827
2.0087063,-0.015315056,0.15242362,0.19790274
2.0205243,-0.010899544,0.15907812,0.17812926
2.030672,-0.02803421,0.18250895,0.15824056
2.042251,-0.040265083,0.2127471,0.17157179
2.054342,-0.02379036,0.22667003,0.2031377
2.065403,-0.023724556,0.22918487,0.19268268
2.0760598,3.5858154E-4,0.2982962,0.22307229
2.0874622,-0.009015083,0.33584237,0.19660217
2.0983157,-0.0039339066,0.37289643,0.15615708
2.1096225,-0.0036668777,0.38101315,0.13093114
2.120189,-0.017855644,0.37496734,0.18958384
2.1329875,-0.0077762604,0.3841324,0.15774024
2.1425812,-0.009671211,0.39163613,0.15548754
2.154537,-0.030579567,0.40351725,0.17198944
2.1644514,-0.058504105,0.4030664,0.17136693
2.1763635,-0.040708542,0.4399655,0.16358608
2.1866922,-0.07542801,0.4714589,0.16331661
2.19852,-0.05001831,0.5018394,0.14175475
2.2085905,-0.050801277,0.5029075,0.13968933
2.2211192,-0.039551735,0.47956753,0.13592237
2.2331634,-0.043195724,0.46728063,0.13311201
2.2446635,-0.04361534,0.46883392,0.13302612
2.256561,-0.058246613,0.44815326,0.113764286
2.267641,-0.053608894,0.40804267,0.1376096
2.278245,-0.044049263,0.4011762,0.18954676
2.2911701,-0.019669533,0.42421508,0.17100447
2.3007054,-0.019163132,0.4227264,0.17039543
2.312653,-0.004210472,0.45415044,0.15618277
2.3225832,-0.013169289,0.44942904,0.1901266
2.334502,-0.0053482056,0.41575122,0.19341391
2.3449214,1.7738342E-4,0.39122057,0.19464844
2.3566787,-0.01093483,0.37116575,0.17874646
2.3668754,-0.01471138,0.3578143,0.19393826
2.37835,0.0032873154,0.34611225,0.20392919
2.3903122,0.015817642,0.34538484,0.21338671
2.400829,0.024646759,0.32516718,0.21367139
2.4100993,0.02643013,0.318686,0.2142182
2.4217658,0.016171455,0.30749464,0.1624667
2.4323056,0.0011014938,0.27481413,0.20899087
2.4447124,-0.018813133,0.22774196,0.18427432
2.4556427,-0.02423954,0.21149349,0.21899903
2.4664502,0.0013446808,0.1645379,0.20095748
2.4769616,0.0029535294,0.16561317,0.19469172
2.490305,0.03014946,0.1654787,0.21499419
2.5002825,0.03168392,0.15967822,0.21567518
2.5123255,0.033138275,0.1541841,0.21634674
2.5229332,0.010533333,0.12744403,0.22202128
2.5344462,-0.0049333572,0.11760807,0.1918757
2.5444052,9.899139E-4,0.0938611,0.1597203
2.5557845,0.0043945313,0.11828327,0.1661039
2.567815,0.003616333,0.082473755,0.18851179
2.5779681,0.047257423,0.0845108,0.18319792
2.5882785,0.047632217,0.082452774,0.1852104
2.5999606,0.09570885,0.07369709,0.172934
2.6105769,0.09335327,0.058196783,0.1492626
2.6227202,0.10515022,0.057730913,0.1665616
2.6336482,0.07850075,0.021782637,0.16713268
2.6445177,0.037452698,0.03634858,0.16757429
2.6550474,0.039387703,0.031908035,0.19259381
2.6684167,-0.0043945313,0.046325684,0.1798358
2.6783867,-0.0046987534,0.04620242,0.1830486
2.6903868,-0.0049028397,0.045515537,0.18671006
2.7009254,-0.06491089,0.068502426,0.1834057
2.7123585,-0.08410835,0.03379655,0.2276426
2.7223256,-0.06258297,0.011083126,0.22590226
2.7337508,-0.038609505,0.033774376,0.24317425
2.745816,-0.021847725,0.07194948,0.27343822
2.7573984,-0.012485504,0.066521645,0.2529524
2.7680848,-0.012769699,0.0663538,0.25601298
2.7779107,-0.013209343,0.06693959,0.2587009
2.788505,0.01725769,0.10686207,0.25099427
2.8007104,0.028597832,0.12803483,0.27101326
2.8118737,0.027841568,0.12349248,0.2831874
2.8226833,0.005592346,0.13333344,0.280622
2.8347914,0.0019893646,0.15746927,0.2888558
2.8478281,-8.239746E-4,0.18552423,0.28119302
2.8591297,-0.025180817,0.19896698,0.26204032
2.8706377,-0.013581276,0.18091655,0.24600476
2.8806605,-0.03545761,0.1889174,0.22287971
2.8920927,-0.038061142,0.17484736,0.23846418
2.9040837,-0.035782814,0.18847394,0.21982175
2.9156506,-0.06680679,0.14685202,0.18286443
2.9262846,-0.066495895,0.14552069,0.18344462
2.937605,-0.08048153,0.13669038,0.22705632
2.9487581,-0.06558514,0.14666581,0.23688573
2.9599543,-0.084160805,0.1586895,0.19661093
2.9705992,-0.073924065,0.16560149,0.19732344
2.983256,-0.053483963,0.15990186,0.2548098
2.9929318,-0.06482315,0.14516616,0.2989198
3.0048606,-0.071196556,0.15624738,0.30684566
3.014758,-0.07031727,0.15275764,0.30757868
3.0266483,-0.06942177,0.14937353,0.30766284
3.037135,-0.0062236786,0.16282725,0.37428433
3.0490007,-0.029057503,0.16392899,0.32054973
3.0591106,-0.008740425,0.16270709,0.36442024
3.0722787,-0.008954048,0.13503098,0.36440235
3.082788,-0.022286415,0.12978029,0.3163941
3.0942268,-0.028467178,0.12010527,0.31827068
3.1053436,-0.032351494,0.091677666,0.3222934
3.1171248,-0.038816452,0.071219206,0.29020667
3.1280835,-0.02859211,0.05589676,0.25061935
3.1389177,-0.03507328,0.052574158,0.26327193
3.14949,-0.02235508,0.080308676,0.26842034
3.163973,-0.009095192,0.088469744,0.22628826
3.1755898,-0.034923553,0.08827877,0.2411735
3.1872084,-0.024921417,0.08101392,0.19195235
3.1973994,-0.02451706,0.073792934,0.21931028
3.208866,-0.0121564865,0.062069893,0.21506196
3.2208579,4.0721893E-4,0.051133394,0.16119802
3.2325232,0.015091896,0.063622475,0.20698094
3.2430296,0.02731514,0.07408428,0.22873628
3.2555814,0.044261932,0.09881449,0.14100653
3.2665174,0.06355858,0.10458851,0.16821778
3.2773557,0.054094315,0.08406615,0.13817894
3.2879667,0.05185032,0.09682155,0.15611327
3.3010437,0.040228844,0.095654964,0.14936495
3.3110569,0.040483475,0.095971346,0.14610595
3.323031,0.040701866,0.096083164,0.14372313
3.3338273,-0.021414757,0.105955124,0.08639908
3.345334,-0.05247879,0.09681606,0.10376489
3.3553126,-0.040460587,0.08773875,0.1186375
3.3667514,-0.023694038,0.095710754,0.1405074
3.3786998,0.021595955,0.09090543,0.12650806
3.390226,0.04529667,0.12114978,0.14155042
3.4012845,0.044808388,0.123342276,0.14056289
3.4138103,0.07769966,0.1714549,0.12780982
3.4246783,0.07449818,0.16030383,0.16548288
3.4355495,0.08328533,0.18052125,0.13533872
3.4460912,0.05387783,0.18364906,0.1671204
3.4594734,0.06968498,0.19847655,0.15978521
3.4693937,0.06959057,0.19989944,0.15699238
3.4824784,0.069633484,0.2006998,0.1542843
3.4922621,0.021888733,0.25136328,0.12296468
3.5038416,5.083084E-4,0.25384045,0.10683924
3.5139043,-0.018458366,0.24402475,0.12938303
3.525319,-0.013513565,0.22703815,0.12367195
3.537383,-0.03256893,0.21048498,0.11974454
3.5490115,-0.025414467,0.21333385,0.10670096
3.5595255,0.0032444,0.20681,0.13439238
3.5720294,-0.006547928,0.23190999,0.1715864
3.5829258,0.021884918,0.24054718,0.12278205
3.5937767,0.047825813,0.2757907,0.15781945
3.6043234,0.049808502,0.2823236,0.15723318
3.6174443,0.03466606,0.2900691,0.1496017
3.6275132,0.034288406,0.29160404,0.1493699
3.6395655,0.03401375,0.29264808,0.1491732
3.650221,0.009887695,0.29582787,0.1895268
3.6616557,0.0050525665,0.3201096,0.19146949
3.6716075,-0.002002716,0.3008163,0.18822628
3.683055,6.1416626E-4,0.3074994,0.17533082
3.6951215,0.0036125183,0.28610373,0.1633879
3.706709,0.011184692,0.30617547,0.14914602
3.717201,0.011498451,0.30484462,0.14968002
3.7285306,0.007036209,0.26985097,0.17199469
3.7398431,1.3828278E-4,0.2325294,0.19928342
3.751004,0.026837349,0.21180487,0.19511163
3.7615762,0.005671501,0.20304418,0.20765525
3.7743125,0.023407936,0.20155025,0.21329641
3.7838452,0.02396202,0.21372437,0.23749268
3.7969046,0.026929855,0.22587395,0.21398586
3.8084521,0.0011472702,0.20939136,0.24284577
3.820069,-0.012680054,0.20719194,0.22195524
3.8301773,-0.012087822,0.19299841,0.20999801
3.841693,-0.016313553,0.17889833,0.23644376
3.8536012,-0.031999588,0.16065955,0.26006484
3.8653433,-0.033794403,0.18018341,0.24513912
3.8758986,-0.018929482,0.16897225,0.2469824
3.888448,-0.0018310547,0.17979455,0.20596975
3.899391,0.01034832,0.15031147,0.20591658
3.91021,0.010469437,0.16191173,0.20803607
3.9208686,0.020030975,0.15235901,0.22238898
3.9339082,0.017251015,0.13960266,0.22923136
3.943979,0.016998291,0.14052725,0.22915334
3.9559746,0.016682625,0.1416781,0.22937137
3.966688,-0.014828682,0.19087052,0.18164366
3.9783459,-0.036706924,0.21833777,0.16058981
3.988466,-0.039445877,0.20968914,0.15420914
3.9998534,-0.042132378,0.19382095,0.18101299
4.011864,-0.042469025,0.18755507,0.21799368
4.023472,-0.032892227,0.2304306,0.2185685
4.0339847,0.012675285,0.25622225,0.2193296
4.043823,0.01270771,0.25561118,0.22072601
4.052933,0.019835472,0.24792147,0.21078128
4.0629334,0.016954422,0.2674408,0.21949005
4.070937,0.016954422,0.2674408,0.21949005
4.0799828,0.040708542,0.24385309,0.1917752
4.0909166,0.04295826,0.21783304,0.23081219
4.0999217,0.042969704,0.2176013,0.23120093
4.113103,0.026431084,0.21910954,0.19551146
4.123119,-0.023400307,0.22934985,0.14778554
4.136215,-0.03959751,0.25569367,0.15809363
4.146546,-0.05565262,0.2549398,0.1116367
4.1579456,-0.054920197,0.23225307,0.15215188
4.1699758,-0.06312752,0.18678689,0.17695498
4.181623,-0.04088211,0.15669036,0.17039281
4.192106,-0.040133476,0.15273285,0.17350018
4.2019334,-0.03935051,0.14865804,0.17665863
4.212442,-0.04338169,0.11836672,0.23457861
4.224679,-0.037760735,0.13589668,0.22982115
4.2361097,-0.0058641434,0.14892316,0.23194468
4.248805,-0.018763542,0.13982391,0.27095073
4.2583566,0.008135796,0.15118122,0.26114976
4.268884,-0.027280807,0.13900948,0.28700024
4.2781305,-0.012372017,0.119690895,0.3002072
4.2901335,-0.03332615,0.09786439,0.3230182
4.300224,-0.032744408,0.09520507,0.32407886
4.3121996,-0.032003403,0.0920434,0.32483196
4.322685,-0.038272858,0.074334145,0.36057252
4.3344674,-0.044548035,0.068413496,0.30549127
4.344565,-0.031663895,0.053139687,0.31216222
4.3559813,-0.016490936,0.04539895,0.30691665
4.367931,-0.02469635,0.03613901,0.33363372
4.378116,-0.03133297,0.02261424,0.32746464
4.3883915,-0.030841827,0.021565914,0.32530898
4.3999104,-0.03039074,0.020775557,0.32286245
4.412303,-0.034790993,0.008430243,0.3605618
4.4233556,-0.020065308,0.017825842,0.32165802
4.4350524,-0.014962196,0.051304817,0.28246754
4.4480643,-0.016582489,0.04144287,0.35203856
4.4582176,-0.016252518,0.041581154,0.34844583
4.4702425,-0.01593399,0.041871548,0.3443737
4.4809055,-0.02513218,0.03242445,0.2921493
4.49133,-0.029549599,0.023068666,0.28788525
4.5020676,-0.043536186,0.03529334,0.30239862
4.5117373,-0.040751457,0.014012814,0.27597618
4.519613,-0.023641586,0.04797721,0.32371992
4.531505,0.015004158,0.043726683,0.26369977
4.5409455,0.02724266,0.049274206,0.28742665
4.5508885,0.037032127,0.069453,0.25833708
4.560444,0.03715229,0.058965445,0.2793997
4.5713425,0.058665276,0.03928542,0.23839378
4.580819,0.06337452,0.051027775,0.2620061
4.591648,0.03456688,0.050824165,0.26136547
4.601114,0.044013023,0.096090555,0.23266691
4.6119647,0.041680336,0.085693836,0.21308398
4.6214085,0.039268494,0.09941077,0.21297932
4.637437,0.03442669,0.10526395,0.17953414
4.6476426,-0.0014829636,0.111632824,0.10786009
4.6600075,-0.0135240555,0.0821712,0.14201748
4.669334,-0.0064020157,0.079147816,0.1829539
4.6809063,0.024690628,0.08562589,0.19488835
4.6904936,0.060539246,0.10658264,0.18779373
4.703186,0.0603323,0.12919188,0.15815932
4.710417,0.076815605,0.1407404,0.13109744
4.7238874,0.06684208,0.15044188,0.12567484
4.733174,0.07827759,0.1678791,0.15138328
4.7463727,0.09685421,0.17362475,0.15010083
4.757214,0.11309719,0.2006917,0.11520988
4.770011,0.0958662,0.18676281,0.11188185
4.7796044,0.0644207,0.21545863,0.09632516
4.7905464,0.073833466,0.23619604,0.06194997
4.802677,0.05463791,0.2593677,0.081190705
4.81202,0.0450058,0.24080896,0.039431274
4.8222623,0.030537605,0.21984673,0.067465186
4.8325605,0.0017137527,0.19860387,0.014845431
4.8428063,-0.003211975,0.1774466,0.056096554
4.852207,-0.0033769608,0.17791104,0.0564546
4.8624516,-0.017952919,0.17376685,0.030529022
4.8716955,-0.018209457,0.17455363,0.031211436
4.881948,-0.042497635,0.1611712,0.09205955
4.8936706,-0.040406227,0.17395425,0.11706513
4.9041786,0.004750252,0.19882584,0.14224488
4.9154344,0.030682564,0.22131157,0.15112871
4.925919,0.023118973,0.24612975,0.17946899
4.936516,0.029911995,0.21569896,0.19136369
4.9465466,0.015163422,0.20431924,0.21316111
4.956784,0.0053396225,0.21415162,0.26085746
4.9668407,-0.0138731,0.21622467,0.27464205
4.9803987,-0.023273468,0.200423,0.32001582
4.988557,-0.015841484,0.17537212,0.31581455
5.0001683,-0.010685921,0.16689873,0.33229634
5.009484,-0.005378723,0.15560889,0.33881608
5.0207725,3.4332275E-5,0.177454,0.3475155
5.0300374,-0.016094208,0.1682291,0.33688566
5.0415044,-0.0107584,0.14261103,0.36434358
5.050766,-0.010237694,0.1409862,0.36326194
5.0632396,-0.009765625,0.13969421,0.36186844
5.073679,-0.035778046,0.009739876,0.4007295
5.0854783,-0.042661667,-0.024136543,0.40778792
5.095009,-0.0065727234,-0.03341174,0.3807865
5.105231,0.007876396,-0.039828062,0.37981823
5.114763,0.02219963,-0.043275595,0.40458417
5.1261764,0.014908791,-0.04391265,0.3618746
5.13573,0.021799088,-0.06304026,0.3742191
5.1471415,0.0525856,-0.040948868,0.39996058
5.15866,0.05412388,-0.053455114,0.37898034
5.1695514,0.051259995,-0.0521183,0.3891627
5.179805,0.050782204,-0.048273325,0.38216683
5.190564,0.05034256,-0.044472694,0.37485245
5.1995506,0.049783707,-0.04027295,0.36734745
5.2101846,0.049031258,-0.035535812,0.36038378
5.220861,0.028943062,-0.26230288,0.33646864
5.2332973,-0.07520008,-0.43790293,0.38454145
5.243857,-0.1437378,-0.5574832,0.33498102
5.2546535,-0.18170166,-0.799654,0.3744012
5.264691,-0.22051239,-0.9217706,0.40308926
5.2773137,-0.25812626,-1.0192204,0.3884987
5.285434,-0.19358444,-1.1484358,0.35874742
5.297083,-0.1988535,-1.2976751,0.3034414
5.3063526,-0.23369884,-1.4971097,0.32205868
5.317979,-0.26280308,-1.7639,0.39069474
5.3273063,-0.2842703,-1.6949544,0.4014429
5.339009,-0.31044865,-1.6131096,0.41384822
5.348948,-0.40417576,-3.3299599,0.92245007
5.3603306,-0.4896145,-3.9278302,0.91644937
5.370329,-0.6792784,-4.4486384,0.8090023
5.38235,-0.8026724,-4.691062,0.5304983
5.390927,-0.8306074,-4.772645,-0.030528426
5.4012995,-0.7544937,-4.839566,-0.45138592
5.410765,-0.42729473,-5.111202,-0.6202619
5.422182,-0.33236694,-5.4223766,-0.5223112
5.431634,-0.34439564,-5.662207,-0.51304984
5.4430995,-0.3613901,-5.843471,-0.60121
5.4525313,-0.4950199,-5.8942266,-0.813926
5.4653254,-0.91229534,-5.811469,-1.2446227
5.4774513,-1.8486004,-7.298792,-2.0893466
5.486245,-2.044361,-7.014907,-2.1122515
5.494476,-2.263257,-6.7211285,-2.1337245
5.5031133,-3.6793146,-7.8420286,-2.7891073
5.5131135,-4.24398,-7.224538,-2.8778675
5.5275774,-4.24398,-7.224538,-2.8778675
5.540656,-5.3298416,-7.366238,-4.2516103
5.5564275,-6.0705056,-6.7537856,-4.350982
5.567538,-6.522703,-6.4260817,-5.628364
5.58384,-7.378877,-5.9149427,-5.5116343
5.5960436,-7.6801605,-5.445077,-6.005007
5.613394,-8.213558,-5.0831366,-6.006104
5.629727,-8.468798,-4.560807,-5.1435113
5.6449623,-9.578215,-4.3469944,-5.4148054
5.6567035,-9.368448,-2.8902292,-6.140794
5.6727843,-10.443258,-2.8949766,-6.5773163
5.6842337,-9.757654,0.023122787,-6.098133
5.700294,-10.286753,-0.06689072,-6.32638
5.7171354,-8.947996,4.40887,-5.3966484
5.7270255,-8.249535,6.4444895,-4.892143
5.7433753,-9.157255,6.031432,-5.2075343
5.7531757,-9.559042,5.814352,-5.324508
5.769471,-7.7826815,6.9117193,-3.573041
5.785475,-8.35157,6.528319,-3.7174551
5.7975817,-8.6409855,6.071911,-2.0270875
5.8131537,-8.940769,5.7950773,-2.1931326
5.824268,-8.718412,5.003428,-0.2650528
5.8409147,-8.822947,4.800973,-0.53648114
5.8517785,-7.5522203,3.6639376,1.3155382
5.867344,-7.4108696,2.6056666,2.0741906
5.883534,-7.3574567,2.3375015,1.9038525
5.895607,-6.377599,2.8121877,0.8503938
5.9120193,-6.3792105,2.6918077,0.6607413
5.922225,-3.9657652,3.2050657,0.057886124
5.932225,-3.1130874,2.8552983,0.38792467
5.9402986,-3.1130874,2.8552983,0.38792467
5.956495,-2.387909,0.9488406,1.12777
5.972497,-2.3649282,0.55415916,1.4469886
5.9840508,-2.118097,0.3138914,1.6624565
5.998985,-2.0024061,1.1680455,1.7927074
6.0097866,-2.005742,1.3223491,1.7267485
6.024629,-1.5591359,-0.4278803,2.8874955
6.0384374,-1.5757122,-0.4083681,2.939198
6.0503387,-1.7592492,-1.1361213,3.7805624
6.0643964,0.15858412,-0.3138008,1.2747407
6.079122,0.052374363,-0.32697535,1.4086719
6.0897026,0.014986038,-0.3270917,1.4647379
6.1045165,1.157556,-0.37269545,-0.3455727
6.118373,1.1443453,-0.37497663,-0.32886314
6.130051,1.1499352,-0.37287045,-0.33409
6.1439896,-0.39121342,0.50845766,0.8422203
6.1586757,-0.385221,0.5239005,0.85800433
6.169419,-0.3903265,0.5297284,0.87543416
6.184208,-0.06872749,-0.15083742,0.6517987
6.1944613,0.14391756,-0.09249115,0.36751938
6.2073946,0.19422722,0.18605804,0.07951307
6.2155147,0.0077195168,0.40213203,0.026275635
6.227556,-0.2977414,0.42427015,0.24157429
6.236912,-0.3028798,0.42599678,0.25264215
6.248877,-0.31087923,0.42729425,0.26761222
6.258818,-0.41132116,0.1678834,0.4027636
6.2708325,-0.3710084,0.1315465,0.3671918
6.2801394,-0.30970144,0.1666379,0.3726499
6.2926545,-0.23078775,0.14564276,0.3527012
6.302202,-0.16291523,0.15259981,0.3244338
6.31548,-0.116107464,0.10725975,0.33951998
6.324442,-0.023909569,0.07389784,0.38605928
6.33602,0.063952446,0.05023861,0.3436079
6.3462477,0.07871866,0.005186558,0.3212366
6.3579307,0.068347454,0.0054240227,0.33964634
6.3669887,0.058649063,0.0051259995,0.3560562
6.3783054,0.049916267,0.004506588,0.37028027
6.390011,0.055165768,0.22505713,0.5023856
6.4013205,2.3841858E-6,0.25536013,0.4229219
6.411901,-0.06312847,0.24868345,0.3477943
6.4246416,-0.12752819,0.16217947,0.3130679
6.4341803,-0.12655401,0.17052364,0.32666326
6.446221,-0.1301775,-0.18315029,0.372571
6.456146,0.010622025,-0.02417326,0.32419252
6.468155,0.10975838,0.044763565,0.26293445
6.478425,0.2351942,0.10073471,0.39388323
6.490265,0.21270609,0.1323142,0.36023617
6.5004206,0.09607172,0.13278008,0.4002719
6.5131836,-0.014865398,0.14761114,0.36465716
6.522877,-0.041918755,0.09195471,0.25737834
6.5343013,-0.021168232,0.05966091,0.19223452
6.5451436,-0.017641068,0.06231308,0.19079661
6.5564966,0.026124477,0.26767683,0.14080906
6.568012,0.03101492,0.43637133,0.16945887
6.579326,0.056482315,0.45648098,0.20198941
6.5898647,0.06039858,0.3979373,0.29503846
6.602577,0.04044199,0.30509615,0.30978966
6.612218,0.020858765,0.24134827,0.29805875
6.6242256,0.007858753,0.25154543,0.2605474
6.634155,-0.012094498,0.1949358,0.179991
6.647254,-0.0032382011,0.19569778,0.18054223
6.6571693,-0.071137905,0.32756472,0.18742251
6.6689773,-0.117422104,0.36379814,0.18009329
6.679101,-0.15375328,0.3552637,0.20214987
6.6918344,-0.120085716,0.26127148,0.25529552
6.7024517,-0.11953592,0.26670027,0.2646582
6.7140203,-0.118965626,0.27194595,0.27370238
6.7262692,0.024998188,-0.018406868,0.31700897
6.7373323,0.055918217,0.084512234,0.26208878
6.747914,0.03140688,0.17914295,0.22250295
6.7606535,-0.029323101,0.2334404,0.18894291
6.770238,-0.036841393,0.2368846,0.23228717
6.782283,-0.042345524,0.25952578,0.20704198
6.792275,-0.04302931,0.26072645,0.21062016
6.804246,0.009654522,0.16419697,0.22096658
6.814646,-0.011297703,0.1013422,0.21377754
6.826458,-0.012997627,0.047775745,0.26089287
6.8365426,-0.021789074,0.0873518,0.27148795
6.8492265,-0.029314995,0.14322138,0.2883761
6.8600273,-0.028083801,0.18646431,0.26003098
6.8717036,-0.071852684,0.23243332,0.20030665
6.8823013,-0.17290783,0.35090017,0.24211407
6.89467,-0.138453,0.38571787,0.2165792
6.9055543,-0.061457157,0.303648,0.17374182
6.916421,-0.054059505,0.20579863,0.18822837
6.928219,-0.052960396,0.13638878,0.15477753
6.93896,-0.05905819,0.07042408,0.21703124
6.948237,-0.058095455,0.07316971,0.22063684
6.9614143,-0.047944546,0.08723307,0.17340493
6.9728594,-0.033233643,0.26090145,0.19445086
6.9843893,-0.023574352,0.33118248,0.16007304
6.994355,-0.033574104,0.3154297,0.15087724
7.0057855,-0.01954031,0.25455713,0.16380024
7.017737,-0.019189835,0.23517609,0.16499925
7.027886,-0.023513317,0.20878744,0.17837238
7.038205,-0.009157658,0.16524744,0.18946743
7.049826,-0.012203693,0.15256739,0.17729235
7.0604444,-0.03490305,0.12970686,0.23668146
7.072704,-0.029530525,0.12067366,0.22685361
7.0836873,0.017973423,0.060875416,0.1771648
7.0963974,0.058576584,0.045803547,0.24011898
7.1059475,0.033118248,0.0878315,0.22409105
7.1179385,-0.01330471,0.16591501,0.2503674
7.1273355,-0.013632774,0.16546202,0.2500968
7.1393957,-0.014172077,0.16537523,0.25092626
7.1508827,-0.09135723,0.22301626,0.2260387
7.162632,-0.07018185,0.20704746,0.21638465
7.172722,-0.072421074,0.17517996,0.26009536
7.185564,-0.06384659,0.119868755,0.23550344
7.1954584,-0.046093464,0.108239174,0.26064897
7.2071004,-0.044938564,0.12307072,0.19478273
7.2176185,-0.042915344,0.1263094,0.19746733
7.2276735,-0.040728092,0.12915754,0.19902754
7.238522,-0.04373455,0.121366024,0.22558093
7.2506895,0.0074419975,0.21304846,0.22766829
7.2618375,0.034333706,0.24924946,0.22239614
7.275663,0.024347782,0.18412924,0.24403477
7.285239,0.025599003,0.18524408,0.24390078
7.2973466,8.4877014E-5,0.21706581,0.2365694
7.305822,5.6123734E-4,0.21779013,0.23712277
7.317816,0.0011873245,0.2187581,0.23788285
7.328304,-0.022091866,0.1554575,0.24893618
7.3407984,-3.9339066E-4,0.1447177,0.20563865
7.350355,0.030241013,0.17659712,0.15786433
7.363824,0.057444572,0.21013689,0.16084003
7.372824,0.06918907,0.1887021,0.15433717
7.3844366,0.03899908,0.14834023,0.2011106
7.3949466,-0.0023727417,0.11057758,0.28745794
7.4057236,-4.5347214E-4,0.11126089,0.28517365
7.4163795,-0.06269121,0.05522442,0.2858417
7.429251,-0.1027751,0.07627821,0.26958418
7.439748,-0.13809729,0.13079166,0.17182446
7.4530535,-0.11226797,0.13343668,0.14507365
7.4610987,-0.084638596,0.18002748,0.17838287
7.4731593,-0.054632664,0.18806505,0.20400906
7.4826183,-0.07009888,0.15061855,0.25597596
7.4948378,-0.06860733,0.1373601,0.24338579
7.504736,-0.09358168,0.12636232,0.23800254
7.516744,-0.053852558,0.15832424,0.27769876
7.526059,-0.043418884,0.17558193,0.31056714
7.5386066,-0.033593655,0.18048191,0.27441907
7.548127,-0.009867668,0.20429993,0.24825406
7.561456,0.0011520386,0.2405963,0.24124241
7.57039,-0.008991718,0.17432785,0.25825834
7.5820994,0.00441885,0.12721491,0.24969554
7.593739,0.052963734,0.09875584,0.22722197
7.6052427,0.1088438,0.06304693,0.24503231
7.6156325,0.09357977,0.06296635,0.28013802
7.627359,0.05049324,0.082306385,0.23739314
7.637584,0.017643929,0.11362696,0.2030046
7.651001,0.028598309,0.16028261,0.23373055
7.659025,0.013243198,0.16455793,0.22042322
7.6710677,0.012762547,0.14268255,0.21370006
7.680402,-0.054232597,0.18329477,0.1753738
7.6925626,-0.08996296,0.21209764,0.17061424
7.7024794,-0.08288002,0.2576146,0.16629958
7.7144775,-0.06434393,0.2789526,0.17688584
7.7238646,-0.07211447,0.26219988,0.15191507
7.7363987,-0.09391403,0.24863291,0.14469957
7.7458954,-0.0822525,0.19235945,0.20060515
7.7592993,-0.0531044,0.22575045,0.17832685
7.7682743,-0.018727303,0.18611526,0.19323778
7.7798953,0.0013070107,0.15390873,0.19661283
7.790174,-0.0073838234,0.15019608,0.22104502
7.801914,-0.0064382553,0.15143585,0.22179222
7.8135705,-0.101471424,0.24106455,0.20095205
7.825255,-0.081882,0.20375156,0.15665913
7.8354316,-0.03387022,0.18363571,0.19762015
7.848746,-0.017979145,0.14816427,0.22178483
7.8567443,0.022707462,0.13055515,0.18665361
7.868744,0.034486294,0.09565735,0.23458481
7.8780622,0.055763245,0.13456869,0.25548196
7.890248,0.034522057,0.15201902,0.2227819
7.900217,-0.045886993,0.22939348,0.22961998
7.913493,-0.075960636,0.30213642,0.21032262
7.9227457,-0.093967915,0.35824585,0.21270108
7.9351797,-0.04552698,0.37874317,0.15929484
7.947296,0.008925915,0.3711362,0.15263319
7.9589944,0.016776562,0.343565,0.16821718
7.9692574,0.01845789,0.34788275,0.17390585
7.980676,-0.10162115,0.25212145,0.22539282
7.9914384,-0.02551794,0.18303967,0.28268123
8.003116,0.028654575,0.1664977,0.31175017
8.013246,0.06347227,0.19005728,0.33035803
8.026545,0.061885834,0.16020107,0.31545806
8.034629,0.039499283,0.16892433,0.2153616
8.046662,0.050664425,0.23697948,0.18116498
8.055948,0.04754877,0.2406807,0.16174483
8.067994,0.061008453,0.17016935,0.07569742
8.07646,0.063046455,0.1736741,0.07911372
8.088484,0.065629005,0.17705154,0.081246376
8.096893,0.06860304,0.18051672,0.082773924
8.108914,0.07160187,0.18358946,0.083492994
8.119969,-0.079714775,-0.02744484,0.09126806
8.131832,-0.10502863,0.057355404,0.02678442
8.141927,-0.118985176,0.16750622,0.006869316
8.154708,-0.11823988,0.2493062,0.034574986
8.165203,-0.14856577,0.29867983,0.0142297745
8.176795,-0.14570045,0.3245449,0.04328227
8.187365,-0.08814764,0.25722742,0.09985995
8.200025,-0.03351879,0.20685005,0.10993552
8.210973,-0.017309189,0.17569637,0.13238168
8.224393,-0.033513546,0.14694357,0.18375659
8.23399,-0.03528166,0.14659739,0.18649459
8.24597,-0.06600714,0.17022371,0.23521829
8.255902,-0.05164337,0.18184996,0.19608784
8.268232,-0.049088478,0.18920755,0.17692852
8.278181,-0.0012526512,0.20386362,0.2039268
8.290089,0.022209644,0.15612316,0.18840337
8.300259,0.01712656,0.11362457,0.24048424
8.313086,0.005792618,0.1034503,0.21434093
8.322721,0.004324913,0.10003567,0.20831132
8.334386,-0.020320415,0.09450245,0.18457556
8.344892,-0.020841122,0.09609842,0.18906903
8.356306,-0.04835558,0.082546234,0.24110103
8.367796,-0.023516178,0.12825108,0.2924726
8.379287,-0.022717476,0.12129831,0.19083071
8.389819,0.0040974617,0.10702181,0.23798323
8.402671,0.041949272,0.1590972,0.23286629
8.412265,0.041148186,0.1590724,0.23443198
8.424304,0.043136597,0.17848492,0.18792868
8.434241,0.009525776,0.15502453,0.19636297
8.446389,-0.002275467,0.15821743,0.13792896
8.456222,-0.014324665,0.1687336,0.11619067
8.4681225,-0.016977787,0.15047455,0.10433388
8.478309,-0.012574196,0.18214035,0.13026476
8.491114,-0.03473091,0.15495348,0.10136604
8.501604,-0.06114769,0.129807,0.14008856
8.513179,-0.06388807,0.07804489,0.16673923
8.523714,-0.050136566,0.13593721,0.21682
8.536237,-0.07444143,0.15315628,0.20421672
8.548431,-0.112801075,0.15402365,0.17750955
8.561876,-0.107161045,0.19444847,0.21639085
8.571904,-0.10716295,0.19536448,0.21839738
8.583923,-0.10717678,0.19691038,0.2218864
8.594623,0.0077667236,0.11243105,0.29747486
8.606237,0.036283493,0.054224968,0.23215032
8.616349,0.024454594,0.043796062,0.24964833
8.629068,0.003965378,0.07712984,0.23564935
8.639564,-0.014301777,0.08519316,0.2358098
8.651156,-0.03999424,0.12872219,0.21869493
8.661664,-0.039724827,0.12877703,0.21825647
8.67309,0.046266556,0.16466379,0.23536992
8.684245,0.055908203,0.10732126,0.30252862
8.695541,0.08261728,0.054909706,0.3166983
8.706088,0.06850767,0.047823906,0.2014916
8.718864,0.054637432,0.13485146,0.15870023
8.728402,0.05567646,0.13401508,0.15470243
8.738971,-0.02925539,0.26458836,0.2047143
8.74823,-0.027977467,0.26394176,0.2006352
8.760502,-0.1266675,0.31693316,0.18557358
8.77074,-0.16991806,0.24414587,0.21531868
8.781165,-0.16795969,0.24636078,0.21624136
8.79185,-0.060830593,0.016818523,0.17310023
8.804344,-0.02811575,0.026588917,0.14686775
8.813878,-0.029542446,0.11670923,0.16267395
8.82713,-0.034003258,0.16343546,0.1743412
8.836202,0.032198906,0.1633668,0.16390991
8.847762,0.06719446,0.16512251,0.19550252
8.859458,0.06690216,0.13586712,0.1925497
8.870894,0.05031681,0.104091644,0.21945071
8.881393,0.05328369,0.09871435,0.16668916
8.893109,-0.008049011,0.14610529,0.16372824
8.903221,-0.021162033,0.1479001,0.17180371
8.916525,-0.051291466,0.15442467,0.19698143
8.9246435,-0.06688261,0.2088623,0.14534903
8.936648,-0.06136179,0.29198122,0.14477134
8.945933,-0.029624462,0.277493,0.15044117
8.957935,-0.043031216,0.2253108,0.15915227
8.9663925,-0.042168617,0.22602987,0.1589675
8.978383,-0.04158449,0.22650957,0.15887666
8.986881,-0.04124832,0.22693157,0.15911126
8.998864,-0.04091215,0.22764015,0.15999007
9.009386,-0.016374588,0.16367817,0.17465377
9.021921,-0.058726788,0.15478992,0.16269755
9.031478,-0.06290531,0.15301943,0.18441916
9.04475,-0.044674397,0.17210817,0.17416024
9.05289,-0.0047631264,0.18840837,0.20585012
9.064254,-0.010397911,0.20475292,0.15161753
9.074613,-0.023150444,0.21377993,0.17831135
9.086188,-0.014123917,0.18969107,0.1838746
9.096461,-0.014453888,0.18972683,0.1846304
9.107826,-0.019263744,0.185215,0.16611457
9.11873,0.0020918846,0.18773317,0.17636657
9.13041,0.0066714287,0.20207787,0.20787024
9.140614,-0.017147064,0.2117405,0.16709661
9.157603,-0.030697346,0.21000671,0.15253377
9.166772,-0.03951454,0.16049385,0.09526706
9.180689,-0.031725883,0.17794228,0.06440592
9.192558,-0.0026583672,0.209373,0.097919464
9.202877,-0.0046019554,0.21451807,0.12895226
9.212309,-0.049721718,0.19580173,0.1004374
9.223935,-0.08814907,0.21269846,0.103372335
9.2341795,-0.08963966,0.21221972,0.10533023
9.245793,-0.091593266,0.21150208,0.10770464
9.257786,0.021747112,0.18944645,0.14570189
9.268107,-0.022629261,0.1604495,0.15011692
9.278755,-0.009520531,0.18651676,0.13530707
9.291406,-0.010405064,0.15613127,0.15029335
9.301396,-0.026543617,0.17668056,0.14452124
9.313431,-0.054092884,0.15458727,0.13378453
9.3233595,-0.055274487,0.15390444,0.13470745
9.335438,-0.05624628,0.15328932,0.13530588
9.346175,-0.081768036,0.15256596,0.16326165
9.357759,-0.045292377,0.16615677,0.18922186
9.367899,-0.073102474,0.16064882,0.21938038
9.380708,-0.04969406,0.1573081,0.23524499
9.39061,-0.039453983,0.09962559,0.19041872
9.400856,-0.012925625,0.14237165,0.16065145
9.410967,0.016043186,0.1707077,0.1139307
9.422574,0.064172745,0.16058779,0.09321046
9.433082,0.06263447,0.15997362,0.094996214
9.449142,-0.05305147,0.18438673,0.27719975
9.457763,-0.0485754,0.16143179,0.28964448
9.47084,-0.025458336,0.08830118,0.23155427
9.479565,-0.026777267,0.088792324,0.2353828
9.492337,0.0601182,0.033499718,0.10194826
9.502002,0.0916214,0.19983101,0.163136
9.512763,0.089062214,0.23861027,0.11145377
9.522314,0.12219143,0.2464118,0.13958931
9.5355015,0.11475086,0.23992443,0.16525126
9.542993,0.052698135,0.17868185,0.17147756
9.5556345,0.022533894,0.13711596,0.17490768
9.565225,0.021507263,0.12943792,0.16397715
9.57535,0.015628338,0.11178255,0.15224862
9.583832,0.0077266693,0.10828352,0.18718815
9.596326,-0.007156372,0.12854385,0.1326859
9.603606,0.0016145706,0.15807343,0.1546824
9.615624,0.038526535,0.20624065,0.15289307
9.623968,0.036940575,0.25151634,0.15269613
9.635437,0.006550312,0.25373936,0.13600922
9.644397,-0.0399189,0.19925928,0.15076542
9.657105,-0.08854103,0.13979578,0.21484995
9.666094,-0.08350229,0.041240692,0.25415063
9.676316,-0.05699587,-0.026260376,0.21204352
9.686165,-0.023579597,-0.07018328,0.14097452
9.69696,-0.06868029,-0.030402184,0.11898446
9.705245,-0.09424877,-0.01886034,0.19541264
9.715895,-0.12207508,-0.045663357,0.16616368
9.725927,-0.09532738,-0.017716885,0.21622515
9.736776,-0.06755209,0.056441784,0.24425101
9.746472,-0.06698322,0.0025196075,0.31250358
9.75727,-0.14187717,-0.08440924,0.3531766
9.767552,-0.13296223,-0.037264347,0.34597707
9.77733,-0.12974787,-0.03593445,0.342319
9.78755,0.012071133,0.17632627,0.07398248
9.798284,0.015390873,0.17814875,0.07120919
9.809003,0.019563198,0.18073082,0.06839609
9.820934,0.13074207,0.21054697,0.22458744
9.830167,0.054753304,0.17896414,0.3068483
9.841364,0.015917301,0.18385077,0.31839132
9.852057,0.06302309,0.20742893,0.221802
9.862266,0.11412096,0.22099352,0.19048858
9.874782,0.12783003,0.22743702,0.17715836
9.886165,0.16920376,0.29184008,0.10633111
9.894726,0.17372751,0.29339457,0.10072279
9.905596,0.17500687,0.31620598,0.038751364
9.915493,0.14426756,0.29041386,0.0775187
9.926055,0.13638306,0.28055668,0.06637001
9.934788,0.13733244,0.2792263,0.061608315
9.945427,0.14962721,0.28941345,0.07629156
9.954831,0.14906883,0.28688717,0.07189202
9.965539,0.09949255,0.3889451,0.03941846
9.974898,0.09763193,0.3857975,0.036257267
9.985525,0.016732693,0.37138367,0.07539368
9.994993,0.014470577,0.36913395,0.075004816
10.0057125,-0.0049414635,0.27606297,0.13077807
10.014813,-0.0076174736,0.274261,0.13218379
10.024541,-0.03433132,0.19130659,0.16541219
10.033749,-0.036934853,0.1899705,0.16765594
10.045759,-0.031885147,0.13391304,0.22000504
10.05486,-0.033851147,0.1330266,0.22198391
10.065535,-0.035788536,0.13192272,0.2234385
10.07464,-0.037240505,0.13071108,0.22368646
10.085498,-0.0382123,0.1299305,0.22391987
10.093445,-0.03891325,0.12939548,0.2241466
10.10425,-0.12525749,0.20829868,0.15239763
10.114214,-0.12504673,0.20852995,0.15247083
10.127027,-0.11986542,0.22140217,0.23023725
10.13723,-0.09308195,0.14656162,0.20927477
10.148928,-0.064107895,0.08646822,0.14159966
10.158191,-0.07589769,0.14348555,0.09282327
10.171422,-0.06803274,0.19289207,0.061238766
10.180947,-0.0010180473,0.28355312,0.12996364
10.190237,-0.0040555,0.27610826,0.09477615
10.200834,0.031020641,0.1970911,0.17304683
10.210877,0.004526615,0.13964272,0.19255209
10.220116,0.059601307,0.122154236,0.23645091
10.230014,0.054053307,0.15112686,0.17582321
10.2392025,0.074044704,0.2000637,0.14208364
10.249876,-0.0089530945,0.24387169,0.1363957
10.260221,-0.058166027,0.25248718,0.13657904
10.269875,-0.05674982,0.2786517,0.12098193
10.279766,-0.060067654,0.27886486,0.09419918
10.2915325,-0.080336094,0.29610586,0.09469485
10.300519,-0.08363104,0.2948575,0.0986526
10.31117,-0.070216656,0.13852882,0.19246006
10.320198,-0.0733943,0.13770151,0.1971035
10.332308,0.019128323,0.05770874,0.20394635
10.342333,0.015985012,0.05650139,0.2076931
10.353529,0.013333797,0.05544281,0.21079803
10.36529,-4.553795E-4,0.09534454,0.12892771
10.37983,-0.046425343,0.12908554,0.15875721
10.38983,-0.0028557777,0.15787077,0.10498023
10.401245,-0.0028557777,0.15787077,0.10498023
10.4097185,-0.0047683716,0.15677309,0.10650611
10.417836,-0.03520298,0.1533575,0.10774326
10.427614,-0.029893398,0.17609882,0.10893011
10.437717,-0.010744095,0.2249136,0.091468334
10.447701,-0.022445679,0.24312115,0.08180261
10.457954,-0.031080723,0.1857338,0.106505156
10.468867,-0.063158035,0.14068127,0.10943031
10.479174,-0.031039715,0.15743065,0.1482315
10.490822,-0.03510189,0.14059639,0.17064118
10.501408,0.020784855,0.097468376,0.16188765
10.51401,0.009881496,0.109535694,0.16006994
10.524936,-0.03420019,0.13097382,0.20016718
10.537674,-0.026866913,0.14873838,0.1849761
10.547441,2.670288E-4,0.16441584,0.16675329
10.558201,0.04593754,0.17473745,0.16288161
10.567602,0.043853283,0.17272615,0.16275859
10.579731,0.14281893,0.12950373,0.17001772
10.589699,0.06256533,0.11241293,0.18333483
10.600188,0.06117201,0.10889912,0.17844605
10.611929,-0.022099972,0.2292695,0.14683104
10.623893,-0.010207653,0.23456526,0.101806164
10.635875,-0.031296253,0.17065525,0.13457799
10.646576,-0.037329197,0.11604166,0.16608572
10.656909,-0.06990862,0.07068586,0.16144133
10.668554,-0.07219362,0.122749805,0.21437526
10.679055,-0.07748413,0.117240906,0.21325183
10.690517,-0.08537817,0.16918135,0.2580688
10.701531,-0.074071884,0.13013124,0.2620752
10.712788,-0.0626297,0.06974459,0.23518443
10.723389,-0.044248104,0.03334427,0.22085094
10.736166,-0.005232334,-0.051631927,0.21604323
10.745769,-0.011136532,-0.05778551,0.21493363
10.759026,0.0015487671,0.013851643,0.13342237
10.770137,-0.04756069,0.24047709,0.14534068
10.781792,-0.15085173,0.2304225,0.17059112
10.791854,-0.20774317,0.20216274,0.21277642
10.804596,-0.19518185,0.16211891,0.18321443
10.815186,-0.099544525,0.08814192,0.23158717
10.826778,-0.01089859,-0.0073370934,0.18625689
10.837288,-0.015224934,-0.012438774,0.1843605
10.847222,-0.0188694,-0.017451286,0.18123364
10.857776,-0.16821527,0.08266735,0.2846992
10.869964,-0.1336937,0.13905954,0.22500825
10.881367,-0.08544445,0.12052488,0.2178452
10.89407,-0.10254097,0.059273243,0.29112077
10.903742,-0.14840794,-0.111973286,0.59506035
10.915741,-0.16454363,-0.22443962,0.6194253
10.926075,-0.22501612,-0.5574255,1.088742
10.938086,-0.3383975,-0.6977267,1.2046833
10.948164,-0.47178125,-0.66965723,1.3733916
10.960029,-0.8973212,-0.43864727,1.573015
10.972167,-1.371748,0.18984461,1.3040488
10.982772,-1.6556869,0.36739206,1.2631881
10.99304,-2.3449998,0.66444397,1.3880267
11.004396,-2.7345958,0.66606665,1.6312575
11.014896,-2.672977,0.6377125,1.4968357
11.02632,-4.090642,1.0817065,2.3586812
11.037782,-4.2457705,1.4114494,2.1872754
11.049126,-3.9321775,1.6360278,2.119567
11.0597315,-3.2014644,0.8395376,1.8992243
11.072581,-2.4507055,0.21897173,1.5007906
11.0823,-2.3586473,0.16175222,1.331428
11.094258,-1.4404755,-0.73233175,0.966383
11.104237,-0.72775316,-1.0706611,0.2841177
11.114689,-0.5741844,-1.2331595,-0.015918255
11.126221,0.24009943,-1.1327004,-1.2187924
11.138289,0.87501764,-1.063879,-1.8487701
11.150334,1.7921548,-0.9864297,-2.9701486
11.160786,2.3233275,-0.18551874,-3.3650327
11.171036,2.519958,0.965534,-3.4531527
11.185056,1.8164268,1.1470568,-2.4688845
11.196006,1.1881223,0.29387164,-1.9494753
11.211507,1.7136967,-0.27401638,-2.3395815
11.221193,1.9638884,-0.51395583,-2.4886703
11.237134,0.34880614,-1.1018374,-0.12128639
11.250976,0.51465654,-1.785502,-0.07058525
11.262608,0.74280334,-1.9087138,-0.14425373
11.277065,-0.34148717,-2.2701025,1.3239288
11.292391,0.04796219,-2.5362682,1.403059
11.301002,0.21704233,-2.6829214,1.3620272
11.312925,0.37356114,-2.8468761,1.325984
11.326124,0.41532338,-1.9317702,1.5148697
11.3400135,0.5171869,-2.0260832,1.3347931
11.354746,0.42584676,-0.86575466,0.8406534
11.370168,0.6406833,-1.2359977,0.83262634
11.380572,0.7397013,-1.3832854,0.83435154
11.390573,0.3700684,-0.36551434,0.9163294
11.398585,0.3700684,-0.36551434,0.9163294
11.414609,-0.121035025,-0.5335403,1.2513542
11.431125,0.04108827,-0.6368192,1.2613201
11.442654,-0.3771089,-0.5100589,1.2905579
11.459569,-0.2702898,-0.5901555,1.3012972
11.4703045,-0.04598239,0.15525681,0.59551144
11.480305,0.027590692,0.09884608,0.60463715
11.488798,0.027590692,0.09884608,0.60463715
11.498247,0.060470104,0.086060286,0.60776424
11.508246,-0.09467471,0.1599741,0.13554382
11.517255,-0.09467471,0.1599741,0.13554382
11.532326,-0.17716181,-0.014546454,0.18722725
11.548562,-0.14217353,6.6810846E-4,0.1881485
11.559102,0.13452381,-0.09060335,0.25027657
11.569102,0.19823003,-0.081047475,0.22154903
11.577508,0.19823003,-0.081047475,0.22154903
11.593532,0.18098581,-0.29503256,0.45128918
11.609813,0.18106687,-0.28358132,0.48418427
11.620574,0.28139868,-0.22958052,0.3257227
11.637385,0.2958028,-0.21569794,0.3255558
11.648246,0.30879107,-0.21079272,0.326128
11.658037,0.3260502,-0.20711589,0.32717323
11.668662,0.27271855,0.10425621,-0.38002872
11.68075,0.22995198,0.21126956,-0.3733492
11.696242,0.28467727,0.21884573,-0.3691988
11.706146,0.3130635,0.22777265,-0.36736298
11.713241,0.34020668,0.23842448,-0.36570644
11.723525,-0.15420032,-0.15110856,0.6605854
11.732499,-0.26903754,-0.22307634,0.8943949
11.744734,-0.3006369,-0.14140898,0.982028
11.754014,-0.22497869,0.023826718,0.8993721
11.765971,-0.110023856,0.16587031,0.7635927
11.775274,-0.10532439,0.16944706,0.76378536
11.787405,-0.10146093,0.1769883,0.76355934
11.79802,0.13902706,0.0645957,0.46863174
11.810421,0.15954268,0.020760834,0.44915104
11.820007,0.09055996,-0.06447989,0.37023544
11.833275,0.06504965,-0.061199605,0.3027649
11.842263,0.042534232,-0.005804956,0.15123749
11.853846,0.36097872,0.46708548,-1.1723995
11.864097,-0.13299155,0.0341087,0.3199253
11.875675,-0.11882663,0.03648287,0.32135963
11.886338,0.19018608,0.22073126,0.21863651
11.898845,-0.01990223,0.38367987,0.35995197
11.909198,-0.31980884,0.3207767,0.5112839
11.922404,-0.36794162,0.13356763,0.7601118
11.930414,-0.36500192,0.09403217,0.7710991
11.942507,-0.28744853,-0.0020830631,0.8872328
11.951824,-0.20684516,-0.067492664,0.85724735
11.963883,-0.07406831,-0.060696363,0.7003832
11.973155,-0.08689487,-0.06432819,0.69918156
11.985061,-0.1008991,-0.069339216,0.69797325
11.995796,0.26212096,0.15407872,0.021673203
12.00823,0.22111869,0.10495788,-0.017640114
12.017798,0.13598031,0.05159378,-0.044790268
12.031145,0.09452629,0.04505229,-0.052747726
12.040117,0.08421409,0.029820263,-0.0790205
12.051842,0.061831236,-0.01795435,-0.09774494
12.062088,-0.0035512447,-0.073183835,-0.008243561
12.073681,0.00530982,-0.08037889,-0.0066833496
12.085387,-0.07305789,0.115248024,-0.086112976
12.097007,-0.054914117,0.21481651,-0.11752701
12.107241,-0.02162373,0.31365216,-0.12023163
12.120524,-0.016957164,0.2864241,0.038934708
12.12852,-0.052720666,0.23377895,0.13384151
12.140684,-0.07529092,0.21734303,0.18340492
12.149971,-0.17249537,0.19339424,0.31437302
12.162049,-0.21323538,0.13241065,0.3184414
12.171989,-0.18160069,0.055743933,0.32001305
12.1838875,-0.0688082,0.04545909,0.31652927
12.1935835,0.034114838,0.056218088,0.36063766
12.205991,0.050234556,0.007434547,0.33521652
12.215542,0.0069253445,0.008252144,0.33844185
12.228975,-0.027058244,-0.022474706,0.3707533
12.23794,-0.029167295,-0.02870369,0.41883564
12.249397,-0.020783424,-0.0492028,0.3853197
12.259648,0.048826575,-0.1250984,0.39718723
12.2709675,0.050159693,-0.12177181,0.39709854
12.28151,0.053474665,0.033881664,0.28469086
12.294423,0.04187298,0.15130335,0.22506618
12.304816,0.03894198,0.210715,0.12705994
12.31831,0.067879796,0.19999725,0.105439186
12.326467,0.08579278,0.11782485,0.16273308
12.338481,0.057466865,0.10749304,0.1795435
12.347707,-0.035059094,0.10129398,0.25871658
12.359351,-0.022946954,0.12978172,0.26846123
12.368668,-0.021379352,0.13042486,0.26861954
12.380613,-0.019755363,0.12973613,0.26889038
12.391512,-0.003068328,0.16689116,0.34111786
12.403919,-0.045464516,0.1400075,0.30087376
12.413463,-0.12486124,0.07374036,0.31098175
12.426664,-0.13056219,0.03216374,0.29780388
12.435686,-0.11904347,0.04315257,0.27434254
12.447128,-0.060863256,0.083848536,0.30828667
12.457402,-0.015315175,0.14631099,0.31578732
12.468792,-0.013174295,0.14734966,0.31599903
12.479339,0.03140247,0.1181401,0.29450607
12.492558,0.070828915,0.12371808,0.22258568
12.502912,0.07382262,0.09642166,0.16491222
12.516138,0.10663712,0.04974121,0.12652397
12.524116,0.8619578,0.50904703,-0.27915955
12.536046,0.77119136,0.24060357,-0.275115
12.546046,-0.18092501,-0.24663147,0.42042542
12.556046,-0.18092501,-0.24663147,0.42042542
12.56112,-0.18092501,-0.24663147,0.42042542
12.577491,-0.1912427,-0.2521344,0.41932964
12.587491,-0.20791972,-0.26125506,0.4176035
12.596345,-0.20791972,-0.26125506,0.4176035
12.609835,-0.24433565,0.30263692,0.45387268
