-0.002475052,215.59236,-5.0195837,-7.0730877
0.006155156,215.59236,-5.0195837,-7.0730877
0.016151302,215.47748,-4.977445,-7.002896
0.026143854,215.37288,-4.9456053,-6.9753437
0.036008593,215.12468,-4.900131,-6.9328184
0.048909325,215.00052,-4.8210845,-6.838869
0.062668905,214.74974,-4.6341605,-6.5987086
0.070657715,214.63957,-4.562225,-6.5130486
0.08276859,214.46234,-4.500787,-6.457241
0.09228151,214.36348,-4.4531894,-6.413396
0.10490687,214.22322,-4.4264064,-6.3717575
0.1172912,214.14177,-4.420918,-6.336828
0.1334103,214.06561,-4.4331207,-6.308029
0.14254233,213.9922,-4.415061,-6.311481
0.15462871,213.98842,-4.368525,-6.3342867
0.16669817,213.919,-4.306464,-6.386538
0.1829039,213.84465,-4.187354,-6.5895586
0.19699156,213.7297,-4.1310954,-6.741431
0.21051605,213.46574,-3.9835496,-7.134392
0.21668527,213.46574,-3.9835496,-7.134392
0.23270187,213.10234,-3.6773646,-7.649276
0.24585995,212.766,-3.3780282,-7.9515567
0.25605318,212.44656,-2.9584188,-8.275138
0.26512662,211.97499,-2.43063,-8.621138
0.28082067,211.30743,-1.1341823,-9.367044
0.2954402,210.89436,-0.3745077,-9.750171
0.30609518,210.11098,0.46708938,-10.133282
0.31480348,209.24516,1.3919889,-10.517006
0.3305114,207.77696,3.4772255,-11.330843
0.34010738,206.6593,4.637107,-11.818524
0.35200864,205.73462,5.8270283,-12.423335
0.3641714,204.30742,6.938754,-13.162899
0.3741714,201.60687,8.637951,-14.937717
0.38292432,201.60687,8.637951,-14.937717
0.39105818,199.84465,9.271913,-15.944015
0.4015879,198.2308,9.87703,-17.03172
0.4096462,196.32196,10.5405245,-18.197306
0.42133677,194.36873,11.321592,-19.427397
0.42938578,192.33919,12.250905,-20.755463
0.44119072,190.0478,13.310764,-22.294378
0.44916174,187.70355,14.38062,-24.119287
0.4609824,184.76918,15.234515,-26.178722
0.47087085,182.04514,15.677101,-28.331951
0.4821283,179.04156,15.698953,-30.481758
0.49168766,176.32095,15.432025,-32.61223
0.503097,173.49858,15.034444,-34.754543
0.51287144,170.89809,14.608539,-36.95122
0.52602315,168.15866,14.221189,-39.21336
0.53544915,165.69992,13.902733,-41.54746
0.5483708,161.08047,13.394034,-46.74046
0.5588833,158.79099,12.952422,-49.644306
0.5709956,156.75851,12.109923,-52.534653
0.5804889,154.70998,10.823794,-55.252647
0.5925742,153.30186,9.230016,-57.823406
0.60257506,151.79715,7.504336,-60.376095
0.61449647,150.36595,5.7806244,-63.043453
0.6223791,149.06203,4.152995,-65.87724
0.6343244,148.16882,2.6971235,-68.861084
0.6436505,146.74355,1.4475803,-71.94632
0.655766,145.1583,0.3971155,-75.08715
0.66760767,141.39293,-1.2928802,-81.15813
0.67956924,139.249,-2.0075095,-83.91667
0.69002,136.63446,-2.663124,-86.47867
0.70183223,133.6155,-3.3176425,-88.88653
0.7118575,129.23123,-175.7582,-89.24358
0.7235495,123.20555,-174.62057,-87.51959
0.7339056,116.62923,-173.22981,-85.99764
0.74723667,104.24252,-169.71716,-83.73296
0.7566555,98.435455,-167.6846,-83.0569
0.7692087,93.360504,-165.54329,-82.71828
0.7787357,88.41077,-164.02945,-82.4854
0.7907892,84.40314,-162.52296,-82.52179
0.7999218,80.612206,-161.08722,-82.83944
0.8121744,77.6988,-159.78662,-83.38419
0.8214254,74.976036,-158.6587,-84.01958
0.8334577,72.470535,-157.69473,-84.558174
0.8428329,70.13074,-156.8828,-84.802704
0.85603213,65.23075,-155.69685,-83.98457
0.8660416,62.706287,-155.33261,-82.99841
0.8775475,60.093468,-155.13605,-81.814514
0.8875999,57.731705,-155.10495,-80.5828
0.89899564,55.454205,-155.22668,-79.403885
0.90956503,53.45791,-155.47025,-78.33383
0.9209271,51.64798,-155.81578,-77.40176
0.93119377,50.002113,-156.23979,-76.62072
0.94278646,48.501827,-156.70412,-75.961174
0.95178443,47.063713,-157.16238,-75.41459
0.9651525,44.636578,-158.00693,-74.758896
0.9744451,43.837273,-158.41898,-74.7022
0.9868776,43.24528,-158.8217,-74.82081
0.9966111,42.90157,-159.19852,-75.094124
1.0085983,42.904,-159.56311,-75.51183
1.0175668,42.9214,-159.9368,-76.07349
1.0297471,43.36171,-160.34305,-76.7535
1.0391629,43.55748,-160.80026,-77.50266
1.0514326,44.272797,-161.31052,-78.28579
1.0614877,44.3869,-161.86618,-79.07868
1.074744,45.214226,-163.13423,-80.60327
1.0845953,44.911736,-163.89159,-81.30233
1.0962981,45.074024,-164.73578,-81.933
1.1104548,44.346695,-165.65477,-82.463615
1.1237851,42.32791,-167.69394,-83.08416
1.1330979,40.690483,-168.78787,-83.12652
1.145403,39.08339,-169.9055,-82.973206
1.1588699,36.782337,-171.03189,-82.64964
1.1708599,34.987514,-172.1513,-82.20258
1.1876934,33.34543,-174.37859,-81.039276
1.1998008,37.169548,-175.489,-80.37387
1.2170937,42.224854,-177.61205,-79.043625
1.2270938,45.212368,-179.53697,-77.81744
1.2354224,45.212368,-179.53697,-77.81744
1.2496107,46.020363,179.56001,-77.30767
1.2624338,49.81257,177.82262,-76.51897
1.2755654,53.081768,176.98465,-76.283455
1.2873679,56.2901,176.17783,-76.18222
1.3043944,65.91872,174.68846,-76.38059
1.3212084,75.49643,173.38857,-77.08501
1.3309922,81.968666,172.79811,-77.61207
1.3461299,84.7818,172.23492,-78.2282
1.3558934,86.75085,171.68643,-78.8916
1.3658934,89.110725,170.60236,-80.244606
1.374157,89.110725,170.60236,-80.244606
1.3884196,88.866035,170.05528,-80.88171
1.4030622,89.7544,168.8841,-82.04695
1.4164639,89.07797,168.23607,-82.576355
1.4280353,89.49725,167.53915,-83.069786
1.4443398,87.88679,166.06743,-83.99318
1.4563305,87.85983,165.31204,-84.43607
1.4733373,86.6651,163.80345,-85.30301
1.4902269,85.22164,162.41132,-86.12597
1.5002446,84.68171,161.79366,-86.52441
1.5151641,84.06016,161.2484,-86.908264
1.5247189,82.91723,160.7873,-87.27108
1.5347189,81.409546,160.14828,-87.93225
1.5433807,81.409546,160.14828,-87.93225
1.5606823,78.743706,159.92259,-88.52545
1.5753448,78.17536,159.96375,-88.79676
1.5860157,75.4016,160.10591,-89.043564
1.5960157,72.95168,160.69124,-89.44348
1.604569,72.95168,160.69124,-89.44348
1.6218594,70.361534,161.62077,-89.69592
1.6318594,67.97778,162.824,-89.80585
1.6406201,67.97778,162.824,-89.80585
1.6545829,67.45205,163.51796,-89.7904
1.6664776,66.92591,164.27563,-89.71497
1.6821371,66.31396,165.99126,-89.380615
1.6945312,66.231766,166.94897,-89.112495
1.7118359,67.30809,169.03856,-88.39222
1.7218359,68.93492,171.34654,-87.46901
1.7304921,68.93492,171.34654,-87.46901
1.7451056,69.83809,172.58153,-86.92935
1.7592224,73.22103,175.18625,-85.71812
1.7732424,71.309525,176.53525,-85.05955
1.7850975,70.34067,177.894,-84.39305
1.7949554,69.25607,179.24431,-83.752235
1.8091434,68.91744,-178.12991,-82.59081
1.8238009,66.78669,-176.86996,-82.049324
1.8383913,60.689312,-174.50275,-81.03121
1.8486322,56.30677,-173.4219,-80.58376
1.860209,55.66333,-172.42258,-80.19826
1.869498,55.099014,-171.51512,-79.87542
1.881212,55.558918,-170.70755,-79.61201
1.8904963,55.05819,-170.01186,-79.40286
1.9021907,55.415844,-169.43336,-79.24203
1.9121585,55.05021,-168.97467,-79.11574
1.9237227,55.21613,-168.63261,-78.99976
1.9334395,54.940517,-168.40776,-78.85757
1.9467789,54.766727,-168.27322,-78.405396
1.9564735,54.536034,-168.35143,-78.087944
1.9679681,54.41802,-168.52292,-77.72351
1.9774003,54.324696,-168.7875,-77.331215
1.9889832,54.714855,-169.14847,-76.93685
1.9983858,54.867916,-169.60776,-76.55224
2.0097752,55.48149,-170.15863,-76.18861
2.0191243,55.854847,-170.7913,-75.844666
2.0304782,56.47574,-171.50351,-75.52418
2.039712,60.612125,-172.30006,-75.25053
2.0510154,66.957436,-173.17207,-75.06956
2.0621467,72.48943,-174.10017,-75.01601
2.075395,82.57907,-176.07213,-75.31612
2.0852132,86.50627,-177.10419,-75.659164
2.0968552,89.713196,-178.15132,-76.12832
2.104852,91.88347,-179.21222,-76.714005
2.1170695,93.37778,179.699,-77.398674
2.1263268,95.015465,178.5676,-78.15051
2.1380386,97.879234,177.39565,-78.9249
2.1473238,101.432785,176.20143,-79.67251
2.1589453,105.65265,174.99232,-80.38127
2.1688685,110.67228,173.7697,-81.05826
2.1808577,110.31275,172.542,-81.7008
2.190558,109.550835,171.31482,-82.28119
2.2041893,107.50022,168.8342,-83.19649
2.2149603,107.38612,167.58936,-83.52933
2.226291,106.61489,166.35573,-83.78443
2.236602,106.82567,165.13686,-83.97361
2.2481933,106.484116,163.93712,-84.12202
2.2587497,106.87559,162.75626,-84.2484
2.2734582,107.45878,160.45628,-84.51436
2.2835495,107.933464,159.35446,-84.682014
2.2955637,108.198494,158.2972,-84.88921
2.304867,108.65036,157.28952,-85.14361
2.317482,108.8295,156.33176,-85.45668
2.326944,109.19825,155.43158,-85.831955
2.3388662,108.99076,154.5995,-86.26611
2.3487878,109.24974,153.846,-86.745384
2.3624518,108.65174,152.5757,-87.7915
2.3731856,108.72774,152.0538,-88.33577
2.3844912,108.18079,151.60521,-88.87446
2.3948085,108.13763,151.2272,-89.387024
2.4073122,107.74459,150.92027,-89.86053
2.4237306,107.93135,29.464462,-89.36619
2.436326,107.14017,29.541641,-89.08527
2.444784,106.961655,29.558905,-88.87119
2.4567595,106.65384,29.53072,-88.711685
2.4680266,105.52403,29.46875,-88.607155
2.4846776,104.36352,29.270868,-88.54077
2.495106,102.56969,29.142494,-88.56614
2.506427,101.823586,28.99739,-88.60959
2.5176213,100.355835,28.838419,-88.66242
2.5341973,98.75214,28.460161,-88.792984
2.5444496,96.63263,28.21357,-88.894875
2.5544312,95.80297,27.908962,-89.03098
2.5644777,94.12752,27.53184,-89.203224
2.574478,91.815895,26.538465,-89.62561
2.58277,91.815895,26.538465,-89.62561
2.5983937,89.8523,25.920881,-89.85682
2.614539,88.193146,155.50604,-89.67888
2.6261766,86.67846,156.29218,-89.4557
2.6428468,85.10029,157.97801,-88.997154
2.65318,84.01671,158.88203,-88.73034
2.6645231,83.37014,159.83038,-88.42845
2.6758087,82.94559,160.82092,-88.084366
2.6924822,82.24338,162.91968,-87.2654
2.7026322,82.29425,164.02316,-86.78284
2.714109,82.38628,165.16434,-86.24157
2.7251093,83.12685,166.34726,-85.63189
2.7366407,83.709694,167.57301,-84.95821
2.7466235,85.0074,168.83888,-84.23791
2.758869,87.38272,171.45493,-82.768776
2.7685494,88.952736,172.77951,-82.0718
2.7798672,88.613686,174.09518,-81.40872
2.7891657,84.65027,175.39821,-80.78423
2.8005168,81.05172,176.68828,-80.19125
2.8108757,78.622635,177.957,-79.63528
2.8225253,77.15749,179.185,-79.124
2.834475,77.04036,-179.64786,-78.67054
2.8455749,76.04829,-178.5544,-78.27619
2.856177,74.57287,-177.54044,-77.93438
2.8692462,69.23487,-175.77583,-77.34147
2.8789244,66.524414,-175.03818,-77.050995
2.8908844,63.526817,-174.40465,-76.73968
2.9008663,60.825657,-173.87735,-76.394005
2.9127338,58.30287,-173.45067,-76.00217
2.922892,56.359596,-173.10738,-75.56703
2.9347448,54.35626,-172.8185,-75.10048
2.9448478,52.252384,-172.57121,-74.61689
2.9574935,49.062748,-172.16736,-73.67661
2.9680092,47.089333,-171.98889,-73.26251
2.9795623,45.657,-171.81363,-72.91254
2.9901352,43.92166,-171.63626,-72.64072
3.0014434,42.47436,-171.4548,-72.43985
3.0125213,40.876526,-171.27037,-72.30919
3.0237756,39.41824,-171.08437,-72.25377
3.0344195,36.880005,-170.89307,-72.27014
3.0472057,36.620155,-170.4999,-72.4115
3.0567498,35.08712,-170.29584,-72.477394
3.068695,34.888676,-170.08588,-72.50902
3.078555,34.34289,-169.87015,-72.49256
3.0904722,33.931564,-169.6579,-72.426315
3.100858,33.916553,-169.4479,-72.315216
3.1126318,33.342457,-169.24486,-72.166565
3.1230974,32.09275,-169.05797,-71.98954
3.1354885,30.895224,-168.7643,-71.59134
3.1450937,29.575258,-168.6709,-71.38218
3.1564486,29.14146,-168.61603,-71.17852
3.1657665,29.330732,-168.59648,-70.98822
3.177161,29.12612,-168.61417,-70.81347
3.1873558,30.310678,-168.67403,-70.66626
3.1986823,30.359945,-168.77507,-70.55016
3.2098255,31.91306,-168.9134,-70.4637
3.2209609,32.16093,-169.08989,-70.402756
3.2312334,33.01159,-169.30087,-70.38033
3.242063,33.455578,-169.54659,-70.4093
3.2522945,34.225204,-169.83038,-70.50748
3.2654297,35.70541,-170.54857,-70.995514
3.2746804,39.735577,-170.98654,-71.35707
3.28624,42.99158,-171.46541,-71.74832
3.3027086,50.109642,-172.51054,-72.54311
3.3122685,53.90828,-173.07397,-72.94272
3.319386,53.90828,-173.07397,-72.94272
3.334651,60.365425,-174.2862,-73.75527
3.3428345,62.985,-174.94553,-74.15738
3.3546615,65.76915,-175.6444,-74.54336
3.3639507,67.97691,-176.37827,-74.91032
3.3755794,70.27111,-177.14688,-75.25234
3.385711,71.84656,-177.94872,-75.56734
3.3970397,73.302124,-178.78085,-75.85559
3.4070623,73.962746,-179.64076,-76.11834
3.4188159,73.48441,179.47581,-76.349655
3.4285355,74.46282,178.57574,-76.5558
3.4399695,74.54987,177.66432,-76.74593
3.450033,76.98209,176.74895,-76.93202
3.4635804,82.47996,174.90912,-77.35204
3.4714198,86.7204,173.9907,-77.60304
3.4834223,90.752655,173.082,-77.881134
3.4927952,93.91428,172.19069,-78.174164
3.5047133,93.50346,171.31725,-78.48103
3.5156043,93.43989,170.45709,-78.820595
3.5281568,93.03221,169.6011,-79.20761
3.5376532,92.80561,168.73854,-79.65284
3.5496643,92.35696,167.86658,-80.15582
3.5591815,91.95403,166.9786,-80.70464
3.572419,91.047295,165.13979,-81.8786
3.582643,90.61976,164.18253,-82.48804
3.5940554,90.178986,163.2058,-83.090065
3.6051838,89.89542,162.20778,-83.6631
3.6168559,88.99614,161.18243,-84.19956
3.6269534,88.92329,160.12411,-84.68624
3.638415,87.62108,159.03508,-85.110855
3.6487832,87.79768,157.91666,-85.47177
3.6620257,87.53936,155.6248,-85.98675
3.6719384,88.04502,154.46022,-86.14731
3.6838892,88.15165,153.28899,-86.24675
3.6975312,88.827995,152.12492,-86.29455
3.7114124,89.80654,149.87181,-86.257256
3.7273955,90.4303,148.7935,-86.20922
3.7448096,92.27115,146.78714,-86.12905
3.7546294,92.93109,145.88914,-86.129654
3.771123,94.77544,144.35867,-86.262276
3.7815313,94.80945,143.74611,-86.41068
3.7978365,95.58719,143.2418,-86.61899
3.806327,95.86002,142.84348,-86.88551
3.823297,96.92235,142.36754,-87.53932
3.8332598,97.00605,142.29408,-87.89259
3.849739,97.425514,142.47598,-88.54889
3.8601468,97.01146,142.73103,-88.8202
3.8769813,97.47036,143.09534,-89.0339
3.8939447,97.979744,144.13036,-89.23492
3.9101312,97.21161,145.55852,-89.05435
3.9218624,97.21173,146.40323,-88.8244
3.9383905,95.899925,148.2965,-88.12855
3.948589,95.47984,149.33586,-87.68036
3.9602575,94.60864,150.43365,-87.18246
3.9710603,93.88327,151.5884,-86.65383
3.9861648,92.86632,152.80168,-86.109375
3.9979844,90.88339,155.43564,-85.00526
4.0095816,89.75073,156.8699,-84.46053
4.020749,88.5813,158.38371,-83.93631
4.031971,87.4678,159.97585,-83.434494
4.0421233,86.28438,161.65056,-82.962845
4.052941,85.3191,163.40895,-82.522415
4.0631905,84.54626,165.25745,-82.10647
4.074781,83.91264,167.18741,-81.72477
4.0853405,83.49527,169.18085,-81.383995
4.098782,83.62349,173.29211,-80.79297
4.108634,75.50558,175.39851,-80.48099
4.120811,69.54361,177.53734,-80.12247
4.1309223,66.91306,179.69302,-79.7256
4.142353,65.20989,-178.1611,-79.313225
4.1521297,60.600636,-176.05818,-78.93197
4.1644716,53.103916,-174.02544,-78.60818
4.1764264,46.21192,-170.27452,-78.1762
4.1883864,45.837967,-168.59236,-78.038895
4.197775,45.828094,-167.05504,-77.92009
4.2085485,45.26763,-165.67021,-77.798454
4.2187114,44.764317,-164.4483,-77.650536
4.229005,44.00275,-163.39558,-77.45886
4.239036,43.06862,-162.51828,-77.20969
4.2493167,42.101166,-161.81691,-76.89646
4.2593384,41.093235,-161.2894,-76.51162
4.269632,39.913715,-160.92154,-76.072014
4.27966,38.21845,-160.69466,-75.59839
4.2899537,36.889896,-160.5866,-75.11268
4.299995,34.312294,-160.57707,-74.62402
4.310248,32.914448,-160.64331,-74.14052
4.320321,29.283712,-160.7656,-73.6725
4.331651,27.956367,-160.93376,-73.24119
4.341549,25.551125,-161.14433,-72.87599
4.3523803,24.524881,-161.39607,-72.60114
4.3621373,23.162212,-161.69032,-72.43584
4.3748035,22.155178,-162.40538,-72.436005
4.386123,21.574116,-162.82278,-72.57969
4.396961,21.463531,-163.27483,-72.8045
4.4070506,21.177877,-163.76976,-73.096344
4.4181376,21.221651,-164.31453,-73.445656
4.4281135,20.933853,-164.91391,-73.829575
4.4390903,20.962503,-165.56178,-74.21742
4.4486547,20.550507,-166.24551,-74.572624
4.4606476,20.343498,-166.96082,-74.863846
4.4699354,19.785194,-167.7024,-75.066734
4.4815083,19.20217,-168.46988,-75.17129
4.4908643,18.425371,-169.26003,-75.178024
4.5036893,16.457596,-170.87125,-74.90425
4.5151215,16.261389,-171.67535,-74.64932
4.526123,20.288965,-172.47119,-74.35754
4.536363,23.859276,-173.25479,-74.06607
4.5471964,27.307215,-174.01941,-73.79824
4.557426,30.301199,-174.76955,-73.59452
4.5681868,33.33092,-175.54585,-73.434006
4.577606,35.93526,-176.3775,-73.29292
4.5891657,38.5223,-177.24873,-73.195946
4.5985556,40.39228,-178.11963,-73.16186
4.6101394,41.918873,-178.97668,-73.2048
4.6194186,43.146248,-179.83243,-73.36883
4.632216,45.499104,178.39087,-74.094864
4.643506,48.203453,177.43724,-74.5628
4.654811,51.416435,176.43082,-75.01134
4.66481,55.27583,175.42004,-75.44142
4.6760855,59.86577,174.42677,-75.880684
4.6861234,64.08554,173.41895,-76.36503
4.703127,70.62879,171.21643,-77.64882
4.713768,69.968414,169.9554,-78.478516
4.724741,69.28435,168.59525,-79.42227
4.735237,68.61183,167.16986,-80.460594
4.746105,68.161125,165.69615,-81.56288
4.756538,67.87078,164.16885,-82.694984
4.7682247,67.847984,162.58806,-83.83094
4.778493,68.88796,160.98914,-84.96238
4.791705,69.61405,157.81863,-87.28533
4.8017325,71.68851,156.25844,-88.55322
4.8133297,72.46089,154.72406,-89.95664
4.8235793,75.32698,26.760231,-88.47868
4.835084,77.87932,28.155745,-86.780266
4.8445015,80.853355,29.435305,-84.9914
4.8566513,83.60369,30.597574,-83.1684
4.8659077,87.39372,31.672216,-81.3379
4.877855,90.10592,32.68863,-79.52065
4.88779,94.18907,33.650906,-77.73494
4.900972,99.27255,35.404198,-74.19889
4.911406,103.783806,36.243073,-72.45222
4.922366,106.29147,37.0954,-70.72711
4.932947,110.29995,37.985355,-69.01294
4.9438086,112.85474,38.916866,-67.29379
4.954319,116.11374,39.864025,-65.53917
4.96569,118.760216,40.792255,-63.73898
4.9759154,122.16001,41.651997,-61.91498
4.9874897,124.820915,42.37707,-60.074287
4.99936,130.70012,43.274017,-56.280148
5.0108232,133.5003,43.46444,-54.280872
5.0210457,136.64474,43.5291,-52.19549
5.0326047,139.56535,43.502026,-50.01565
5.04203,142.62434,43.39539,-47.757545
5.0543933,145.50795,43.193466,-45.488598
5.063775,148.43414,42.854645,-43.296757
5.0737753,153.75726,41.590626,-39.171677
5.0824623,153.75726,41.590626,-39.171677
5.0925646,156.2805,40.65161,-37.158566
5.104118,158.86717,39.59269,-35.1403
5.121386,163.9667,37.40828,-31.164688
5.1338916,166.42384,36.329605,-29.302078
5.143301,168.81241,35.245872,-27.612972
5.153301,173.19156,32.77492,-24.843414
5.1620545,173.19156,32.77492,-24.843414
5.1714106,175.24042,31.262548,-23.655878
5.18309,177.07156,29.636595,-22.511967
5.200335,180.68582,26.56127,-20.115263
5.2178197,184.67516,24.186611,-17.609917
5.228275,185.96208,23.230928,-16.46
5.2431083,187.71225,22.312222,-15.477335
5.253575,188.32204,21.303976,-14.660264
5.2635746,190.0587,18.947456,-13.259512
5.272338,190.0587,18.947456,-13.259512
5.2897086,191.2886,16.647654,-11.810785
5.306954,194.4417,14.797969,-10.406359
5.316887,193.89252,13.957934,-9.786006
5.332464,195.32494,13.122377,-9.225746
5.341923,194.79445,12.261333,-8.72851
5.351923,195.70964,10.350696,-7.978485
5.360648,195.70964,10.350696,-7.978485
5.377839,196.99658,8.387357,-7.655865
5.3931813,198.01659,7.412748,-7.5776253
5.401904,198.98143,6.4535704,-7.488872
5.4138784,199.2251,5.517003,-7.358082
5.4298687,200.9321,3.8568695,-7.0123677
5.4404864,200.73862,3.1526253,-6.876579
5.4576726,200.91881,1.7717172,-6.818131
5.473671,201.41795,1.0472667,-6.892506
5.4859343,201.25882,-0.27666482,-7.095163
5.5009184,201.71355,-0.8091675,-7.1787543
5.51154,201.20073,-1.2586514,-7.268942
5.5215397,200.62003,-1.9795594,-7.616536
5.530163,200.62003,-1.9795594,-7.616536
5.5474205,200.14145,-2.7164745,-8.126636
5.564779,200.17424,-3.6301768,-8.511699
5.5746226,199.09879,-4.0442953,-8.57344
5.5901294,199.12808,-4.3387403,-8.549958
5.600331,198.48967,-4.477837,-8.463735
5.6103306,197.91217,-4.3339543,-8.268611
5.618926,197.91217,-4.3339543,-8.268611
5.6361623,197.28545,-4.0161896,-8.1025305
5.6538854,196.80855,-4.021326,-7.880136
5.6661468,196.17456,-4.186241,-7.7629642
5.681238,195.84836,-4.4033623,-7.6582932
5.693498,194.3662,-4.8317423,-7.5124016
5.7090297,193.96002,-5.0133495,-7.4504642
5.719207,193.0088,-5.13821,-7.389655
5.7292066,191.6448,-5.2102213,-7.2562146
5.737523,191.6448,-5.2102213,-7.2562146
5.7548695,190.43483,-5.082876,-7.1617274
5.7708464,189.90121,-4.947069,-7.159269
5.782587,188.73073,-4.632213,-7.2543135
5.7975054,188.17287,-4.488034,-7.3608446
5.8081183,187.60374,-4.378558,-7.481283
5.818118,186.73987,-4.231258,-7.7239127
5.8266397,186.73987,-4.231258,-7.7239127
5.84392,186.04071,-4.035333,-7.9290576
5.859357,185.56496,-3.8843803,-8.020745
5.8703303,185.18864,-3.7165058,-8.106538
5.887118,184.23871,-3.3795624,-8.270084
5.897313,183.78876,-3.2438805,-8.335186
5.9073133,182.97015,-3.01908,-8.4355
5.915911,182.97015,-3.01908,-8.4355
5.9332056,182.74416,-2.8643315,-8.589542
5.944428,182.2515,-2.813808,-8.672823
5.9537787,182.76555,-2.7450626,-8.746151
5.9637785,182.23247,-2.4867532,-8.834506
5.9723654,182.23247,-2.4867532,-8.834506
5.9866066,181.75418,-2.3122795,-8.845591
6.001081,180.73495,-1.9429392,-8.815743
6.0147243,180.31897,-1.7787844,-8.800178
6.0265512,179.67517,-1.6586446,-8.793838
6.0425553,178.75476,-1.5805113,-8.810963
6.0543575,178.13994,-1.5856507,-8.8484535
6.0711527,176.66888,-1.5276241,-9.041023
6.086638,176.1404,-1.444105,-9.205625
6.0971537,175.14107,-1.3383712,-9.417064
6.113548,174.10564,-1.1842549,-9.919921
6.1232963,173.2736,-1.1727415,-10.163627
6.133296,172.20921,-1.2113438,-10.587407
6.141571,172.20921,-1.2113438,-10.587407
6.1570387,171.70909,-1.2259254,-10.781342
6.17328,170.92181,-1.2177511,-11.18656
6.183659,170.727,-1.2177006,-11.390422
6.193659,170.03468,-1.279995,-11.791242
6.201843,170.03468,-1.279995,-11.791242
6.2103705,169.65094,-1.3618401,-11.952197
6.221995,169.46901,-1.4513804,-12.064354
6.239081,169.40886,-1.5276376,-12.185463
6.2545257,169.05745,-1.4816417,-12.218646
6.2654386,168.56271,-1.3908192,-12.2439
6.281789,167.88321,-1.2012149,-12.302834
6.291939,167.82074,-1.1702653,-12.338622
6.3019385,167.46799,-1.2239809,-12.416
6.3106623,167.46799,-1.2239809,-12.416
6.320535,167.22943,-1.2692546,-12.450061
6.3318634,167.20464,-1.3043019,-12.487504
6.3490953,166.96239,-1.2854009,-12.572859
6.3600106,166.81332,-1.2462705,-12.614232
6.3692846,166.79251,-1.2019043,-12.648611
6.379285,166.71936,-1.1176139,-12.701109
6.387858,166.71936,-1.1176139,-12.701109
6.3979197,166.6569,-1.0921345,-12.728647
6.4092135,166.68633,-1.0788783,-12.755617
6.425126,166.74648,-1.0737181,-12.769472
6.4378595,166.72685,-1.0695614,-12.738912
6.447429,166.77773,-1.0596571,-12.705256
6.4595814,166.75482,-1.0516238,-12.672141
6.4689975,166.89963,-1.0533206,-12.643558
6.480897,166.85216,-1.0651929,-12.619159
6.4908457,166.8925,-1.0948912,-12.592891
6.5011535,166.8261,-1.156284,-12.555323
6.5119405,166.77393,-1.238452,-12.494016
6.5246053,166.76105,-1.3169594,-12.398323
6.53605,166.72475,-1.4541199,-12.116122
6.54787,166.83386,-1.5249755,-11.960279
6.558115,166.82478,-1.5864124,-11.804996
6.569399,166.89622,-1.6331444,-11.651145
6.579927,166.89404,-1.692375,-11.508622
6.5929713,166.99234,-1.80888,-11.380244
6.6035075,167.01343,-1.9976523,-11.25516
6.616346,167.0649,-2.5067046,-10.969807
6.6244326,167.10258,-2.7499878,-10.81413
6.6364946,167.26321,-2.952264,-10.657097
6.6458087,167.30275,-3.1241503,-10.4882555
6.657417,167.47867,-3.3019223,-10.3053055
6.6727448,167.67523,-3.5014036,-10.107619
6.6852026,167.99338,-3.9606142,-9.64891
6.6947327,168.66168,-4.210904,-9.405165
6.710053,168.77922,-4.46452,-9.170007
6.7203264,169.18228,-4.72168,-8.939791
6.731687,169.28815,-4.980505,-8.711354
6.74189,170.19836,-5.2434845,-8.475119
6.757982,170.43846,-5.787595,-7.9462934
6.7695785,170.78131,-6.0405073,-7.66022
6.780902,170.87659,-6.2618227,-7.371724
6.7908683,171.12492,-6.439812,-7.0895886
6.807075,171.26797,-6.6856413,-6.559626
6.817439,171.48979,-6.783705,-6.3199563
6.8301134,171.54475,-6.908418,-6.0994873
6.840741,171.80902,-7.0952334,-5.8891845
6.8568997,172.02531,-7.5934176,-5.4536233
6.8684597,172.21805,-7.8331122,-5.2151127
6.884961,172.50069,-8.128982,-4.6991625
6.894638,172.79825,-8.194035,-4.44576
6.904638,173.06729,-8.293099,-4.0341325
6.912829,173.06729,-8.293099,-4.0341325
6.9212766,173.07181,-8.394478,-3.8949497
6.9337068,173.31879,-8.565519,-3.77887
6.943025,173.31801,-8.793151,-3.6700387
6.9548926,173.73306,-9.030147,-3.5495858
6.9721646,174.17693,-9.335605,-3.2666824
6.98225,174.27951,-9.347472,-3.1410718
6.992508,174.54576,-9.2796545,-3.056718
7.009293,174.8039,-9.170717,-3.0151405
7.01941,174.90588,-9.063247,-2.9996467
7.03297,175.16866,-8.967638,-2.9807189
7.041042,175.27287,-9.028804,-2.9463325
7.052964,175.52985,-9.149166,-2.9028792
7.0622144,175.66293,-9.279583,-2.863165
7.074165,176.0777,-9.375356,-2.8280132
7.0825887,176.15854,-9.418578,-2.8019133
7.094519,176.86089,-9.405665,-2.7913387
7.105198,176.88693,-9.347721,-2.796639
7.1180425,177.2534,-9.267529,-2.8023508
7.1275644,177.22989,-9.19556,-2.797443
7.1407447,177.5011,-9.126557,-2.7728384
7.148871,177.4747,-9.129002,-2.75528
7.1602764,177.74934,-9.13473,-2.729577
7.170518,177.70088,-9.129295,-2.6979902
7.181819,178.0271,-9.107095,-2.66166
7.1921167,177.96431,-9.060313,-2.6188905
7.2037992,178.39217,-8.985434,-2.570859
7.2145414,178.32768,-8.904173,-2.5286636
7.2258396,178.73032,-8.848232,-2.4946475
7.235819,178.65219,-8.841983,-2.4621239
7.247232,179.00198,-8.872266,-2.4307046
7.2569847,178.91626,-8.902962,-2.3964663
7.270099,179.2274,-8.86705,-2.3119333
7.278195,179.09984,-8.814763,-2.2766309
7.29007,179.35095,-8.76586,-2.2614307
7.2993593,179.16785,-8.734719,-2.260125
7.3109727,179.40483,-8.745251,-2.2644782
7.319476,179.17519,-8.819358,-2.268605
7.331033,179.31635,-8.941003,-2.269523
7.3409805,179.0749,-9.075284,-2.260742
7.352503,179.17088,-9.193439,-2.2421622
7.36233,178.8937,-9.276979,-2.2285702
7.374723,178.79579,-9.313702,-2.230096
7.3842673,178.45692,-9.3026285,-2.2489357
7.395907,178.72798,-9.268581,-2.2810214
7.4059043,178.35324,-9.242057,-2.3111088
7.4187546,178.0259,-9.253996,-2.3340254
7.4280868,177.65425,-9.268366,-2.314397
7.439384,177.94362,-9.25444,-2.276547
7.4495673,177.61478,-9.195023,-2.2307134
7.461234,178.48582,-9.086314,-2.1867225
7.471293,178.23335,-8.938471,-2.157728
7.4830065,178.6882,-8.774318,-2.145925
7.492823,178.4533,-8.628077,-2.1501698
7.5042534,178.53226,-8.538082,-2.170806
7.5139303,178.25783,-8.527623,-2.2008834
7.525314,178.18684,-8.605108,-2.2242813
7.537043,177.63277,-8.871151,-2.2189853
7.548971,177.59598,-8.960273,-2.1952157
7.5601063,177.28812,-8.998321,-2.1719909
7.572655,177.13545,-8.988371,-2.1447527
7.582309,176.82277,-8.946386,-2.1068158
7.594245,176.56607,-8.888947,-2.068255
7.603553,176.27113,-8.834272,-2.0277512
7.616819,175.91624,-8.830836,-1.9574071
7.627046,175.66005,-8.886559,-1.9428815
7.6387196,175.54324,-8.960393,-1.9388196
7.6497025,175.3002,-9.033978,-1.939461
7.6615906,175.03534,-9.089166,-1.9444928
7.6717014,174.81664,-9.126842,-1.9531301
7.6831155,174.59805,-9.140732,-1.953867
7.6935325,174.4036,-9.150431,-1.9400898
7.7069097,174.0509,-9.230576,-1.9096085
7.7168193,173.87128,-9.290747,-1.9159682
7.7290998,173.70314,-9.344425,-1.9328699
7.7382965,173.51538,-9.389686,-1.9628954
7.7506027,173.3341,-9.428636,-2.0011623
7.76012,173.16945,-9.462964,-2.0389915
7.772118,173.03036,-9.493372,-2.0676546
7.781613,172.89772,-9.515835,-2.0971515
7.793701,172.74466,-9.527649,-2.1368744
7.8055525,172.48154,-9.549797,-2.2024972
7.817242,172.37764,-9.563466,-2.2199242
7.827695,172.23468,-9.579508,-2.2318792
7.8393345,172.16005,-9.602312,-2.249223
7.8494396,172.0209,-9.622547,-2.2780955
7.860821,171.9311,-9.628097,-2.3116856
7.871205,171.80835,-9.606164,-2.3446898
7.8840556,171.78918,-9.467535,-2.4281178
7.8919654,171.6752,-9.383353,-2.4699144
7.9038677,171.78047,-9.315347,-2.5047154
7.9132137,171.69446,-9.270439,-2.5290418
7.9247923,171.945,-9.250296,-2.5479226
7.9358554,171.87328,-9.25194,-2.5684075
7.9479394,172.00128,-9.262318,-2.5993092
7.957475,171.93132,-9.26703,-2.6371298
7.96909,171.90184,-9.262945,-2.6755455
7.9785995,171.84042,-9.253482,-2.710882
7.990463,171.9378,-9.235574,-2.7466934
7.9985657,171.88962,-9.20644,-2.7844405
8.010717,171.92554,-9.17286,-2.8257804
8.020047,171.8695,-9.149218,-2.8750184
8.032864,171.87186,-9.165202,-2.9875746
8.042963,171.81444,-9.18629,-3.033165
8.054274,171.91139,-9.201326,-3.0658083
8.06461,171.86435,-9.201917,-3.092287
8.076686,171.826,-9.18232,-3.1191154
8.086368,171.77003,-9.144109,-3.1479492
8.097773,171.79355,-9.093215,-3.1843371
8.107248,171.73071,-9.038629,-3.2341413
8.119501,171.83638,-8.9983835,-3.288878
8.128896,171.7775,-8.985467,-3.3409593
8.141681,171.85936,-9.034444,-3.4142063
8.151699,171.84521,-9.0560055,-3.4388518
8.163661,171.89322,-9.056308,-3.4695172
8.173198,171.86609,-9.045209,-3.5123568
8.185267,171.83388,-9.037546,-3.5676105
8.194791,171.80327,-9.045418,-3.6276877
8.206912,171.66637,-9.072577,-3.6815903
8.217,171.66185,-9.121644,-3.7169054
8.228862,171.6416,-9.185344,-3.73797
8.238276,171.65239,-9.23956,-3.7468898
8.251814,171.70676,-9.278758,-3.7394288
8.262779,171.70474,-9.27843,-3.7417138
8.274308,171.7839,-9.285107,-3.7623765
8.284379,171.76239,-9.303105,-3.7916212
8.296072,171.82416,-9.3297415,-3.817866
8.306599,171.80717,-9.356727,-3.8338172
8.31691,171.94121,-9.377989,-3.8418815
8.326211,171.93736,-9.384495,-3.8436728
8.337781,172.04395,-9.365121,-3.8441184
8.348081,172.03464,-9.327055,-3.8467216
8.361276,172.09251,-9.281971,-3.874944
8.370982,172.07834,-9.290312,-3.891843
8.383446,172.04749,-9.310832,-3.9021144
8.393069,172.04765,-9.337161,-3.9028
8.405057,171.89128,-9.355622,-3.8998759
8.414362,171.89795,-9.353442,-3.898938
8.426852,171.83928,-9.335332,-3.8952863
8.436125,171.8432,-9.310021,-3.888788
8.449435,171.83508,-9.266636,-3.8715029
8.460575,171.84262,-9.259654,-3.8590732
8.47211,171.80379,-9.267058,-3.8496299
8.4821205,171.80646,-9.281627,-3.8407636
8.493485,171.78236,-9.300667,-3.8328235
8.504166,171.79031,-9.310618,-3.825151
8.515897,171.78339,-9.304037,-3.815135
8.525164,171.78578,-9.283688,-3.8094573
8.536743,171.7904,-9.262724,-3.80746
8.548301,171.79922,-9.265405,-3.793893
8.561041,171.81248,-9.283622,-3.7775362
8.570675,171.83365,-9.29824,-3.758707
8.5822,171.72554,-9.3017645,-3.7390804
8.591584,171.74808,-9.2917795,-3.7204404
8.603453,171.55568,-9.28066,-3.7106578
8.611619,171.5668,-9.283451,-3.7075284
8.623818,171.43773,-9.296527,-3.7110698
8.633203,171.44638,-9.307702,-3.716832
8.644786,171.47595,-9.315842,-3.7160442
8.654019,171.50323,-9.321985,-3.70911
8.66722,171.67087,-9.3423395,-3.6758456
8.677722,171.70444,-9.361533,-3.6612546
8.689751,171.71724,-9.377859,-3.648562
8.699451,171.74287,-9.393432,-3.6323335
8.710807,171.74567,-9.405349,-3.6156955
8.722592,171.74432,-9.409867,-3.6014273
8.733922,171.76868,-9.409502,-3.5886347
8.743339,171.8586,-9.407797,-3.5795703
8.756441,171.8985,-9.411698,-3.5680802
8.767087,172.01147,-9.418414,-3.560767
8.778524,172.03268,-9.426245,-3.5587158
8.788467,172.20282,-9.428096,-3.5639582
8.799436,172.22406,-9.433968,-3.5701253
8.809406,172.45851,-9.448344,-3.579084
8.820481,172.49173,-9.459849,-3.5932643
8.829878,172.71754,-9.460058,-3.6102157
8.842047,172.73454,-9.443979,-3.6344714
8.851329,172.90532,-9.417816,-3.671351
8.863701,172.91173,-9.395653,-3.717333
8.873652,173.07663,-9.396839,-3.7647302
8.884107,173.09294,-9.43098,-3.809847
8.897515,173.42987,-9.493354,-3.8709428
8.908816,173.45903,-9.472863,-3.8880212
8.918384,173.68329,-9.430401,-3.9010155
8.930195,173.70782,-9.385948,-3.9116383
8.94041,173.8328,-9.347423,-3.924667
8.952111,173.85022,-9.318448,-3.9457343
8.962617,173.85347,-9.303844,-3.9748542
8.972428,173.862,-9.293772,-4.0086527
8.982916,173.96564,-9.281889,-4.040063
8.99723,173.9771,-9.221904,-4.1214895
9.007762,174.26346,-9.181343,-4.1770716
9.019801,174.25179,-9.157091,-4.2297215
9.029205,174.46822,-9.157369,-4.2730317
9.041455,174.47029,-9.167815,-4.30786
9.051454,174.59354,-9.166764,-4.3474083
9.064653,174.58261,-9.116035,-4.4562645
9.075026,174.67476,-9.099307,-4.5209603
9.086252,174.66211,-9.110235,-4.597841
9.096894,174.86687,-9.14778,-4.689066
9.108636,174.81754,-9.183366,-4.8030834
9.118878,174.89995,-9.198011,-4.9302673
9.130528,174.84796,-9.208506,-5.0567575
9.141025,174.8018,-9.225933,-5.1608405
9.153838,174.83856,-9.290951,-5.28909
9.163717,174.8686,-9.314539,-5.3243904
9.175156,174.92192,-9.311289,-5.350765
9.185127,174.90746,-9.270757,-5.362201
9.196098,174.94263,-9.194227,-5.3666663
9.205165,174.91516,-9.09784,-5.37624
9.216228,174.92651,-9.003688,-5.386789
9.225636,174.88914,-8.937949,-5.4003105
9.236654,174.89047,-8.913134,-5.4148984
9.24556,174.89194,-8.925326,-5.423274
9.256528,174.89984,-8.951874,-5.423485
9.265544,174.90495,-8.971867,-5.415922
9.276526,174.90768,-8.981865,-5.4040885
9.285411,174.89192,-8.988539,-5.3945465
9.296378,174.90263,-8.990374,-5.3888407
9.30537,174.90273,-8.9873085,-5.382637
9.315992,174.92664,-8.982191,-5.370843
9.325374,174.93849,-8.974529,-5.362727
9.336362,174.9529,-8.959025,-5.3616886
9.345394,174.99086,-8.939773,-5.369957
9.3564,174.99089,-8.925078,-5.3832154
9.365335,175.02168,-8.91784,-5.396905
9.37673,175.0227,-8.917572,-5.4045954
9.38562,175.11804,-8.918404,-5.409733
9.396615,175.11252,-8.926989,-5.417394
9.405506,175.21794,-8.949505,-5.4299746
9.415707,175.21127,-8.980731,-5.4483337
9.425118,175.3613,-9.001833,-5.4678097
9.435641,175.36238,-8.992515,-5.4796386
9.444905,175.43889,-8.950912,-5.4864225
9.456801,175.43889,-8.893963,-5.49537
9.466714,175.52763,-8.842256,-5.514859
9.478725,175.52675,-8.805597,-5.5395765
9.490786,175.63664,-8.805297,-5.5792913
9.502055,175.644,-8.833945,-5.5934997
9.5125,175.71068,-8.855957,-5.6024027
9.523788,175.72968,-8.852691,-5.6057873
9.534201,175.67001,-8.817196,-5.610769
9.545962,175.69221,-8.759361,-5.6180677
9.556488,175.72768,-8.703005,-5.6275473
9.570764,175.7607,-8.671607,-5.662016
9.581083,175.83371,-8.706889,-5.672498
9.593365,175.86621,-8.753485,-5.6682405
9.602833,175.9552,-8.794668,-5.651035
9.614764,175.99297,-8.806339,-5.6256437
9.624696,176.04355,-8.807953,-5.6218047
9.635582,176.06085,-8.794899,-5.5957484
9.653152,176.01984,-8.593166,-5.5956426
9.668242,176.01707,-8.181099,-5.565257
9.678243,176.04863,-7.908082,-5.574393
9.688671,176.04863,-7.908082,-5.574393
9.70154,176.05206,-7.8932586,-5.597755
9.713555,176.18687,-7.90538,-5.665055
9.723319,176.14474,-7.946978,-5.5953584
