0.0,-0.05539375,0.083889574,0.09187906
0.008095781,-0.07856325,0.080960095,0.092944324
0.010540052,-0.098004326,0.07829694,0.09454222
0.01732401,-0.098004326,0.07829694,0.09454222
0.020159949,-0.11957593,0.07350325,0.09560748
0.0244925,-0.11957593,0.07350325,0.09560748
0.027205,-0.12836437,0.072970614,0.09667275
0.03489104,-0.13369069,0.072171666,0.09827065
0.04034005,-0.13981596,0.07403588,0.10040118
0.045340054,-0.1387507,0.088150635,0.10466223
0.049645573,-0.1387507,0.088150635,0.10466223
0.055667188,-0.14780544,0.09667275,0.11558119
0.06312521,-0.15739283,0.10519487,0.122771725
0.06704635,-0.1717739,0.11611383,0.12942964
0.073529586,-0.18535602,0.1272991,0.1371528
0.077363856,-0.19867182,0.14141385,0.1454086
0.08236386,-0.20959078,0.15765914,0.15313177
0.08677583,-0.20959078,0.15765914,0.15313177
0.09263672,-0.2298308,0.18562233,0.17576863
0.0976924,-0.23915187,0.19947077,0.18722023
0.10186427,-0.25646242,0.21438447,0.19813919
0.10844161,-0.27883297,0.22610238,0.20852552
0.11192334,-0.3107909,0.23808661,0.22343922
0.11718463,-0.3470099,0.25166872,0.24208134
0.12192198,-0.38242993,0.26525086,0.27084348
0.12889932,-0.4183826,0.28176245,0.3006709
0.13205917,-0.45593318,0.2972088,0.32836777
0.1388812,-0.49508166,0.3107909,0.35553202
0.14411141,-0.5800365,0.33289513,0.41385525
0.14951697,-0.5800365,0.33289513,0.41385525
0.15421896,-0.67191553,0.3584615,0.4857606
0.1608349,-0.7155914,0.3720436,0.525708
0.16463074,-0.7643272,0.3850931,0.5685849
0.17230667,-0.82398206,0.39814258,0.6125271
0.17521808,-0.8833706,0.4101268,0.6580671
0.18239838,-0.9419601,0.42344263,0.7094661
0.18613353,-0.9962886,0.44101948,0.76459354
0.19113353,-1.0543455,0.46365637,0.8199873
0.19730073,-1.0543455,0.46365637,0.8199873
0.20323667,-1.2865732,0.5368933,0.98403805
0.20800652,-1.2865732,0.5368933,0.98403805
0.21202959,-1.3877733,0.5685849,1.041296
0.21766323,-1.5036207,0.60054284,1.0961571
0.22345053,-1.7749969,0.67271453,1.1960256
0.22754937,-1.7749969,0.67271453,1.1960256
0.23124522,-1.9265307,0.7137272,1.2540826
0.23886453,-2.0857878,0.76059884,1.3182647
0.2424888,-2.425341,0.8679242,1.448227
0.24645557,-2.425341,0.8679242,1.448227
0.25032026,-2.598979,0.9259811,1.5097461
0.25532025,-2.9419942,1.0471549,1.6327841
0.26048583,-2.9419942,1.0471549,1.6327841
0.26355946,-3.1108384,1.1054782,1.6940368
0.2685595,-3.4365432,1.2154667,1.8154769
0.27355948,-3.4365432,1.2154667,1.8154769
0.27703062,-3.4365432,1.2154667,1.8154769
0.28027344,-3.5886097,1.2727247,1.8815234
0.2876821,-3.7302897,1.3315805,1.9523635
0.29188448,-3.9808934,1.4362428,2.1022995
0.29615974,-3.9808934,1.4362428,2.1022995
0.30202532,-4.1907506,1.5395734,2.2690134
0.3100625,-4.2879558,1.5843146,2.3638217
0.31381238,-4.378237,1.6226641,2.4610271
0.31954756,-4.46186,1.6564863,2.561961
0.32380036,-4.542554,1.68658,2.6650252
0.3315288,-4.624313,1.7148094,2.7686224
0.3341111,-4.708469,1.7385116,2.8772793
0.3391111,-4.857872,1.7853832,3.0948596
0.34512365,-4.857872,1.7853832,3.0948596
0.35119197,-4.9633336,1.8535602,3.316701
0.35619196,-4.996623,1.9004318,3.4277546
0.360744,-4.996623,1.9004318,3.4277546
0.3634366,-5.013667,1.9489013,3.533216
0.3684366,-4.9886336,2.044775,3.7321541
0.37593138,-4.9886336,2.044775,3.7321541
0.37974405,-4.9675946,2.0695424,3.8261635
0.38648957,-4.961203,2.0642161,3.9121838
0.39002714,-4.9851713,2.0197413,3.989149
0.39441139,-5.0373693,1.9438413,4.0519996
0.3989777,-5.1116714,1.8498317,4.101801
0.4050956,-5.2027516,1.7491642,4.141216
0.40860707,-5.3111424,1.6530241,4.1723747
0.4141816,-5.431517,1.5696672,4.2011366
0.41862467,-5.552691,1.5025555,4.235758
0.42488244,-5.6661415,1.4559501,4.283428
0.42839178,-5.7705374,1.427987,4.3449473
0.43392828,-5.8757324,1.4090786,4.419782
0.43840864,-5.983058,1.3891048,4.502873
0.44458932,-6.088785,1.3720607,4.587029
0.45165777,-6.34072,1.3417006,4.7300406
0.45665777,-6.6539083,1.3480922,4.821387
0.46165776,-6.6539083,1.3480922,4.821387
0.46529168,-6.6539083,1.3480922,4.821387
0.47404754,-6.964699,1.4370418,4.897287
0.482883,-7.0981236,1.5134745,4.941762
0.48545557,-7.324226,1.6607473,5.037902
0.4904556,-7.4134417,1.7006947,5.0797133
0.49594927,-7.4134417,1.7006947,5.0797133
0.5007544,-7.5458007,1.6860473,5.1630707
0.5077107,-7.5458007,1.6860473,5.1630707
0.5164714,-7.7191725,1.5217303,5.2658687
0.52511686,-7.763115,1.4495586,5.2791843
0.5338382,-7.791344,1.3542174,5.292234
0.5388382,-7.761783,1.3510216,5.3082128
0.5438421,-7.761783,1.3510216,5.3082128
0.55257523,-7.5513935,1.4231933,5.358014
0.5584702,-7.453389,1.4162691,5.3593454
0.56104416,-7.34633,1.3984259,5.3609433
0.56604415,-7.2414017,1.3781859,5.370797
0.5708533,-7.2414017,1.3781859,5.370797
0.5735195,-7.095993,1.3286511,5.3870425
0.5785195,-7.070693,1.2873721,5.384912
0.5835196,-7.070693,1.2873721,5.384912
0.5864824,-7.070693,1.2873721,5.384912
0.5914417,-7.113303,1.2367721,5.3998256
0.5986893,-7.1575117,1.2665994,5.4293866
0.6011605,-7.2195635,1.3246564,5.464008
0.6061605,-7.390006,1.4343786,5.507417
0.6111605,-7.390006,1.4343786,5.507417
0.61422473,-7.390006,1.4343786,5.507417
0.619632,-7.603325,1.412807,5.5209994
0.6267004,-7.603325,1.412807,5.5209994
0.6354826,-8.279768,0.91985583,5.469334
0.6440511,-8.574846,0.6673882,5.4376426
0.6490511,-8.673383,0.08681905,5.3271213
0.6535934,-8.673383,0.08681905,5.3271213
0.6585934,-8.673383,-0.5499428,5.1276503
0.66373724,-8.673383,-0.5499428,5.1276503
0.6724902,-8.673383,-1.1725899,4.8807755
0.6798407,-8.673383,-1.5028218,4.7303066
0.6824257,-7.954862,-2.1808627,4.3577304
0.6874257,-7.360711,-2.4775388,4.1462755
0.69242567,-7.360711,-2.4775388,4.1462755
0.6964217,-7.360711,-2.4775388,4.1462755
0.6988982,-6.2190137,-2.8985846,3.6977992
0.70647424,-5.72846,-3.033873,3.465838
0.70897996,-5.2962284,-3.1236217,3.226686
0.71397996,-4.5657234,-3.2003207,2.732936
0.71897995,-4.5657234,-3.2003207,2.732936
0.72348213,-4.5657234,-3.2003207,2.732936
0.7284916,-3.8482678,-3.1475902,2.2836607
0.73451144,-3.8482678,-3.1475902,2.2836607
0.74279827,-2.624279,-2.7931235,1.7443706
0.74779826,-2.1928468,-2.6224148,1.6093483
0.75198156,-2.1928468,-2.6224148,1.6093483
0.7607811,-1.3776532,-2.2394521,1.3933659
0.76752937,-1.0064086,-2.0333235,1.315069
0.7700829,-0.67937243,-1.8218685,1.2575446
0.7750829,-0.20719394,-1.4090786,1.1403656
0.7800829,-0.20719394,-1.4090786,1.1403656
0.78416485,-0.20719394,-1.4090786,1.1403656
0.78910863,0.0015978967,-1.0442255,0.96379805
0.7950196,0.02263687,-0.8828379,0.8564726
0.7975334,0.0037284256,-0.7302388,0.74754936
0.8025334,-0.101999074,-0.45460162,0.5422196
0.8075334,-0.101999074,-0.45460162,0.5422196
0.81341463,-0.101999074,-0.45460162,0.5422196
0.81737745,-0.22104238,-0.21784659,0.35926044
0.8231714,-0.22104238,-0.21784659,0.35926044
0.8319324,-0.3752394,0.058589544,0.07962852
0.8369324,-0.41864893,0.124902256,-0.021038974
0.84194255,-0.41864893,0.124902256,-0.021038974
0.85069185,-0.535828,0.21118867,-0.2213087
0.8581063,-0.61678815,0.23622239,-0.31931302
0.8606921,-0.7816378,0.2615224,-0.50786483
0.8656921,-0.85327685,0.27217507,-0.59628177
0.8706921,-0.85327685,0.27217507,-0.59628177
0.8747706,-0.85327685,0.27217507,-0.59628177
0.87724435,-0.928378,0.31664985,-0.76592517
0.8858805,-0.92651373,0.35100463,-0.84395576
0.88843066,-0.8942895,0.39095205,-0.92305166
0.89343065,-0.76485986,0.47297743,-1.0863035
0.89843065,-0.76485986,0.47297743,-1.0863035
0.90272826,-0.76485986,0.47297743,-1.0863035
0.9076863,-0.5486112,0.56272596,-1.2471584
0.9135319,-0.41172472,0.6111955,-1.3241237
0.9222515,-0.076166406,0.7185209,-1.4815166
0.9272515,0.11824436,0.77418095,-1.5598135
0.932224,0.11824436,0.77418095,-1.5598135
0.9408974,0.7432883,0.9491506,-1.799498
0.9496666,0.9483517,1.0135992,-1.8817897
0.95841956,1.3646038,1.1606057,-2.051433
0.9666028,1.5680692,1.2399678,-2.1411815
0.96921074,1.9672772,1.4082797,-2.3289344
0.97421074,2.168612,1.4956313,-2.4192157
0.97921073,2.168612,1.4956313,-2.4192157
0.9818905,2.168612,1.4956313,-2.4192157
0.98677605,2.5563684,1.6676716,-2.6008432
0.9930299,2.7398603,1.7534252,-2.6953855
0.9955558,2.9185584,1.8405106,-2.7912593
1.0005559,3.2615736,2.0061593,-2.9875343
1.0055559,3.2615736,2.0061593,-2.9875343
1.0097845,3.2615736,2.0061593,-2.9875343
1.0152153,3.5747612,2.1656826,-3.1782165
1.0221189,3.5747612,2.1656826,-3.1782165
1.0308212,4.004329,2.337989,-3.456783
1.0395724,4.137221,2.3712788,-3.55026
1.0482194,4.3785033,2.4021714,-3.7369478
1.0532194,4.486361,2.397644,-3.829093
1.0581714,4.486361,2.397644,-3.829093
1.066888,4.7345676,2.2895195,-4.0645165
1.0728178,4.7934237,2.2272017,-4.1326933
1.0752916,4.842426,2.1502364,-4.190218
1.0802917,4.87971,2.0604877,-4.238421
1.0850366,4.87971,2.0604877,-4.238421
1.0876154,4.917527,1.8570223,-4.3145876
1.0926154,4.926582,1.7550232,-4.3406863
1.0976154,4.926582,1.7550232,-4.3406863
1.1005918,4.926582,1.7550232,-4.3406863
1.105643,4.915663,1.5608788,-4.3486757
1.1128377,4.900749,1.4644723,-4.3324304
1.1153136,4.871188,1.3515543,-4.3063316
1.1203136,4.7619987,1.092695,-4.242416
1.1253136,4.7619987,1.092695,-4.242416
1.1284745,4.7619987,1.092695,-4.242416
1.132544,4.5726476,0.8130631,-4.184625
1.139056,4.5726476,0.8130631,-4.184625
1.1477066,4.3121905,0.54621434,-4.1364217
1.1550918,4.1579933,0.42397526,-4.1135187
1.1576711,3.8091195,0.20959078,-4.048804
1.162671,3.6155076,0.11638014,-4.005927
1.1676711,3.6155076,0.11638014,-4.005927
1.1717277,3.6155076,0.11638014,-4.005927
1.174225,3.2256207,-0.05539375,-3.9033952
1.1825258,3.0333405,-0.14327806,-3.8538604
1.1850961,2.8373318,-0.23782028,-3.8003309
1.1900961,2.4080303,-0.44581318,-3.6871467
1.1950961,2.4080303,-0.44581318,-3.6871467
1.1993331,2.4080303,-0.44581318,-3.6871467
1.2042501,1.9497002,-0.6625945,-3.551858
1.21012,1.7241305,-0.75633776,-3.4724958
1.2188123,1.31427,-0.8492821,-3.2631714
1.2238123,1.139833,-0.83516735,-3.1228228
1.2287806,1.139833,-0.83516735,-3.1228228
1.2375262,0.6287723,-0.6279734,-2.5792716
1.2461334,0.47643954,-0.5355617,-2.3659523
1.2548599,0.21198763,-0.36245623,-1.9214708
1.2630047,0.08335695,-0.28842035,-1.6977652
1.2656037,-0.040213734,-0.22104238,-1.4737934
1.2706038,-0.26418558,-0.120907515,-1.0535465
1.2756038,-0.26418558,-0.120907515,-1.0535465
1.2782036,-0.26418558,-0.120907515,-1.0535465
1.283237,-0.4181163,-0.0777643,-0.6711166
1.2905617,-0.46658584,-0.07137272,-0.48363006
1.293094,-0.49215218,-0.066312715,-0.29161614
1.2980939,-0.49002165,-0.050866377,0.11558119
1.303094,-0.49002165,-0.050866377,0.11558119
1.306383,-0.49002165,-0.050866377,0.11558119
1.3104355,-0.46339005,-0.017044231,0.5267733
1.3169364,-0.46339005,-0.017044231,0.5267733
1.3256222,-0.50653327,0.041012682,0.89801794
1.3329788,-0.5587312,0.09134643,1.0689929
1.3355743,-0.6870956,0.24314661,1.386708
1.3405744,-0.74302197,0.34301516,1.5355787
1.3455743,-0.74302197,0.34301516,1.5355787
1.3496435,-0.74302197,0.34301516,1.5355787
1.3521395,-0.819721,0.5470133,1.8069549
1.3605226,-0.84688526,0.6375608,1.9358518
1.3632157,-0.8615326,0.7275756,2.0655477
1.3682158,-0.8966864,0.8655274,2.3198798
1.3732158,-0.8966864,0.8655274,2.3198798
1.377481,-0.8966864,0.8655274,2.3198798
1.3823931,-0.9715212,0.9395633,2.5470474
1.3882893,-1.0301107,0.9635317,2.65384
1.3970128,-1.1566108,1.0010823,2.8658278
1.402013,-1.2215921,1.0080065,2.973153
1.4069272,-1.2215921,1.0080065,2.973153
1.4156407,-1.3571469,0.9960223,3.3105757
1.4242245,-1.3685985,0.98084223,3.4344127
1.4329844,-1.340369,0.94781905,3.6863477
1.4410788,-1.3020195,0.9302422,3.8131142
1.4436551,-1.2546152,0.9084043,3.9425437
1.4486551,-1.164334,0.85540736,4.1992726
1.4536551,-1.164334,0.85540736,4.1992726
1.4562453,-1.164334,0.85540736,4.1992726
1.4611801,-1.1052119,0.8026768,4.44668
1.4683859,-1.0913634,0.7765778,4.5667887
1.4708811,-1.0921624,0.7528756,4.6810384
1.4758812,-1.1169298,0.7190535,4.887966
1.4808811,-1.1169298,0.7190535,4.887966
1.4843392,-1.1169298,0.7190535,4.887966
1.489775,-1.158475,0.7107977,5.066664
1.4966698,-1.158475,0.7107977,5.066664
1.5053701,-1.2050804,0.70813453,5.2845106
1.5139287,-1.2082762,0.6964166,5.3468285
1.5226811,-1.2144015,0.64075655,5.4392405
1.5276811,-1.2263857,0.60427123,5.469334
1.532687,-1.2263857,0.60427123,5.469334
1.5414287,-1.3544837,0.48203218,5.4690676
1.547305,-1.4383733,0.43089947,5.430452
1.5497804,-1.5433019,0.37577203,5.379319
1.5547804,-1.6660736,0.3304983,5.319132
1.5597469,-1.6660736,0.3304983,5.319132
1.5623242,-1.7915086,0.29694247,5.245895
1.5673243,-2.02347,0.23515713,5.053082
1.5723243,-2.02347,0.23515713,5.053082
1.5753025,-2.02347,0.23515713,5.053082
1.5802244,-2.1805964,0.1571265,4.808071
1.5874492,-2.227468,0.10226539,4.6725163
1.5899136,-2.2618227,0.038083203,4.530836
1.5949137,-2.318282,-0.100933805,4.2168493
1.5999136,-2.318282,-0.100933805,4.2168493
1.6032413,-2.318282,-0.100933805,4.2168493
1.6086538,-2.373143,-0.2282329,3.8522625
1.6156762,-2.373143,-0.2282329,3.8522625
1.6244092,-2.397644,-0.38402784,3.225887
1.632937,-2.3675501,-0.4314321,3.0096383
1.6416259,-2.2666163,-0.5222459,2.5909896
1.6466258,-2.197907,-0.56432384,2.3928504
1.6516145,-2.197907,-0.56432384,2.3928504
1.660334,-1.9041603,-0.6154565,1.8631475
1.6676333,-1.7861822,-0.5992113,1.7105484
1.6702027,-1.663943,-0.5704491,1.5701998
1.6752027,-1.4008228,-0.48336375,1.3235911
1.6802027,-1.4008228,-0.48336375,1.3235911
1.6842322,-1.4008228,-0.48336375,1.3235911
1.6891522,-1.1515509,-0.38429415,1.1235877
1.6944324,-1.0423613,-0.3336941,1.0418286
1.6991069,-0.94941694,-0.2841593,0.9672601
1.7062969,-0.86898947,-0.2330266,0.8956211
1.7087803,-0.8000136,-0.18908444,0.824781
1.716518,-0.74435353,-0.15233281,0.7534083
1.719065,-0.6945524,-0.12197278,0.68629664
1.724065,-0.649545,-0.09667275,0.6229134
1.7284191,-0.649545,-0.09667275,0.6229134
1.7310615,-0.5768407,-0.061252706,0.5025385
1.7360615,-0.5472796,-0.05219796,0.44448158
1.7404104,-0.5472796,-0.05219796,0.44448158
1.7439313,-0.51691955,-0.04234426,0.38589206
1.7510915,-0.4924185,-0.03834952,0.32597092
1.7557824,-0.4711132,-0.038615838,0.26418558
1.7613381,-0.45140582,-0.043675844,0.20240025
1.765996,-0.43755737,-0.054062173,0.13795175
1.7726364,-0.43249738,-0.071106404,0.06391586
1.7773123,-0.44181845,-0.11451593,-0.11158645
1.7831911,-0.44181845,-0.11451593,-0.11158645
1.7878698,-0.46472162,-0.16271915,-0.31771514
1.7945242,-0.4745753,-0.18535602,-0.42903525
1.7970243,-0.48309743,-0.20373182,-0.54435015
1.8020244,-0.48469532,-0.21624869,-0.6612629
1.8061802,-0.48469532,-0.21624869,-0.6612629
1.8087382,-0.48389637,-0.22663501,-0.7803062
1.8137382,-0.47271112,-0.22849922,-0.9020127
1.8193578,-0.47271112,-0.22849922,-0.9020127
1.8243158,-0.43010053,-0.21252026,-1.1464908
1.8289188,-0.39468047,-0.19148129,-1.2687299
1.8336487,-0.34993938,-0.1669802,-1.3925669
1.8409458,-0.29507825,-0.13741912,-1.5150723
1.8456851,-0.15153387,-0.05352954,-1.7441043
1.8502672,-0.15153387,-0.05352954,-1.7441043
1.854954,-0.063116916,-0.0010652645,-1.8482338
1.8621922,0.03542004,0.061519023,-1.9462382
1.8668833,0.24394555,0.19520971,-2.126268
1.8721578,0.34674358,0.25672874,-2.2160163
1.8768579,0.44075316,0.30839407,-2.3065639
1.884068,0.52863747,0.35659727,-2.3971114
1.886565,0.6173208,0.40586576,-2.4863272
1.8945031,0.70680296,0.4575311,-2.5718148
1.8970407,0.8042747,0.5142564,-2.6522422
1.9020407,0.91319793,0.57817227,-2.7249465
1.9063065,0.91319793,0.57817227,-2.7249465
1.9088817,1.1512846,0.7022756,-2.8541098
1.9138818,1.2756542,0.75154406,-2.9126992
1.9183784,1.2756542,0.75154406,-2.9126992
1.9271185,1.4950987,0.79894835,-3.042928
1.9337525,1.5824504,0.8069378,-3.1220238
1.9362236,1.65622,0.813862,-3.2085764
1.9445534,1.7126789,0.8223842,-3.3044503
1.9471201,1.7550232,0.8295747,-3.4104443
1.9521201,1.8090854,0.8114652,-3.6519928
1.9571202,1.8090854,0.8114652,-3.6519928
1.9613932,1.8090854,0.8114652,-3.6519928
1.9663228,1.839978,0.75154406,-3.8916774
1.9716483,1.839179,0.7091998,-4.001666
1.9803201,1.7907095,0.6109292,-4.2037997
1.9853202,1.7459685,0.5659217,-4.289021
1.9902022,1.7459685,0.5659217,-4.289021
1.9988822,1.6279904,0.51505536,-4.418717
2.0074658,1.5028218,0.5052017,-4.502074
2.016187,1.4114754,0.5041364,-4.5457497
2.0234253,1.3821807,0.49854377,-4.556136
2.0259035,1.3672669,0.49295112,-4.556136
2.0329769,1.3693974,0.49135324,-4.544152
2.035526,1.3869743,0.49055427,-4.517254
2.0405262,1.4671354,0.47537425,-4.43949
2.045526,1.4671354,0.47537425,-4.43949
2.0496979,1.4671354,0.47537425,-4.43949
2.054621,1.5504924,0.37470677,-4.3433495
2.060432,1.5861788,0.30626354,-4.286358
2.0692024,1.6138756,0.17070863,-4.14015
2.0742023,1.6112125,0.11424961,-4.0527987
2.0782306,1.6112125,0.11424961,-4.0527987
2.0870402,1.5891082,0.022903185,-3.8434741
2.0937693,1.576325,-0.011451593,-3.7223003
2.0963655,1.5598135,-0.038615838,-3.5840824
2.1013656,1.5132082,-0.06391586,-3.2668998
2.1063654,1.5132082,-0.06391586,-3.2668998
2.1102622,1.5132082,-0.06391586,-3.2668998
2.1127546,1.4575481,-0.058589544,-2.91483
2.1177545,1.4239923,-0.0479369,-2.7300065
2.1226232,1.4239923,-0.0479369,-2.7300065
2.1251786,1.3864417,-0.041012682,-2.5435853
2.1301785,1.3017532,-0.029028457,-2.1766016
2.1351786,1.3017532,-0.029028457,-2.1766016
2.1394873,1.3017532,-0.029028457,-2.1766016
2.14441,1.2210594,-0.018375812,-1.8133464
2.1496692,1.171791,-0.016777916,-1.6322515
2.158409,1.0618024,-0.01917476,-1.2756542
2.1634092,1.0048107,-0.02743056,-1.1001519
2.1682937,1.0048107,-0.02743056,-1.1001519
2.1769953,0.87138635,-0.037550572,-0.7488809
2.1856298,0.71319455,-0.018375812,-0.40400153
2.1943574,0.5456817,0.025300032,-0.08069378
2.1993577,0.4527374,0.050866377,0.07163903
2.2035377,0.4527374,0.050866377,0.07163903
2.2061932,0.24873926,0.08841695,0.3520699
2.2111933,0.13156016,0.0958738,0.48309743
2.2161932,0.13156016,0.0958738,0.48309743
2.2187989,0.13156016,0.0958738,0.48309743
2.223832,-0.14274544,0.09081379,0.7233146
2.2305038,-0.29134983,0.08069378,0.8341021
2.233046,-0.44661212,0.06498113,0.9400959
2.238046,-0.7555388,0.025832662,1.1459582
2.2430458,-0.7555388,0.025832662,1.1459582
2.2462826,-0.7555388,0.025832662,1.1459582
2.2517424,-1.0458233,-0.004261058,1.3558153
2.2589922,-1.0458233,-0.004261058,1.3558153
2.2614846,-1.2945626,-0.009054748,1.5757924
2.2664845,-1.4564828,0.0026631611,1.8125474
2.2714844,-1.4564828,0.0026631611,1.8125474
2.275507,-1.4564828,0.0026631611,1.8125474
2.2806835,-1.5419703,0.017044231,2.0628846
2.2874465,-1.5419703,0.017044231,2.0628846
2.296148,-1.5150723,0.041012682,2.4610271
2.3047655,-1.4724618,0.056991648,2.5960495
2.313484,-1.3456954,0.09161274,2.8562403
2.322213,-1.2711269,0.11318435,2.9846046
2.324824,-1.1041466,0.16484967,3.2312133
2.3298242,-1.0135992,0.19441076,3.3486588
2.334824,-1.0135992,0.19441076,3.3486588
2.3374016,-1.0135992,0.19441076,3.3486588
2.342349,-0.81545997,0.25220135,3.5659728
2.3489797,-0.7107977,0.28469193,3.666374
2.3514552,-0.6066681,0.3155846,3.7585194
2.356455,-0.40879524,0.37284255,3.9231026
2.3614552,-0.40879524,0.37284255,3.9231026
2.3645267,-0.40879524,0.37284255,3.9231026
2.3699732,-0.23222765,0.42876893,4.068245
2.3772283,-0.23222765,0.42876893,4.068245
2.379753,-0.077231675,0.4924185,4.2043324
2.3847532,0.05006743,0.53795856,4.3316317
2.3897533,0.05006743,0.53795856,4.3316317
2.3933513,0.05006743,0.53795856,4.3316317
2.3985329,0.1073254,0.5515407,4.3854275
2.4052138,0.15339808,0.55553544,4.4333644
2.4139018,0.216515,0.5475459,4.5135255
2.422459,0.23382555,0.53742594,4.546549
2.4312155,0.18482338,0.48975533,4.610198
2.4385011,0.13022858,0.47244477,4.616856
2.4410534,0.059921127,0.45513424,4.616856
2.4484553,-0.018908445,0.43888897,4.6070023
2.4510624,-0.11105382,0.42237735,4.5891595
2.4560626,-0.21038973,0.4032026,4.5641255
2.4602306,-0.21038973,0.4032026,4.5641255
2.4628363,-0.4111921,0.37257624,4.48716
2.4678361,-0.5070659,0.35766253,4.4386907
2.4722703,-0.5070659,0.35766253,4.4386907
2.4810429,-0.67324716,0.30972564,4.3026032
2.4878387,-0.74675035,0.2647182,4.2149854
2.490388,-0.8117315,0.21331921,4.1124535
2.498573,-0.86898947,0.16112125,3.9968722
2.5011206,-0.9238506,0.10972224,3.8685079
2.5061207,-0.979777,0.06098639,3.7308223
2.511574,-0.979777,0.06098639,3.7308223
2.516517,-1.0812434,-0.027164243,3.4266894
2.521111,-1.1313108,-0.07669904,3.2583776
2.5257962,-1.1867046,-0.12650016,3.0836742
2.5330713,-1.247691,-0.1818939,2.9004488
2.5377452,-1.372327,-0.2860235,2.518019
2.5423644,-1.372327,-0.2860235,2.518019
2.5470443,-1.4327807,-0.3270362,2.3193471
2.5543694,-1.4823155,-0.35553202,2.118012
2.5590646,-1.531584,-0.36964676,1.7257284
2.5643523,-1.5345135,-0.37097836,1.5347798
2.5690212,-1.5222629,-0.3717773,1.3507553
2.5762289,-1.5068166,-0.36964676,1.1757857
2.5787258,-1.4956313,-0.36298886,1.015197
2.586774,-1.4908376,-0.34887412,0.8692558
2.589306,-1.4927018,-0.3270362,0.73103774
2.5943062,-1.5036207,-0.30173615,0.597347
2.5985708,-1.5036207,-0.30173615,0.597347
2.6011682,-1.5435683,-0.25193503,0.32676986
2.606168,-1.5659387,-0.22450449,0.19520971
2.6105828,-1.5659387,-0.22450449,0.19520971
2.6140904,-1.5904398,-0.20373182,0.075101145
2.6213155,-1.603223,-0.17816548,-0.033023197
2.6259856,-1.608283,-0.1555286,-0.128897
2.6315496,-1.5978967,-0.133957,-0.21198763
2.636242,-1.5691346,-0.114782244,-0.28229508
2.6431663,-1.526524,-0.09933591,-0.3422162
2.6478534,-1.4074807,-0.08841695,-0.43036684
2.6537168,-1.4074807,-0.08841695,-0.43036684
2.6583867,-1.2639363,-0.09134643,-0.48815745
2.6650438,-1.1917646,-0.10040118,-0.515588
2.6675384,-1.1169298,-0.11265171,-0.5432849
2.676357,-1.046356,-0.12996227,-0.5747102
2.6789014,-0.9819075,-0.15126756,-0.6058692
2.6876066,-0.9177253,-0.17283916,-0.63702816
2.690204,-0.8029431,-0.20426446,-0.6937535
2.6952038,-0.8029431,-0.20426446,-0.6937535
2.6994975,-0.8029431,-0.20426446,-0.6937535
2.70295,-0.71505874,-0.2181129,-0.7526093
2.7108881,-0.6844324,-0.22264028,-0.783502
2.7156374,-0.6330334,-0.21358553,-0.85301054
2.7202356,-0.6330334,-0.21358553,-0.85301054
2.7249358,-0.61705446,-0.20453078,-0.89508843
2.7322183,-0.6069344,-0.19094865,-0.94488955
2.7368932,-0.598146,-0.16245283,-1.0649981
2.742128,-0.598146,-0.16245283,-1.0649981
2.7467878,-0.5970807,-0.119043306,-1.202151
2.7540925,-0.5970807,-0.119043306,-1.202151
2.7565637,-0.5840312,-0.04873585,-1.3371732
2.7647116,-0.5680523,-0.007190535,-1.4040185
2.7672706,-0.5387575,0.041545313,-1.4719292
2.7761102,-0.4993427,0.090281166,-1.5417039
2.7786846,-0.44767737,0.14168017,-1.6136093
2.786164,-0.38802257,0.18508969,-1.6860473
2.7887619,-0.31771514,0.2298308,-1.7587516
2.793762,-0.24154872,0.27510455,-1.8341191
2.7988753,-0.24154872,0.27510455,-1.8341191
2.8039634,-0.08522116,0.36218992,-1.9877834
2.8095255,-0.008522116,0.3997405,-2.0676782
2.8142118,0.06524745,0.43729106,-2.1528995
2.8208663,0.13422333,0.47670585,-2.2421153
2.825613,0.27084348,0.5571333,-2.436526
2.8314764,0.27084348,0.5571333,-2.436526
2.8361712,0.41412157,0.63649553,-2.6205506
2.8428652,0.49508166,0.67058396,-2.7073696
2.8453388,0.5866944,0.7025419,-2.7957866
2.8503387,0.6783071,0.72917354,-2.8866003
2.854342,0.6783071,0.72917354,-2.8866003
2.8568764,0.7717841,0.7534083,-2.9774141
2.8656335,0.85966843,0.7707188,-3.072489
2.868234,1.0293118,0.7949536,-3.2674325
2.873234,1.0293118,0.7949536,-3.2674325
2.8776243,1.0293118,0.7949536,-3.2674325
2.881089,1.1800467,0.80347574,-3.456783
2.8888435,1.2538162,0.8042747,-3.5473306
2.8935988,1.3227922,0.80374205,-3.6370792
2.8981977,1.3896375,0.80081254,-3.7249634
2.9029398,1.4570155,0.7976168,-3.8056574
2.9102237,1.5198661,0.7917578,-3.8794267
2.9149642,1.6317189,0.7619304,-4.0141826
2.9202025,1.6317189,0.7619304,-4.0141826
2.9248903,1.7222663,0.7078682,-4.135623
2.9325054,1.7568874,0.6759103,-4.189419
2.9349802,1.7861822,0.6420882,-4.2373557
2.942731,1.8112159,0.6069344,-4.2802324
2.945268,1.8261296,0.57124805,-4.315919
2.9502678,1.845837,0.50600064,-4.3561325
2.9552681,1.845837,0.50600064,-4.3561325
2.959282,1.845837,0.50600064,-4.3561325
2.9644024,1.8628812,0.45007423,-4.3561325
2.9702215,1.8628812,0.45007423,-4.3561325
2.97896,1.9161445,0.37470677,-4.2682486
2.9839602,1.9411782,0.34887412,-4.214186
2.9889634,1.9411782,0.34887412,-4.214186
2.99771,2.021872,0.31851408,-4.0669136
3.0063174,2.091913,0.30652985,-3.8517299
3.0150547,2.1534321,0.24980451,-3.5984633
3.0231862,2.1683457,0.20772657,-3.46424
3.0257654,2.167813,0.16618125,-3.323625
3.0307653,2.128931,0.10279802,-3.037868
3.0357652,2.128931,0.10279802,-3.037868
3.0383017,2.128931,0.10279802,-3.037868
3.043397,2.04877,0.05885586,-2.752377
3.050686,2.04877,0.05885586,-2.752377
3.0532184,1.9355855,0.022104237,-2.4570324
3.0582182,1.8010958,-0.034621093,-2.1462417
3.063218,1.8010958,-0.034621093,-2.1462417
3.0666263,1.8010958,-0.034621093,-2.1462417
3.0706785,1.7315874,-0.06364955,-1.979794
3.0774465,1.6612799,-0.08841695,-1.8008295
3.0861368,1.5523566,-0.0892159,-1.4053501
3.0935118,1.5057513,-0.06471482,-1.1909657
3.0960846,1.4008228,0.040213734,-0.74275565
3.1010845,1.347027,0.10839066,-0.51798487
3.1060843,1.347027,0.10839066,-0.51798487
3.1103575,1.347027,0.10839066,-0.51798487
3.1131434,1.241832,0.2545982,-0.070307456
3.1207428,1.1925635,0.31984565,0.1454086
3.1233652,1.1345067,0.3635215,0.34807515
3.1283653,1.0173275,0.38482678,0.7107977
3.1333652,1.0173275,0.38482678,0.7107977
3.1376052,1.0173275,0.38482678,0.7107977
3.1425543,0.86366314,0.32650355,1.0106697
3.148454,0.7685883,0.2860235,1.1483551
3.1571784,0.5153217,0.22210763,1.3970944
3.1621785,0.36272255,0.2082592,1.504686
3.1671002,0.36272255,0.2082592,1.504686
3.1758068,0.042876896,0.22237396,1.6913736
3.1844904,-0.267914,0.2647182,1.845837
3.1932282,-0.5267733,0.30919302,1.9885824
3.2013247,-0.63223445,0.32650355,2.061553
3.203913,-0.727043,0.33848777,2.1318605
3.2089128,-0.90467584,0.345412,2.247708
3.2139127,-0.90467584,0.345412,2.247708
3.2164853,-0.90467584,0.345412,2.247708
3.2214372,-1.0586065,0.3552657,2.3566313
3.2286382,-1.0586065,0.3552657,2.3566313
3.231104,-1.1986889,0.3685815,2.4580977
3.236104,-1.30415,0.38136467,2.553439
3.2411041,-1.30415,0.38136467,2.553439
3.2446427,-1.30415,0.38136467,2.553439
3.2500525,-1.3464943,0.38935417,2.60324
3.256707,-1.3835123,0.3933489,2.6519759
3.2600203,-1.4583471,0.36724994,2.7401266
3.265721,-1.4583471,0.36724994,2.7401266
3.2703922,-1.5398397,0.2828277,2.7888622
3.2772567,-1.5398397,0.2828277,2.7888622
3.2797523,-1.6381104,0.16271915,2.7939224
3.2847521,-1.68658,0.10759171,2.7851338
3.2888808,-1.68658,0.10759171,2.7851338
3.2914455,-1.7323864,0.05965481,2.7806065
3.2964456,-1.7749969,0.024234766,2.7830033
3.3005276,-1.7749969,0.024234766,2.7830033
3.3031757,-1.8120148,0.010120012,2.7973845
3.31074,-1.8434402,0.007989483,2.8234835
3.3133862,-1.886317,0.03089267,2.9025793
3.318386,-1.886317,0.03089267,2.9025793
3.3240504,-1.886317,0.03089267,2.9025793
3.3275266,-1.8836539,0.0777643,2.999252
3.3320382,-1.8682076,0.10013486,3.0493195
3.336766,-1.8453044,0.116912775,3.1001859
3.3439841,-1.8082864,0.13315806,3.154248
3.3486996,-1.7579527,0.1488707,3.2109735
3.353435,-1.6953684,0.16378441,3.267965
3.358124,-1.6247946,0.17896444,3.328685
3.3654096,-1.5454324,0.19441076,3.3894053
3.3700788,-1.3643374,0.21891184,3.5063179
3.3753161,-1.2620721,0.22876555,3.5638423
3.3800528,-1.1515509,0.24261399,3.6218991
3.3872683,-1.0357034,0.2609898,3.679157
3.3897293,-0.91452956,0.28575718,3.738013
3.397057,-0.78589886,0.31265512,3.7966025
3.3996253,-0.6527408,0.34434673,3.8559911
3.4046252,-0.51958275,0.37603834,3.913249
3.4098225,-0.51958275,0.37603834,3.913249
3.4123886,-0.2330266,0.4463458,4.0141826
3.4194138,-0.2330266,0.4463458,4.0141826
3.4220204,0.053795855,0.5022722,4.0844903
3.4270203,0.053795855,0.5022722,4.0844903
3.4327312,0.053795855,0.5022722,4.0844903
3.4362273,0.3257046,0.5616607,4.137487
3.441753,0.44874266,0.5877597,4.149738
3.4464164,0.5592638,0.60533655,4.146542
3.4533155,0.6532734,0.619185,4.127101
3.4580066,0.799481,0.64581656,4.0589237
3.4627993,0.799481,0.64581656,4.0589237
3.4674616,0.9033443,0.6711166,3.9502668
3.4743671,0.9033443,0.6711166,3.9502668
3.479049,0.9781791,0.6695187,3.7939394
3.4852037,1.0048107,0.6556703,3.699397
3.4877582,1.020257,0.63223445,3.5907402
3.492758,1.0287791,0.60240704,3.470898
3.4979706,1.0287791,0.60240704,3.470898
3.5005658,1.0250508,0.566987,3.3398705
3.5085137,1.0061423,0.5238438,3.1965923
3.5110936,0.9257148,0.43436158,2.8858013
3.5160935,0.9257148,0.43436158,2.8858013
3.521891,0.9257148,0.43436158,2.8858013
3.5253649,0.78936094,0.34194988,2.5438516
3.5298977,0.70680296,0.30306774,2.364887
3.53459,0.61439127,0.2625877,2.1805964
3.541829,0.5137238,0.22264028,1.9936424
3.5465546,0.41252366,0.18668759,1.8064222
3.5511672,0.31345406,0.15899073,1.620001
3.5558443,0.21784659,0.1371528,1.4357102
3.5631173,0.1257012,0.120907515,1.2562131
3.5678053,-0.02396845,0.10972224,0.9089369
3.5725365,-0.02396845,0.10972224,0.9089369
3.5772064,-0.11132014,0.11744541,0.5813681
3.5844152,-0.11132014,0.11744541,0.5813681
3.5868804,-0.1669802,0.12144015,0.27670243
3.5948431,-0.1917476,0.12863068,0.13422333
3.5973883,-0.21544974,0.13315806,-0.0039947415
3.6023884,-0.23489082,0.1403486,-0.1323591
3.6072118,-0.23489082,0.1403486,-0.1323591
3.6098168,-0.24714136,0.14940333,-0.25672874
3.6169422,-0.25885928,0.15686019,-0.37417415
3.6195168,-0.2657835,0.16192019,-0.48336375
3.6245172,-0.2660498,0.16618125,-0.5840312
3.6301568,-0.2660498,0.16618125,-0.5840312
3.6336322,-0.2479403,0.16937704,-0.7597999
3.639158,-0.23409186,0.16245283,-0.8412926
3.6438367,-0.21864553,0.15259913,-0.91639376
3.650544,-0.19973709,0.14141385,-0.98563594
3.6552687,-0.18242654,0.123836994,-1.0530139
3.6608171,-0.1587244,0.105727494,-1.1158645
3.6656399,-0.12010857,0.066046394,-1.230913
3.6723394,-0.12010857,0.066046394,-1.230913
3.6770167,-0.07190535,0.026365295,-1.3358417
3.682861,-0.046871636,0.0053263223,-1.3859091
3.6853364,-0.025566347,-0.017576864,-1.4309164
3.6903362,2.663161E-4,-0.03834952,-1.4735271
3.6956947,2.663161E-4,-0.03834952,-1.4735271
3.6982927,0.027963191,-0.05965481,-1.514806
3.7061176,0.058056913,-0.08282431,-1.5566177
3.7086973,0.09187906,-0.10626013,-1.5986956
3.7136972,0.12916331,-0.12623383,-1.6365125
3.7194314,0.12916331,-0.12623383,-1.6365125
3.722881,0.19893813,-0.17417073,-1.7134778
3.72746,0.23595607,-0.19813919,-1.7491642
3.732127,0.27084348,-0.22583607,-1.7869811
3.7393746,0.30652985,-0.25193503,-1.8237327
3.7440472,0.3400857,-0.27856666,-1.8604844
3.7486465,0.37337518,-0.30280143,-1.8953718
3.7534986,0.40852892,-0.32623723,-1.9318571
3.76075,0.44101948,-0.34434673,-1.9683424
3.7654967,0.5115933,-0.36458677,-2.043976
3.7707226,0.5115933,-0.36458677,-2.043976
3.7754643,0.5752428,-0.37603834,-2.1249363
3.782685,0.5752428,-0.37603834,-2.1249363
3.785159,0.61226076,-0.39867523,-2.2258701
3.7926288,0.6146576,-0.41545314,-2.283128
3.7951932,0.6079997,-0.42876893,-2.3475766
3.800193,0.58749336,-0.44341633,-2.4197483
3.805009,0.58749336,-0.44341633,-2.4197483
3.8075888,0.55580175,-0.46152583,-2.4991105
3.8145196,0.51319116,-0.47963533,-2.5875273
3.8170993,0.4575311,-0.5028048,-2.6826022
3.8220992,0.39228365,-0.5323659,-2.7848675
3.82784,0.39228365,-0.5323659,-2.7848675
3.8313057,0.23995082,-0.59388494,-3.005111
3.8369737,0.1520665,-0.62264705,-3.1185617
3.8416464,0.06471482,-0.63862604,-3.2296154
3.8482625,-0.02396845,-0.6463492,-3.3364084
3.8530107,-0.10892329,-0.64528394,-3.440538
3.858593,-0.18748654,-0.6359629,-3.5401402
3.8633342,-0.3075951,-0.58962387,-3.7129793
3.8703055,-0.3075951,-0.58962387,-3.7129793
3.8749866,-0.36591834,-0.52624065,-3.8474689
3.8808358,-0.37417415,-0.5006743,-3.9057922
3.883473,-0.37097836,-0.48336375,-3.9601207
3.8884728,-0.35473305,-0.47004795,-4.0096555
3.8934474,-0.35473305,-0.47004795,-4.0096555
3.8960245,-0.32836777,-0.46205845,-4.05413
3.9037716,-0.29321405,-0.45593318,-4.094344
3.906345,-0.25086978,-0.45060685,-4.129764
3.911345,-0.2016013,-0.44181845,-4.159591
3.9170816,-0.2016013,-0.44181845,-4.159591
3.9205337,-0.06870956,-0.40932786,-4.1816955
3.9251833,0.009853696,-0.39414784,-4.179565
3.929858,0.10226539,-0.37417415,-4.1654506
3.9371407,0.20772657,-0.34754252,-4.1404166
3.9418223,0.32170987,-0.3206446,-4.10473
3.9464517,0.43755737,-0.29640985,-4.0602555
3.9512177,0.5544701,-0.27377295,-4.009389
3.9584906,0.67005134,-0.2545982,-3.9518647
3.961857,0.8990832,-0.24208134,-3.8253646
3.9663076,0.8990832,-0.24208134,-3.8253646
3.9710457,0.99735385,-0.2591256,-3.7627804
3.978279,1.0807108,-0.28336033,-3.6970003
3.9816525,1.186172,-0.33955306,-3.5617118
3.986093,1.186172,-0.33955306,-3.5617118
3.9907486,1.2029499,-0.36724994,-3.491138
3.9980571,1.2002867,-0.396811,-3.4141726
4.0014505,1.1784488,-0.44448158,-3.216566
4.005902,1.1784488,-0.44448158,-3.216566
4.010597,1.1638014,-0.46898267,-3.093528
4.01803,1.1366372,-0.50120693,-2.9542446
4.026704,1.0450244,-0.58696073,-2.6261432
4.0352907,0.9307748,-0.60054284,-2.2058964
4.043696,0.7957525,-0.5067996,-1.7310548
4.051807,0.7286409,-0.4362258,-1.4929681
4.054383,0.6716492,-0.3635215,-1.2591426
4.0593824,0.59787965,-0.23995082,-0.7946873
4.0643826,0.59787965,-0.23995082,-0.7946873
4.066969,0.59787965,-0.23995082,-0.7946873
4.07186,0.57098174,-0.16751283,-0.33289513
4.0791235,0.57098174,-0.16751283,-0.33289513
4.081598,0.56618804,-0.15978967,0.103064336
4.086598,0.5603291,-0.17976338,0.49428272
4.091598,0.5603291,-0.17976338,0.49428272
4.0950522,0.5603291,-0.17976338,0.49428272
4.0992937,0.5526059,-0.18242654,0.6812366
4.105788,0.5238438,-0.1784318,0.8567389
4.1104627,0.46951532,-0.16431704,1.0141318
4.1160827,0.38456047,-0.14487597,1.1472899
4.1208167,0.13981596,-0.04580637,1.3536848
4.1274905,0.13981596,-0.04580637,1.3536848
4.1307926,-0.165116,0.15978967,1.5049523
4.136656,-0.165116,0.15978967,1.5049523
4.1414194,-0.36085832,0.48389637,1.6309199
4.1475844,-0.36085832,0.48389637,1.6309199
4.1500635,-0.36272255,0.7597999,1.7361147
4.15905,-0.32650355,0.8357,1.7606158
4.1616125,-0.26232138,0.88470215,1.7773937
4.166612,-0.15446335,0.9403622,1.8013622
4.1708136,-0.15446335,0.9403622,1.8013622
4.173476,0.010918961,1.0098706,1.8354506
4.1784763,0.51505536,1.1350393,1.8996328
4.1834764,0.51505536,1.1350393,1.8996328
4.1861887,0.51505536,1.1350393,1.8996328
4.1910825,1.124653,1.1424961,1.9230686
4.1984024,1.3851101,1.1038803,1.9086876
4.2008657,1.5968314,1.0703244,1.876197
4.207899,1.7358484,1.0554107,1.8269285
4.2104454,1.7923075,1.0546118,1.7550232
4.215445,1.7749969,1.0567423,1.6676716
4.220343,1.7749969,1.0567423,1.6676716
4.2229276,1.700162,1.0570086,1.568602
4.229969,1.5845809,1.0620687,1.4647386
4.2325487,1.4455639,1.0719223,1.3576796
4.237549,1.2911005,1.0902982,1.2500879
4.243219,1.2911005,1.0902982,1.2500879
4.246664,1.0122676,1.1757857,1.0271813
4.2521343,0.9337043,1.226652,0.9217201
4.2568617,0.8990832,1.2562131,0.81545997
4.263771,0.90494215,1.2554141,0.7052051
4.268438,0.9214538,1.2085425,0.59388494
4.2732186,0.9257148,1.1227888,0.46578687
4.2778883,0.9267801,1.019458,0.3254383
4.2848425,0.9086706,0.90973586,0.16990969
4.2895107,0.8540758,0.70680296,-0.1917476
4.2950773,0.8540758,0.70680296,-0.1917476
4.2997475,0.9353022,0.545948,-0.567786
4.306744,0.9353022,0.545948,-0.567786
4.3092175,1.1845741,0.39148468,-0.9129316
4.317285,1.3574133,0.30253512,-1.0964234
4.319832,1.5464977,0.20905815,-1.2934973
4.324832,1.7443706,0.11052119,-1.5054849
4.3291044,1.7443706,0.11052119,-1.5054849
4.3317065,1.9374497,0.005060006,-1.7337179
4.3367066,2.404302,-0.30626354,-2.428803
4.3417068,2.404302,-0.30626354,-2.428803
4.347687,2.404302,-0.30626354,-2.428803
4.350225,2.4889903,-0.37950045,-2.6700854
4.3588505,2.5555694,-0.4213121,-2.9164279
4.3614264,2.6229475,-0.43436158,-3.166765
4.368409,2.710299,-0.43436158,-3.4163032
4.371057,2.8309402,-0.43516052,-3.664776
4.376057,2.9952574,-0.4530037,-3.9161785
4.3818245,2.9952574,-0.4530037,-3.9161785
4.3852754,3.459979,-0.5406217,-4.4093957
4.390778,3.7316215,-0.62264705,-4.651211
4.395535,4.0317597,-0.7283746,-4.895423
4.4026275,4.355334,-0.84209156,-5.140167
4.407317,4.692756,-0.95634115,-5.3814497
4.4128923,5.0397663,-1.0644655,-5.6240635
4.4175706,5.752428,-1.2658005,-6.1388526
4.424441,5.752428,-1.2658005,-6.1388526
4.4269223,6.470949,-1.4455639,-6.5985146
4.431922,6.772419,-1.5150723,-6.775881
4.435951,6.772419,-1.5150723,-6.775881
4.438504,7.032876,-1.5739282,-6.9236865
4.443505,7.2448635,-1.619202,-7.0408654
4.4476986,7.2448635,-1.619202,-7.0408654
4.4502797,7.3694997,-1.6556873,-7.1460605
4.45528,7.5290227,-1.7382452,-7.389207
4.46028,7.5290227,-1.7382452,-7.389207
4.463274,7.5290227,-1.7382452,-7.389207
4.4681773,7.932758,-1.8690065,-7.542605
4.475405,8.199607,-1.9787288,-7.527425
4.4778805,8.464325,-2.1153488,-7.4896083
4.4828806,8.72638,-2.4514399,-7.3769565
4.4878807,8.72638,-2.4514399,-7.3769565
4.4908185,8.72638,-2.4514399,-7.3769565
4.4963493,8.72638,-2.6519759,-7.288007
4.503274,8.72638,-2.8679583,-7.1844096
4.5059457,8.72638,-3.2919335,-6.9415293
4.512431,8.72638,-3.2919335,-6.9415293
4.5213165,8.72638,-3.5907402,-6.702644
4.5263166,8.72638,-3.802994,-6.417153
4.531544,8.72638,-3.802994,-6.417153
4.540487,8.72638,-4.0517335,-6.1345916
4.549441,8.72638,-4.1867557,-6.0179453
4.558109,8.285094,-4.3239083,-5.6759953
4.5662613,7.776164,-4.2541337,-5.581986
4.568842,7.2395372,-4.129764,-5.496232
4.5738416,6.18173,-3.7457361,-5.3156695
4.5788417,6.18173,-3.7457361,-5.3156695
4.5814033,6.18173,-3.7457361,-5.3156695
4.586333,5.253618,-3.2767534,-5.093562
4.5935645,5.253618,-3.2767534,-5.093562
4.596063,4.5582666,-2.784335,-4.8402953
4.601063,4.128699,-2.2927153,-4.5854306
4.606063,4.128699,-2.2927153,-4.5854306
4.6092677,4.128699,-2.2927153,-4.5854306
4.613343,4.000867,-2.0527647,-4.4642572
4.6200914,3.933489,-1.8271948,-4.319381
4.6287513,3.9270973,-1.4397049,-3.9116511
4.636049,3.949468,-1.2727247,-3.661314
4.638651,4.0088563,-0.91852427,-3.1294806
4.643651,4.0141826,-0.73103774,-2.867692
4.6486506,4.0141826,-0.73103774,-2.867692
4.652753,4.0141826,-0.73103774,-2.867692
4.6552157,3.9201732,-0.3669836,-2.3813987
4.6637187,3.8211036,-0.18801917,-2.1638184
4.6663094,3.687413,-0.01784318,-1.9632823
4.6713095,3.3507893,0.27670243,-1.6168051
4.676309,3.3507893,0.27670243,-1.6168051
4.68052,3.3507893,0.27670243,-1.6168051
4.6855636,3.0040457,0.4854943,-1.336108
4.6913934,3.0040457,0.4854943,-1.336108
4.6938972,2.719354,0.5928197,-1.0972224
4.6988974,2.4471788,0.60533655,-0.89375687
4.7038975,2.4471788,0.60533655,-0.89375687
4.7095532,2.4471788,0.60533655,-0.89375687
4.713516,2.1393173,0.54674697,-0.7241135
4.719046,2.1393173,0.54674697,-0.7241135
4.7277055,1.7765948,0.47217846,-0.58269966
4.732705,1.5965651,0.4412858,-0.51026165
4.737728,1.5965651,0.4412858,-0.51026165
4.7464757,1.0948255,0.32357407,-0.32783514
4.753814,0.95234644,0.27643612,-0.27643612
4.756391,0.8343684,0.24181503,-0.2247708
4.761391,0.7126619,0.19148129,-0.103863284
4.7663913,0.7126619,0.19148129,-0.103863284
4.770517,0.7126619,0.19148129,-0.103863284
4.7730675,0.65194184,0.15020229,-0.016511599
4.7820244,0.61891866,0.12863068,0.016511599
4.7845864,0.5749765,0.107858025,0.046871636
4.7895865,0.4822985,0.07084008,0.10679276
4.7945867,0.4822985,0.07084008,0.10679276
4.7988524,0.4822985,0.07084008,0.10679276
4.8039165,0.39468047,0.044208474,0.15259913
4.8097706,0.39468047,0.044208474,0.15259913
4.818497,0.24660872,0.01917476,0.18002969
4.8234973,0.1784318,0.01784318,0.17656758
4.8284354,0.1784318,0.01784318,0.17656758
4.8371687,0.039947417,0.020506341,0.17310548
4.843884,-0.022104237,0.027164243,0.1669802
4.846508,-0.11371698,0.03781689,0.1587244
4.851508,-0.14168017,0.048203215,0.15446335
4.8565083,-0.14168017,0.048203215,0.15446335
4.8610663,-0.14168017,0.048203215,0.15446335
4.8635435,-0.16298546,0.066312715,0.15100123
4.871712,-0.15632756,0.07643273,0.14647387
4.8742847,-0.14647387,0.08948222,0.13635385
4.879285,-0.11318435,0.11664646,0.113983296
4.884285,-0.11318435,0.11664646,0.113983296
4.8885407,-0.11318435,0.11664646,0.113983296
4.893594,-0.06551377,0.14460965,0.11052119
4.898845,-0.047137953,0.15286545,0.109988555
4.90135,-0.031158986,0.15819177,0.11132014
4.909284,-0.031158986,0.15819177,0.11132014
4.911774,-0.008522116,0.1717739,0.11558119
4.9167743,-0.017044231,0.1917476,0.104928546
4.921774,-0.017044231,0.1917476,0.104928546
4.925682,-0.017044231,0.1917476,0.104928546
4.929724,-0.03834952,0.20026971,0.096939065
4.936299,-0.06471482,0.20985709,0.09161274
4.941071,-0.087618,0.21917816,0.08841695
4.9466567,-0.105993815,0.2263687,0.08655274
4.951382,-0.13475595,0.23222765,0.07483483
4.9584527,-0.13475595,0.23222765,0.07483483
4.9610457,-0.14913702,0.23062976,0.050600063
4.9660454,-0.14114754,0.22610238,0.03888215
4.9700775,-0.14114754,0.22610238,0.03888215
4.9738526,-0.12596752,0.22503711,0.030360037
4.9819202,-0.10439592,0.22370553,0.021038974
4.9845147,-0.07989483,0.2213087,0.013848438
4.9919996,-0.05539375,0.21598236,0.0034621095
4.9946485,-0.030360037,0.21252026,-0.009321064
4.999648,-0.00958738,0.20746025,-0.018642128
5.005097,-0.00958738,0.20746025,-0.018642128
5.0085926,0.035952676,0.19307919,-0.03195793
5.013189,0.05566007,0.18855181,-0.040746365
5.017877,0.06684534,0.18242654,-0.05139901
5.0248938,0.07350325,0.17496969,-0.06524745
5.0295434,0.07243799,0.170176,-0.07456851
5.0348783,0.0727043,0.16751283,-0.08069378
5.0395365,0.06870956,0.16378441,-0.086020105
5.0468106,0.061519023,0.1603223,-0.09054748
5.050141,0.0396811,0.14807177,-0.10066749
5.0538445,0.0396811,0.14807177,-0.10066749
5.057684,0.021837922,0.14088123,-0.10918961
5.0652094,0.002396845,0.13156016,-0.116912775
5.0697856,-0.008788432,0.12596752,-0.124902256
5.0738406,-0.013848438,0.12250541,-0.12596752
5.0778055,-0.018908445,0.11744541,-0.1272991
5.083822,-0.016777916,0.113983296,-0.13102753
5.0875506,-0.011451593,0.11052119,-0.13262543
5.0913253,0.0029294773,0.108124346,-0.13262543
5.096647,0.031158986,0.11025487,-0.12863068
5.1037407,0.08175905,0.116912775,-0.1206412
5.1082454,0.14594123,0.119043306,-0.11558119
5.112736,0.2181129,0.12596752,-0.11158645
5.117219,0.29294774,0.12596752,-0.10972224
5.1241493,0.36591834,0.122771725,-0.10759171
5.1324663,0.5107943,0.120907515,-0.104928546
5.1384606,0.57391125,0.11664646,-0.10652645
5.140913,0.6194513,0.1107875,-0.11424961
5.145913,0.65913236,0.10013486,-0.13209279
5.1509132,0.65913236,0.10013486,-0.13209279
5.1543684,0.65913236,0.10013486,-0.13209279
5.1592956,0.6263755,0.095074855,-0.15180019
5.1645875,0.6263755,0.095074855,-0.15180019
5.1729465,0.5227785,0.09321064,-0.17417073
5.1815023,0.44661212,0.091080114,-0.1834918
5.1898727,0.16218652,0.08868326,-0.2016013
5.1947317,0.16218652,0.08868326,-0.2016013
5.1992435,0.0055926386,0.09960223,-0.1933455
5.206218,0.0055926386,0.09960223,-0.1933455
5.2086015,-0.07643273,0.10146644,-0.16884442
5.2136016,-0.094808534,0.08841695,-0.1520665
5.2186017,-0.094808534,0.08841695,-0.1520665
5.222147,-0.094808534,0.08841695,-0.1520665
5.22739,-0.08016115,0.084155895,-0.14620754
5.233723,-0.048469532,0.08282431,-0.14168017
5.242069,0.03009372,0.07243799,-0.13182648
5.2489586,0.07243799,0.06364955,-0.13156016
5.251447,0.11424961,0.056991648,-0.13315806
5.256447,0.17763285,0.0396811,-0.13928333
5.261447,0.17763285,0.0396811,-0.13928333
5.265346,0.17763285,0.0396811,-0.13928333
5.26773,0.21252026,0.02396845,-0.1454086
5.276177,0.21784659,0.020240024,-0.14753912
5.2786274,0.21065605,0.011984225,-0.14913702
5.2836275,0.17044231,-0.007190535,-0.15526229
5.2886276,0.17044231,-0.007190535,-0.15526229
5.2930927,0.17044231,-0.007190535,-0.15526229
5.2982845,0.09640643,-0.025033714,-0.15659387
5.304121,0.09640643,-0.025033714,-0.15659387
5.308784,0.007989483,-0.039947417,-0.15526229
5.315593,0.007989483,-0.039947417,-0.15526229
5.3180904,-0.072970614,-0.05352954,-0.15259913
5.326525,-0.09880328,-0.05486112,-0.14940333
5.329098,-0.11638014,-0.05832323,-0.14647387
5.3376036,-0.12250541,-0.058056913,-0.13848437
5.340209,-0.12037488,-0.059388492,-0.13262543
5.348224,-0.113983296,-0.06231797,-0.12756541
5.35083,-0.0958738,-0.06578008,-0.12250541
5.35583,-0.06977482,-0.06844324,-0.11531488
5.361044,-0.06977482,-0.06844324,-0.11531488
5.36598,-0.017044231,-0.0793622,-0.10439592
5.3705754,0.010918961,-0.082558,-0.10146644
5.375309,0.0314253,-0.08495484,-0.09667275
5.3825965,0.04580637,-0.087884314,-0.09267801
5.3872905,0.059921127,-0.08868326,-0.08362326
5.392529,0.059921127,-0.08868326,-0.08362326
5.3958535,0.04234426,-0.09161274,-0.08149273
5.403197,0.04234426,-0.09161274,-0.08149273
5.405703,0.01304949,-0.08974853,-0.07403588
5.410703,-0.0053263223,-0.090281166,-0.06844324
5.4148927,-0.0053263223,-0.090281166,-0.06844324
5.417464,-0.01784318,-0.08841695,-0.062051654
5.422464,-0.03195793,-0.08522116,-0.05486112
5.4267254,-0.03195793,-0.08522116,-0.05486112
5.4293246,-0.040213734,-0.07962852,-0.049801115
5.436796,-0.051132694,-0.0793622,-0.04580637
5.43938,-0.059388492,-0.07882957,-0.041012682
5.44438,-0.0644485,-0.07590009,-0.03435478
5.4495106,-0.0644485,-0.07590009,-0.03435478
5.4544687,-0.06764429,-0.06977482,-0.027696876
5.460036,-0.06977482,-0.06551377,-0.025832662
5.4647174,-0.07376956,-0.06364955,-0.02609898
5.471626,-0.08069378,-0.06231797,-0.023702133
5.4763,-0.088150635,-0.05539375,-0.028229509
5.482151,-0.088150635,-0.05539375,-0.028229509
5.4854517,-0.0743022,-0.046072688,-0.0314253
5.49217,-0.0743022,-0.046072688,-0.0314253
5.494672,-0.041279,-0.038615838,-0.027963191
5.501132,-0.041279,-0.038615838,-0.027963191
5.505797,0.0055926386,-0.026365295,-0.025300032
5.51248,0.0055926386,-0.026365295,-0.025300032
5.5149517,0.047670584,-0.020772656,-0.02743056
5.5237083,0.062051654,-0.018908445,-0.028495824
5.5262547,0.071106404,-0.015180019,-0.03169162
5.531255,0.080960095,-0.008522116,-0.033289514
5.535734,0.080960095,-0.008522116,-0.033289514
5.5383153,0.08681905,-7.9894834E-4,-0.03542004
5.5458484,0.080960095,0.0015978967,-0.037550572
5.548432,0.06950851,0.00479369,-0.040480047
5.5534315,0.05912218,0.009054748,-0.04181163
5.559078,0.05912218,0.009054748,-0.04181163
5.562579,0.036218993,0.01784318,-0.04314321
5.5670533,0.01784318,0.019441076,-0.04527374
5.5718217,0.0,0.020240024,-0.04660532
5.5793,-0.015180019,0.023435818,-0.04660532
5.583972,-0.023435818,0.025033714,-0.047404267
5.5885506,-0.02743056,0.024767399,-0.045540057
5.593341,-0.02743056,0.02609898,-0.043675844
5.600618,-0.026365295,0.026365295,-0.04447479
5.6053696,-0.013315806,0.027696876,-0.047404267
5.610614,-0.013315806,0.027696876,-0.047404267
5.6153355,0.007190535,0.029294772,-0.048469532
5.622642,0.007190535,0.029294772,-0.048469532
5.6251173,0.02743056,0.03009372,-0.049534798
5.6318626,0.03888215,0.030626353,-0.05006743
5.634407,0.040213734,0.029028457,-0.050333746
5.6394067,0.038083203,0.025566347,-0.050866377
5.64449,0.038083203,0.025566347,-0.050866377
5.647067,0.035952676,0.02609898,-0.048203215
5.6539984,0.03009372,0.029028457,-0.046871636
5.656597,0.025033714,0.028495824,-0.04474111
5.6615973,0.013582122,0.02743056,-0.044208474
5.667502,0.013582122,0.02743056,-0.044208474
5.671047,-0.006657903,0.029827405,-0.04261058
5.6765637,-0.018642128,0.029028457,-0.039414786
5.681257,-0.023435818,0.03355583,-0.035952676
5.688151,-0.030626353,0.03222425,-0.034621093
5.6928835,-0.036485307,0.033289514,-0.030626353
5.6984363,-0.03888215,0.03355583,-0.02956109
5.703192,-0.036751624,0.032756884,-0.02956109
5.709855,-0.036751624,0.032756884,-0.02956109
5.7123523,-0.025566347,0.03009372,-0.026897928
5.7173524,-0.02130529,0.026897928,-0.028495824
5.7226157,-0.02130529,0.026897928,-0.028495824
5.7251706,-0.01784318,0.022903185,-0.029827405
5.7301707,-0.016245283,0.020772656,-0.029294772
5.7361507,-0.016245283,0.020772656,-0.029294772
5.739588,-0.0077231675,0.018642128,-0.03195793
5.7441406,-0.011451593,0.014913702,-0.03435478
5.748874,-0.013848438,0.01438107,-0.03435478
5.756921,-0.014114754,0.01438107,-0.033023197
5.7616034,-0.016511599,0.015446335,-0.03089267
5.7662177,-0.018375812,0.017310547,-0.028495824
5.7709064,-0.022104237,0.019707393,-0.02743056
5.77825,-0.019973708,0.021038974,-0.026365295
5.781601,-0.0127831735,0.021837922,-0.024234766
5.7867002,-0.0127831735,0.021837922,-0.024234766
5.7913804,-0.012516857,0.021038974,-0.024234766
5.7986503,-0.01784318,0.018109497,-0.027164243
5.8019886,-0.027696876,0.017044231,-0.034088463
5.807165,-0.027696876,0.017044231,-0.034088463
5.811863,-0.038615838,0.020240024,-0.03888215
5.8191495,-0.038615838,0.020240024,-0.03888215
5.821611,-0.049534798,0.022104237,-0.039414786
5.829644,-0.05219796,0.02396845,-0.03834952
5.832209,-0.056459017,0.025832662,-0.03781689
5.8372087,-0.05752428,0.026897928,-0.035153728
5.8424473,-0.05752428,0.026897928,-0.035153728
5.8450317,-0.05486112,0.024234766,-0.03195793
5.8523407,-0.047404267,0.02396845,-0.02743056
5.854967,-0.04314321,0.023435818,-0.029294772
5.8599677,-0.043942157,0.023169503,-0.028495824
5.865622,-0.043942157,0.023169503,-0.028495824
5.869105,-0.04447479,0.02263687,-0.026897928
5.874568,-0.043942157,0.024501082,-0.026631612
5.879258,-0.043675844,0.02876214,-0.027696876
5.8861837,-0.04474111,0.02956109,-0.027164243
5.8909054,-0.0479369,0.030360037,-0.028495824
5.89666,-0.04873585,0.030360037,-0.027696876
5.9013453,-0.052996907,0.026631612,-0.033289514
5.908052,-0.052996907,0.026631612,-0.033289514
5.910529,-0.04580637,0.027963191,-0.03089267
5.919221,-0.041012682,0.027696876,-0.03009372
5.9230037,-0.039947417,0.026897928,-0.03169162
5.931879,-0.038083203,0.026897928,-0.03568636
5.9345107,-0.04314321,0.022903185,-0.035952676
5.9418535,-0.04314321,0.022903185,-0.035952676
5.944532,-0.051665325,0.020506341,-0.033023197
5.949532,-0.051665325,0.020506341,-0.033023197
5.955339,-0.051665325,0.020506341,-0.033023197
5.958808,-0.06018744,0.02609898,-0.034088463
5.9637127,-0.06524745,0.026631612,-0.033822145
5.968359,-0.06791061,0.027963191,-0.03222425
5.9756618,-0.070307456,0.02876214,-0.029827405
5.9792595,-0.07962852,0.029294772,-0.025566347
5.9845095,-0.07962852,0.029294772,-0.025566347
5.989162,-0.083889574,0.02956109,-0.025033714
5.996467,-0.087618,0.029028457,-0.025832662
6.0011497,-0.096939065,0.027696876,-0.024501082
6.006403,-0.096939065,0.027696876,-0.024501082
6.008905,-0.10040118,0.03169162,-0.020506341
6.017169,-0.10040118,0.03169162,-0.020506341
6.019629,-0.107858025,0.03542004,-0.016777916
6.027948,-0.11371698,0.03542004,-0.01304949
6.0304966,-0.1206412,0.03568636,-0.011984225
6.035497,-0.12942964,0.040213734,-0.01304949
6.0405006,-0.12942964,0.040213734,-0.01304949
6.0432677,-0.1403486,0.055127434,-0.014114754
6.050706,-0.1403486,0.055127434,-0.014114754
6.0533767,-0.14114754,0.051931642,-0.007989483
6.058377,-0.14114754,0.051931642,-0.007989483
6.0635285,-0.14114754,0.051931642,-0.007989483
6.068491,-0.13129385,0.046072688,-0.0063915867
6.074114,-0.12170646,0.043409526,-0.0061252704
6.0788693,-0.109988555,0.038615838,-0.004527374
6.0858355,-0.09614012,0.03089267,-0.00479369
6.0883336,-0.072171666,0.019973708,0.0029294773
6.093334,-0.059921127,0.018109497,0.0058589545
6.097834,-0.059921127,0.018109497,0.0058589545
6.1003885,-0.049801115,0.015446335,0.008255799
6.105388,-0.043409526,0.014647386,0.009321064
6.109435,-0.043409526,0.014647386,0.009321064
6.11202,-0.038083203,0.016245283,0.010652645
6.120087,-0.033023197,0.01784318,0.012250541
6.124934,-0.031158986,0.021837922,0.014114754
6.1337204,-0.02876214,0.024234766,0.015446335
6.1384244,-0.024234766,0.030360037,0.017044231
6.1436763,-0.024234766,0.030360037,0.017044231
6.148332,-0.02263687,0.03488741,0.017576864
6.156093,-0.022903185,0.038083203,0.018375812
6.1586423,-0.023702133,0.036485307,0.023169503
6.166437,-0.026897928,0.036218993,0.022903185
6.1689844,-0.03169162,0.035952676,0.021038974
6.173985,-0.03542004,0.033023197,0.021038974
6.178134,-0.03542004,0.033023197,0.021038974
6.180719,-0.040480047,0.03089267,0.020240024
6.1875315,-0.04234426,0.03222425,0.021571605
6.1900783,-0.045007423,0.02876214,0.023702133
6.1950784,-0.04447479,0.03009372,0.024767399
6.199483,-0.04447479,0.03009372,0.024767399
6.204481,-0.051665325,0.025033714,0.023435818
6.211729,-0.053263225,0.021837922,0.021571605
6.216637,-0.053263225,0.022104237,0.019973708
6.22354,-0.05352954,0.021837922,0.01571265
6.2281938,-0.049002163,0.025566347,0.008255799
6.234025,-0.049002163,0.025566347,0.008255799
6.236516,-0.03568636,0.02876214,0.00479369
6.241516,-0.031158986,0.029028457,0.002130529
6.246516,-0.031158986,0.029028457,0.002130529
6.249091,-0.023169503,0.03009372,0.0013315806
6.257485,-0.0127831735,0.03488741,0.0031957934
6.260089,-0.0077231675,0.034621093,0.0026631611
6.2650886,-0.004527374,0.036751624,0.0029294773
6.270461,-0.004527374,0.036751624,0.0029294773
6.275449,-0.0034621095,0.040213734,7.9894834E-4
6.280047,5.326322E-4,0.041545313,0.0013315806
6.2847195,-7.9894834E-4,0.043675844,0.0031957934
6.2924204,-0.0013315806,0.043409526,0.002396845
6.297146,-0.0077231675,0.04580637,0.002396845
6.3023987,-0.0077231675,0.04580637,0.002396845
6.307061,-0.022903185,0.04234426,0.0031957934
6.314387,-0.022903185,0.04234426,0.0031957934
6.316861,-0.03355583,0.044208474,0.0055926386
6.3246546,-0.038083203,0.04447479,0.007456851
6.32723,-0.038615838,0.047670584,0.0077231675
6.3322296,-0.041545313,0.047404267,0.009321064
6.3365564,-0.041545313,0.047404267,0.009321064
6.3391614,-0.043675844,0.047670584,0.009853696
6.346701,-0.04580637,0.04527374,0.010386328
6.349286,-0.040213734,0.051132694,0.010386328
6.354286,-0.029028457,0.061252706,0.0055926386
6.3592863,-0.029028457,0.061252706,0.0055926386
6.364286,-0.029028457,0.061252706,0.0055926386
6.369286,-0.029028457,0.061252706,0.0055926386
6.3720345,-0.029028457,0.061252706,0.0055926386
6.375998,-0.018109497,0.05752428,0.005060006
6.3816676,-0.018109497,0.05752428,0.005060006
6.3863316,-0.008788432,0.05965481,0.004527374
6.3940315,-0.008788432,0.05965481,0.004527374
6.396524,7.9894834E-4,0.06258429,0.0077231675
6.403812,0.0053263223,0.06391586,0.010386328
6.4063697,0.0055926386,0.06391586,0.01438107
6.4113693,0.0061252704,0.061519023,0.018642128
6.415565,0.0061252704,0.061519023,0.018642128
6.418164,0.007190535,0.060453758,0.023435818
6.425656,0.007989483,0.06178534,0.023702133
6.4282374,0.0039947415,0.06018744,0.02609898
6.4371552,7.9894834E-4,0.06098639,0.026897928
6.4419827,-0.010386328,0.05885586,0.02956109
6.4491024,-0.013848438,0.05965481,0.03169162
6.453823,-0.021571605,0.055127434,0.03089267
6.460714,-0.027164243,0.049534798,0.029827405
6.4655232,-0.032490566,0.04447479,0.02956109
6.471351,-0.032490566,0.04447479,0.02956109
6.4738274,-0.028495824,0.040213734,0.03009372
6.4788275,-0.02743056,0.036218993,0.029827405
6.484177,-0.02743056,0.036218993,0.029827405
6.486716,-0.023435818,0.03222425,0.026631612
6.495074,-0.02130529,0.027696876,0.023169503
6.4976587,-0.018642128,0.025566347,0.018375812
6.502659,-0.013848438,0.024767399,0.014913702
6.5078087,-0.013848438,0.024767399,0.014913702
6.51291,-0.006657903,0.023702133,0.012516857
6.517489,-0.0063915867,0.020772656,0.011185277
6.522168,-0.0055926386,0.020506341,0.009321064
6.529515,-0.006657903,0.018109497,0.00479369
6.5342216,-0.008522116,0.018642128,0.0
6.5394473,-0.008522116,0.018642128,0.0
6.544117,-0.014114754,0.019441076,0.0015978967
6.551448,-0.014114754,0.019441076,0.0015978967
6.553945,-0.015180019,0.020506341,0.002130529
6.5619817,-0.017310547,0.018642128,0.0013315806
6.5645375,-0.016245283,0.015446335,0.002130529
6.5695376,-0.011717909,0.014913702,0.0029294773
6.5738444,-0.011717909,0.014913702,0.0029294773
6.576455,-0.008788432,0.012516857,2.663161E-4
6.5839643,-0.0053263223,0.011984225,-0.0037284256
6.586542,-0.0010652645,0.008788432,-0.00479369
6.591542,0.0018642128,0.009054748,-0.0053263223
6.595561,0.0018642128,0.009054748,-0.0053263223
6.6005116,0.0,-5.326322E-4,-0.004527374
6.607762,-0.002130529,-0.0026631611,-0.002396845
6.612502,-0.0053263223,-0.002396845,-0.0029294773
6.6194086,-0.004261058,-0.0010652645,-0.004261058
6.6240845,-0.008788432,-0.0031957934,-0.004261058
6.629925,-0.008788432,-0.0031957934,-0.004261058
6.632387,-0.00958738,-0.005060006,-0.002130529
6.6373873,-0.008788432,-0.0058589545,-0.0018642128
6.642041,-0.008788432,-0.0058589545,-0.0018642128
6.644622,-0.007989483,-0.0063915867,-0.0018642128
6.652944,-0.006924219,-0.004261058,-0.0026631611
6.655522,-0.008255799,-0.005060006,-0.004527374
6.660522,-0.011984225,-0.008522116,-0.006657903
6.667173,-0.011984225,-0.008522116,-0.006657903
6.672137,-0.008522116,-0.004527374,-0.0061252704
6.676716,-0.0029294773,-7.9894834E-4,-0.004527374
6.6814213,0.0010652645,-2.663161E-4,-0.002130529
6.6887174,0.006657903,0.0018642128,0.0
6.691222,0.011984225,0.0029294773,0.0055926386
6.696222,0.013848438,0.0010652645,0.009321064
6.700412,0.013848438,0.0010652645,0.009321064
6.7030306,0.01784318,0.0013315806,0.013848438
6.708031,0.022104237,-0.002396845,0.020772656
6.712221,0.022104237,-0.002396845,0.020772656
6.7148175,0.03009372,-0.008522116,0.035153728
6.7222843,0.040746365,-0.012250541,0.051132694
6.724884,0.048469532,-0.013582122,0.06231797
6.7337713,0.056991648,-0.011717909,0.06870956
6.738632,0.05539375,-0.011984225,0.06950851
6.745745,0.05139901,-0.008788432,0.06737798
6.7504306,0.040746365,-0.00958738,0.0644485
6.7576137,0.0314253,-0.00958738,0.059388492
6.7623024,0.01784318,-0.009321064,0.050600063
6.768151,0.01784318,-0.009321064,0.050600063
6.770648,0.0037284256,-0.011717909,0.039947417
6.7756476,-5.326322E-4,-0.013582122,0.03355583
6.7804813,-5.326322E-4,-0.013582122,0.03355583
6.7830873,-0.005060006,-0.016511599,0.030360037
6.7914634,-0.006924219,-0.013848438,0.027963191
6.794053,-0.011451593,-0.014913702,0.029028457
6.802405,-0.015180019,-0.014913702,0.029028457
6.8072543,-0.011717909,-0.007989483,0.03222425
6.8145466,-0.011451593,-0.006924219,0.033023197
6.81923,-0.012250541,-0.0063915867,0.034088463
6.8265843,-0.012250541,-0.007190535,0.031158986
6.831297,-0.01571265,-0.0063915867,0.02743056
6.8365283,-0.01571265,-0.0063915867,0.02743056
6.841199,-0.0029294773,-0.014647386,0.036218993
6.8488846,-0.0029294773,-0.014647386,0.036218993
6.851376,-0.0058589545,-0.011984225,0.03009372
6.858775,-0.011451593,-0.010652645,0.027963191
6.861336,-0.013582122,-0.010386328,0.0314253
6.8663363,-0.010386328,-0.016245283,0.043942157
6.870662,-0.010386328,-0.016245283,0.043942157
6.8733106,-0.0031957934,-0.019973708,0.052996907
6.88078,0.005060006,-0.015180019,0.049801115
6.8834467,0.010652645,-0.010386328,0.04234426
6.888447,0.011185277,-0.006924219,0.037284255
6.8935933,0.011185277,-0.006924219,0.037284255
6.8985467,0.01917476,-0.005060006,0.031158986
6.904226,0.022903185,-0.0013315806,0.03089267
6.9089017,0.022104237,-0.0010652645,0.031158986
6.915857,0.021837922,-5.326322E-4,0.030626353
6.920542,0.014647386,0.005060006,0.020772656
6.926466,0.014647386,0.005060006,0.020772656
6.9289646,-0.0055926386,0.0061252704,0.010652645
6.9339643,-0.012250541,0.010386328,0.0055926386
6.939062,-0.012250541,0.010386328,0.0055926386
6.941619,-0.02263687,0.013315806,-2.663161E-4
6.9500084,-0.028229509,0.01304949,-0.0026631611
6.952608,-0.03222425,0.014913702,-0.0018642128
6.957608,-0.03488741,0.014913702,-0.0029294773
6.9628005,-0.03488741,0.014913702,-0.0029294773
6.967758,-0.03435478,0.015180019,-0.0053263223
6.972368,-0.034621093,0.011185277,-0.002130529
6.9770536,-0.03222425,0.0053263223,0.0055926386
6.9855227,-0.026631612,0.00479369,0.010918961
6.9879904,-0.026365295,0.0061252704,0.0063915867
6.9929905,-0.028229509,0.0034621095,0.007456851
6.9973893,-0.028229509,0.0034621095,0.007456851
6.9999833,-0.024234766,0.002130529,0.010652645
7.0049834,-0.026897928,0.002130529,0.011451593
7.0091734,-0.026897928,0.002130529,0.011451593
7.011762,-0.027696876,0.0063915867,0.010120012
7.01924,-0.03488741,0.006657903,0.005060006
7.0218434,-0.03488741,0.0058589545,0.0034621095
7.026843,-0.033289514,0.0061252704,0.004261058
7.0319824,-0.033289514,0.0061252704,0.004261058
7.0369887,-0.027164243,0.002130529,0.009853696
7.042448,-0.027963191,0.002130529,0.0077231675
7.0471263,-0.029827405,0.002130529,0.0055926386
7.0540295,-0.026365295,2.663161E-4,0.00479369
7.058707,-0.014114754,0.0010652645,0.0037284256
7.0645623,-0.014114754,0.0010652645,0.0037284256
7.067091,-0.004261058,0.0077231675,0.008788432
7.072091,0.0029294773,0.011451593,0.011984225
7.077173,0.0029294773,0.011451593,0.011984225
7.079741,0.0127831735,0.015180019,0.016245283
7.088232,0.025832662,0.016777916,0.021837922
7.0908184,0.03701794,0.015978966,0.027963191
7.0991893,0.041012682,0.011451593,0.034088463
7.104037,0.054594804,0.006657903,0.0479369
7.111187,0.054594804,0.006657903,0.0479369
7.1158423,0.060720075,0.013315806,0.054062173
7.123566,0.06098639,0.020240024,0.049534798
7.128238,0.05486112,0.025300032,0.045540057
7.133479,0.05486112,0.025300032,0.045540057
7.1381507,0.041545313,0.035952676,0.03488741
7.1454706,0.041545313,0.035952676,0.03488741
7.147942,0.017576864,0.037550572,0.021571605
7.155289,0.0029294773,0.03568636,0.021837922
7.1578493,-0.009054748,0.03222425,0.030626353
7.162849,-0.016245283,0.033023197,0.035952676
7.1671367,-0.016245283,0.033023197,0.035952676
7.1697335,-0.019441076,0.037284255,0.04261058
7.1773477,-0.018375812,0.03701794,0.049002163
7.1799498,-0.011984225,0.038615838,0.051931642
7.188897,-0.009054748,0.041545313,0.049534798
7.1937995,-0.008522116,0.04181163,0.05006743
7.2009063,-0.007190535,0.04181163,0.05006743
7.2056084,0.007190535,0.043942157,0.050600063
7.2114067,0.018908445,0.045540057,0.04926848
7.21612,0.021837922,0.04261058,0.043675844
7.222082,0.025832662,0.039414786,0.035952676
7.226744,0.022370555,0.037550572,0.028229509
7.2335134,0.022370555,0.037550572,0.028229509
7.236013,0.009853696,0.036485307,0.02130529
7.244921,-0.0029294773,0.03435478,0.015446335
7.247671,-0.012250541,0.03355583,0.011717909
7.256507,-0.02396845,0.0314253,0.0055926386
7.259114,-0.030626353,0.03355583,-2.663161E-4
7.2670803,-0.033822145,0.03701794,-0.0077231675
7.2696714,-0.03781689,0.03834952,-0.015180019
7.2746716,-0.03914847,0.039947417,-0.021571605
7.279828,-0.03914847,0.039947417,-0.021571605
7.2847776,-0.039414786,0.03222425,-0.025566347
7.2893605,-0.03222425,0.032490566,-0.026897928
7.294046,-0.024234766,0.033822145,-0.02743056
7.301819,-0.00958738,0.036751624,-0.026897928
7.3043437,-0.0015978967,0.03834952,-0.029827405
7.309344,0.01917476,0.046339005,-0.041012682
7.3135295,0.01917476,0.046339005,-0.041012682
7.316079,0.028229509,0.0479369,-0.043675844
7.321079,0.0314253,0.047670584,-0.046339005
7.325164,0.0314253,0.047670584,-0.046339005
7.327759,0.031158986,0.04580637,-0.04580637
7.335221,0.027963191,0.040213734,-0.045007423
7.337818,0.02956109,0.03914847,-0.04580637
7.346768,0.0314253,0.03542004,-0.04926848
7.351588,0.03169162,0.036218993,-0.055127434
7.3586903,0.03568636,0.036485307,-0.05539375
7.3620915,0.033822145,0.037550572,-0.058589544
7.3688335,0.027963191,0.035952676,-0.06231797
7.373555,0.020506341,0.034088463,-0.06524745
7.3791084,0.014913702,0.032490566,-0.06498113
7.3838,0.009853696,0.03488741,-0.06524745
7.3908696,0.0063915867,0.03542004,-0.06764429
7.3934145,0.0026631611,0.033289514,-0.06657903
7.398414,-0.0031957934,0.024767399,-0.051931642
7.4031305,-0.0031957934,0.024767399,-0.051931642
7.405707,0.002130529,0.026365295,-0.04447479
7.414241,0.008788432,0.03195793,-0.043675844
7.416819,0.010918961,0.033289514,-0.047404267
7.424777,0.011984225,0.031158986,-0.04873585
7.427373,0.014647386,0.029827405,-0.047137953
7.432373,0.016245283,0.030626353,-0.041279
7.4375024,0.016245283,0.030626353,-0.041279
7.4425793,0.016777916,0.027164243,-0.024767399
7.4471564,0.019441076,0.025033714,-0.01784318
7.4518604,0.02396845,0.026365295,-0.013848438
7.4591923,0.027696876,0.025033714,-0.012516857
7.4638805,0.040480047,0.027696876,-0.0055926386
7.46914,0.040480047,0.027696876,-0.0055926386
7.4738274,0.04926848,0.029028457,-0.0010652645
7.4815125,0.047670584,0.025832662,2.663161E-4
7.4839954,0.052464273,0.022370555,-0.0029294773
7.491531,0.056991648,0.024501082,-0.0063915867
7.4940686,0.058589544,0.026897928,-0.011185277
7.4990687,0.054328486,0.030360037,-0.010386328
7.503353,0.054328486,0.030360037,-0.010386328
7.5059524,0.053263225,0.026365295,-0.0039947415
7.513441,0.052996907,0.02396845,-2.663161E-4
7.516047,0.04447479,0.023702133,-0.0010652645
7.5249457,0.036485307,0.023169503,0.0
7.5297747,0.02263687,0.019973708,7.9894834E-4
7.537051,0.02263687,0.022104237,-0.0029294773
7.541752,0.026365295,0.024234766,-0.0037284256
7.548693,0.029294772,0.025832662,-0.0037284256
7.5535116,0.0314253,0.024767399,0.0031957934
7.559381,0.0314253,0.024767399,0.0031957934
7.561877,0.03834952,0.013315806,0.016511599
7.5668774,0.04447479,0.015978966,0.017044231
7.5719156,0.04447479,0.015978966,0.017044231
7.5744853,0.051931642,0.019973708,0.012250541
7.582865,0.058589544,0.02263687,0.008255799
7.5854516,0.057257965,0.021038974,0.0029294773
7.5937057,0.051931642,0.019441076,-0.0015978967
7.5985336,0.030626353,0.013848438,0.002130529
7.605625,0.030626353,0.013848438,0.002130529
7.610304,0.017310547,0.007989483,0.008522116
7.6187434,0.018375812,0.004527374,0.011185277
7.621216,0.036485307,0.0058589545,0.008788432
7.629948,0.040480047,0.0058589545,0.0063915867
7.632497,0.04314321,0.0039947415,0.0026631611
7.6414776,0.041012682,0.0010652645,-2.663161E-4
7.6440396,0.037284255,-0.0015978967,-0.0013315806
7.651438,0.04181163,-0.0026631611,0.002130529
7.654025,0.045540057,-0.006924219,0.00479369
7.6590247,0.04314321,-0.010386328,0.0029294773
7.6632504,0.04314321,-0.010386328,0.0029294773
7.6681995,0.04314321,-0.011717909,-0.0026631611
7.675335,0.04873585,-0.011451593,-0.0034621095
7.680016,0.04660532,-0.013848438,-0.0039947415
7.6869283,0.04474111,-0.020240024,-0.0031957934
7.691635,0.041012682,-0.03195793,0.011717909
7.69748,0.041012682,-0.03195793,0.011717909
7.699977,0.038615838,-0.03914847,0.019707393
7.7049766,0.03568636,-0.052996907,0.025300032
7.710011,0.03568636,-0.052996907,0.025300032
7.7125587,0.035153728,-0.058589544,0.025566347
7.7209544,0.034621093,-0.06098639,0.024767399
7.723672,0.041545313,-0.059921127,0.024501082
7.731958,0.049002163,-0.063116916,0.02609898
7.736787,0.060720075,-0.06551377,0.017310547
7.74265,0.060720075,-0.06551377,0.017310547
7.7473187,0.06498113,-0.057257965,0.0053263223
7.7562656,0.06498113,-0.05139901,0.002130529
7.761039,0.060453758,-0.04873585,0.011185277
7.7662673,0.060453758,-0.04873585,0.011185277
7.770927,0.072171666,-0.051665325,0.026365295
7.7783685,0.072171666,-0.051665325,0.026365295
7.7808366,0.11424961,-0.046072688,0.015978966
7.788219,0.13928333,-0.037284255,0.006657903
7.7907968,0.16085494,-0.026897928,0.0018642128
7.7957964,0.17496969,-0.018375812,0.0029294773
7.800186,0.17496969,-0.018375812,0.0029294773
7.8027716,0.17736652,-0.01304949,0.006924219
7.81027,0.16271915,-0.007989483,0.0039947415
7.8128796,0.13741912,2.663161E-4,-5.326322E-4
7.8217254,0.10066749,0.009054748,-0.0031957934
7.826576,0.024234766,0.016777916,0.0018642128
7.83371,0.0061252704,0.02263687,0.00479369
7.8383865,-0.0055926386,0.033023197,0.009054748
7.8454833,-0.010918961,0.048469532,0.0127831735
7.8501487,-0.048203215,0.06018744,0.028229509
7.8560357,-0.048203215,0.06018744,0.028229509
7.8585,-0.0727043,0.051665325,0.04447479
7.8634996,-0.06258429,0.050866377,0.05006743
7.8682323,-0.06258429,0.050866377,0.05006743
7.870785,-0.03781689,0.05219796,0.048469532
7.8791895,0.0013315806,0.057790596,0.044208474
7.8817987,0.037550572,0.06391586,0.0396811
7.890095,0.06791061,0.06711166,0.03781689
7.8926992,0.08628642,0.06870956,0.034088463
7.9006286,0.092944324,0.07590009,0.02743056
7.9042163,0.053795855,0.08841695,0.01784318
7.909216,0.053795855,0.08841695,0.01784318
7.913663,0.053795855,0.08841695,0.01784318
7.918453,0.0039947415,0.076166406,0.032756884
7.9237247,-0.010386328,0.06764429,0.041279
7.9284134,-0.010652645,0.06524745,0.04660532
7.9372272,0.002130529,0.06551377,0.046072688
7.939725,0.034088463,0.06711166,0.034088463
7.94702,0.049002163,0.06791061,0.030626353
7.9495792,0.051931642,0.06364955,0.027696876
7.954579,0.048469532,0.05885586,0.027696876
7.9585886,0.048469532,0.05885586,0.027696876
7.9624677,0.048469532,0.05273059,0.031158986
7.969143,0.038083203,0.04474111,0.03169162
7.971737,0.030360037,0.04474111,0.027963191
7.9767375,0.025566347,0.044208474,0.019973708
7.981874,0.025566347,0.044208474,0.019973708
7.986822,0.005060006,0.038615838,0.013848438
7.9923983,5.326322E-4,0.032490566,0.010386328
7.9970717,-0.0039947415,0.027963191,0.006657903
8.00399,-0.0037284256,0.026897928,0.0015978967
8.006518,-7.9894834E-4,0.02876214,-0.002130529
8.0115185,0.01917476,0.027963191,-0.004527374
8.016256,0.01917476,0.027963191,-0.004527374
8.018796,0.02263687,0.026365295,-0.0026631611
8.027708,0.028495824,0.02130529,-0.002130529
8.030311,0.025033714,0.016777916,-0.0015978967
8.038421,0.014913702,0.012250541,0.0013315806
8.042435,-0.0037284256,-0.0013315806,0.0055926386
8.047435,-0.0031957934,-0.007989483,0.0077231675
8.052419,-0.0031957934,-0.007989483,0.0077231675
8.055816,0.006657903,-0.012516857,0.0031957934
8.060313,0.01571265,-0.015180019,-0.0018642128
8.065005,0.023169503,-0.01571265,-0.0063915867
8.072306,0.025033714,-0.01438107,-0.006924219
8.07698,0.013582122,-0.01438107,-0.007989483
8.082236,0.006924219,-0.014913702,-0.010652645
8.0869055,-0.013315806,-0.015446335,-0.01304949
8.094209,-0.013315806,-0.015446335,-0.01304949
8.096687,-0.020506341,-0.017310547,-0.01438107
8.104069,-0.016245283,-0.014647386,-0.016777916
8.106617,-0.009853696,-0.013582122,-0.014647386
8.111617,-0.004261058,-0.018109497,-0.013848438
8.11695,-0.004261058,-0.018109497,-0.013848438
8.119531,-0.0077231675,-0.019973708,-0.010386328
8.126744,-0.0058589545,-0.019973708,-0.009054748
8.129358,-0.002130529,-0.020772656,-0.011185277
8.134358,0.0034621095,-0.022104237,-0.01571265
8.140027,0.0034621095,-0.022104237,-0.01571265
8.143498,0.0127831735,-0.017044231,-0.016511599
8.149017,0.02263687,-0.016245283,-0.017576864
8.153717,0.025033714,-0.018642128,-0.021837922
8.160642,0.02263687,-0.021837922,-0.024234766
8.165386,0.015978966,-0.02396845,-0.02743056
8.171237,0.013848438,-0.025033714,-0.02876214
8.175935,0.008255799,-0.023435818,-0.023435818
8.182652,0.008255799,-0.023435818,-0.023435818
8.185126,-7.9894834E-4,-0.03701794,-0.008522116
8.193659,-0.0018642128,-0.041545313,-0.007190535
8.196207,-0.002396845,-0.03888215,-0.011984225
8.201207,0.0018642128,-0.032756884,-0.014647386
8.205696,0.0018642128,-0.032756884,-0.014647386
8.208301,0.007989483,-0.033289514,-0.014913702
8.215816,0.011185277,-0.03542004,-0.01438107
8.218397,0.017310547,-0.03701794,-0.014913702
8.223397,0.027696876,-0.041012682,-0.012516857
8.2290945,0.027696876,-0.041012682,-0.012516857
8.232572,0.0777643,-0.036751624,-0.01571265
8.237082,0.11504856,-0.03195793,-0.018642128
8.241115,0.16618125,-0.027696876,-0.018908445
8.24981,0.16618125,-0.027696876,-0.018908445
8.254503,0.27190876,-0.029294772,-0.0127831735
8.259108,0.32836777,-0.03355583,-0.011451593
8.263799,0.38056573,-0.033023197,-0.015978966
8.271074,0.4245079,-0.029028457,-0.020772656
8.273555,0.4561995,-0.025566347,-0.021837922
8.281465,0.45486793,-0.03222425,-0.006657903
8.284193,0.42211103,-0.036218993,-0.0055926386
8.289192,0.36964676,-0.039947417,-0.004261058
8.294944,0.36964676,-0.039947417,-0.004261058
8.2975235,0.30360037,-0.04314321,-5.326322E-4
8.304471,0.23915187,-0.03888215,0.007989483
8.307051,0.17150758,-0.03781689,0.014114754
8.312051,0.10652645,-0.034088463,0.019973708
8.316518,0.10652645,-0.034088463,0.019973708
8.319986,-0.002130529,-0.020772656,0.01571265
8.324565,-0.002130529,-0.020772656,0.01571265
8.330468,-0.09134643,-0.004261058,0.010386328
8.339203,-0.09134643,-0.004261058,0.010386328
8.343885,-0.1387507,0.011185277,0.016777916
8.349431,-0.14008227,0.012516857,0.023702133
8.354099,-0.08868326,0.018375812,0.03781689
8.360789,-0.08868326,0.018375812,0.03781689
8.363344,-0.006657903,0.018109497,0.04314321
8.371657,0.023702133,0.019707393,0.040480047
8.374228,0.050600063,0.022370555,0.03568636
8.379228,0.0743022,0.024501082,0.03009372
8.38369,0.0743022,0.024501082,0.03009372
8.386269,0.09054748,0.025566347,0.027164243
8.393843,0.10226539,0.025300032,0.023435818
8.396434,0.107858025,0.027696876,0.021571605
8.401434,0.11132014,0.033822145,0.018908445
8.407124,0.11132014,0.033822145,0.018908445
8.410624,0.083889574,0.0479369,0.010120012
8.415233,0.05352954,0.051665325,0.010120012
8.419924,0.01784318,0.048203215,0.011185277
8.427233,-0.015446335,0.046339005,0.013848438
8.4319105,-0.04314321,0.047670584,0.015978966
8.436503,-0.059388492,0.048203215,0.021837922
8.441195,-0.06924219,0.05219796,0.026365295
8.448526,-0.07163903,0.055127434,0.029827405
8.451852,-0.06391586,0.054594804,0.033289514
8.456968,-0.05352954,0.05566007,0.032756884
8.461654,-0.041279,0.05539375,0.03089267
8.469338,-0.023169503,0.050600063,0.027963191
8.47184,0.00958738,0.050866377,0.017044231
8.47983,0.025300032,0.054594804,0.015446335
8.482401,0.039947417,0.05486112,0.017310547
8.4874,0.04873585,0.05566007,0.017310547
8.492348,0.04873585,0.05566007,0.017310547
8.494927,0.048203215,0.053263225,0.012250541
8.5018425,0.03914847,0.05006743,0.0077231675
8.504417,0.02743056,0.047670584,0.0077231675
8.509418,0.01304949,0.041279,0.011984225
8.51386,0.01304949,0.041279,0.011984225
8.5173,0.0015978967,0.03195793,0.01784318
8.5234585,0.0015978967,0.03195793,0.01784318
8.528134,-0.0061252704,0.033023197,0.01917476
8.536706,-0.0061252704,0.033023197,0.01917476
8.541402,-0.010918961,0.028229509,0.020240024
8.546942,-0.009321064,0.026365295,0.02263687
8.551631,-0.007989483,0.018642128,0.02263687
8.558689,-0.007989483,0.018642128,0.02263687
8.561182,-0.008255799,0.016245283,0.019707393
8.569506,-0.0053263223,0.01571265,0.017576864
8.572056,-0.002396845,0.01304949,0.019973708
8.577055,2.663161E-4,0.008255799,0.025566347
8.581244,2.663161E-4,0.008255799,0.025566347
8.583826,0.0029294773,-7.9894834E-4,0.033289514
8.591297,0.0058589545,-0.0063915867,0.035153728
8.593898,0.010918961,-0.006657903,0.033289514
8.602738,0.019707393,-0.0077231675,0.028495824
8.607556,0.0396811,7.9894834E-4,0.025033714
8.614684,0.0396811,7.9894834E-4,0.025033714
8.619348,0.0314253,0.009054748,0.017044231
8.626649,0.010652645,0.050333746,0.007989483
8.631324,-0.10040118,0.03009372,0.0053263223
8.636615,-0.10040118,0.03009372,0.0053263223
8.641307,-0.11371698,0.019707393,0.04580637
8.64907,-0.11371698,0.019707393,0.04580637
8.651549,-0.06391586,0.052996907,0.0058589545
8.657312,-0.05752428,0.023169503,0.008522116
8.665625,-0.05273059,7.9894834E-4,0.024234766
8.670625,-0.04474111,0.009853696,0.028495824
8.675453,-0.04474111,0.009853696,0.028495824
8.680453,0.016511599,0.03568636,0.033023197
8.68531,0.016511599,0.03568636,0.033023197
8.691095,0.016511599,0.03568636,0.033023197
8.696095,0.02396845,0.046871636,0.006924219
8.702076,0.02396845,0.046871636,0.006924219
8.707076,0.0061252704,0.037550572,0.0018642128
8.712076,0.0061252704,0.037550572,0.0018642128
8.717681,0.0061252704,0.037550572,0.0018642128
