0.0,-0.20612867,0.041545313,0.13741912
0.002486198,-0.20879184,0.02396845,0.12996227
0.009738334,-0.21358553,0.011717909,0.123038046
0.012614115,-0.21624869,-0.0029294773,0.11771172
0.019318335,-0.21518342,-0.024234766,0.11265171
0.02211724,-0.21731395,-0.033289514,0.11052119
0.029507292,-0.23089607,-0.022903185,0.10972224
0.032919947,-0.23675503,-0.010918961,0.10865697
0.039805155,-0.22583607,-0.0127831735,0.104928546
0.045381773,-0.18002969,-0.022903185,0.09960223
0.050381772,-0.1488707,-0.021837922,0.09241169
0.055463903,-0.1488707,-0.021837922,0.09241169
0.05969427,-0.12969595,-0.01917476,0.087884314
0.06342255,-0.11744541,-0.010918961,0.088150635
0.06871646,-0.11158645,-0.009054748,0.09667275
0.07443792,-0.11558119,-0.0061252704,0.108124346
0.081125624,-0.12117383,0.0,0.11744541
0.08526568,-0.119043306,0.0053263223,0.11957593
0.088910416,-0.10945592,0.005060006,0.119043306
0.094829746,-0.09986854,-0.002396845,0.12144015
0.10046937,-0.08282431,-0.015180019,0.13502227
0.107719585,-0.103064336,-0.0010652645,0.14487597
0.11104068,-0.12863068,0.021837922,0.15526229
0.11604068,-0.16058862,0.034621093,0.1717739
0.12126687,-0.16058862,0.034621093,0.1717739
0.123713486,-0.18855181,0.03568636,0.1933455
0.12871349,-0.21518342,0.02876214,0.22849922
0.13371348,-0.21518342,0.02876214,0.22849922
0.1364648,-0.21518342,0.02876214,0.22849922
0.14021395,-0.24980451,0.03888215,0.2511361
0.14731535,-0.24980451,0.03888215,0.2511361
0.15001151,-0.2892193,0.06391586,0.28549087
0.1572288,-0.31691617,0.09161274,0.30999196
0.1622288,-0.38456047,0.11318435,0.38136467
0.1692014,-0.38456047,0.11318435,0.38136467
0.17420141,-0.4082626,0.108124346,0.40719733
0.18023323,-0.4082626,0.108124346,0.40719733
0.18311614,-0.4426174,0.11025487,0.43409526
0.18787088,-0.49667954,0.128897,0.45992792
0.19308542,-0.5680523,0.16138756,0.49348375
0.19808543,-0.7214503,0.22556975,0.5789712
0.20418453,-0.7214503,0.22556975,0.5789712
0.20929937,-0.8333031,0.25300032,0.65460503
0.21429938,-0.89349055,0.26525086,0.68629664
0.21895328,-0.89349055,0.26525086,0.68629664
0.22126697,-0.9624664,0.28202876,0.72171664
0.22626698,-1.0490192,0.30280143,0.7576693
0.23212473,-1.0490192,0.30280143,0.7576693
0.2362464,-1.2961606,0.35473305,0.8460863
0.2398812,-1.4687333,0.3882889,0.8956211
0.24425812,-1.6737968,0.42690474,0.9510148
0.2523939,-1.9092202,0.4663195,1.0138655
0.2561089,-2.1704764,0.51052797,1.0865698
0.26035324,-2.4509072,0.55793226,1.1638014
0.26593193,-2.7462518,0.6114618,1.2452941
0.27167177,-3.0485206,0.6695187,1.3337111
0.2767548,-3.3651705,0.7305051,1.4333134
0.28327835,-3.6996634,0.799481,1.5419703
0.28649908,-4.0477386,0.87165266,1.6607473
0.29485658,-4.4099283,0.9502159,1.788579
0.29798463,-5.1340423,1.1235877,2.0596888
0.30187532,-5.1340423,1.1235877,2.0596888
0.3055746,-5.480786,1.2152004,2.1920478
0.31162542,-5.8184743,1.3070794,2.3193471
0.31540513,-6.1513696,1.3960291,2.4402544
0.31936997,-6.4863954,1.475125,2.561961
0.32585552,-6.813698,1.5337145,2.6820695
0.33419046,-7.131413,1.5664713,2.802977
0.33726606,-7.449927,1.5715314,2.922553
0.34239006,-7.7695065,1.5632756,3.0368025
0.3485409,-8.421715,1.5297197,3.2639704
0.3540791,-8.421715,1.5297197,3.2639704
0.3574875,-8.673383,1.506284,3.4818168
0.3656019,-8.673383,1.4964303,3.581419
0.36840913,-8.673383,1.4879081,3.6802223
0.37340912,-8.673383,1.4767228,3.776895
0.3805636,-8.673383,1.4767228,3.776895
0.38422948,-8.673383,1.4639397,3.9862196
0.38873687,-8.673383,1.4639397,3.9862196
0.39373687,-8.673383,1.4000238,4.3374906
0.3977951,-8.673383,1.4000238,4.3374906
0.4029088,-8.673383,1.4000238,4.3374906
0.4071625,-8.673383,1.3321131,4.597149
0.41216248,-8.673383,1.2729911,4.7260456
0.4182609,-8.673383,1.2729911,4.7260456
0.42133752,-8.673383,1.196292,4.8608017
0.4301126,-8.673383,1.1140003,5.0075417
0.43757966,-8.673383,0.9110674,5.4544206
0.44158557,-8.673383,0.9110674,5.4544206
0.44540104,-8.673383,0.86898947,5.599296
0.4515019,-8.673383,0.83916205,5.738313
0.4588897,-8.673383,0.7981494,6.0030317
0.4643205,-8.673383,0.78270304,6.1359234
0.4670099,-8.673383,0.76512617,6.270679
0.4720099,-8.341554,0.7259777,6.4022393
0.4770099,-8.341554,0.7259777,6.4022393
0.48032922,-8.341554,0.7259777,6.4022393
0.4842424,-7.6054554,0.54621434,6.609966
0.49003586,-7.239804,0.4167847,6.701845
0.4989883,-6.5806713,0.16431704,6.891462
0.50694376,-6.2903867,0.07669904,6.9804115
0.50954974,-6.017146,0.019973708,7.0595074
0.51454973,-5.4395065,0.03169162,7.158577
0.5195497,-5.4395065,0.03169162,7.158577
0.5223542,-5.4395065,0.03169162,7.158577
0.527396,-4.6456184,0.1784318,7.201454
0.53479433,-4.6456184,0.1784318,7.201454
0.5391574,-3.5310853,0.34194988,7.258179
0.5441574,-2.23599,0.3435478,7.3383408
0.5511475,-2.23599,0.3435478,7.3383408
0.556013,-1.6042882,0.3121225,7.3561835
0.5626539,-1.0090717,0.3006709,7.3532543
0.565136,-0.47191215,0.3158509,7.322894
0.570136,0.40373522,0.4250405,7.1505876
0.575136,0.40373522,0.4250405,7.1505876
0.57794905,0.40373522,0.4250405,7.1505876
0.58201694,1.0077401,0.53769225,6.84752
0.59088993,1.0077401,0.53769225,6.84752
0.59963727,1.4945661,0.5390238,6.213155
0.60637975,1.5725967,0.49375007,5.9809275
0.60898536,1.6144083,0.43010053,5.7463026
0.61398536,1.5667377,0.27164245,5.2701297
0.61898535,1.5667377,0.27164245,5.2701297
0.6231359,1.5667377,0.27164245,5.2701297
0.6256394,1.3696637,0.16085494,4.8059406
0.633949,1.2279836,0.13795175,4.572914
0.6365129,1.0679276,0.14274544,4.3321643
0.6415129,0.69961244,0.16964336,3.82137
0.6465129,0.69961244,0.16964336,3.82137
0.6507995,0.69961244,0.16964336,3.82137
0.65577775,0.28016454,0.17390442,3.311641
0.661102,0.28016454,0.17390442,3.311641
0.663623,0.034621093,0.15180019,3.0663638
0.668623,-0.5211806,0.07536746,2.6008432
0.67362297,-0.5211806,0.07536746,2.6008432
0.6794463,-0.5211806,0.07536746,2.6008432
0.68342113,-1.1174624,-0.004527374,2.1880531
0.6895818,-1.3949639,-0.01438107,1.9979035
0.6978432,-1.8298581,0.028495824,1.6751283
0.7059057,-1.9728698,0.07137272,1.5419703
0.7145763,-2.1148162,0.14913702,1.3126721
0.72184664,-2.1193435,0.16591494,1.2120047
0.72435623,-2.0367856,0.1371528,1.0141318
0.7293562,-1.9614182,0.096939065,0.9041432
0.73413044,-1.9614182,0.096939065,0.9041432
0.7367426,-1.8706044,0.038615838,0.77631146
0.7417426,-1.6591494,-0.10146644,0.4860269
0.7467426,-1.6591494,-0.10146644,0.4860269
0.7497724,-1.6591494,-0.10146644,0.4860269
0.7547371,-1.4370418,-0.21518342,0.18588865
0.7614865,-1.4370418,-0.21518342,0.18588865
0.7639923,-1.2199941,-0.25539714,-0.1123854
0.7716994,-1.1062771,-0.23622239,-0.26045716
0.7742844,-0.99442434,-0.1949434,-0.4032026
0.7792844,-0.87697893,-0.13475595,-0.5384912
0.7839444,-0.87697893,-0.13475595,-0.5384912
0.7865829,-0.7600662,-0.066312715,-0.66818714
0.7915829,-0.5422196,0.06870956,-0.9267801
0.79658294,-0.5422196,0.06870956,-0.9267801
0.79929036,-0.5422196,0.06870956,-0.9267801
0.8042196,-0.35926044,0.13662016,-1.1840415
0.81149465,-0.35926044,0.13662016,-1.1840415
0.81396884,-0.18801917,0.1355549,-1.4618092
0.8209922,-0.095074855,0.12809806,-1.6096146
0.82357067,0.014647386,0.1323591,-1.7547569
0.82857066,0.1387507,0.15313177,-1.8980349
0.8333833,0.1387507,0.15313177,-1.8980349
0.83599555,0.27403927,0.18855181,-2.034655
0.8409956,0.55739963,0.29694247,-2.308428
0.8459956,0.55739963,0.29694247,-2.308428
0.8487445,0.55739963,0.29694247,-2.308428
0.8537174,0.81412834,0.43702474,-2.572081
0.8604332,0.81412834,0.43702474,-2.572081
0.86291397,1.0048107,0.56432384,-2.8453214
0.86791396,1.0772487,0.61705446,-2.9843383
0.87455773,1.0772487,0.61705446,-2.9843383
0.88006055,1.220793,0.7299725,-3.270362
0.8886653,1.3065468,0.7901599,-3.4131074
0.89114785,1.4008228,0.8514126,-3.554521
0.89614785,1.6317189,0.973918,-3.8043256
0.90114784,1.6317189,0.973918,-3.8043256
0.90367484,1.6317189,0.973918,-3.8043256
0.9088773,1.9166771,1.0942929,-4.006726
0.91757596,1.9166771,1.0942929,-4.006726
0.9263009,2.4080303,1.2037488,-4.2783685
0.93357074,2.57794,1.2101405,-4.372112
0.942312,2.9079056,1.1699266,-4.5833
0.95089597,3.0546458,1.1185277,-4.711132
0.95340484,3.289803,0.9765812,-4.987302
0.96081513,3.3739588,0.8793758,-5.134575
0.9633752,3.4373422,0.7640609,-5.2818475
0.9683752,3.5100465,0.49055427,-5.556686
0.97337526,3.5100465,0.49055427,-5.556686
0.97754,3.5100465,0.49055427,-5.556686
0.98010844,3.5183022,0.34088463,-5.681588
0.98510844,3.4890075,0.013848438,-5.9068913
0.989872,3.4890075,0.013848438,-5.9068913
0.9924284,3.444,-0.15419704,-6.0094233
0.9974284,3.3819482,-0.30706248,-6.0898504
1.0024284,3.3819482,-0.30706248,-6.0898504
1.0068728,3.3819482,-0.30706248,-6.0898504
1.0117942,3.230947,-0.54914385,-6.174273
1.0166638,3.144128,-0.6556703,-6.195844
1.0253829,2.919091,-0.87564737,-6.2006383
1.0303829,2.7923245,-0.9760485,-6.1809306
1.0347518,2.7923245,-0.9760485,-6.1809306
1.0436348,2.3558323,-1.1957593,-6.01688
1.0509881,2.1907163,-1.2575446,-5.9364524
1.0535998,2.010953,-1.3086774,-5.845106
1.0585998,1.6511599,-1.3347764,-5.6054215
1.0635998,1.6511599,-1.3347764,-5.6054215
1.0675739,1.6511599,-1.3347764,-5.6054215
1.0700777,1.4974955,-1.3089437,-5.4562845
1.0782928,1.2069446,-1.2602079,-5.1337757
1.0808697,1.073254,-1.241832,-4.9710565
1.0858697,0.9757822,-1.215733,-4.7947555
1.0908697,0.9757822,-1.215733,-4.7947555
1.0954252,0.9757822,-1.215733,-4.7947555
1.1004131,0.90174633,-1.117995,-4.375041
1.106293,0.89988214,-1.0711234,-4.1377535
1.1087779,0.9041432,-1.0391655,-3.8874164
1.1137779,0.9062737,-1.0258497,-3.3806167
1.1187779,0.9062737,-1.0258497,-3.3806167
1.1225694,0.9062737,-1.0258497,-3.3806167
1.126602,0.8314389,-1.0415623,-2.8764803
1.1322634,0.8314389,-1.0415623,-2.8764803
1.1409713,0.68656296,-1.0341054,-2.3667512
1.1459712,0.4812332,-0.98616856,-1.8548918
1.1509827,0.4812332,-0.98616856,-1.8548918
1.1597409,0.21491711,-0.90014845,-1.3411679
1.1668918,0.05672533,-0.8586032,-1.0924287
1.1693861,-0.11611383,-0.81466097,-0.8522116
1.174386,-0.3054646,-0.76938725,-0.6173208
1.1786327,-0.3054646,-0.76938725,-0.6173208
1.1812449,-0.7052051,-0.6530071,-0.16458336
1.1862448,-1.0964234,-0.49747851,0.24740767
1.1912448,-1.0964234,-0.49747851,0.24740767
1.1942725,-1.0964234,-0.49747851,0.24740767
1.1992252,-1.28897,-0.41438788,0.4314321
1.20653,-1.4671354,-0.3289004,0.60746706
1.2090204,-1.6237293,-0.2543319,0.7755125
1.2140205,-1.8671423,-0.14460965,1.124653
1.2201164,-1.8671423,-0.14460965,1.124653
1.2255021,-2.0418456,-0.076965354,1.4929681
1.2341734,-2.0418456,-0.076965354,1.4929681
1.2428927,-2.20057,0.007989483,2.095109
1.2501742,-2.2144184,0.049801115,2.2985744
1.2589395,-2.1728733,0.14434333,2.7055054
1.2675124,-2.1041636,0.18748654,2.9111013
1.2700144,-1.8772622,0.2647182,3.3457294
1.2774129,-1.7257284,0.29614353,3.572098
1.2800125,-1.5555524,0.32730252,3.8016624
1.2850126,-1.3640711,0.37044573,4.0352216
1.2900126,-1.3640711,0.37044573,4.0352216
1.2942945,-1.3640711,0.37044573,4.0352216
1.296786,-0.96299905,0.47670585,4.501541
1.3017858,-0.74675035,0.5470133,4.7308393
1.3063304,-0.74675035,0.5470133,4.7308393
1.3088895,-0.340352,0.6844324,5.168663
1.3138894,-0.1536644,0.7584683,5.3747916
1.3188895,-0.1536644,0.7584683,5.3747916
1.3233211,-0.1536644,0.7584683,5.3747916
1.3282324,0.17896444,0.90946954,5.7686734
1.3335788,0.3355583,0.98590225,5.9511
1.3360906,0.47990164,1.0594054,6.124738
1.3410907,0.7520767,1.2263857,6.4605627
1.3460907,0.7520767,1.2263857,6.4605627
1.3505596,0.7520767,1.2263857,6.4605627
1.3546593,1.0330402,1.4215955,6.789463
1.3593296,1.0330402,1.4215955,6.789463
1.3680059,1.3225259,1.6040219,7.097857
1.3765897,1.4767228,1.6729978,7.2339444
1.3790991,1.7968348,1.7475663,7.449128
1.3872337,1.9707392,1.7662084,7.5218325
1.3898331,2.1521006,1.7760621,7.5766935
1.394833,2.4900556,1.7749969,7.611581
1.3998331,2.4900556,1.7749969,7.611581
1.4041197,2.4900556,1.7749969,7.611581
1.4066023,2.6096315,1.75236,7.581487
1.4144716,2.7012444,1.7188042,7.526892
1.4171898,2.783536,1.6676716,7.37163
1.4221898,2.790993,1.6785904,7.2901373
1.42719,2.790993,1.6785904,7.2901373
1.4302977,2.790993,1.6785904,7.2901373
1.4352015,2.751578,1.7638116,7.1234236
1.4423567,2.7217507,1.8112159,7.014766
1.4448863,2.6900592,1.8532939,6.8733525
1.4498862,2.5963159,1.8775285,6.4821343
1.4548863,2.5963159,1.8775285,6.4821343
1.4585264,2.5963159,1.8775285,6.4821343
1.4637662,2.3108249,1.7478327,5.9092884
1.4694226,2.3108249,1.7478327,5.9092884
1.4781058,1.4594123,1.3883059,4.8512144
1.4831058,1.0879014,1.2911005,4.4978127
1.4882666,1.0879014,1.2911005,4.4978127
1.4969647,0.27643612,1.1789814,3.8184404
1.5055903,-0.12596752,1.1630025,3.493801
1.5081775,-0.8514126,1.1571435,2.8791435
1.5131775,-1.1558119,1.143295,2.5875273
1.5181775,-1.1558119,1.143295,2.5875273
1.5221311,-1.1558119,1.143295,2.5875273
1.5246246,-1.6626115,1.0657971,2.0322583
1.5331818,-1.8628812,1.0178602,1.779258
1.5357594,-2.0282636,0.9779128,1.5464977
1.5407594,-2.2913837,0.90520847,1.1326424
1.5457594,-2.2913837,0.90520847,1.1326424
1.5488334,-2.2913837,0.90520847,1.1326424
1.5537255,-2.4301345,0.8479505,0.7669904
1.5608613,-2.4461136,0.82078624,0.6000102
1.5696216,-2.3664849,0.7507451,0.32810146
1.577733,-2.2809975,0.6945524,0.22397186
1.5864259,-2.0271983,0.56006277,0.083889574
1.5950502,-1.8740665,0.4825648,0.03542004
1.5976875,-1.555286,0.30333406,-0.041545313
1.6026874,-1.2391689,0.12436963,-0.109988555
1.6076875,-1.2391689,0.12436963,-0.109988555
1.6120963,-1.2391689,0.12436963,-0.109988555
1.6145822,-1.0932276,0.037284255,-0.1403486
1.6228673,-0.95953697,-0.041012682,-0.16937704
1.6254299,-0.7289072,-0.16245283,-0.23196134
1.63043,-0.6375608,-0.2066613,-0.27403927
1.6354299,-0.6375608,-0.2066613,-0.27403927
1.6398469,-0.6375608,-0.2066613,-0.27403927
1.6448104,-0.52810484,-0.3043993,-0.3800331
1.6501442,-0.5115933,-0.35792887,-0.44208476
1.6526502,-0.5222459,-0.41571945,-0.50999534
1.6576504,-0.5611281,-0.47643954,-0.5885586
1.6631467,-0.5611281,-0.47643954,-0.5885586
1.6657327,-0.7323693,-0.6101302,-0.77577883
1.6707329,-1.2191951,-0.78723043,-1.2644689
1.6757327,-1.2191951,-0.78723043,-1.2644689
1.6807328,-1.2191951,-0.78723043,-1.2644689
1.6857327,-1.2191951,-0.78723043,-1.2644689
1.6907328,-1.2191951,-0.78723043,-1.2644689
1.6945466,-1.2191951,-0.78723043,-1.2644689
1.69809,-1.4508902,-0.80800307,-1.525725
1.7053257,-1.5574167,-0.8072041,-1.6519588
1.7103256,-1.7973675,-0.7771104,-2.0437098
1.7153534,-1.7973675,-0.7771104,-2.0437098
1.7227002,-1.7973675,-0.7771104,-2.0437098
1.7251179,-1.8445054,-0.7368967,-2.3262713
1.7314068,-1.8445054,-0.7368967,-2.3262713
1.7340497,-1.8208033,-0.70680296,-2.4682178
1.7403497,-1.7544906,-0.6641924,-2.6035063
1.7430465,-1.6516925,-0.6135923,-2.7297401
1.7503783,-1.514806,-0.55766594,-2.8461204
1.7530636,-1.3528858,-0.49987534,-2.9558425
1.7601125,-1.176052,-0.44394895,-3.0570426
1.7628036,-0.9933591,-0.38775626,-3.1537154
1.7701706,-0.8133294,-0.3323625,-3.2471924
1.7728579,-0.6431534,-0.28202876,-3.3457294
1.7799093,-0.48363006,-0.23861924,-3.4509242
1.7825927,-0.33422673,-0.20080236,-3.5622444
1.7896526,-0.18855181,-0.15792546,-3.674097
1.7929937,-0.04181163,-0.10546118,-3.7864826
1.7994884,0.103064336,-0.04873585,-3.8983352
1.802143,0.23568976,0.008255799,-4.0053945
1.8108175,0.3587278,0.06764429,-4.108991
1.8133895,0.48336375,0.13342437,-4.203001
1.8215001,0.6079997,0.20080236,-4.2879558
1.824078,0.8540758,0.32783514,-4.4615936
1.8290778,0.9779128,0.38589206,-4.550277
1.834078,0.9779128,0.38589206,-4.550277
1.8381594,0.9779128,0.38589206,-4.550277
1.8406638,1.2088089,0.46472162,-4.739362
1.8495969,1.3065468,0.47191215,-4.8472195
1.8521569,1.3859091,0.45833004,-4.9678607
1.857157,1.4988271,0.3635215,-5.2283177
1.862157,1.4988271,0.3635215,-5.2283177
1.8652009,1.4988271,0.3635215,-5.2283177
1.8701416,1.5361114,0.21252026,-5.4991612
1.8748648,1.5361114,0.21252026,-5.4991612
1.8837029,1.5318503,0.053795855,-5.738047
1.8887029,1.5030881,-0.029028457,-5.8387146
1.8936428,1.5030881,-0.029028457,-5.8387146
1.9023665,1.3725933,-0.23755397,-6.052034
1.9110143,1.3129385,-0.28495824,-6.0855894
1.9136196,1.2152004,-0.32304144,-6.091182
1.9186196,1.1789814,-0.33076462,-6.0730724
1.9236196,1.1789814,-0.33076462,-6.0730724
1.9275599,1.1789814,-0.33076462,-6.0730724
1.9300519,1.1563445,-0.34248254,-6.002499
1.9350519,1.1755193,-0.34940675,-5.9529643
1.9392163,1.1755193,-0.34940675,-5.9529643
1.9417684,1.2032162,-0.3653857,-5.893043
1.9467684,1.2777847,-0.4215784,-5.730324
1.9517684,1.2777847,-0.4215784,-5.730324
1.9544876,1.2777847,-0.4215784,-5.730324
1.9594973,1.3124058,-0.4956143,-5.5196676
1.9667048,1.3124058,-0.4956143,-5.5196676
1.9691811,1.3012205,-0.577107,-5.2925
1.9741812,1.2626047,-0.63196814,-5.038701
1.979181,1.2626047,-0.63196814,-5.038701
1.9834303,1.2626047,-0.63196814,-5.038701
1.9885892,1.200553,-0.6279734,-4.750547
1.9931779,1.200553,-0.6279734,-4.750547
2.001863,1.1896341,-0.5605954,-4.4192495
2.0068629,1.2080098,-0.5163869,-4.2362905
2.011869,1.2080098,-0.5163869,-4.2362905
2.0206027,1.3355753,-0.4167847,-3.5934033
2.0271063,1.3827133,-0.39867523,-3.3571808
2.0296307,1.417867,-0.3888215,-3.1193607
2.0346308,1.4402375,-0.38802257,-2.881274
2.039466,1.4402375,-0.38802257,-2.881274
2.0420363,1.4463629,-0.3818973,-2.414688
2.0470364,1.4266554,-0.37337518,-2.1880531
2.0532258,1.4266554,-0.37337518,-2.1880531
2.0580728,1.3278521,-0.35153726,-1.7488979
2.066621,1.3278521,-0.35153726,-1.7488979
2.0692832,1.1526161,-0.33955306,-1.3156016
2.0742834,0.907339,-0.34967306,-0.8628642
2.0809567,0.907339,-0.34967306,-0.8628642
2.0860162,0.7555388,-0.36005938,-0.6332997
2.0929313,0.57577544,-0.3653857,-0.40213734
2.101595,0.13342437,-0.35473305,0.036751624
2.1102076,-0.12250541,-0.32650355,0.23622239
2.118993,-0.8990832,-0.15792546,0.75820196
2.1275942,-1.1214571,-0.09054748,0.9166601
2.1300664,-1.3169332,-0.02956109,1.0711234
2.1380188,-1.4868429,0.017044231,1.22319
2.140614,-1.7350495,0.08894958,1.540106
2.145614,-1.8333201,0.12010857,1.7014936
2.150614,-1.8333201,0.12010857,1.7014936
2.1548967,-1.8333201,0.12010857,1.7014936
2.1575046,-1.9734024,0.18002969,2.0314593
2.166064,-2.0146813,0.21038973,2.20057
2.1686304,-2.0375845,0.23622239,2.3763387
2.1736302,-2.0242689,0.29454562,2.753975
2.1786304,-2.0242689,0.29454562,2.753975
2.1824603,-2.0242689,0.29454562,2.753975
2.1874068,-1.9313245,0.3502057,3.154248
2.194516,-1.8461033,0.37310886,3.361442
2.1970608,-1.7385116,0.39441416,3.5744948
2.2020607,-1.4900386,0.43862265,4.0053945
2.2070608,-1.4900386,0.43862265,4.0053945
2.21038,-1.4900386,0.43862265,4.0053945
2.2143998,-1.3608754,0.4631237,4.2160506
2.2198787,-1.2357068,0.48815745,4.421114
2.2285821,-0.99522334,0.55553544,4.811001
2.233582,-0.89642006,0.5898902,4.9928946
2.238586,-0.89642006,0.5898902,4.9928946
2.2473402,-0.6828345,0.7121293,5.4680023
2.2545185,-0.64368606,0.752343,5.5953016
2.2571304,-0.60933125,0.79255676,5.7175407
2.2621307,-0.5717807,0.8386294,5.8344536
2.2663689,-0.5717807,0.8386294,5.8344536
2.2689664,-0.5360943,0.8825716,5.951899
2.2739663,-0.43542686,0.96779275,6.2001057
2.2806804,-0.43542686,0.96779275,6.2001057
2.2854693,-0.31691617,0.98883176,6.4453826
2.2940345,-0.31691617,0.98883176,6.4453826
2.296531,-0.1685781,0.93184006,6.671219
2.301531,0.027963191,0.8157263,6.8025126
2.3078332,0.027963191,0.8157263,6.8025126
2.3129525,0.14407702,0.742223,6.8227525
2.320249,0.27563718,0.66871977,6.8168936
2.3289306,0.5917544,0.52863747,6.751646
2.3375933,0.7661915,0.4812332,6.71809
2.3449275,1.2490226,0.4543353,6.6158247
2.3499274,1.4309164,0.46019423,6.4493775
2.3549275,1.4309164,0.46019423,6.4493775
2.3599277,1.4309164,0.46019423,6.4493775
2.3633583,1.4309164,0.46019423,6.4493775
2.365803,1.4013554,0.4079963,6.1484404
2.372951,1.3054816,0.36432046,5.956959
2.3754947,1.1757857,0.31984565,5.746835
2.3843975,1.011735,0.2825614,5.521798
2.3869467,0.8183894,0.25885928,5.283712
2.3952394,0.59122175,0.24687503,5.033641
2.39784,0.34834146,0.25379926,4.781706
2.4059784,0.088150635,0.27483824,4.531635
2.4086027,-0.48815745,0.32623723,4.045608
2.4166183,-0.7978831,0.3518036,3.8059237
2.4214547,-1.1209245,0.36618465,3.5723643
2.42812,-1.4458302,0.3717773,3.3435988
2.4327865,-1.7587516,0.3720436,3.123089
2.438473,-2.0463731,0.35952675,2.910036
2.443123,-2.3185482,0.32623723,2.6977823
2.4498012,-2.5675538,0.27457193,2.4884577
2.4540095,-2.989931,0.14327806,2.091913
2.4597375,-2.989931,0.14327806,2.091913
2.4644256,-3.31244,0.008522116,1.7339842
2.4729974,-3.31244,0.008522116,1.7339842
2.4754717,-3.5127096,-0.1107875,1.423726
2.4828322,-3.5697012,-0.16964336,1.2892363
2.4853818,-3.5872781,-0.22024342,1.1696603
2.4903822,-3.5702338,-0.26897928,1.066596
2.4945853,-3.5702338,-0.26897928,1.066596
2.497236,-3.4402716,-0.34940675,0.9020127
2.5047357,-3.3372073,-0.3888215,0.8317052
2.5074196,-3.2045817,-0.42663842,0.76752305
2.5162299,-3.2045817,-0.42663842,0.76752305
2.5210924,-2.8852687,-0.48815745,0.65007764
2.525739,-2.705239,-0.5115933,0.59148806
2.5304399,-2.5190842,-0.5323659,0.5344964
2.5377402,-2.334527,-0.5502091,0.47537425
2.5423956,-1.9651467,-0.56245965,0.35313517
2.5471487,-1.9651467,-0.56245965,0.35313517
2.5518475,-1.7928401,-0.56245965,0.28655612
2.5591452,-1.6266588,-0.5550028,0.21784659
2.5638294,-1.3339775,-0.5297027,0.073236935
2.5709844,-1.2069446,-0.5089301,-0.005060006
2.5734837,-1.0916297,-0.47484162,-0.087884314
2.5821924,-0.9890981,-0.42344263,-0.17310548
2.5847316,-0.90148,-0.3619236,-0.25353295
2.5931146,-0.8293084,-0.2958772,-0.3339604
2.595696,-0.7728494,-0.22290659,-0.4146542
2.6039913,-0.7337009,-0.15899073,-0.49801114
2.6065984,-0.6921556,-0.06098639,-0.69055766
2.6145477,-0.6846987,-0.03888215,-0.8042747
2.619511,-0.68176925,-0.03009372,-0.92757905
2.6262035,-0.6846987,-0.03222425,-1.0572749
2.6308682,-0.6921556,-0.032490566,-1.1944277
2.6364663,-0.7036072,-0.022104237,-1.3323795
2.6411424,-0.7203851,0.0,-1.4666028
2.6480505,-0.74248934,0.03888215,-1.5973641
2.6527147,-0.7680557,0.17763285,-1.8604844
2.6585593,-0.7680557,0.17763285,-1.8604844
2.6632369,-0.7930894,0.3518036,-2.1257353
2.671849,-0.78962725,0.44394895,-2.2554312
2.6743743,-0.77418095,0.5371596,-2.3787355
2.6818526,-0.7459514,0.6263755,-2.4937842
2.6844513,-0.69694924,0.71958613,-2.59818
2.6894515,-0.6402239,0.80773675,-2.7012444
2.6937141,-0.6402239,0.80773675,-2.7012444
2.6986837,-0.48336375,0.9757822,-2.892193
2.703279,-0.38935417,1.0607371,-2.9766152
2.707948,-0.2972088,1.1488878,-3.0538468
2.7154315,-0.2016013,1.2378373,-3.1276164
2.7201025,-0.105727494,1.3241237,-3.1939292
2.7247071,-0.011717909,1.4090786,-3.256247
2.7295666,0.07669904,1.485245,-3.315902
2.7368596,0.16538231,1.5598135,-3.3718283
2.7415314,0.36245623,1.6982979,-3.483415
2.746854,0.36245623,1.6982979,-3.483415
2.7515256,0.6106629,1.8157432,-3.5997949
2.76014,0.6106629,1.8157432,-3.5997949
2.762618,0.9155948,1.8924423,-3.705256
2.7705646,1.0908308,1.908155,-3.7547908
2.773163,1.2759205,1.9049592,-3.81125
2.7818236,1.4772555,1.892176,-3.8655784
2.7844255,1.9259981,1.855957,-3.9734364
2.7924557,1.9259981,1.855957,-3.9734364
2.7959056,2.4064324,1.7827201,-4.0701094
2.8038259,2.63866,1.7185379,-4.119644
2.8084922,2.8573055,1.6341157,-4.171043
2.8140526,3.0551784,1.5339808,-4.225904
2.818729,3.227485,1.4247912,-4.2826295
2.8256476,3.3827472,1.3113406,-4.341219
2.830331,3.6272254,1.0860372,-4.463192
2.8361611,3.6272254,1.0860372,-4.463192
2.8448563,3.814712,0.861,-4.5622616
2.8498561,3.958789,0.6106629,-4.6280413
2.8549902,3.958789,0.6106629,-4.6280413
2.86383,4.057326,0.30120352,-4.671717
2.8724456,4.087686,0.1371528,-4.684234
2.8811753,4.0754356,-0.25300032,-4.6634617
2.8861752,4.053065,-0.34115094,-4.6413574
2.8912332,4.053065,-0.34115094,-4.6413574
2.8999672,3.8623827,-0.59202075,-4.5244446
2.905234,3.8623827,-0.59202075,-4.5244446
2.909898,3.5891423,-0.77444726,-4.4469466
2.918496,3.5891423,-0.77444726,-4.4469466
2.920981,3.2242892,-0.89508843,-4.350806
2.925981,2.8064392,-0.99256015,-4.263721
2.932256,2.8064392,-0.99256015,-4.263721
2.937106,2.582201,-1.0476876,-4.225904
2.94364,2.3515713,-1.1025487,-4.1832933
2.9522889,1.8538265,-1.2175972,-4.0820932
2.960912,1.5994946,-1.2769858,-4.0181775
2.9696388,0.7954862,-1.4098775,-3.8072553
2.9782426,0.7954862,-1.4098775,-3.8072553
2.9807482,0.26338664,-1.4144049,-3.6506612
2.9887276,0.010386328,-1.4053501,-3.5723643
2.991308,-0.2231729,-1.386708,-3.4871433
2.9963078,-0.6580671,-1.3520869,-3.2975261
3.0037076,-0.6580671,-1.3520869,-3.2975261
3.0084987,-1.0689929,-1.3174658,-3.0948596
3.0143793,-1.0689929,-1.3174658,-3.0948596
3.02308,-1.4546186,-1.2564794,-2.876214
3.0280802,-1.7997643,-1.196292,-2.6354642
3.0331151,-1.7997643,-1.196292,-2.6354642
3.0418508,-2.0671456,-1.1424961,-2.3542345
3.0504537,-2.177667,-1.1171961,-2.1952438
3.0592146,-2.3712788,-1.0562097,-1.6468989
3.0642145,-2.3795345,-1.0407634,-1.4327807
3.069039,-2.3795345,-1.0407634,-1.4327807
3.0778577,-2.3651533,-0.97764647,-0.9749833
3.0824757,-2.3497071,-0.9329054,-0.7454188
3.0872324,-2.2778018,-0.8293084,-0.29294774
3.095814,-2.2778018,-0.8293084,-0.29294774
3.0983076,-2.1406488,-0.7251788,0.17070863
3.1033077,-1.9611518,-0.64581656,0.6514092
3.1095407,-1.9611518,-0.64581656,0.6514092
3.1143634,-1.8479675,-0.6202502,0.8988169
3.120997,-1.7238642,-0.60427123,1.1480888
3.1296804,-1.4487597,-0.5816344,1.644502
3.1384003,-1.3052152,-0.5603291,1.8892465
3.147137,-1.0178602,-0.49028796,2.3662186
3.1556685,-0.8809737,-0.43542686,2.5933864
3.1581612,-0.6146576,-0.31478566,3.0349383
3.1661487,-0.4775048,-0.25086978,3.253584
3.1687255,-0.34674358,-0.18775286,3.4674358
3.1737256,-0.1257012,-0.06471482,3.87703
3.1810627,-0.1257012,-0.06471482,3.87703
3.1858656,-0.035153728,0.0031957934,4.070908
3.1906338,0.041279,0.07483483,4.257063
3.1993413,0.14807177,0.22743396,4.6062036
3.2043412,0.18801917,0.3158509,4.7723846
3.2093334,0.18801917,0.3158509,4.7723846
3.2180777,0.27031085,0.582167,5.22672
3.226713,0.28842035,0.66632295,5.3686666
3.2293339,0.30280143,0.748082,5.5076838
3.234334,0.31505197,0.8857674,5.764146
3.2414315,0.31505197,0.8857674,5.764146
3.2462544,0.3225088,0.9805759,5.9971724
3.2521422,0.3225088,0.9805759,5.9971724
3.2546186,0.32650355,1.0061423,6.1063623
3.2596188,0.36245623,1.0277139,6.316752
3.2646186,0.36245623,1.0277139,6.316752
3.270275,0.36245623,1.0277139,6.316752
3.274244,0.43729106,0.9912286,6.5050373
3.2796361,0.48522797,0.9510148,6.581204
3.2843025,0.53502905,0.90467584,6.636065
3.2915585,0.5747102,0.85514104,6.667224
3.2940671,0.59601545,0.80560625,6.6805396
3.299067,0.5552691,0.7337009,6.6749473
3.3051434,0.5552691,0.7337009,6.6749473
3.3077185,0.5067996,0.72278196,6.66749
3.3162346,0.43675843,0.71612406,6.6493807
3.3210936,0.2548645,0.6852314,6.551909
3.3269722,0.2548645,0.6852314,6.551909
3.331668,0.043675844,0.63037026,6.379869
3.3382998,-0.064182185,0.60293967,6.274674
3.3430097,-0.16405073,0.57817227,6.160691
3.3486059,-0.262854,0.5496765,6.029397
3.3532872,-0.35446674,0.5174522,5.883189
3.360186,-0.44022053,0.4788364,5.7151437
3.364874,-0.61172813,0.386691,5.337774
3.3709145,-0.61172813,0.386691,5.337774
3.3734126,-0.6990798,0.34514567,5.1311126
3.3784125,-0.8796421,0.2695119,4.693289
3.3850672,-0.8796421,0.2695119,4.693289
3.3876803,-0.97711384,0.23222765,4.4573326
3.3953953,-1.081776,0.1917476,4.2168493
3.3988662,-1.288171,0.13821806,3.725496
3.4076421,-1.288171,0.13821806,3.725496
3.412332,-1.4865766,0.09667275,3.235741
3.4170592,-1.5781893,0.076166406,2.996589
3.4218085,-1.6527578,0.05752428,2.7579696
3.4291043,-1.7193369,0.03781689,2.5305357
3.433764,-1.7728664,0.017044231,2.3089607
3.4390159,-1.8245317,-0.0077231675,2.0956416
3.4436638,-1.867675,-0.03169162,1.8903117
3.4526052,-1.897236,-0.04660532,1.6961673
3.4564767,-1.9425098,-0.05566007,1.3472933
3.4637678,-1.9417108,-0.04926848,1.1933625
3.4663534,-1.9259981,-0.037284255,1.0474212
3.474985,-1.9017633,-0.025566347,0.91639376
3.4799528,-1.8224012,-0.010652645,0.67963874
3.485523,-1.8224012,-0.010652645,0.67963874
3.4902267,-1.7366474,-0.031158986,0.47191215
3.4968648,-1.6887105,-0.052996907,0.3818973
3.5015624,-1.6293219,-0.07882957,0.30386668
3.507146,-1.5672703,-0.10918961,0.2314287
3.5118766,-1.5014902,-0.14141385,0.17310548
3.518569,-1.433846,-0.16804546,0.1222391
3.5238981,-1.2793826,-0.21038973,0.031158986
3.5318942,-1.2002867,-0.22530343,-0.008788432
3.5344446,-1.1251856,-0.24501082,-0.054594804
3.5394444,-1.0551444,-0.2644519,-0.105727494
3.5441275,-1.0551444,-0.2644519,-0.105727494
3.547598,-0.91612744,-0.28495824,-0.21837921
3.5540528,-0.91612744,-0.28495824,-0.21837921
3.5587347,-0.793622,-0.28122982,-0.34141725
3.566033,-0.793622,-0.28122982,-0.34141725
3.570757,-0.7142598,-0.262854,-0.484429
3.5753546,-0.690824,-0.24421188,-0.5704491
3.5800705,-0.67963874,-0.22104238,-0.66339344
3.587376,-0.67484504,-0.19307919,-0.76272935
3.5920355,-0.6737798,-0.16431704,-0.87058735
3.5972788,-0.66658926,-0.13422333,-0.9784454
3.6020298,-0.6516755,-0.11052119,-1.0849719
3.6093328,-0.624245,-0.08628642,-1.190433
3.611813,-0.5406217,-0.047670584,-1.4080133
3.6168134,-0.5406217,-0.047670584,-1.4080133
3.6209924,-0.5406217,-0.047670584,-1.4080133
3.6235528,-0.42344263,0.0013315806,-1.6311862
3.6285527,-0.34434673,0.040746365,-1.7443706
3.633054,-0.34434673,0.040746365,-1.7443706
3.636498,-0.16911073,0.13502227,-1.9744676
3.6435459,-0.16911073,0.13502227,-1.9744676
3.6482236,0.051665325,0.2514024,-2.1960428
3.6549015,0.051665325,0.2514024,-2.1960428
3.659641,0.28815404,0.3768373,-2.4130902
3.6652129,0.4048005,0.44528055,-2.5193505
3.6699376,0.5201154,0.5187838,-2.6197517
3.6765704,0.6420882,0.5997439,-2.71456
3.6812477,0.7701862,0.67963874,-2.8061728
3.6871579,0.8996158,0.75447357,-2.8967204
3.689644,1.0290455,0.8186557,-2.986735
3.694644,1.3009542,0.92491585,-3.1553133
3.7021413,1.3009542,0.92491585,-3.1553133
3.7065725,1.593902,1.0048107,-3.3148367
3.7111933,1.593902,1.0048107,-3.3148367
3.7168353,1.8993665,1.0298444,-3.4980621
3.7241454,1.8993665,1.0298444,-3.4980621
3.728812,2.1832595,1.0162623,-3.7023265
3.7334194,2.3110912,0.99708754,-3.810451
3.7381442,2.4394555,0.9819075,-3.9159122
3.7454739,2.5616946,0.97045594,-4.0157804
3.750139,2.6783412,0.9616675,-4.1084585
3.7547212,2.7947214,0.9552759,-4.1958103
3.7595792,2.900715,0.9350359,-4.2844934
3.7669513,3.000051,0.8988169,-4.3761063
3.7694356,3.0863373,0.8383631,-4.4687843
3.7773173,3.162504,0.7571367,-4.5657234
3.7798684,3.2559807,0.5456817,-4.7635965
3.7848682,3.2732913,0.4282363,-4.8647966
3.791788,3.2732913,0.4282363,-4.8647966
3.7952814,3.243464,0.18855181,-5.0528154
3.8019066,3.243464,0.18855181,-5.0528154
3.806739,3.1313448,-0.043675844,-5.234976
3.8129122,3.1313448,-0.043675844,-5.234976
3.8163013,2.9590383,-0.23622239,-5.372395
3.8224688,2.9590383,-0.23622239,-5.372395
3.8275115,2.7132285,-0.41518682,-5.4749265
3.8333738,2.5784726,-0.49774483,-5.511412
3.8379583,2.4469125,-0.55979645,-5.5319185
3.8434997,2.315086,-0.60959756,-5.537245
3.8483727,2.18539,-0.65007764,-5.53325
3.854186,2.0671456,-0.6828345,-5.5244613
3.8588226,1.9590213,-0.711863,-5.5052867
3.864835,1.8639464,-0.7339672,-5.4733286
3.8695974,1.783519,-0.74648404,-5.430452
3.8756793,1.7102821,-0.7653925,-5.3729277
3.87815,1.6439694,-0.7861652,-5.3068814
3.88674,1.5861788,-0.8111989,-5.2336445
3.8892837,1.4391723,-0.9009474,-5.0645337
3.8942835,1.3398364,-0.96086854,-4.967328
3.8996878,1.3398364,-0.96086854,-4.967328
3.9084935,1.0655308,-1.0809771,-4.7454867
3.913146,0.9036106,-1.1147993,-4.6179214
3.9178398,0.74009246,-1.1203918,-4.4754424
3.9244447,0.59202075,-1.0873687,-4.3188486
3.927688,0.47297743,-1.0175939,-4.1444116
3.9326878,0.31638354,-0.8114652,-3.7577205
3.9376879,0.31638354,-0.8114652,-3.7577205
3.9413557,0.31638354,-0.8114652,-3.7577205
3.946782,0.22716765,-0.6317018,-3.346262
3.9527187,0.19041602,-0.58243334,-3.1345406
3.9614089,0.09241169,-0.56938386,-2.7126958
3.9700334,0.019441076,-0.5917544,-2.5102956
3.9787745,-0.16085494,-0.65487134,-2.1265342
3.9837747,-0.26525086,-0.6849651,-1.9494339
3.988238,-0.26525086,-0.6849651,-1.9494339
3.9908442,-0.4924185,-0.72651035,-1.598163
3.9958441,-0.72251564,-0.7273093,-1.2410331
4.0025578,-0.72251564,-0.7273093,-1.2410331
4.007545,-0.8293084,-0.7025419,-1.0559434
4.013646,-0.9243832,-0.6660566,-0.86419576
4.0161242,-1.0029465,-0.613326,-0.6668556
4.0211244,-1.1291803,-0.48309743,-0.28362668
4.0261245,-1.1291803,-0.48309743,-0.28362668
4.030351,-1.1291803,-0.48309743,-0.28362668
4.034427,-1.2229236,-0.3619236,0.06498113
4.0409646,-1.2229236,-0.3619236,0.06498113
4.0496387,-1.3020195,-0.20772657,0.53529537
4.0582547,-1.2958943,-0.15126756,0.6918893
4.067007,-1.2229236,-0.03888215,1.011735
4.073131,-1.1555456,0.018908445,1.1773835
4.0756116,-1.0737866,0.07563378,1.346228
4.080611,-0.9805759,0.13129385,1.5198661
4.0851407,-0.9805759,0.13129385,1.5198661
4.0876927,-0.76725674,0.24234766,1.8855181
4.0926924,-0.65007764,0.30013826,2.078331
4.0976925,-0.65007764,0.30013826,2.078331
4.1014256,-0.65007764,0.30013826,2.078331
4.1064057,-0.3898868,0.43010053,2.4823325
4.111686,-0.24314661,0.49188587,2.6863306
4.120392,0.059388492,0.60533655,3.090865
4.1253915,0.2050634,0.6562029,3.2943304
4.129783,0.2050634,0.6562029,3.2943304
4.137098,0.5605954,0.8178568,3.8818238
4.1457944,0.5605954,0.8178568,3.8818238
4.1483965,0.6860303,0.937699,4.240019
4.1533966,0.72943985,1.0777813,4.5587993
4.1604867,0.72943985,1.0777813,4.5587993
4.1653366,0.71346086,1.150752,4.706871
4.170643,0.67937243,1.2194614,4.8445563
4.175361,0.6266418,1.2785836,4.974519
4.182125,0.5699165,1.3286511,5.099421
4.1846056,0.5030711,1.361408,5.2166
4.1932483,0.43409526,1.3792511,5.326056
4.195792,0.2942793,1.382447,5.527657
4.200792,0.2942793,1.382447,5.527657
4.205308,0.2942793,1.382447,5.527657
4.207887,0.16618125,1.3536848,5.6941047
4.2161074,0.112119086,1.3321131,5.769472
4.220951,0.053795855,1.3001553,5.838448
4.227005,-0.0018642128,1.2663331,5.9052935
4.231677,-0.0974717,1.1941614,6.035522
4.237245,-0.0974717,1.1941614,6.035522
4.2419014,-0.20026971,1.1166635,6.1598916
4.2476864,-0.20026971,1.1166635,6.1598916
4.2524033,-0.36671728,1.0279802,6.2837286
4.257097,-0.36671728,1.0279802,6.2837286
4.26175,-0.70014507,0.9195895,6.3737435
4.267699,-0.70014507,0.9195895,6.3737435
4.2723637,-1.1622036,0.8029431,6.3750753
4.2780066,-1.1622036,0.8029431,6.3750753
4.2826705,-1.6974989,0.66579026,6.3005066
4.2893443,-1.9515644,0.6034723,6.2565646
4.2940645,-2.189651,0.54461646,6.209959
4.299933,-2.4090955,0.48043427,6.1542993
4.304586,-2.5979137,0.4213121,6.086122
4.3107953,-2.7510455,0.3768373,6.01182
4.3133116,-2.8690236,0.33981937,5.929262
4.318312,-2.947853,0.30360037,5.8320565
4.3223715,-2.947853,0.30360037,5.8320565
4.324928,-2.9997847,0.1818939,5.541772
4.331986,-2.9997847,0.1818939,5.541772
4.33466,-2.9678268,-0.068176925,5.0648
4.34215,-2.9678268,-0.068176925,5.0648
4.3446937,-2.9664953,-0.34940675,4.4653225
4.3517137,-2.9664953,-0.34940675,4.4653225
4.354264,-2.9643648,-0.55074173,3.7955372
4.359264,-2.9643648,-0.55074173,3.7955372
4.363695,-2.9643648,-0.55074173,3.7955372
4.3662844,-2.8714204,-0.6383597,3.1313448
4.3746457,-2.7712855,-0.6380934,2.8330708
4.379572,-2.6541064,-0.62264705,2.5651567
4.384166,-2.5142903,-0.5834986,2.3307986
4.388856,-2.3537018,-0.5273059,2.1260016
4.395917,-2.1675467,-0.44581318,1.9422435
4.4006476,-1.7355821,-0.21518342,1.6074841
4.4052777,-1.7355821,-0.21518342,1.6074841
4.40996,-1.4964303,-0.08548747,1.431449
4.4166446,-1.24849,0.03914847,1.2471584
4.421321,-0.76512617,0.23995082,0.88203895
4.4259386,-0.54248595,0.32037827,0.7185209
4.43062,-0.34408042,0.39574575,0.5752428
4.437264,-0.34408042,0.39574575,0.5752428
4.441926,-0.07376956,0.51265854,0.34621096
4.4469247,2.663161E-4,0.54408383,0.24767399
4.451616,0.050600063,0.5637912,0.15792546
4.458403,0.08948222,0.57817227,0.08175905
4.460935,0.11504856,0.5832323,0.017576864
4.465935,0.1307612,0.5832323,-0.039414786
4.4700904,0.1307612,0.5832323,-0.039414786
4.4726353,0.13608754,0.5749765,-0.090281166
4.4776354,0.13156016,0.566987,-0.13688648
4.4825277,0.13156016,0.566987,-0.13688648
4.4851294,0.118776985,0.55553544,-0.21278657
4.4933004,0.10918961,0.5499428,-0.24341293
4.496774,0.09720538,0.540888,-0.27324033
4.504043,0.0777643,0.5273059,-0.3022688
4.508721,0.022370555,0.48815745,-0.37257624
4.5142765,0.022370555,0.48815745,-0.37257624
4.5189734,-0.09187906,0.43116578,-0.45833004
4.5249076,-0.09187906,0.43116578,-0.45833004
4.5297294,-0.26391926,0.36005938,-0.561927
4.535313,-0.26391926,0.36005938,-0.561927
4.5399666,-0.4679174,0.28655612,-0.6892261
4.5458574,-0.5763081,0.24820662,-0.7613978
4.550577,-0.69748193,0.2066613,-0.8410263
4.5561357,-0.8199873,0.1685781,-0.92118746
4.5608025,-0.9398296,0.13289174,-1.0056096
4.5667415,-1.0546118,0.10333065,-1.0942929
4.571474,-1.1579424,0.07989483,-1.1848404
4.57738,-1.2450278,0.06551377,-1.2767195
4.579881,-1.3105416,0.059921127,-1.3701965
4.5848813,-1.3502227,0.06391586,-1.4660702
4.5889897,-1.3502227,0.06391586,-1.4660702
4.5915465,-1.3701965,0.07376956,-1.5598135
4.596546,-1.3632722,0.09161274,-1.6508936
4.60135,-1.3632722,0.09161274,-1.6508936
4.6039505,-1.2836437,0.14407702,-1.824798
4.6126876,-1.2088089,0.18109496,-1.9105518
4.6175933,-1.041296,0.2559298,-2.0956416
4.622179,-1.041296,0.2559298,-2.0956416
4.625562,-0.94515586,0.29481193,-2.1901836
4.633214,-0.8492821,0.33156356,-2.2857912
4.6378736,-0.6356966,0.41785,-2.4730115
4.642457,-0.6356966,0.41785,-2.4730115
4.6471844,-0.5334312,0.46019423,-2.56782
4.654097,-0.44101948,0.49801114,-2.667955
4.6588445,-0.2828277,0.58083546,-2.867692
4.663443,-0.22423817,0.62770706,-2.959571
4.6681037,-0.17949706,0.6780408,-3.0533142
4.674777,-0.17949706,0.6780408,-3.0533142
4.679585,-0.12650016,0.7781757,-3.2346754
4.684835,-0.11025487,0.82398206,-3.3246903
4.6895723,-0.09560748,0.8657937,-3.4120421
4.6963477,-0.075101145,0.90174633,-3.495399
4.6988215,-0.05672533,0.92757905,-3.572098
4.7074466,-0.037284255,0.9507485,-3.6458676
4.710019,-0.019441076,0.9691243,-3.7175066
4.7183514,-5.326322E-4,0.9829728,-3.7875478
4.720893,0.03914847,1.0002834,-3.9228363
4.725893,0.03914847,1.0002834,-3.9228363
4.7302303,0.03914847,1.0002834,-3.9228363
4.7337227,0.0793622,0.9986854,-4.0485377
4.7413588,0.1025317,0.9917612,-4.106328
4.7461,0.12543489,0.984837,-4.161189
4.751655,0.15100123,0.98110855,-4.210724
4.756381,0.17630127,0.97764647,-4.253867
4.7630177,0.20719394,0.97738016,-4.2919507
4.768457,0.29294774,0.9672601,-4.3526707
4.7740254,0.35313517,0.9648633,-4.367851
4.7786865,0.41705105,0.96805906,-4.376639
4.7847366,0.49614692,0.973918,-4.3814325
4.7874656,0.6064018,0.98616856,-4.374775
4.7959576,0.75580513,1.0005497,-4.357997
4.798506,0.9406285,1.0157297,-4.334561
4.80587,1.1406319,1.0223875,-4.311924
4.8084474,1.3427658,1.0234529,-4.2868905
4.8158803,1.5238608,1.0213223,-4.262123
4.8184466,1.6889768,1.030377,-4.231763
4.825874,1.8556907,1.0599382,-4.197142
4.828423,2.047172,1.1062771,-4.153466
4.8352,2.2724755,1.1539477,-4.1073933
4.8401995,3.059173,1.2104068,-4.0056605
4.8475275,3.059173,1.2104068,-4.0056605
4.852527,3.2977924,1.1976236,-3.9798281
4.8591824,3.2977924,1.1976236,-3.9798281
4.863363,3.6802223,1.1638014,-3.9457395
4.8697467,3.812049,1.160073,-3.9454732
4.878254,4.000601,1.2101405,-3.9753006
4.884376,4.120443,1.2623384,-3.9883502
4.886876,4.275439,1.3182647,-3.999269
4.891876,4.4629254,1.3646038,-4.0072584
4.8960085,4.4629254,1.3646038,-4.0072584
4.898583,4.669853,1.3885722,-4.013384
4.903583,5.1353736,1.4000238,-4.000867
4.9085827,5.1353736,1.4000238,-4.000867
4.912454,5.1353736,1.4000238,-4.000867
4.9174824,5.5937037,1.4053501,-4.0045953
4.9227366,5.8176756,1.4096112,-4.0232377
4.931497,6.2301993,1.4002901,-4.087686
4.936497,6.381733,1.3797837,-4.133226
4.9409795,6.381733,1.3797837,-4.133226
4.949717,6.522348,1.2993563,-4.236823
4.9583383,6.5708175,1.2053467,-4.3388224
4.9671106,6.6568375,1.0868361,-4.445082
4.9738684,6.7231503,1.0074738,-4.501275
4.9763455,6.814763,0.93610114,-4.542554
4.981345,6.982276,0.82584625,-4.604339
4.9863453,6.982276,0.82584625,-4.604339
4.990828,6.982276,0.82584625,-4.604339
4.994759,7.1444626,0.70200926,-4.714328
4.9995255,7.1444626,0.70200926,-4.714328
5.0028462,7.274957,0.6375608,-4.76333
5.0071774,7.4446006,0.57604176,-4.794223
5.0112467,7.6736326,0.5161206,-4.8115335
5.0180964,7.9450088,0.4348942,-4.83417
5.0227675,8.244615,0.31824777,-4.858671
5.0284095,8.59482,0.19574234,-4.870389
5.033096,8.72638,0.073236935,-4.8546762
5.0394487,8.72638,-0.05006743,-4.8344364
5.044139,8.72638,-0.32011196,-4.8384314
5.050022,8.72638,-0.32011196,-4.8384314
5.054713,8.72638,-0.64368606,-4.833371
5.0611963,8.72638,-0.7930894,-4.8149953
5.0658937,8.72638,-0.9350359,-4.7976847
5.071965,8.72638,-1.0934939,-4.7809067
5.074608,8.72638,-1.293231,-4.7561393
5.079608,8.72638,-1.5393071,-4.7161922
5.084238,8.72638,-1.5393071,-4.7161922
5.0869517,8.72638,-1.804558,-4.6623964
5.0947895,8.72638,-2.0599551,-4.5944858
5.097604,8.72638,-2.4772725,-4.431234
5.1026034,8.72638,-2.665558,-4.3574643
5.1077576,8.72638,-2.665558,-4.3574643
5.112725,8.72638,-2.843191,-4.303402
5.1174393,8.72638,-2.9944584,-4.261058
5.1221414,8.72638,-3.0983217,-4.20886
5.1291037,8.72638,-3.15265,-4.1433463
5.136997,8.72638,-3.134008,-4.020042
5.1438193,8.694955,-3.0980554,-3.9753006
5.146371,8.161258,-3.064766,-3.9265647
5.1513715,6.89306,-2.9800773,-3.785151
5.156371,6.89306,-2.9800773,-3.785151
5.1599956,6.89306,-2.9800773,-3.785151
5.1640573,5.5702677,-2.858637,-3.6610477
5.1683645,4.919125,-2.7723508,-3.6128445
5.176812,4.2924833,-2.6583674,-3.5454664
5.1818123,3.712713,-2.526541,-3.45412
5.185985,3.712713,-2.526541,-3.45412
5.194347,2.1459754,-2.0735373,-3.0940607
5.199201,1.6511599,-1.9089539,-2.9702237
5.20372,1.2018846,-1.7504958,-2.8410604
5.210067,0.80773675,-1.6034893,-2.700978
5.212473,0.4775048,-1.475125,-2.551042
5.217473,0.10146644,-1.2460932,-2.2405174
5.222473,0.10146644,-1.2460932,-2.2405174
5.2266293,0.10146644,-1.2460932,-2.2405174
5.231876,0.06098639,-1.1377025,-2.0828583
5.237749,0.11424961,-1.0309097,-1.9278624
5.2460847,0.44448158,-0.8383631,-1.6426378
5.2530646,0.6689861,-0.7550062,-1.5211977
5.2555475,1.1166635,-0.6362292,-1.3265206
5.2605476,1.31933,-0.6000102,-1.2482237
5.2655473,1.31933,-0.6000102,-1.2482237
5.2687974,1.31933,-0.6000102,-1.2482237
5.273498,1.65622,-0.54674697,-1.0958908
5.2783856,1.8013622,-0.5267733,-1.0061423
5.2867513,2.0056267,-0.5174522,-0.84368944
5.291751,2.036253,-0.51665324,-0.78083885
5.2958145,2.036253,-0.51665324,-0.78083885
5.3041935,1.9526298,-0.5022722,-0.65673554
5.311115,1.8346517,-0.49534798,-0.58909124
5.3135705,1.6809874,-0.47963533,-0.5201154
5.3185706,1.3355753,-0.4215784,-0.38269624
5.3235707,1.3355753,-0.4215784,-0.38269624
5.3266153,1.3355753,-0.4215784,-0.38269624
5.3313527,1.0061423,-0.35606465,-0.2647182
5.3359075,1.0061423,-0.35606465,-0.2647182
5.3442135,0.72304827,-0.31691617,-0.17976338
5.352435,0.60507023,-0.3075951,-0.1486044
5.3549805,0.43569317,-0.30466563,-0.094009586
5.3599806,0.34993938,-0.30253512,-0.05566007
5.36498,0.34993938,-0.30253512,-0.05566007
5.368084,0.34993938,-0.30253512,-0.05566007
5.3707213,0.3336941,-0.29481193,-0.0396811
5.3757215,0.3190467,-0.28469193,-0.024234766
5.3804116,0.3190467,-0.28469193,-0.024234766
5.3829703,0.30146983,-0.27217507,-0.0058589545
5.3879704,0.26764768,-0.2394182,0.038615838
5.3929706,0.26764768,-0.2394182,0.038615838
5.3960004,0.26764768,-0.2394182,0.038615838
5.400911,0.23675503,-0.2082592,0.07376956
5.4073763,0.23675503,-0.2082592,0.07376956
5.4161158,0.28522456,-0.13768543,0.12463594
5.424612,0.30679616,-0.11611383,0.13289174
5.4335165,0.31957933,-0.086020105,0.14780544
5.4407825,0.3107909,-0.07563378,0.1520665
5.4433594,0.3006709,-0.060720075,0.15579493
5.4483595,0.27776772,-0.017576864,0.1555286
5.453359,0.27776772,-0.017576864,0.1555286
5.4559884,0.27776772,-0.017576864,0.1555286
5.4609137,0.21784659,0.025566347,0.15339808
5.467579,0.16591494,0.04261058,0.15526229
5.470043,0.103064336,0.05752428,0.15792546
5.4750433,-0.02609898,0.08655274,0.16165388
5.480043,-0.02609898,0.08655274,0.16165388
5.483979,-0.02609898,0.08655274,0.16165388
5.4880047,-0.08149273,0.1041296,0.16777915
5.4939113,-0.12996227,0.11797804,0.17710021
5.5025964,-0.16484967,0.14460965,0.19920446
5.509909,-0.16644756,0.14727281,0.20772657
5.5124893,-0.15792546,0.14833808,0.21544974
5.5174894,-0.13795175,0.14168017,0.221575
5.52249,-0.13795175,0.14168017,0.221575
5.525947,-0.13795175,0.14168017,0.221575
5.530871,-0.114782244,0.12942964,0.21491711
5.5361624,-0.1073254,0.12250541,0.20719394
5.544899,-0.094009586,0.108124346,0.19281286
5.549899,-0.08655274,0.10759171,0.18908444
5.5544267,-0.08655274,0.10759171,0.18908444
5.5578275,-0.07856325,0.11132014,0.18109496
5.5629807,-0.07856325,0.11132014,0.18109496
5.567742,-0.06711166,0.11371698,0.17763285
5.573623,-0.052996907,0.11531488,0.17656758
5.578329,-0.03542004,0.11558119,0.17310548
5.5838885,-0.013315806,0.11744541,0.17070863
5.5885696,0.023169503,0.12250541,0.15978967
5.5944986,0.023169503,0.12250541,0.15978967
5.5993123,0.030360037,0.11851067,0.14993598
5.604885,0.030360037,0.11851067,0.14993598
5.609621,0.043942157,0.11664646,0.13102753
5.615722,0.05219796,0.11744541,0.12703279
5.618218,0.05832323,0.11584751,0.12197278
5.627136,0.060453758,0.113983296,0.11451593
5.629707,0.05273059,0.109988555,0.10892329
5.6383667,0.040480047,0.105993815,0.10146644
5.640963,0.028229509,0.101999074,0.09534117
5.6484075,0.018642128,0.09960223,0.09134643
5.650987,0.010652645,0.09534117,0.08974853
5.6559873,0.0018642128,0.08868326,0.087085366
5.661162,0.0018642128,0.08868326,0.087085366
5.6646047,-0.006924219,0.07350325,0.08229168
5.669317,-0.011717909,0.06844324,0.08149273
5.6739974,-0.016245283,0.06364955,0.082025364
5.6813817,-0.020772656,0.05832323,0.08468852
5.6860495,-0.029294772,0.051931642,0.087618
5.690667,-0.042077947,0.044208474,0.08894958
5.6953435,-0.054328486,0.041012682,0.08681905
5.7022514,-0.066312715,0.03781689,0.08335695
5.7070107,-0.076166406,0.03914847,0.07882957
5.711599,-0.08069378,0.044208474,0.0743022
5.7163334,-0.08655274,0.046871636,0.07057377
5.7232475,-0.096939065,0.04873585,0.066312715
5.727923,-0.1041296,0.059388492,0.05352954
5.7325044,-0.1041296,0.059388492,0.05352954
5.737315,-0.07350325,0.07350325,0.051931642
5.744209,-0.07350325,0.07350325,0.051931642
5.746681,-0.018375812,0.07882957,0.044208474
5.7550545,0.011185277,0.07563378,0.035952676
5.7576337,0.038083203,0.07376956,0.027963191
5.762634,0.0628506,0.07084008,0.018375812
5.766962,0.0628506,0.07084008,0.018375812
5.769529,0.087618,0.07057377,0.009853696
5.7764816,0.109988555,0.07057377,0.0026631611
5.7790484,0.123836994,0.07084008,-0.0053263223
5.787962,0.1272991,0.07137272,-0.01304949
5.790577,0.11717909,0.06870956,-0.0314253
5.797383,0.11717909,0.06870956,-0.0314253
5.799961,0.11052119,0.06551377,-0.03914847
5.804961,0.10226539,0.058056913,-0.045540057
5.8101773,0.10226539,0.058056913,-0.045540057
5.81362,0.08069378,0.04926848,-0.05352954
5.8191166,0.06578008,0.047137953,-0.053263225
5.823776,0.05672533,0.043942157,-0.056991648
5.830423,0.049534798,0.037284255,-0.057790596
5.8351436,0.04447479,0.029028457,-0.060720075
5.840695,0.038083203,0.020772656,-0.06391586
5.845392,0.031158986,0.013315806,-0.06657903
5.8513193,0.026897928,0.006924219,-0.06684534
5.855997,0.01784318,-0.0061252704,-0.07137272
5.8615727,0.01784318,-0.0061252704,-0.07137272
5.866239,0.0127831735,-0.015978966,-0.07376956
5.8723264,0.0127831735,-0.015978966,-0.07376956
5.875651,0.0015978967,-0.02396845,-0.076965354
5.8814054,0.0015978967,-0.02396845,-0.076965354
5.886075,-0.008522116,-0.028229509,-0.07590009
5.8923354,-0.008522116,-0.028229509,-0.07590009
5.894832,-0.018642128,-0.033289514,-0.073236935
5.899832,-0.022903185,-0.036751624,-0.076166406
5.9039783,-0.022903185,-0.036751624,-0.076166406
5.9065247,-0.025300032,-0.03834952,-0.07590009
5.915376,-0.0314253,-0.037550572,-0.07376956
5.9179726,-0.037550572,-0.03568636,-0.076166406
5.9253983,-0.04926848,-0.033822145,-0.079095885
5.9279804,-0.06498113,-0.036751624,-0.083889574
5.9362235,-0.07456851,-0.033822145,-0.08522116
5.9388237,-0.086020105,-0.025033714,-0.08894958
5.9462953,-0.086020105,-0.025033714,-0.08894958
5.9488983,-0.070307456,-0.011451593,-0.08735169
5.953898,-0.070307456,-0.011451593,-0.08735169
5.958955,-0.070307456,-0.011451593,-0.08735169
5.962435,-0.055926383,0.004261058,-0.084155895
5.967119,-0.051931642,0.006657903,-0.07856325
5.9718,-0.048203215,0.009321064,-0.07643273
5.9788437,-0.046871636,0.010918961,-0.077231675
5.983556,-0.045540057,0.014647386,-0.077231675
5.988171,-0.04261058,0.021038974,-0.07590009
5.992822,-0.03568636,0.02743056,-0.070041135
5.999514,-0.027164243,0.034088463,-0.063116916
6.0042005,-0.021837922,0.037284255,-0.05912218
6.008798,-0.021038974,0.038615838,-0.055127434
6.0134597,-0.021038974,0.03888215,-0.052996907
6.020381,-0.018642128,0.04261058,-0.04873585
6.0250635,-0.02130529,0.049002163,-0.046871636
6.03032,-0.02130529,0.049002163,-0.046871636
6.0350637,-0.027963191,0.054328486,-0.040746365
6.0417347,-0.027963191,0.054328486,-0.040746365
6.0442095,-0.04474111,0.0628506,-0.03488741
6.0517125,-0.055127434,0.06977482,-0.03009372
6.054262,-0.06844324,0.07989483,-0.027696876
6.0592623,-0.08522116,0.0892159,-0.025300032
6.0638437,-0.08522116,0.0892159,-0.025300032
6.066424,-0.09667275,0.101200126,-0.025033714
6.073435,-0.10279802,0.11158645,-0.021038974
6.0760317,-0.10705908,0.12117383,-0.016777916
6.0849037,-0.11105382,0.1272991,-0.008522116
6.0898175,-0.10892329,0.14088123,0.006657903
6.098333,-0.104928546,0.14487597,0.015446335
6.103003,-0.09853696,0.1470065,0.024501082
6.1089263,-0.09241169,0.14940333,0.029028457
6.113601,-0.0777643,0.15606125,0.03435478
6.11944,-0.0777643,0.15606125,0.03435478
6.122776,-0.081226416,0.14327806,0.030360037
6.128734,-0.081226416,0.14327806,0.030360037
6.1334057,-0.083889574,0.1387507,0.029294772
6.13926,-0.083889574,0.1387507,0.029294772
6.143939,-0.08442221,0.1371528,0.027963191
6.1503186,-0.08442221,0.1371528,0.027963191
6.1527934,-0.076166406,0.14114754,0.035952676
6.1616664,-0.06711166,0.14594123,0.038615838
6.164217,-0.059388492,0.14833808,0.039414786
6.1728425,-0.051665325,0.15233281,0.03701794
6.175441,-0.043409526,0.1603223,0.03834952
6.1834707,-0.038615838,0.16378441,0.040480047
6.186067,-0.03542004,0.16591494,0.040480047
6.1937375,-0.035952676,0.17124127,0.04181163
6.198622,-0.04660532,0.18002969,0.04261058
6.2067003,-0.06018744,0.17949706,0.039947417
6.211601,-0.0777643,0.1784318,0.036751624
6.218523,-0.0974717,0.17603496,0.0314253
6.221846,-0.11851067,0.180296,0.029028457
6.2269707,-0.11851067,0.180296,0.029028457
6.231698,-0.12516858,0.180296,0.01304949
6.2389092,-0.12516858,0.180296,0.01304949
6.241392,-0.13315806,0.16644756,-0.019707393
6.249495,-0.13369069,0.15952335,-0.037550572
6.252063,-0.13582122,0.15259913,-0.05273059
6.257063,-0.13848437,0.14594123,-0.066312715
6.261395,-0.13848437,0.14594123,-0.066312715
6.2639823,-0.13795175,0.13981596,-0.07829694
6.2709684,-0.13022858,0.1387507,-0.09081379
6.273526,-0.123038046,0.13369069,-0.099069595
6.2823987,-0.10705908,0.13289174,-0.105993815
6.285001,-0.08495484,0.13182648,-0.11052119
6.291924,-0.066046394,0.13209279,-0.11558119
6.294528,-0.04234426,0.1371528,-0.11531488
6.2995276,-0.019441076,0.1419465,-0.11424961
6.305803,-0.019441076,0.1419465,-0.11424961
6.3092756,0.019707393,0.14780544,-0.10945592
6.314812,0.03488741,0.1486044,-0.10972224
6.319605,0.04660532,0.15020229,-0.108124346
6.326302,0.05566007,0.15286545,-0.10333065
6.330968,0.06364955,0.1520665,-0.09773801
6.33655,0.06924219,0.15073492,-0.09161274
6.3412166,0.054062173,0.1486044,-0.07882957
6.347332,0.054062173,0.1486044,-0.07882957
6.349809,0.025566347,0.14114754,-0.063116916
6.354809,0.009853696,0.13981596,-0.05566007
6.3588643,0.009853696,0.13981596,-0.05566007
6.3614125,-0.0010652645,0.1403486,-0.049534798
6.3700633,-0.0077231675,0.14221281,-0.046072688
6.3726153,-0.0127831735,0.14301175,-0.04234426
6.3800454,-0.013315806,0.14247912,-0.039947417
6.3826466,-0.0058589545,0.14833808,-0.038615838
6.391012,0.008522116,0.1536644,-0.03701794
6.39362,0.019441076,0.15472966,-0.036485307
6.401082,0.03435478,0.1571265,-0.03914847
6.4037066,0.051931642,0.15819177,-0.042077947
6.4087067,0.07137272,0.15606125,-0.045540057
6.4141164,0.07137272,0.15606125,-0.045540057
6.417619,0.112918034,0.1470065,-0.033289514
6.42219,0.13475595,0.14274544,-0.018375812
6.426926,0.14327806,0.13608754,-0.0031957934
6.433836,0.14727281,0.13102753,0.012250541
6.4385586,0.14274544,0.123836994,0.028495824
6.4431224,0.12596752,0.11930962,0.045007423
6.448706,0.109988555,0.11957593,0.05885586
6.4553823,0.08628642,0.11638014,0.07057377
6.4600263,0.018642128,0.10466223,0.088150635
6.464783,0.018642128,0.10466223,0.088150635
6.4696693,-0.044208474,0.0974717,0.10279802
6.475158,-0.044208474,0.0974717,0.10279802
6.478252,-0.06711166,0.09241169,0.1073254
6.4832377,-0.08149273,0.08841695,0.112119086
6.487786,-0.08575379,0.086020105,0.11611383
6.4944863,-0.081226416,0.08229168,0.11984225
6.4990253,-0.0644485,0.07989483,0.123038046
6.5034366,-0.03914847,0.0777643,0.12357068
6.5079384,-0.01438107,0.07243799,0.120907515
6.5142784,0.011717909,0.070307456,0.12010857
6.518826,0.03542004,0.06578008,0.12144015
6.523234,0.054328486,0.061519023,0.1206412
6.5277524,0.06950851,0.05965481,0.11797804
6.5340886,0.0793622,0.05965481,0.11531488
6.5385923,0.08016115,0.057790596,0.10865697
6.5430093,0.07350325,0.05486112,0.1025317
6.547733,0.058589544,0.05352954,0.09614012
6.55406,0.039414786,0.052464273,0.087884314
6.5586042,0.019441076,0.054594804,0.07829694
6.5634613,0.0018642128,0.061252706,0.06977482
6.5680103,-0.0127831735,0.06897587,0.0628506
6.574646,-0.029294772,0.072970614,0.055926383
6.57712,-0.038083203,0.07536746,0.04926848
6.5854573,-0.047137953,0.08362326,0.03355583
6.5879016,-0.04527374,0.08735169,0.023435818
6.5929017,-0.04314321,0.091080114,0.011717909
6.5973344,-0.04314321,0.091080114,0.011717909
6.5997887,-0.037550572,0.09454222,0.005060006
6.606366,-0.028495824,0.099069595,-0.0031957934
6.608821,-0.026631612,0.09986854,-0.010652645
6.617365,-0.026631612,0.10066749,-0.018908445
6.6198173,-0.02609898,0.10466223,-0.02743056
6.6262326,-0.026631612,0.10626013,-0.035153728
6.6286793,-0.03355583,0.103863284,-0.04181163
6.637096,-0.038615838,0.10226539,-0.049534798
6.639549,-0.041279,0.09880328,-0.05832323
6.6460195,-0.045540057,0.09134643,-0.06364955
6.648474,-0.04234426,0.08548747,-0.06498113
6.657306,-0.034088463,0.07856325,-0.066046394
6.6597867,-0.027164243,0.072171666,-0.06498113
6.665393,-0.018908445,0.061252706,-0.06364955
6.6687875,-0.008255799,0.050866377,-0.061519023
6.676855,-0.0053263223,0.03701794,-0.06178534
6.679572,-0.0031957934,0.023169503,-0.060453758
6.6863785,-0.004527374,0.011717909,-0.059388492
6.6889515,-0.010386328,-0.0013315806,-0.05912218
6.6978474,-0.021837922,-0.013848438,-0.056459017
6.7004385,-0.030626353,-0.025033714,-0.054328486
6.707245,-0.04580637,-0.036485307,-0.050600063
6.7098317,-0.060453758,-0.04580637,-0.04447479
6.7186437,-0.07376956,-0.054594804,-0.03914847
6.723477,-0.103064336,-0.077231675,-0.034621093
6.730613,-0.11504856,-0.08548747,-0.03169162
6.735379,-0.12463594,-0.09161274,-0.02956109
6.7421165,-0.13795175,-0.09880328,-0.024234766
6.745427,-0.14274544,-0.10066749,-0.016245283
6.7512126,-0.14168017,-0.099069595,-0.008522116
6.755889,-0.13741912,-0.09827065,-0.0018642128
6.761982,-0.13156016,-0.09960223,0.0013315806
6.7653203,-0.12436963,-0.09960223,0.0039947415
6.771022,-0.11957593,-0.10279802,0.0053263223
6.7757034,-0.1107875,-0.100933805,0.0061252704
6.7817883,-0.10359697,-0.09720538,0.005060006
6.785108,-0.1041296,-0.092145376,0.0055926386
6.790813,-0.09880328,-0.08575379,0.002130529
6.795486,-0.09614012,-0.08016115,-0.0026631611
6.8015776,-0.09374327,-0.07483483,-0.0063915867
6.8049088,-0.09347696,-0.06578008,-0.010652645
6.8107133,-0.09427591,-0.055127434,-0.016245283
6.81539,-0.0958738,-0.04660532,-0.024767399
6.821826,-0.094009586,-0.034621093,-0.033023197
6.82432,-0.09267801,-0.02609898,-0.038083203
6.82932,-0.09134643,-0.01438107,-0.046871636
6.833482,-0.09134643,-0.01438107,-0.046871636
6.8360295,-0.08282431,-0.0058589545,-0.054062173
6.8410296,-0.07563378,0.0018642128,-0.06018744
6.8455715,-0.07563378,0.0018642128,-0.06018744
6.848151,-0.07057377,0.006924219,-0.06338324
6.855644,-0.05912218,0.016511599,-0.06364955
6.858226,-0.05139901,0.020506341,-0.063116916
6.8664594,-0.04261058,0.02609898,-0.06018744
6.8699083,-0.027696876,0.04314321,-0.057257965
6.8771195,-0.027696876,0.04314321,-0.057257965
6.88184,-0.01784318,0.05219796,-0.049534798
6.8901024,-0.01784318,0.05219796,-0.049534798
6.8947825,-0.017310547,0.054594804,-0.045007423
6.900187,-0.025300032,0.05219796,-0.042876896
6.904862,-0.029294772,0.050866377,-0.03914847
6.9119797,-0.036751624,0.046339005,-0.03488741
6.9144773,-0.04926848,0.03834952,-0.022903185
6.921917,-0.056991648,0.03435478,-0.016777916
6.9244657,-0.06018744,0.030360037,-0.008788432
6.929466,-0.06498113,0.02743056,7.9894834E-4
6.9338884,-0.06498113,0.02743056,7.9894834E-4
6.9364724,-0.06844324,0.024767399,0.011717909
6.9434624,-0.071106404,0.027963191,0.021038974
6.9459987,-0.0793622,0.02396845,0.02956109
6.9548397,-0.08548747,0.01784318,0.036485307
6.957607,-0.095074855,0.0127831735,0.041279
6.964451,-0.10066749,0.011717909,0.046339005
6.9670343,-0.10945592,0.006657903,0.047670584
6.975872,-0.11638014,0.0039947415,0.04926848
6.9793153,-0.12543489,5.326322E-4,0.047404267
6.9851165,-0.12543489,5.326322E-4,0.047404267
6.989786,-0.13022858,-0.008255799,0.038083203
6.998255,-0.13022858,-0.008255799,0.038083203
7.0029907,-0.1307612,-0.010918961,0.027164243
7.0086203,-0.123836994,-0.008522116,0.02396845
7.0133357,-0.12144015,-0.011717909,0.019441076
7.0194383,-0.11558119,-0.013582122,0.015446335
7.0241003,-0.103863284,-0.010386328,0.013315806
7.0299497,-0.0892159,-0.0039947415,0.010386328
7.032424,-0.0793622,0.0015978967,0.0077231675
7.0374236,-0.0644485,0.0029294773,2.663161E-4
7.0420866,-0.0644485,0.0029294773,2.663161E-4
7.0446386,-0.0644485,0.0015978967,-0.00479369
7.05259,-0.058056913,0.0058589545,-0.0077231675
7.0551777,-0.05832323,0.005060006,-0.008788432
7.0636606,-0.05832323,0.005060006,-0.009321064
7.066273,-0.061519023,0.00479369,-0.009853696
7.0737143,-0.064182185,0.0039947415,-0.0077231675
7.076306,-0.07084008,0.0015978967,-0.009853696
7.0848393,-0.07643273,0.0015978967,-0.013315806
7.0898285,-0.0892159,0.008788432,-0.01304949
7.0969377,-0.0892159,0.008788432,-0.01304949
7.101655,-0.10333065,0.010120012,-0.013848438
7.1085706,-0.10892329,0.009321064,-0.014913702
7.111096,-0.108124346,0.009321064,-0.016777916
7.119704,-0.10626013,0.008255799,-0.01917476
7.122252,-0.08495484,0.005060006,-0.029294772
7.127252,-0.06844324,0.0029294773,-0.03089267
7.131629,-0.06844324,0.0029294773,-0.03089267
7.134231,-0.053795855,-2.663161E-4,-0.029827405
7.1413503,-0.03781689,-0.0013315806,-0.029028457
7.1438885,-0.020772656,-0.0010652645,-0.025832662
7.1528344,-0.007456851,-0.0031957934,-0.023702133
7.155456,0.0037284256,-0.005060006,-0.018642128
7.1623197,0.008255799,-0.004527374,-0.010652645
7.164929,0.016245283,-0.0018642128,-0.0037284256
7.1699286,0.01571265,-0.0034621095,0.0015978967
7.174149,0.01571265,-0.0034621095,0.0015978967
7.177604,0.01304949,0.004261058,0.022370555
7.182135,0.01304949,0.004261058,0.022370555
7.187011,-0.008255799,0.0053263223,0.041279
7.1943965,-0.008255799,0.0053263223,0.041279
7.1991253,-0.033023197,-5.326322E-4,0.05832323
7.205521,-0.046871636,-0.006657903,0.06498113
7.2103543,-0.05566007,-0.010386328,0.07190535
7.2163105,-0.062051654,-0.012516857,0.080960095
7.220993,-0.06950851,-0.015978966,0.08575379
7.2265964,-0.07403588,-0.01917476,0.09321064
7.2312603,-0.07456851,-0.022104237,0.10173275
7.2373605,-0.07190535,-0.023169503,0.10839066
7.239834,-0.06657903,-0.025033714,0.11318435
7.244834,-0.05912218,-0.027164243,0.11611383
7.2489257,-0.05912218,-0.027164243,0.11611383
7.2514935,-0.044208474,-0.034088463,0.123038046
7.2564936,-0.03195793,-0.038083203,0.12623383
7.2605305,-0.03195793,-0.038083203,0.12623383
7.263134,-0.023169503,-0.03914847,0.12836437
7.270671,-0.017310547,-0.043675844,0.12809806
7.2732773,-0.014647386,-0.048203215,0.12410331
7.281542,-0.011717909,-0.051665325,0.12144015
7.2863727,-0.011185277,-0.055127434,0.119043306
7.292272,-0.014913702,-0.06098639,0.11744541
7.296994,-0.024501082,-0.06844324,0.113983296
7.304971,-0.024501082,-0.06844324,0.113983296
7.309688,-0.04474111,-0.07856325,0.114782244
7.3142753,-0.056991648,-0.08362326,0.11318435
7.3189588,-0.06471482,-0.08282431,0.11052119
7.325654,-0.071106404,-0.082025364,0.10839066
7.3289924,-0.076166406,-0.0793622,0.108124346
7.334106,-0.08069378,-0.076965354,0.105993815
7.3387895,-0.07856325,-0.0743022,0.10519487
7.345893,-0.07563378,-0.07163903,0.10333065
7.3484,-0.06684534,-0.0628506,0.100933805
7.3570237,-0.05273059,-0.055127434,0.0958738
7.3595867,-0.040480047,-0.045007423,0.09054748
7.364587,-0.0314253,-0.036218993,0.087618
7.3689456,-0.0314253,-0.036218993,0.087618
7.3715463,-0.010652645,-0.017576864,0.08229168
7.378145,0.0013315806,-0.009054748,0.07989483
7.3807135,0.007989483,-5.326322E-4,0.07669904
7.38955,0.011717909,0.006924219,0.073236935
7.392121,0.018642128,0.01571265,0.07057377
7.3990927,0.027696876,0.024501082,0.07190535
7.401671,0.034088463,0.03089267,0.072171666
7.4104695,0.04447479,0.036485307,0.072171666
7.4139247,0.062051654,0.04447479,0.07483483
7.420422,0.08149273,0.054062173,0.07749799
7.4251547,0.10705908,0.06897587,0.08575379
7.432194,0.10705908,0.06897587,0.08575379
7.435584,0.11424961,0.076965354,0.083889574
7.440023,0.11424961,0.076965354,0.083889574
7.444269,0.107858025,0.07669904,0.08229168
7.451503,0.104928546,0.07856325,0.08175905
7.454886,0.09454222,0.08468852,0.07882957
7.4594073,0.09454222,0.08468852,0.07882957
7.4641027,0.0892159,0.0892159,0.076965354
7.4713087,0.08149273,0.090281166,0.07536746
7.475986,0.072171666,0.0958738,0.07243799
7.4831,0.072171666,0.0958738,0.07243799
7.487772,0.06551377,0.104928546,0.07057377
7.4938784,0.06551377,0.11052119,0.06924219
7.497191,0.06498113,0.11371698,0.06711166
7.502868,0.06684534,0.116912775,0.06657903
7.507668,0.07403588,0.122771725,0.06364955
7.5141215,0.0793622,0.12676647,0.060720075
7.516593,0.08548747,0.1304949,0.05566007
7.5215936,0.09241169,0.1323591,0.05273059
7.525727,0.09241169,0.1323591,0.05273059
7.528278,0.10173275,0.13528858,0.041545313
7.537216,0.10626013,0.13448964,0.03542004
7.5398173,0.107858025,0.13422333,0.030360037
7.547247,0.10918961,0.13422333,0.022903185
7.549847,0.10839066,0.12809806,0.016245283
7.5581517,0.10759171,0.124902256,0.01438107
7.5607696,0.104928546,0.11771172,0.013848438
7.5682616,0.09960223,0.11158645,0.013582122
7.5709066,0.08841695,0.10359697,0.011185277
7.5791655,0.08016115,0.0958738,0.011984225
7.5826178,0.0727043,0.087884314,0.01304949
7.589217,0.06657903,0.07989483,0.017310547
7.5938907,0.050866377,0.05832323,0.022104237
7.6022224,0.050866377,0.05832323,0.022104237
7.6055603,0.038083203,0.044208474,0.031158986
7.6106772,0.030360037,0.03701794,0.03701794
7.6153507,0.019707393,0.026631612,0.042876896
7.622187,0.008522116,0.021038974,0.051665325
7.6255293,-0.009054748,0.014913702,0.0561927
7.63063,-0.023169503,0.013582122,0.062051654
7.6353154,-0.039414786,0.007989483,0.06764429
7.6420574,-0.05352954,0.0026631611,0.07350325
7.645371,-0.066312715,-0.0034621095,0.07669904
7.6505504,-0.0743022,-0.008788432,0.08282431
7.6552267,-0.0777643,-0.010386328,0.086020105
7.661991,-0.07829694,-0.012516857,0.09134643
7.6653028,-0.08016115,-0.015978966,0.09321064
7.6704664,-0.0777643,-0.018908445,0.09347696
7.675154,-0.075101145,-0.020772656,0.09161274
7.6822214,-0.07163903,-0.021038974,0.087618
7.6846895,-0.06844324,-0.020506341,0.08681905
7.6933765,-0.06737798,-0.025033714,0.08735169
7.6959305,-0.06498113,-0.026631612,0.08735169
7.70093,-0.06711166,-0.03009372,0.08628642
7.7051644,-0.06711166,-0.03009372,0.08628642
7.7077417,-0.06950851,-0.038083203,0.08229168
7.7147427,-0.071106404,-0.040480047,0.082558
7.7174516,-0.0777643,-0.04474111,0.08335695
7.7262917,-0.08495484,-0.049002163,0.083090626
7.728907,-0.088150635,-0.051665325,0.083090626
7.735707,-0.08628642,-0.04873585,0.086020105
7.738293,-0.086020105,-0.047670584,0.090014845
7.747093,-0.082558,-0.045007423,0.09321064
7.7505493,-0.08335695,-0.045540057,0.09454222
7.756543,-0.08575379,-0.0479369,0.09321064
7.7612085,-0.087884314,-0.04873585,0.09134643
7.768268,-0.09454222,-0.05352954,0.087618
7.7729964,-0.09667275,-0.05672533,0.08575379
7.77778,-0.09667275,-0.05672533,0.08575379
7.7824426,-0.099069595,-0.058056913,0.08175905
7.790414,-0.099069595,-0.058056913,0.08175905
7.795174,-0.096939065,-0.058589544,0.0743022
7.8009825,-0.096939065,-0.055127434,0.07243799
7.8034797,-0.09720538,-0.051132694,0.06844324
7.80848,-0.096939065,-0.04873585,0.06524745
7.8133454,-0.096939065,-0.04873585,0.06524745
7.815901,-0.07829694,-0.03169162,0.05566007
7.823762,-0.070041135,-0.023435818,0.05273059
7.8263445,-0.06018744,-0.018642128,0.048203215
7.8345838,-0.052996907,-0.017044231,0.043942157
7.8373003,-0.046871636,-0.017576864,0.042077947
7.8447676,-0.040213734,-0.016511599,0.03834952
7.847459,-0.038083203,-0.018109497,0.03435478
7.8560047,-0.036218993,-0.015446335,0.032490566
7.859471,-0.039414786,-0.014647386,0.03169162
7.865972,-0.041012682,-0.009853696,0.030360037
7.8706274,-0.05273059,-0.0031957934,0.025832662
7.876505,-0.05273059,-0.0031957934,0.025832662
7.881217,-0.06737798,0.002396845,0.025832662
7.888234,-0.06737798,0.002396845,0.025832662
7.892902,-0.076965354,0.0127831735,0.0314253
7.9008527,-0.07962852,0.018642128,0.03355583
7.903345,-0.079095885,0.026631612,0.038083203
7.910796,-0.081226416,0.03089267,0.04261058
7.913357,-0.0793622,0.0396811,0.047404267
7.9183564,-0.0777643,0.045540057,0.05352954
7.922743,-0.0777643,0.045540057,0.05352954
7.9253235,-0.07829694,0.049002163,0.059388492
7.9323206,-0.079095885,0.048469532,0.05672533
7.934896,-0.07989483,0.04474111,0.05486112
7.939896,-0.08149273,0.0396811,0.053795855
7.944202,-0.08149273,0.0396811,0.053795855
7.9476466,-0.08175905,0.04181163,0.054328486
7.954382,-0.07856325,0.04527374,0.05672533
7.959047,-0.07483483,0.045540057,0.05752428
7.9661117,-0.06950851,0.04660532,0.059388492
7.9708166,-0.07084008,0.04181163,0.066312715
7.9754815,-0.07084008,0.04181163,0.066312715
7.9801517,-0.081226416,0.025566347,0.073236935
7.988189,-0.081226416,0.025566347,0.073236935
7.9928575,-0.105993815,0.011984225,0.07882957
7.9986787,-0.11638014,0.009853696,0.082558
8.001156,-0.12996227,0.00479369,0.083889574
8.006156,-0.14088123,2.663161E-4,0.08735169
8.011263,-0.14088123,2.663161E-4,0.08735169
8.013836,-0.15126756,0.002396845,0.08575379
8.021857,-0.15233281,0.0063915867,0.08468852
8.024423,-0.15259913,0.00958738,0.08229168
8.033111,-0.14966966,0.01304949,0.07829694
8.036601,-0.14061491,0.022903185,0.07456851
8.04398,-0.12463594,0.03542004,0.071106404
8.048642,-0.10439592,0.046072688,0.06711166
8.054556,-0.08335695,0.055926383,0.06711166
8.059324,-0.06364955,0.06471482,0.066312715
8.064872,-0.04527374,0.06924219,0.06498113
8.06968,-0.010652645,0.08575379,0.06791061
8.077665,-0.010652645,0.08575379,0.06791061
8.080192,2.663161E-4,0.095074855,0.07350325
8.088801,-0.0010652645,0.09667275,0.07190535
8.091342,-0.0029294773,0.10173275,0.07243799
8.096342,-0.006657903,0.10679276,0.07590009
8.100717,-0.006657903,0.10679276,0.07590009
8.103291,-0.02130529,0.11744541,0.07856325
8.110267,-0.02130529,0.11744541,0.07856325
8.112836,-0.02956109,0.124902256,0.08149273
8.117836,-0.031158986,0.123836994,0.082025364
8.122111,-0.031158986,0.123836994,0.082025364
8.125588,-0.029827405,0.122771725,0.082025364
8.1326,-0.028229509,0.120907515,0.080960095
8.13731,-0.025300032,0.11584751,0.077231675
8.144589,-0.019707393,0.10865697,0.07456851
8.1493845,-0.00958738,0.10066749,0.07590009
8.156514,-0.00958738,0.10066749,0.07590009
8.161169,-0.007456851,0.094808534,0.076965354
8.167887,-0.009054748,0.09454222,0.080960095
8.170362,-0.014913702,0.08894958,0.08282431
8.178376,-0.025832662,0.079095885,0.08335695
8.1809435,-0.036218993,0.06791061,0.08175905
8.185944,-0.04873585,0.054328486,0.079095885
8.190075,-0.04873585,0.054328486,0.079095885
8.192667,-0.07989483,0.035952676,0.071106404
8.200342,-0.09187906,0.029028457,0.0644485
8.202946,-0.10279802,0.02263687,0.058589544
8.207946,-0.11132014,0.01917476,0.053263225
8.212159,-0.11132014,0.01917476,0.053263225
8.215618,-0.11664646,0.013315806,0.0479369
8.221813,-0.11611383,0.005060006,0.04314321
8.226518,-0.11424961,-0.004261058,0.036218993
8.233392,-0.112918034,-0.013582122,0.03089267
8.236913,-0.09880328,-0.023702133,0.020772656
8.242517,-0.09880328,-0.023702133,0.020772656
8.247261,-0.08681905,-0.027164243,0.024234766
8.255803,-0.08681905,-0.027164243,0.024234766
8.258277,-0.07163903,-0.019707393,0.030626353
8.266789,-0.059921127,-0.010386328,0.03488741
8.269352,-0.049801115,-0.0029294773,0.03488741
8.2782,-0.041012682,0.004261058,0.035153728
8.280841,-0.022370555,0.017310547,0.03169162
8.287777,-0.022370555,0.017310547,0.03169162
8.290348,-0.018109497,0.021571605,0.03195793
8.295348,-0.014913702,0.025300032,0.030626353
8.300128,-0.014913702,0.025300032,0.030626353
8.303622,-0.012250541,0.03435478,0.0314253
8.310507,-0.008788432,0.043942157,0.03435478
8.315218,-0.007456851,0.053263225,0.03435478
8.322489,-0.006924219,0.060720075,0.035153728
8.325919,-0.0031957934,0.07563378,0.038083203
8.330418,-0.0031957934,0.07563378,0.038083203
8.335118,7.9894834E-4,0.08362326,0.037550572
8.342432,0.002396845,0.092145376,0.036751624
8.347137,0.002130529,0.098004326,0.034621093
8.351699,0.002130529,0.098004326,0.034621093
8.356519,-0.010652645,0.0958738,0.027963191
8.3650875,-0.010652645,0.0958738,0.027963191
8.367566,-0.020240024,0.101200126,0.021038974
8.376158,-0.022370555,0.107858025,0.020772656
8.378706,-0.026897928,0.114782244,0.019707393
8.383706,-0.030626353,0.12037488,0.017310547
8.388017,-0.030626353,0.12037488,0.017310547
8.390619,-0.034621093,0.12650016,0.007190535
8.398221,-0.036751624,0.12836437,-0.002130529
8.400828,-0.036218993,0.12942964,-0.011185277
8.409624,-0.0314253,0.1323591,-0.017044231
8.414473,-0.022903185,0.1355549,-0.023702133
8.420217,-0.015180019,0.1371528,-0.029827405
8.424919,-0.007190535,0.13901702,-0.038083203
8.431902,0.0031957934,0.13901702,-0.045007423
8.436628,0.018375812,0.14221281,-0.056991648
8.443726,0.018375812,0.14221281,-0.056991648
8.447094,0.029827405,0.13901702,-0.06977482
8.455885,0.034088463,0.13901702,-0.07483483
8.458434,0.039947417,0.14168017,-0.077231675
8.46543,0.041545313,0.1488707,-0.07749799
8.467981,0.04447479,0.1504686,-0.07829694
8.472981,0.044208474,0.14966966,-0.079095885
8.477788,0.044208474,0.14966966,-0.079095885
8.480379,0.040213734,0.14008227,-0.07829694
8.487358,0.040746365,0.13289174,-0.07563378
8.489941,0.040213734,0.1257012,-0.072171666
8.494941,0.04314321,0.12170646,-0.06791061
8.499344,0.04314321,0.12170646,-0.06791061
8.502794,0.03888215,0.11664646,-0.06338324
8.507559,0.03542004,0.109988555,-0.058589544
8.512218,0.028229509,0.101999074,-0.056459017
8.521218,0.022104237,0.092944324,-0.054594804
8.525945,0.011717909,0.08069378,-0.048203215
8.533014,0.0061252704,0.08016115,-0.04314321
8.535499,0.0010652645,0.073236935,-0.036218993
8.540499,-0.004527374,0.06870956,-0.027696876
8.545689,-0.004527374,0.06870956,-0.027696876
8.548285,-0.014114754,0.054062173,-0.009853696
8.555995,-0.014114754,0.054062173,-0.009853696
8.558573,-0.016511599,0.041545313,0.004527374
8.563572,-0.014647386,0.038083203,0.014647386
8.567746,-0.014647386,0.038083203,0.014647386
8.57119,-0.018109497,0.027164243,0.025300032
8.578096,-0.023435818,0.016777916,0.03488741
8.582755,-0.02956109,0.009321064,0.041545313
8.589575,-0.034088463,0.005060006,0.04527374
8.59429,-0.04873585,-0.008522116,0.051665325
8.59993,-0.04873585,-0.008522116,0.051665325
8.604596,-0.054062173,-0.014647386,0.054328486
8.613252,-0.054062173,-0.014647386,0.054328486
8.61575,-0.055926383,-0.021038974,0.0561927
8.622784,-0.05219796,-0.01917476,0.055926383
8.62535,-0.052464273,-0.019441076,0.054594804
8.630349,-0.048203215,-0.018908445,0.053263225
8.635269,-0.048203215,-0.018908445,0.053263225
8.637869,-0.043942157,-0.020240024,0.048469532
8.6449795,-0.043942157,-0.020240024,0.048469532
8.647696,-0.029294772,-0.0127831735,0.04660532
8.652696,-0.024501082,-0.009321064,0.04660532
8.657524,-0.024501082,-0.009321064,0.04660532
8.660992,-0.021038974,-0.006657903,0.047137953
8.66552,-0.01571265,-0.0031957934,0.046339005
8.67114,-0.011984225,-0.0018642128,0.045007423
8.678472,-0.0055926386,0.0015978967,0.046072688
8.683146,-0.0037284256,0.00479369,0.046871636
8.687814,-0.0018642128,0.007456851,0.045540057
8.692491,-0.0029294773,0.0061252704,0.043675844
8.699822,-0.0026631611,0.009321064,0.043409526
8.703141,-0.0013315806,0.014647386,0.045007423
8.708253,-0.0013315806,0.014647386,0.045007423
8.712916,-0.0018642128,0.017044231,0.043409526
8.72147,-0.0018642128,0.017044231,0.043409526
8.723948,-0.0029294773,0.018375812,0.040746365
8.732152,-0.00958738,0.018642128,0.039414786
8.734703,-0.010120012,0.019973708,0.03781689
8.739702,-0.006924219,0.026631612,0.036751624
8.744164,-0.006924219,0.026631612,0.036751624
8.746753,-0.010120012,0.027164243,0.03435478
8.754298,-0.010120012,0.027164243,0.03435478
8.756878,-0.019441076,0.026365295,0.03089267
8.7657,-0.025033714,0.027963191,0.027696876
8.76915,-0.03222425,0.025033714,0.023435818
8.775915,-0.03542004,0.02743056,0.02130529
8.780658,-0.0396811,0.027164243,0.01917476
8.787587,-0.04234426,0.027696876,0.013582122
8.792258,-0.04234426,0.03781689,0.007456851
8.797,-0.04234426,0.03781689,0.007456851
8.8016615,-0.03435478,0.04926848,0.0015978967
8.810214,-0.03435478,0.04926848,0.0015978967
8.812679,-0.02956109,0.06018744,-0.007456851
8.820571,-0.022104237,0.0644485,-0.01304949
8.823142,-0.0127831735,0.06764429,-0.018642128
8.828141,-0.0061252704,0.06684534,-0.024234766
8.834513,-0.0061252704,0.06684534,-0.024234766
8.838036,0.010652645,0.07190535,-0.034621093
8.844434,0.014913702,0.071106404,-0.041279
8.849772,0.01784318,0.07057377,-0.04527374
8.857017,0.019707393,0.072171666,-0.0479369
8.861674,0.017576864,0.072970614,-0.054594804
8.86629,0.017576864,0.072970614,-0.054594804
8.871005,0.008522116,0.07563378,-0.052464273
8.87959,0.008522116,0.07563378,-0.052464273
8.882073,0.0037284256,0.07403588,-0.04527374
8.8903885,0.005060006,0.07376956,-0.043409526
8.892944,0.00479369,0.07163903,-0.039947417
8.901927,0.0010652645,0.070307456,-0.03435478
8.90453,-0.004527374,0.06711166,-0.027696876
8.912131,-0.014114754,0.06018744,-0.022903185
8.914741,-0.032490566,0.054062173,-0.013582122
8.919741,-0.032490566,0.054062173,-0.013582122
8.924032,-0.032490566,0.054062173,-0.013582122
8.927509,-0.06098639,0.047404267,-0.00958738
8.934048,-0.07163903,0.04314321,-0.010918961
8.938724,-0.07669904,0.041012682,-0.011717909
8.945632,-0.07962852,0.03888215,-0.013848438
8.950293,-0.07669904,0.04181163,-0.016511599
8.955852,-0.06791061,0.047404267,-0.018642128
8.960529,-0.051665325,0.061252706,-0.022104237
8.969232,-0.051665325,0.061252706,-0.022104237
8.971706,-0.023702133,0.08069378,-0.018642128
8.978786,-0.01571265,0.08681905,-0.014647386
8.981328,-0.0061252704,0.096939065,-0.009321064
8.986328,-2.663161E-4,0.10279802,-0.005060006
8.9912815,-2.663161E-4,0.10279802,-0.005060006
8.993889,0.006657903,0.114782244,0.006924219
9.000949,0.006657903,0.114782244,0.006924219
9.003529,0.011185277,0.1222391,0.0127831735
9.008528,0.014114754,0.1257012,0.017576864
9.013335,0.014114754,0.1257012,0.017576864
9.016799,0.015180019,0.12330436,0.024234766
9.021332,0.015180019,0.11930962,0.028229509
9.027315,0.011185277,0.11558119,0.02956109
9.034597,0.0058589545,0.112119086,0.030360037
9.039307,5.326322E-4,0.11158645,0.03169162
9.043894,-0.005060006,0.10439592,0.029294772
9.048652,-0.010652645,0.094808534,0.028229509
9.0559635,-0.018109497,0.082558,0.025300032
9.060636,-0.032490566,0.056991648,0.02263687
9.067728,-0.032490566,0.056991648,0.02263687
9.070201,-0.04580637,0.025033714,0.021038974
9.075201,-0.05139901,0.00958738,0.021837922
9.079981,-0.05139901,0.00958738,0.021837922
9.082619,-0.055926383,-0.0018642128,0.024501082
9.090362,-0.063116916,-0.014913702,0.030626353
9.092951,-0.07856325,-0.035153728,0.043675844
9.097951,-0.07856325,-0.035153728,0.043675844
9.102171,-0.07856325,-0.035153728,0.043675844
9.105622,-0.09773801,-0.056459017,0.050866377
9.111973,-0.10759171,-0.0628506,0.054328486
9.116762,-0.11930962,-0.070307456,0.05912218
9.123664,-0.12756541,-0.0743022,0.062051654
9.128354,-0.13901702,-0.07989483,0.0644485
9.133922,-0.15313177,-0.08548747,0.064182185
9.1385975,-0.18322548,-0.10066749,0.06657903
9.14731,-0.18322548,-0.10066749,0.06657903
9.149789,-0.20612867,-0.1073254,0.06578008
9.156784,-0.20772657,-0.104928546,0.06391586
9.159324,-0.2082592,-0.10466223,0.066312715
9.164324,-0.20293288,-0.103064336,0.06950851
9.169238,-0.20293288,-0.103064336,0.06950851
9.171814,-0.19228023,-0.101200126,0.06844324
9.178801,-0.17630127,-0.099069595,0.066046394
9.18138,-0.16218652,-0.09960223,0.06338324
9.18638,-0.14460965,-0.103064336,0.060720075
9.191202,-0.14460965,-0.103064336,0.060720075
9.194656,-0.109988555,-0.1107875,0.054328486
9.199309,-0.09880328,-0.11025487,0.05219796
9.205264,-0.090014845,-0.1073254,0.05273059
9.212541,-0.08548747,-0.1025317,0.054062173
9.217264,-0.08628642,-0.0974717,0.055127434
9.221849,-0.08628642,-0.09054748,0.056459017
9.226653,-0.087618,-0.082558,0.0561927
9.233938,-0.09187906,-0.07456851,0.057257965
9.237264,-0.090281166,-0.055127434,0.06231797
9.242381,-0.090281166,-0.055127434,0.06231797
9.247229,-0.08655274,-0.04527374,0.06338324
9.255803,-0.07536746,-0.034088463,0.06578008
9.25828,-0.053795855,-0.0127831735,0.07456851
9.26615,-0.0396811,7.9894834E-4,0.07536746
9.268705,-0.029028457,0.009054748,0.076965354
9.277436,-0.016245283,0.014647386,0.076166406
9.280069,-0.007190535,0.016777916,0.075101145
9.287489,0.0031957934,0.02263687,0.07483483
9.2900915,0.007989483,0.02743056,0.07137272
9.298994,0.015446335,0.029827405,0.07084008
9.303847,0.02609898,0.037550572,0.07243799
9.309427,0.02743056,0.041279,0.07137272
9.314465,0.028495824,0.04261058,0.06870956
9.321522,0.029294772,0.043675844,0.066312715
9.326248,0.0314253,0.04580637,0.06498113
9.33179,0.03009372,0.04474111,0.064182185
9.336462,0.025832662,0.041012682,0.06178534
9.3450775,0.025832662,0.041012682,0.06178534
9.347572,0.01438107,0.038615838,0.06338324
9.354542,0.010652645,0.03195793,0.061519023
9.357164,0.010652645,0.028229509,0.06231797
9.362164,0.009321064,0.023702133,0.0628506
9.36741,0.009321064,0.023702133,0.0628506
9.369994,0.010120012,0.022903185,0.06524745
9.376965,0.009853696,0.018642128,0.06870956
9.379558,0.008522116,0.016777916,0.071106404
9.384558,0.006924219,0.01438107,0.07376956
9.388992,0.006924219,0.01438107,0.07376956
9.392433,0.008788432,0.007456851,0.07536746
9.397071,0.011185277,0.007989483,0.0743022
9.4030485,0.013582122,0.0053263223,0.073236935
9.410342,0.013582122,-0.0010652645,0.071106404
9.414995,0.014647386,-0.0055926386,0.06791061
9.419639,0.01438107,-0.0063915867,0.066046394
9.424368,0.013582122,-0.0077231675,0.06498113
9.4316845,0.01571265,-0.008255799,0.062051654
9.436364,0.018908445,-0.004527374,0.052996907
9.441609,0.018908445,-0.004527374,0.052996907
9.44664,0.024501082,0.0039947415,0.048469532
9.45164,0.024501082,0.0039947415,0.048469532
9.455892,0.024501082,0.0039947415,0.048469532
9.458408,0.029028457,0.014913702,0.048203215
9.467017,0.03009372,0.020240024,0.047670584
9.472199,0.024767399,0.018908445,0.03914847
9.47889,0.020506341,0.018375812,0.03435478
9.48355,0.020240024,0.020240024,0.028495824
9.489115,0.017044231,0.020772656,0.023169503
9.493835,0.011185277,0.021038974,0.019441076
9.500746,0.010386328,0.021038974,0.017044231
9.505466,0.019973708,0.026365295,0.009321064
9.511013,0.019973708,0.026365295,0.009321064
9.515753,0.03195793,0.037550572,-0.002396845
9.524287,0.03195793,0.037550572,-0.002396845
9.526785,0.036751624,0.040213734,-0.008522116
9.533548,0.042077947,0.041279,-0.012250541
9.536093,0.047137953,0.04660532,-0.017310547
9.541094,0.055127434,0.050333746,-0.02130529
9.546192,0.055127434,0.050333746,-0.02130529
9.549644,0.07163903,0.057257965,-0.024234766
9.556533,0.0793622,0.060720075,-0.025033714
9.561241,0.087085366,0.06737798,-0.024234766
9.568533,0.09374327,0.07403588,-0.023169503
9.573195,0.098004326,0.08175905,-0.015978966
9.577849,0.09827065,0.08628642,-0.013582122
9.582511,0.094808534,0.09347696,-0.013582122
9.589799,0.08974853,0.10040118,-0.013582122
9.5931425,0.07590009,0.11105382,-0.010120012
9.59828,0.07590009,0.11105382,-0.010120012
9.60294,0.06098639,0.11531488,-0.008788432
9.610216,0.046072688,0.11664646,-0.007190535
9.61487,0.03169162,0.128897,-0.0031957934
9.620337,0.03169162,0.128897,-0.0031957934
9.622841,0.030360037,0.13901702,-5.326322E-4
9.627842,0.030626353,0.14008227,0.0010652645
9.632842,0.030626353,0.14008227,0.0010652645
9.63564,0.030626353,0.14008227,0.0010652645
9.639104,0.029827405,0.123836994,-0.0055926386
9.646144,0.027696876,0.11132014,-0.013582122
9.650819,0.030360037,0.10466223,-0.018375812
9.657743,0.029827405,0.09986854,-0.020506341
9.662418,0.03169162,0.09347696,-0.019973708
9.667151,0.032756884,0.08468852,-0.021837922
9.671845,0.036751624,0.07456851,-0.023702133
9.67877,0.041012682,0.06231797,-0.025033714
9.68349,0.04474111,0.049534798,-0.021837922
9.689353,0.04474111,0.049534798,-0.021837922
9.694062,0.047404267,0.056459017,-0.016511599
9.702638,0.047404267,0.056459017,-0.016511599
9.705106,0.04234426,0.0644485,-0.013582122
9.711919,0.040480047,0.06711166,-0.011717909
9.714489,0.038083203,0.0743022,-0.007456851
9.719488,0.03542004,0.0793622,-0.004527374
9.724806,0.03542004,0.0793622,-0.004527374
9.72834,0.022104237,0.07803062,0.0013315806
9.734201,0.019973708,0.07350325,0.0039947415
9.738887,0.018642128,0.070041135,0.008522116
9.746311,0.015446335,0.062051654,0.010918961
9.7510195,0.010918961,0.049002163,0.013315806
9.755619,0.0029294773,0.03834952,0.013848438
9.760345,-0.01438107,0.021571605,0.011185277
9.767635,-0.034088463,0.00479369,0.010918961
9.7723465,-0.056459017,-0.011984225,0.010386328
9.777122,-0.07643273,-0.02956109,0.008788432
9.781783,-0.10040118,-0.0479369,0.006924219
9.790158,-0.12250541,-0.06764429,0.006924219
9.7926445,-0.16085494,-0.09853696,0.0061252704
9.801424,-0.17603496,-0.11132014,0.0058589545
9.803962,-0.19574234,-0.12623383,0.004261058
9.808962,-0.20932446,-0.13741912,0.0031957934
9.813534,-0.20932446,-0.13741912,0.0031957934
9.816977,-0.22370553,-0.15313177,0.0015978967
9.823967,-0.22370553,-0.15313177,0.0015978967
9.828694,-0.19920446,-0.14913702,0.012250541
9.835611,-0.1784318,-0.14061491,0.021038974
9.840344,-0.1504686,-0.13475595,0.0314253
9.845955,-0.11930962,-0.13342437,0.03914847
9.850614,-0.09241169,-0.13688648,0.043409526
9.857543,-0.07137272,-0.13768543,0.04660532
9.862223,-0.041012682,-0.12676647,0.049534798
9.868062,-0.041012682,-0.12676647,0.049534798
9.870544,-0.04474111,-0.13022858,0.046072688
9.8755455,-0.051665325,-0.1307612,0.0479369
9.882524,-0.051665325,-0.1307612,0.0479369
9.885984,-0.07536746,-0.13741912,0.041279
9.892614,-0.07536746,-0.13741912,0.041279
9.897397,-0.07243799,-0.13981596,0.03089267
9.9050455,-0.06578008,-0.1387507,0.027696876
9.909733,-0.059921127,-0.14061491,0.025033714
9.914405,-0.05352954,-0.13821806,0.02130529
9.919081,-0.047137953,-0.13342437,0.015978966
9.926358,-0.035153728,-0.12676647,0.011984225
9.931027,-0.010120012,-0.10972224,0.0077231675
9.936305,-0.010120012,-0.10972224,0.0077231675
9.94097,0.005060006,-0.09880328,0.015446335
9.949569,0.005060006,-0.09880328,0.015446335
9.952051,0.011717909,-0.08335695,0.022370555
9.959376,0.013848438,-0.07350325,0.024767399
9.961944,0.015446335,-0.06258429,0.026897928
9.966945,0.01784318,-0.050866377,0.030360037
9.971233,0.01784318,-0.050866377,0.030360037
9.973886,0.016777916,-0.042876896,0.033822145
9.981591,0.014913702,-0.034621093,0.03888215
9.986425,0.011185277,-0.025033714,0.046072688
9.993492,0.011185277,-0.025033714,0.046072688
9.998163,0.011185277,-0.01571265,0.05006743
10.003726,0.016511599,-0.004527374,0.05273059
10.0084715,0.018109497,0.0039947415,0.054062173
10.015404,0.022104237,0.010652645,0.05352954
10.020072,0.032490566,0.023169503,0.050333746
10.025923,0.032490566,0.023169503,0.050333746
10.0283985,0.03701794,0.024234766,0.046339005
10.033399,0.039947417,0.029827405,0.040746365
10.040745,0.039947417,0.029827405,0.040746365
10.044198,0.029294772,0.040746365,0.03914847
10.05081,0.029294772,0.040746365,0.03914847
10.055531,0.025566347,0.04261058,0.036751624
10.062833,0.025566347,0.04261058,0.036751624
10.067615,0.016511599,0.036485307,0.037284255
10.072207,0.008255799,0.03089267,0.03435478
10.076938,-0.0031957934,0.027963191,0.03222425
10.084578,-0.017044231,0.022104237,0.030626353
10.089301,-0.0314253,0.025033714,0.029294772
10.094563,-0.04261058,0.0314253,0.03195793
10.099418,-0.088150635,0.10279802,0.034621093
10.1081505,-0.088150635,0.10279802,0.034621093
10.110651,-0.17789917,0.12783173,0.05965481
10.117921,-0.17230652,0.08229168,0.0034621095
10.120508,-0.15153387,0.11025487,-0.007190535
10.125508,-0.07643273,0.17470337,-0.0015978967
10.129764,-0.07643273,0.17470337,-0.0015978967
10.136878,0.025566347,0.10918961,-0.011984225
10.141878,0.05273059,0.026631612,0.03195793
10.149145,0.05273059,0.026631612,0.03195793
10.15701,0.039414786,-0.028229509,0.045007423
10.164245,0.031158986,-0.014114754,0.04474111
